branch,task,channel,time_s,common,difference
P0,1,Fz,-0.19921875,0.01128216154902572,0.25651056610410627
P0,1,Fz,-0.1953125,0.068198520342222582,-0.54414338819638575
P0,1,Fz,-0.19140625,0.15822122710850262,-1.3348510692975384
P0,1,Fz,-0.1875,0.26898929049980197,-1.9600202655015644
P0,1,Fz,-0.18359375,0.3982020856918162,-2.2759768195510448
P0,1,Fz,-0.1796875,0.55160000427940625,-2.2034258103092133
P0,1,Fz,-0.17578125,0.72933836356978676,-1.7699942949295204
P0,1,Fz,-0.171875,0.91072994860100387,-1.111359129239109
P0,1,Fz,-0.16796875,1.0516211017841186,-0.42505099326564399
P0,1,Fz,-0.1640625,1.1010805154793339,0.10133252395721892
P0,1,Fz,-0.16015625,1.0289374892796004,0.35404323383187708
P0,1,Fz,-0.15625,0.84510372984643201,0.32204865937993321
P0,1,Fz,-0.15234375,0.5948001095793356,0.082653585539975705
P0,1,Fz,-0.1484375,0.3308914255980096,-0.24183180311145311
P0,1,Fz,-0.14453125,0.083763765217950911,-0.53089580594825303
P0,1,Fz,-0.140625,-0.14770253781302026,-0.69829039488006339
P0,1,Fz,-0.13671875,-0.37924827369845071,-0.70743396345227527
P0,1,Fz,-0.1328125,-0.61619645608961371,-0.57309562773975786
P0,1,Fz,-0.12890625,-0.84172063213242332,-0.34929305944043276
P0,1,Fz,-0.125,-1.0239871577311175,-0.10285203993887426
P0,1,Fz,-0.12109375,-1.1311947282426593,0.11983374700579841
P0,1,Fz,-0.1171875,-1.1410440434420765,0.31635307293873915
P0,1,Fz,-0.11328125,-1.0407683557904321,0.52608077285142207
P0,1,Fz,-0.109375,-0.82431638853776157,0.79932014499292725
P0,1,Fz,-0.10546875,-0.49555159444611407,1.1546646298791641
P0,1,Fz,-0.1015625,-0.078893661553238903,1.5533076262333831
P0,1,Fz,-0.09765625,0.37175740027588006,1.9100956328541372
P0,1,Fz,-0.09375,0.77829690562743159,2.1356409204681355
P0,1,Fz,-0.08984375,1.061527349508034,2.1817401517062569
P0,1,Fz,-0.0859375,1.1713543139781115,2.0606338108525453
P0,1,Fz,-0.08203125,1.1061817174027668,1.8285336567458306
P0,1,Fz,-0.078125,0.91066450190340054,1.5504628445062756
P0,1,Fz,-0.07421875,0.65600089266868244,1.2734503849930987
P0,1,Fz,-0.0703125,0.41607068803726271,1.0191413256812833
P0,1,Fz,-0.06640625,0.24896134025616995,0.78589641987036141
P0,1,Fz,-0.0625,0.18455392674396753,0.5505298361154134
P0,1,Fz,-0.05859375,0.21708281521111394,0.27583752015596286
P0,1,Fz,-0.0546875,0.30654578934776677,-0.065049231827008724
P0,1,Fz,-0.05078125,0.39267267554167229,-0.45386145506397874
P0,1,Fz,-0.046875,0.4163878256889425,-0.8097294416821621
P0,1,Fz,-0.04296875,0.33782751537939459,-1.0151040548607813
P0,1,Fz,-0.0390625,0.14490270771929639,-0.9803501742977101
P0,1,Fz,-0.03515625,-0.14563479639545407,-0.70744977698028921
P0,1,Fz,-0.03125,-0.49169027001326232,-0.30674851045750617
P0,1,Fz,-0.02734375,-0.83475004191680269,0.049502220237870542
P0,1,Fz,-0.0234375,-1.1153335866105039,0.21062003306566868
P0,1,Fz,-0.01953125,-1.2917164212101038,0.11911948353978175
P0,1,Fz,-0.015625,-1.3552475779141691,-0.16826183385111548
P0,1,Fz,-0.01171875,-1.3353388262872854,-0.51744816409938532
P0,1,Fz,-0.0078125,-1.28888284242788,-0.78761904420181761
P0,1,Fz,-0.00390625,-1.2743299114639011,-0.89721665138434958
P0,1,Fz,0,-1.3209951666207582,-0.85512297484131838
P0,1,Fz,0.00390625,-1.4114017274184187,-0.74692620418940958
P0,1,Fz,0.0078125,-1.4882293795295825,-0.6857586591090441
P0,1,Fz,0.01171875,-1.4805005159500966,-0.75056662733829271
P0,1,Fz,0.015625,-1.3319892046652209,-0.93887516416575623
P0,1,Fz,0.01953125,-1.0191819093603409,-1.1554512619835033
P0,1,Fz,0.0234375,-0.55984090391604224,-1.2493429947915089
P0,1,Fz,0.02734375,-0.021901087142430054,-1.1020997477587855
P0,1,Fz,0.03125,0.46236022204098365,-0.74726905587291903
P0,1,Fz,0.03515625,0.68863605891188051,-0.46177858145157735
P0,1,Fz,0.0390625,0.406668669616569,-0.74575944617829748
P0,1,Fz,0.04296875,-0.59903087474952466,-2.143032042292154
P0,1,Fz,0.046875,-2.390796538020294,-4.9526667868410303
P0,1,Fz,0.05078125,-4.7870207110089993,-8.9857452928188231
P0,1,Fz,0.0546875,-7.3768632691500917,-13.543269160747966
P0,1,Fz,0.05859375,-9.6630695650649852,-17.677279473329346
P0,1,Fz,0.0625,-11.262580989362327,-20.604594826994607
P0,1,Fz,0.06640625,-12.047196126065661,-22.028335538568363
P0,1,Fz,0.0703125,-12.151669155881079,-22.19128677320467
P0,1,Fz,0.07421875,-11.867933650395335,-21.67079306302362
P0,1,Fz,0.078125,-11.501599609389428,-21.070849483183554
P0,1,Fz,0.08203125,-11.262575961864734,-20.783654096136431
P0,1,Fz,0.0859375,-11.223158680897312,-20.906697676931284
P0,1,Fz,0.08984375,-11.339263854830694,-21.29919994479507
P0,1,Fz,0.09375,-11.509195988390729,-21.709374013588729
P0,1,Fz,0.09765625,-11.638814115277382,-21.9054777643608
P0,1,Fz,0.1015625,-11.686917548577902,-21.766954404381877
P0,1,Fz,0.10546875,-11.67634467138301,-21.316072354216345
P0,1,Fz,0.109375,-11.671652818797874,-20.691719319767401
P0,1,Fz,0.11328125,-11.738362931282854,-20.083168772342553
P0,1,Fz,0.1171875,-11.90551456424993,-19.651183361322062
P0,1,Fz,0.12109375,-12.149571159503751,-19.467773635571334
P0,1,Fz,0.125,-12.405737470290706,-19.49994215741706
P0,1,Fz,0.12890625,-12.598664001559495,-19.641559381553193
P0,1,Fz,0.1328125,-12.675630647157531,-19.770878117414444
P0,1,Fz,0.13671875,-12.626426078617786,-19.799716073295677
P0,1,Fz,0.140625,-12.483984133896559,-19.692762009636439
P0,1,Fz,0.14453125,-12.310737959823237,-19.459284678028343
P0,1,Fz,0.1484375,-12.178928322295818,-19.134330014375493
P0,1,Fz,0.15234375,-12.148364049240095,-18.763486682035438
P0,1,Fz,0.15625,-12.242354744259249,-18.394271836368908
P0,1,Fz,0.16015625,-12.428723440604415,-18.072310900475159
P0,1,Fz,0.1640625,-12.620243370316167,-17.841940911429333
P0,1,Fz,0.16796875,-12.704351415201874,-17.74915401215528
P0,1,Fz,0.171875,-12.594209956332548,-17.83945596934317
P0,1,Fz,0.17578125,-12.275317781428676,-18.143859441281215
P0,1,Fz,0.1796875,-11.819687449167967,-18.655835247634425
P0,1,Fz,0.18359375,-11.357226518254544,-19.311913991410751
P0,1,Fz,0.1875,-11.019172883386615,-19.990504024280337
P0,1,Fz,0.19140625,-10.883148741578585,-20.536395488396909
P0,1,Fz,0.1953125,-10.945403592683775,-20.805409025923829
P0,1,Fz,0.19921875,-11.129547821567964,-20.711514656899254
P0,1,Fz,0.203125,-11.32451958341891,-20.257303648544511
P0,1,Fz,0.20703125,-11.434547358685197,-19.540445631015842
P0,1,Fz,0.2109375,-11.421025322833877,-18.741263896153121
P0,1,Fz,0.21484375,-11.319564237631294,-18.095182438507095
P0,1,Fz,0.21875,-11.224170836472801,-17.843609310157468
P0,1,Fz,0.22265625,-11.242917919809376,-18.159838183665379
P0,1,Fz,0.2265625,-11.443476307587154,-19.07135277023837
P0,1,Fz,0.23046875,-11.817885022366662,-20.425408086619928
P0,1,Fz,0.234375,-12.29294747420086,-21.938944473130508
P0,1,Fz,0.23828125,-12.784101764556937,-23.322132446608641
P0,1,Fz,0.2421875,-13.248563495775086,-24.396458053992536
P0,1,Fz,0.24609375,-13.686359325351347,-25.122701429781436
P0,1,Fz,0.25,-14.095919195115993,-25.552765319209897
P0,1,Fz,0.25390625,-14.452998539314214,-25.811075774306961
P0,1,Fz,0.2578125,-14.752469315324142,-26.143059944643127
P0,1,Fz,0.26171875,-15.056123589793669,-26.909788987091613
P0,1,Fz,0.265625,-15.464172000444965,-28.411150959927788
P0,1,Fz,0.26953125,-16.022035750141551,-30.633161237731201
P0,1,Fz,0.2734375,-16.660317196735107,-33.160437907116062
P0,1,Fz,0.27734375,-17.228887005426159,-35.363394031256135
P0,1,Fz,0.28125,-17.585435718795779,-36.721850792787635
P0,1,Fz,0.28515625,-17.661114582210523,-37.059653240874596
P0,1,Fz,0.2890625,-17.469558147887163,-36.575275515707403
P0,1,Fz,0.29296875,-17.07765703151059,-35.702208919836394
P0,1,Fz,0.296875,-16.569435412260454,-34.90381755533987
P0,1,Fz,0.30078125,-16.019925802499397,-34.499996319366794
P0,1,Fz,0.3046875,-15.481537690118106,-34.582161499281888
P0,1,Fz,0.30859375,-14.981327482444481,-35.029414376037472
P0,1,Fz,0.3125,-14.528110038430874,-35.60145868177581
P0,1,Fz,0.31640625,-14.126140111671884,-36.058096315944319
P0,1,Fz,0.3203125,-13.787070529325742,-36.250945028289799
P0,1,Fz,0.32421875,-13.530603804809658,-36.155316414424888
P0,1,Fz,0.328125,-13.371650003181728,-35.845691690523147
P0,1,Fz,0.33203125,-13.303666254667679,-35.442739407018593
P0,1,Fz,0.3359375,-13.293166287034495,-35.06144774052224
P0,1,Fz,0.33984375,-13.292624921266952,-34.777687342248939
P0,1,Fz,0.34375,-13.26432462755251,-34.617879252712299
P0,1,Fz,0.34765625,-13.199542273229946,-34.567477083254374
P0,1,Fz,0.3515625,-13.122300910226793,-34.588577306997522
P0,1,Fz,0.35546875,-13.078025246171691,-34.6371825766443
P0,1,Fz,0.359375,-13.114233966151396,-34.675169331618264
P0,1,Fz,0.36328125,-13.260625101656892,-34.674833490256852
P0,1,Fz,0.3671875,-13.515409940100726,-34.614951505158906
P0,1,Fz,0.37109375,-13.845765465571761,-34.473041253636275
P0,1,Fz,0.375,-14.206297585588844,-34.225691335168989
P0,1,Fz,0.37890625,-14.566690074781198,-33.86400522647677
P0,1,Fz,0.3828125,-14.928508349266508,-33.41406183674858
P0,1,Fz,0.38671875,-15.316210603304127,-32.942323112758153
P0,1,Fz,0.390625,-15.74817487341204,-32.536752821249806
P0,1,Fz,0.39453125,-16.211247081182343,-32.274465556174164
P0,1,Fz,0.3984375,-16.659673150316287,-32.194457170549782
P0,1,Fz,0.40234375,-17.039245565469447,-32.285043299974227
P0,1,Fz,0.40625,-17.319383343549131,-32.485493279672518
P0,1,Fz,0.41015625,-17.513628549938066,-32.701427793341061
P0,1,Fz,0.4140625,-17.678640474098941,-32.835300967142857
P0,1,Fz,0.41796875,-17.892061707960366,-32.824133838782572
P0,1,Fz,0.421875,-18.217376092871969,-32.664171243331772
P0,1,Fz,0.42578125,-18.670823646064928,-32.406278472663466
P0,1,Fz,0.4296875,-19.207928945504104,-32.127658862173028
P0,1,Fz,0.43359375,-19.7388504055812,-31.901146699735779
P0,1,Fz,0.4375,-20.164839790183397,-31.776777880985016
P0,1,Fz,0.44140625,-20.415340851646413,-31.774404415270254
P0,1,Fz,0.4453125,-20.467621175380884,-31.881057658041076
P0,1,Fz,0.44921875,-20.345353223844363,-32.05270310950803
P0,1,Fz,0.453125,-20.105237894614756,-32.223724356833081
P0,1,Fz,0.45703125,-19.821389302847876,-32.32342601979208
P0,1,Fz,0.4609375,-19.569054361689815,-32.292432852045152
P0,1,Fz,0.46484375,-19.404051909492004,-32.090982712107603
P0,1,Fz,0.46875,-19.339002322492497,-31.699790056331029
P0,1,Fz,0.47265625,-19.327145803190572,-31.125561816762765
P0,1,Fz,0.4765625,-19.268713310113917,-30.419992870530237
P0,1,Fz,0.48046875,-19.047276948022056,-29.696697686809948
P0,1,Fz,0.484375,-18.587056678501423,-29.109664584843536
P0,1,Fz,0.48828125,-17.906611739931471,-28.773143410907803
P0,1,Fz,0.4921875,-17.140420854866793,-28.653316665160602
P0,1,Fz,0.49609375,-16.511693145969108,-28.503129705570654
P0,1,Fz,0.5,-16.261567936243612,-27.905521368627316
P0,1,Fz,0.50390625,-16.560310112503291,-26.436980354882074
P0,1,Fz,0.5078125,-17.437181403662219,-23.887771740705297
P0,1,Fz,0.51171875,-18.76465870218837,-20.413558542843159
P0,1,Fz,0.515625,-20.312587014193298,-16.501303457610351
P0,1,Fz,0.51953125,-21.843706341598782,-12.749057408101848
P0,1,Fz,0.5234375,-23.184903014686377,-9.6099422606708593
P0,1,Fz,0.52734375,-24.232423184352161,-7.2725656154284692
P0,1,Fz,0.53125,-24.921026894051039,-5.7097257963822869
P0,1,Fz,0.53515625,-25.216215496475137,-4.794690976451804
P0,1,Fz,0.5390625,-25.139704110235648,-4.3883701038580156
P0,1,Fz,0.54296875,-24.785463056007856,-4.3732382839996085
P0,1,Fz,0.546875,-24.292794610489167,-4.6494378226775908
P0,1,Fz,0.55078125,-23.789784254687532,-5.1148711267731919
P0,1,Fz,0.5546875,-23.347570472076143,-5.6531045239453057
P0,1,Fz,0.55859375,-22.972534550852554,-6.1453150777312899
P0,1,Fz,0.5625,-22.631146126223534,-6.5002995673163859
P0,1,Fz,0.56640625,-22.283170421232946,-6.6788498474882942
P0,1,Fz,0.5703125,-21.904537130225272,-6.6945625558644402
P0,1,Fz,0.57421875,-21.496119596221131,-6.5953150403354996
P0,1,Fz,0.578125,-21.081542058407969,-6.4430363382837683
P0,1,Fz,0.58203125,-20.695877679883822,-6.3017747761747884
P0,1,Fz,0.5859375,-20.367235866729295,-6.2295936964408263
P0,1,Fz,0.58984375,-20.097943738024167,-6.2678607502009314
P0,1,Fz,0.59375,-19.855961728049209,-6.430915597077199
P0,1,Fz,0.59765625,-19.584306021433484,-6.7033957937145665
P0,1,Fz,0.6015625,-19.226211553998109,-7.0460420370537147
P0,1,Fz,0.60546875,-18.753002763917507,-7.4058174751210419
P0,1,Fz,0.609375,-18.178979107380929,-7.729794127829658
P0,1,Fz,0.61328125,-17.555765563292717,-7.9837943199094816
P0,1,Fz,0.6171875,-16.950501168573062,-8.1685610226219403
P0,1,Fz,0.62109375,-16.419083042362541,-8.3195814282829748
P0,1,Fz,0.625,-15.985520795279681,-8.4846117310484779
P0,1,Fz,0.62890625,-15.634371070935074,-8.6906734212487393
P0,1,Fz,0.6328125,-15.317623042131284,-8.9227459366562751
P0,1,Fz,0.63671875,-14.97205980763313,-9.1285265914497771
P0,1,Fz,0.640625,-14.540544269901758,-9.2445651588554654
P0,1,Fz,0.64453125,-13.991451221841876,-9.2267934195308108
P0,1,Fz,0.6484375,-13.331568497471533,-9.0703766587910071
P0,1,Fz,0.65234375,-12.607053970419402,-8.8118835519363508
P0,1,Fz,0.65625,-11.887785089511972,-8.5143601194909646
P0,1,Fz,0.66015625,-11.237779868233989,-8.2427559069815022
P0,1,Fz,0.6640625,-10.686236374667107,-8.0401077521159401
P0,1,Fz,0.66796875,-10.218809910794953,-7.912011907158651
P0,1,Fz,0.671875,-9.7973548622804536,-7.8243866792938963
P0,1,Fz,0.67578125,-9.3944604755479766,-7.7188912160750025
P0,1,Fz,0.6796875,-9.0164747170924926,-7.5427465851989766
P0,1,Fz,0.68359375,-8.6983276438249355,-7.2762705935473608
P0,1,Fz,0.6875,-8.4763000292339186,-6.9399605056923024
P0,1,Fz,0.69140625,-8.3602659982583383,-6.5800667704230742
P0,1,Fz,0.6953125,-8.3241913623534707,-6.2483554832607897
P0,1,Fz,0.69921875,-8.3185677148182435,-5.9897442742435354
P0,1,Fz,0.703125,-8.2934510900965961,-5.8374771874904621
P0,1,Fz,0.70703125,-8.2151530818711116,-5.808872349746169
P0,1,Fz,0.7109375,-8.0663232878267301,-5.9004149342234609
P0,1,Fz,0.71484375,-7.8338911161248088,-6.0869045093071605
P0,1,Fz,0.71875,-7.5009016103623978,-6.3274430288344545
P0,1,Fz,0.72265625,-7.054959937884953,-6.5775172609018515
P0,1,Fz,0.7265625,-6.5081759603654277,-6.8063463807384936
P0,1,Fz,0.73046875,-5.9080846979363812,-7.0153256673829674
P0,1,Fz,0.734375,-5.3236842885455431,-7.2442059166634998
P0,1,Fz,0.73828125,-4.813083999401111,-7.5507249023306304
P0,1,Fz,0.7421875,-4.3974485269237729,-7.9685485198584063
P0,1,Fz,0.74609375,-4.0613366745103816,-8.4733486910291607
P0,1,Fz,0.75,-3.7762197139182923,-8.9888328016557484
P0,1,Fz,0.75390625,-3.5247217496851286,-9.4354636940292327
P0,1,Fz,0.7578125,-3.3061991970585782,-9.7893386467589778
P0,1,Fz,0.76171875,-3.1246924662938693,-10.108185938110015
P0,1,Fz,0.765625,-2.9760599530185061,-10.502592780943377
P0,1,Fz,0.76953125,-2.8477333319122051,-11.06694798886843
P0,1,Fz,0.7734375,-2.7293414808227014,-11.814172265644286
P0,1,Fz,0.77734375,-2.6226502351819656,-12.661831340661083
P0,1,Fz,0.78125,-2.5418027224401998,-13.485520752507485
P0,1,Fz,0.78515625,-2.503805891404749,-14.205372815877165
P0,1,Fz,0.7890625,-2.5167360326913499,-14.842355596923358
P0,1,Fz,0.79296875,-2.5749602375971086,-15.499841530356196
P0,1,Fz,0.796875,-2.6656023799795632,-16.281208511883236
P0,1,F3,-0.19921875,-0.20349633964244418,0.26663170035942863
P0,1,F3,-0.1953125,-0.24818911513044073,-0.40968117981370789
P0,1,F3,-0.19140625,-0.2860850969695809,-0.9836652639065312
P0,1,F3,-0.1875,-0.30996798946824411,-1.3436731669689446
P0,1,F3,-0.18359375,-0.30365113163575547,-1.4033629110329175
P0,1,F3,-0.1796875,-0.24572713881382016,-1.1397903563496148
P0,1,F3,-0.17578125,-0.12614566777749944,-0.61862115738415158
P0,1,F3,-0.171875,0.032469550520399099,0.014738580866805073
P0,1,F3,-0.16796875,0.17089870041921759,0.58108864236652469
P0,1,F3,-0.1640625,0.22002232697499302,0.93182255414545945
P0,1,F3,-0.16015625,0.14382551116748463,1.0005989885972562
P0,1,F3,-0.15625,-0.034163615763296629,0.8170751326720489
P0,1,F3,-0.15234375,-0.24402752768022559,0.48051070979666727
P0,1,F3,-0.1484375,-0.41422185607813666,0.11329269459074082
P0,1,F3,-0.14453125,-0.51426335477687601,-0.18143626787968231
P0,1,F3,-0.140625,-0.56444210118503835,-0.3446350862238432
P0,1,F3,-0.13671875,-0.61034386820740782,-0.36670589909878737
P0,1,F3,-0.1328125,-0.68682357160893448,-0.27605389457489649
P0,1,F3,-0.12890625,-0.797479915469685,-0.11478286381833336
P0,1,F3,-0.125,-0.91639170544416704,0.089622996312067826
P0,1,F3,-0.12109375,-1.0017677448954139,0.34076970666715889
P0,1,F3,-0.1171875,-1.0095793496988188,0.66524530381025104
P0,1,F3,-0.11328125,-0.90294045061299344,1.0833123798851525
P0,1,F3,-0.109375,-0.658562790643207,1.5771499524957791
P0,1,F3,-0.10546875,-0.2727398109050031,2.0774926330561749
P0,1,F3,-0.1015625,0.23140607373718747,2.4783128261056127
P0,1,F3,-0.09765625,0.79708161040998715,2.6729878335019115
P0,1,F3,-0.09375,1.3349040384870021,2.5946074626428222
P0,1,F3,-0.08984375,1.7406030111524711,2.2428927346362117
P0,1,F3,-0.0859375,1.9284544658034339,1.6870766491373184
P0,1,F3,-0.08203125,1.8655020692400641,1.0441414656538968
P0,1,F3,-0.078125,1.5872466240046137,0.44319512721061716
P0,1,F3,-0.07421875,1.1857999641351926,-0.0092466915325881693
P0,1,F3,-0.0703125,0.77677345917150031,-0.2568590889193757
P0,1,F3,-0.06640625,0.45977992444511617,-0.31367709862357063
P0,1,F3,-0.0625,0.28774615912908269,-0.26736606626362469
P0,1,F3,-0.05859375,0.25662572031994596,-0.24870369698160485
P0,1,F3,-0.0546875,0.31933161819895861,-0.36637397239363251
P0,1,F3,-0.05078125,0.41408461062771812,-0.63824025169338261
P0,1,F3,-0.046875,0.48749428919175525,-0.96803899485553846
P0,1,F3,-0.04296875,0.50019791302286598,-1.1955895551072682
P0,1,F3,-0.0390625,0.42237838834928676,-1.1966459890008305
P0,1,F3,-0.03515625,0.2356558661488026,-0.96717913165190206
P0,1,F3,-0.03125,-0.053549912988019116,-0.63502415326005912
P0,1,F3,-0.02734375,-0.40137722180595548,-0.39281434317013147
P0,1,F3,-0.0234375,-0.73036990705439542,-0.39643089683642896
P0,1,F3,-0.01953125,-0.95383364643077517,-0.68860835701009715
P0,1,F3,-0.015625,-1.0105092557453954,-1.1860344089216166
P0,1,F3,-0.01171875,-0.89207073753100929,-1.7293507411806073
P0,1,F3,-0.0078125,-0.64736071284291719,-2.1627869968153006
P0,1,F3,-0.00390625,-0.35820035785163346,-2.4011875932409126
P0,1,F3,0,-0.099114655152478415,-2.4570109659973962
P0,1,F3,0.00390625,0.094817321290176504,-2.4233427415149524
P0,1,F3,0.0078125,0.23346802492933227,-2.4279162055385406
P0,1,F3,0.01171875,0.35135328696960721,-2.5822947195950223
P0,1,F3,0.015625,0.47823439168416043,-2.9453531815651828
P0,1,F3,0.01953125,0.61905774551730941,-3.5048057686986898
P0,1,F3,0.0234375,0.75299266395459441,-4.1736736221451283
P0,1,F3,0.02734375,0.84949543657627213,-4.8084244575429009
P0,1,F3,0.03125,0.88917445198586109,-5.2580949685251639
P0,1,F3,0.03515625,0.87502589286665988,-5.4294140678062206
P0,1,F3,0.0390625,0.82785595154248148,-5.3282885751662725
P0,1,F3,0.04296875,0.77135852859017273,-5.0498844179337192
P0,1,F3,0.046875,0.71826715266718599,-4.7271236375528423
P0,1,F3,0.05078125,0.66616621077612947,-4.4717241432651171
P0,1,F3,0.0546875,0.60342166991259283,-4.3385693485497407
P0,1,F3,0.05859375,0.51918950519002416,-4.3251942446638179
P0,1,F3,0.0625,0.41083945267501865,-4.3978024826087267
P0,1,F3,0.06640625,0.28564611427203435,-4.5229538866237853
P0,1,F3,0.0703125,0.15692800474086499,-4.6849237329297519
P0,1,F3,0.07421875,0.036283026686259934,-4.8820193525482116
P0,1,F3,0.078125,-0.074586765182746984,-5.1115267934436641
P0,1,F3,0.08203125,-0.18610220789286203,-5.3576385846239267
P0,1,F3,0.0859375,-0.31185171088751007,-5.5872360290250702
P0,1,F3,0.08984375,-0.4520152417920742,-5.7512244588764689
P0,1,F3,0.09375,-0.58313836684236975,-5.793608399118285
P0,1,F3,0.09765625,-0.66800869919805961,-5.6726019714036511
P0,1,F3,0.1015625,-0.68371823033039192,-5.3867941859405688
P0,1,F3,0.10546875,-0.64716724911536039,-4.9881484482026925
P0,1,F3,0.109375,-0.61501728858172278,-4.5681896084827143
P0,1,F3,0.11328125,-0.65436123035028182,-4.2206647004379514
P0,1,F3,0.1171875,-0.80424349533876605,-4.0009622138201753
P0,1,F3,0.12109375,-1.0548049901693595,-3.9083763048947247
P0,1,F3,0.125,-1.3549394682186522,-3.9026635399887857
P0,1,F3,0.12890625,-1.6372905034173229,-3.9384965344211733
P0,1,F3,0.1328125,-1.8419254497123176,-3.9877660480299055
P0,1,F3,0.13671875,-1.9300210428092091,-4.0355425919677881
P0,1,F3,0.140625,-1.8914646819384671,-4.0621198924269439
P0,1,F3,0.14453125,-1.7518030875042094,-4.0336431827509713
P0,1,F3,0.1484375,-1.5745844791308503,-3.9123748899185404
P0,1,F3,0.15234375,-1.4470608974549244,-3.6787256661462098
P0,1,F3,0.15625,-1.4441316220148934,-3.3475402450973153
P0,1,F3,0.16015625,-1.5859288627126571,-2.9691985804253807
P0,1,F3,0.1640625,-1.8181801160743301,-2.621939657377574
P0,1,F3,0.16796875,-2.0341088739625426,-2.4041508599228885
P0,1,F3,0.171875,-2.1289746936692304,-2.4213134038145592
P0,1,F3,0.17578125,-2.0560922187800639,-2.7549682765118222
P0,1,F3,0.1796875,-1.852326927012572,-3.4154854513523394
P0,1,F3,0.18359375,-1.6204021345520221,-4.3029363885101848
P0,1,F3,0.1875,-1.4804202345118007,-5.209468894443134
P0,1,F3,0.19140625,-1.5175042272224675,-5.8814952469176287
P0,1,F3,0.1953125,-1.7499008463296666,-6.1231682395170841
P0,1,F3,0.19921875,-2.1280556814596818,-5.886493557790403
P0,1,F3,0.203125,-2.5599315574592745,-5.2917678084030557
P0,1,F3,0.20703125,-2.9475043442700288,-4.5647277197970553
P0,1,F3,0.2109375,-3.217030524043925,-3.9316196468279969
P0,1,F3,0.21484375,-3.3323508169214122,-3.5342095274651526
P0,1,F3,0.21875,-3.2921061407653323,-3.4009017924780163
P0,1,F3,0.22265625,-3.1199656159452465,-3.4692525689172768
P0,1,F3,0.2265625,-2.8569519527981013,-3.6340250217884229
P0,1,F3,0.23046875,-2.5589547138758579,-3.7960293915624046
P0,1,F3,0.234375,-2.2953016001171815,-3.8943400236763326
P0,1,F3,0.23828125,-2.1401678978105818,-3.9122999626543273
P0,1,F3,0.2421875,-2.1516016100995126,-3.8607375899718637
P0,1,F3,0.24609375,-2.3427418542519844,-3.7563702802533014
P0,1,F3,0.25,-2.6599151934118614,-3.6141822658501397
P0,1,F3,0.25390625,-2.985246794403313,-3.4548415737699507
P0,1,F3,0.2578125,-3.173110217310227,-3.3107064776313297
P0,1,F3,0.26171875,-3.110960730310476,-3.2163508916208441
P0,1,F3,0.265625,-2.7753392878119132,-3.1872526990408057
P0,1,F3,0.26953125,-2.2491735136070741,-3.2034347620746644
P0,1,F3,0.2734375,-1.6853987479796437,-3.2119266651114033
P0,1,F3,0.27734375,-1.2343625297789442,-3.1484777880282122
P0,1,F3,0.28125,-0.97617010361414913,-2.9682102909452794
P0,1,F3,0.28515625,-0.89601627473136281,-2.6723520635784164
P0,1,F3,0.2890625,-0.91156839424180203,-2.3196222268514801
P0,1,F3,0.29296875,-0.92830221354653086,-2.0143542087624176
P0,1,F3,0.296875,-0.88602236326455985,-1.8719604567176935
P0,1,F3,0.30078125,-0.77366200285269893,-1.9737997025457521
P0,1,F3,0.3046875,-0.61489206516592765,-2.3295795122673839
P0,1,F3,0.30859375,-0.4440117331474307,-2.8623649058749701
P0,1,F3,0.3125,-0.29059572409601542,-3.4240196442194311
P0,1,F3,0.31640625,-0.17760812506554069,-3.8410264409053232
P0,1,F3,0.3203125,-0.12440067682270184,-3.9794174359323877
P0,1,F3,0.32421875,-0.14389382861051114,-3.8041191508874954
P0,1,F3,0.328125,-0.23240723057144264,-3.4018784366802302
P0,1,F3,0.33203125,-0.36142830617066268,-2.9477214001947449
P0,1,F3,0.3359375,-0.48250766768940734,-2.6241059311243462
P0,1,F3,0.33984375,-0.5469106659270182,-2.5351320464097911
P0,1,F3,0.34375,-0.5292856032352673,-2.6668398498820722
P0,1,F3,0.34765625,-0.44147848523322519,-2.9142586410854046
P0,1,F3,0.3515625,-0.33006218042010715,-3.1501135297854561
P0,1,F3,0.35546875,-0.25938309110071833,-3.2882800084056258
P0,1,F3,0.359375,-0.28557924051497596,-3.309519561702746
P0,1,F3,0.36328125,-0.430452002555885,-3.2464984778742414
P0,1,F3,0.3671875,-0.66909514871428422,-3.1456263187668463
P0,1,F3,0.37109375,-0.94396844791121559,-3.0303586514363037
P0,1,F3,0.375,-1.2031885337633212,-2.8885076358655346
P0,1,F3,0.37890625,-1.4392334003342644,-2.6923179318029749
P0,1,F3,0.3828125,-1.6968109116502905,-2.4359849548262567
P0,1,F3,0.38671875,-2.0388816577576732,-2.1596184744791409
P0,1,F3,0.390625,-2.4942422199856971,-1.9398450418058995
P0,1,F3,0.39453125,-3.0274284513976548,-1.8561101949112753
P0,1,F3,0.3984375,-3.5549316406268794,-1.9577465758153494
P0,1,F3,0.40234375,-3.9959718092346321,-2.2458935719379141
P0,1,F3,0.40625,-4.3226569658049581,-2.6677697876489974
P0,1,F3,0.41015625,-4.5791916297393476,-3.1227718495814933
P0,1,F3,0.4140625,-4.861801381676524,-3.488459440484402
P0,1,F3,0.41796875,-5.2710541059227811,-3.6639181004914794
P0,1,F3,0.421875,-5.8591520621248172,-3.6073959086454765
P0,1,F3,0.42578125,-6.597519641636902,-3.3459166005738004
P0,1,F3,0.4296875,-7.3823344098878678,-2.9579774368487888
P0,1,F3,0.43359375,-8.0764633964394132,-2.5465127858488463
P0,1,F3,0.4375,-8.5654597072247398,-2.2138947034860736
P0,1,F3,0.44140625,-8.7983232623516727,-2.040248751676164
P0,1,F3,0.4453125,-8.7960229082364645,-2.0658022750991796
P0,1,F3,0.44921875,-8.6313539169294735,-2.2818343534122532
P0,1,F3,0.453125,-8.3960451133177649,-2.6342889483641052
P0,1,F3,0.45703125,-8.1695222755602828,-3.040290906966602
P0,1,F3,0.4609375,-7.9967806514843556,-3.4120113830557379
P0,1,F3,0.46484375,-7.879146489004067,-3.6753065847224438
P0,1,F3,0.46875,-7.7804732052618526,-3.772671451140778
P0,1,F3,0.47265625,-7.6480507055982212,-3.6576203605459092
P0,1,F3,0.4765625,-7.4414016739468174,-3.3011630760939292
P0,1,F3,0.48046875,-7.1561174013925335,-2.7172981083986336
P0,1,F3,0.484375,-6.8293929084421165,-1.9861203009158332
P0,1,F3,0.48828125,-6.5225415721957107,-1.2457548800522513
P0,1,F3,0.4921875,-6.2892260444177026,-0.64723176469729093
P0,1,F3,0.49609375,-6.1475533862956837,-0.29362847456751506
P0,1,F3,0.5,-6.0736748034623211,-0.19277847923109803
P0,1,F3,0.50390625,-6.0225890078199651,-0.24541903011787092
P0,1,F3,0.5078125,-5.9627916534948335,-0.28077229248886049
P0,1,F3,0.51171875,-5.8987935926744779,-0.13577681747109072
P0,1,F3,0.515625,-5.8632276791107607,0.25534685588420469
P0,1,F3,0.51953125,-5.8843666459135147,0.81871557798975925
P0,1,F3,0.5234375,-5.9540982313193869,1.3842808921800769
P0,1,F3,0.52734375,-6.0205953819264906,1.78979828545177
P0,1,F3,0.53125,-6.0129835723984861,1.9672327282187796
P0,1,F3,0.53515625,-5.8840429548085122,1.9494065776933835
P0,1,F3,0.5390625,-5.6424322456474929,1.8052442081744235
P0,1,F3,0.54296875,-5.3496743147845951,1.5680356579184487
P0,1,F3,0.546875,-5.082019419397847,1.2158691939559514
P0,1,F3,0.55078125,-4.885108788833886,0.71190502544471013
P0,1,F3,0.5546875,-4.7539165536780512,0.063854436005366999
P0,1,F3,0.55859375,-4.6469935917534873,-0.64695100011504003
P0,1,F3,0.5625,-4.516440793187213,-1.2873595159452678
P0,1,F3,0.56640625,-4.3294005090710401,-1.727346954205327
P0,1,F3,0.5703125,-4.0733141646093571,-1.8928980823579362
P0,1,F3,0.57421875,-3.7537595322666721,-1.792616408780304
P0,1,F3,0.578125,-3.3943346191377879,-1.5150963002384334
P0,1,F3,0.58203125,-3.0375546988223019,-1.2028280142726349
P0,1,F3,0.5859375,-2.7379044408481565,-1.0063059140437218
P0,1,F3,0.58984375,-2.5410742788199281,-1.0287052854146084
P0,1,F3,0.59375,-2.4559110523840744,-1.2873169169357297
P0,1,F3,0.59765625,-2.4377100529821196,-1.7166896420735425
P0,1,F3,0.6015625,-2.3992523598289051,-2.2095823317252163
P0,1,F3,0.60546875,-2.2473109213103046,-2.6651497540278313
P0,1,F3,0.609375,-1.9238030374393351,-3.0185634282852414
P0,1,F3,0.61328125,-1.4291354753543768,-3.2494992054374094
P0,1,F3,0.6171875,-0.81844284268643919,-3.3784133137307735
P0,1,F3,0.62109375,-0.17582287185252565,-3.4543612408983182
P0,1,F3,0.625,0.42024317922625731,-3.5329544849030321
P0,1,F3,0.62890625,0.92522269587702088,-3.6486370854735797
P0,1,F3,0.6328125,1.3393577874306342,-3.7946675661543097
P0,1,F3,0.63671875,1.6985007239509178,-3.9228894900588824
P0,1,F3,0.640625,2.0518943934496243,-3.9629421639757045
P0,1,F3,0.64453125,2.4383296003057109,-3.8507074290048271
P0,1,F3,0.6484375,2.870407847687618,-3.5548457257417905
P0,1,F3,0.65234375,3.3321814220055348,-3.0920058617818946
P0,1,F3,0.65625,3.7910716640690869,-2.5240230967250037
P0,1,F3,0.66015625,4.2193478127941519,-1.9378531063823363
P0,1,F3,0.6640625,4.6127611977503209,-1.4167868473047265
P0,1,F3,0.66796875,4.9909475439249054,-1.0136238744064272
P0,1,F3,0.671875,5.3749765656495683,-0.73606117673173621
P0,1,F3,0.67578125,5.7576742031667472,-0.55231194355505409
P0,1,F3,0.6796875,6.0928898545347234,-0.41448541415156992
P0,1,F3,0.68359375,6.3172975972512333,-0.28364694099108689
P0,1,F3,0.6875,6.3921061240253625,-0.14057441154702843
P0,1,F3,0.69140625,6.3353816426032834,0.018326971279623905
P0,1,F3,0.6953125,6.2218249925166145,0.18818249293218248
P0,1,F3,0.69921875,6.1493663502112188,0.35740853256841287
P0,1,F3,0.703125,6.1942053514023474,0.506805160818808
P0,1,F3,0.70703125,6.3828235437266141,0.61360752142745678
P0,1,F3,0.7109375,6.6955243844853651,0.66311508580348555
P0,1,F3,0.71484375,7.0919947255599798,0.66255053170799982
P0,1,F3,0.71875,7.5358546539091051,0.64677089374705066
P0,1,F3,0.72265625,8.0023033999983202,0.66478450948206191
P0,1,F3,0.7265625,8.4710666400871482,0.7436358651922621
P0,1,F3,0.73046875,8.9185856867943585,0.84600131150144264
P0,1,F3,0.734375,9.3203302428544355,0.85791660382555257
P0,1,F3,0.73828125,9.661485289434852,0.63575351633686594
P0,1,F3,0.7421875,9.9442861060996997,0.096606993444767753
P0,1,F3,0.74609375,10.182485475694303,-0.71111132291115631
P0,1,F3,0.75,10.386905959504862,-1.6180168200143559
P0,1,F3,0.75390625,10.557395319068654,-2.427818660122961
P0,1,F3,0.7578125,10.69115547665627,-3.0334940818738669
P0,1,F3,0.76171875,10.798343440503205,-3.4767216593931209
P0,1,F3,0.765625,10.904884649918319,-3.909961566671905
P0,1,F3,0.76953125,11.034510572549067,-4.4846497717363807
P0,1,F3,0.7734375,11.184522180687011,-5.23994038986379
P0,1,F3,0.77734375,11.317903016013689,-6.0705714421952948
P0,1,F3,0.78125,11.381105700760237,-6.7991283545778156
P0,1,F3,0.78515625,11.336726031900838,-7.3017216521249182
P0,1,F3,0.7890625,11.189693652565763,-7.5973712983588699
P0,1,F3,0.79296875,10.98958733351205,-7.8402537553778648
P0,1,F3,0.796875,10.806195573220625,-8.2239970885794875
P0,1,F4,-0.19921875,-0.28710975603086858,-1.08747142683124
P0,1,F4,-0.1953125,-0.22039905041326252,-1.7595343101753689
P0,1,F4,-0.19140625,-0.1410433433345043,-2.3387068291004844
P0,1,F4,-0.1875,-0.047787533466517207,-2.7232577131263507
P0,1,F4,-0.18359375,0.073511836121868401,-2.8186379785804991
P0,1,F4,-0.1796875,0.23819281968077277,-2.5759872105848061
P0,1,F4,-0.17578125,0.44339714237256622,-2.0255722033788697
P0,1,F4,-0.171875,0.65381422653773325,-1.2814641445424779
P0,1,F4,-0.16796875,0.80597017722228648,-0.51056487224121938
P0,1,F4,-0.1640625,0.83361594883637113,0.12229543050270819
P0,1,F4,-0.16015625,0.70216010220313074,0.50915744480170733
P0,1,F4,-0.15625,0.43142939268326913,0.62717766121984619
P0,1,F4,-0.15234375,0.089371862032104066,0.52782437088069667
P0,1,F4,-0.1484375,-0.24341455902920786,0.30082250098907831
P0,1,F4,-0.14453125,-0.51580385796306905,0.041039938244516516
P0,1,F4,-0.140625,-0.724733961907851,-0.16741903692530957
P0,1,F4,-0.13671875,-0.89892115273496931,-0.25945281878903592
P0,1,F4,-0.1328125,-1.0651170418770322,-0.20270157483412687
P0,1,F4,-0.12890625,-1.2246771078901713,-0.01217293296332711
P0,1,F4,-0.125,-1.3533715684166601,0.252024959700476
P0,1,F4,-0.12109375,-1.4166327427835457,0.51250357542294833
P0,1,F4,-0.1171875,-1.385222865707334,0.71462027756929336
P0,1,F4,-0.11328125,-1.2434964460241149,0.85263643540984835
P0,1,F4,-0.109375,-0.99224243672180013,0.96497547047802901
P0,1,F4,-0.10546875,-0.65105496531621077,1.1043902623339736
P0,1,F4,-0.1015625,-0.26073044323756456,1.3044744563324424
P0,1,F4,-0.09765625,0.11976596441539628,1.5608423342866482
P0,1,F4,-0.09375,0.42726825387563921,1.8325931228092331
P0,1,F4,-0.08984375,0.6164571244741287,2.0599010450514394
P0,1,F4,-0.0859375,0.67737687017081272,2.1877445304304346
P0,1,F4,-0.08203125,0.63585133613595746,2.1842235080217303
P0,1,F4,-0.078125,0.5367499483469188,2.0488785559143903
P0,1,F4,-0.07421875,0.4237695624201715,1.8143452345322071
P0,1,F4,-0.0703125,0.32963276573649708,1.5400612176113815
P0,1,F4,-0.06640625,0.27678339227391768,1.2885600344132913
P0,1,F4,-0.0625,0.27750611623994814,1.0861970421966523
P0,1,F4,-0.05859375,0.32793004621729571,0.89641981748886823
P0,1,F4,-0.0546875,0.40403481536226798,0.63936850391785305
P0,1,F4,-0.05078125,0.46952129713531576,0.25729103927502178
P0,1,F4,-0.046875,0.49277823279375105,-0.22071142112108888
P0,1,F4,-0.04296875,0.46066612978198984,-0.67082642947524151
P0,1,F4,-0.0390625,0.38121862850284871,-0.93913537650906487
P0,1,F4,-0.03515625,0.27734048495130292,-0.93766720578129514
P0,1,F4,-0.03125,0.17763435939970651,-0.70590507062943897
P0,1,F4,-0.02734375,0.10800369731635594,-0.39678488985096472
P0,1,F4,-0.0234375,0.084644831318628669,-0.19857084877571476
P0,1,F4,-0.01953125,0.10853555705656372,-0.24296193712201095
P0,1,F4,-0.015625,0.16257004224711846,-0.55117206965862919
P0,1,F4,-0.01171875,0.21416811757820156,-1.0392745952462272
P0,1,F4,-0.0078125,0.22716968879998478,-1.567088033687702
P0,1,F4,-0.00390625,0.18291806261385118,-1.9973278399042265
P0,1,F4,0,0.10060690133161032,-2.2399139488903339
P0,1,F4,0.00390625,0.040440182229320221,-2.2731925127743082
P0,1,F4,0.0078125,0.080826729827441268,-2.1432306179771969
P0,1,F4,0.01171875,0.27915928055307104,-1.9451535713315311
P0,1,F4,0.015625,0.63843609113913058,-1.7917932518356612
P0,1,F4,0.01953125,1.0989413422709629,-1.775239474819331
P0,1,F4,0.0234375,1.5597908244401442,-1.9301581737502174
P0,1,F4,0.02734375,1.9189388959700464,-2.2157147579041974
P0,1,F4,0.03125,2.1104698897565326,-2.5324691052605068
P0,1,F4,0.03515625,2.1213366312314639,-2.7707280233366602
P0,1,F4,0.0390625,1.9847506305462381,-2.8631715744255621
P0,1,F4,0.04296875,1.7613075835414134,-2.8115888276760517
P0,1,F4,0.046875,1.5202378719878467,-2.6755495820808166
P0,1,F4,0.05078125,1.3248353560246184,-2.531912583117105
P0,1,F4,0.0546875,1.220024914247519,-2.4281160002287034
P0,1,F4,0.05859375,1.2222061816900534,-2.3574817953745133
P0,1,F4,0.0625,1.3162044465746765,-2.2747228352276809
P0,1,F4,0.06640625,1.4627722922693567,-2.1416935295379642
P0,1,F4,0.0703125,1.6133957418422771,-1.9673852053352894
P0,1,F4,0.07421875,1.7255527340051238,-1.8109202266488635
P0,1,F4,0.078125,1.7740987781213358,-1.7486858419903148
P0,1,F4,0.08203125,1.7576406033025198,-1.8310625105755236
P0,1,F4,0.0859375,1.6987310994606972,-2.0508206284503312
P0,1,F4,0.08984375,1.6361643861972728,-2.3328887360693509
P0,1,F4,0.09375,1.6097463452082281,-2.5526098531989998
P0,1,F4,0.09765625,1.6418742443134831,-2.5850859250190088
P0,1,F4,0.1015625,1.7234093692077102,-2.3679527104263696
P0,1,F4,0.10546875,1.8115625783117548,-1.940925257424869
P0,1,F4,0.109375,1.8437361898094937,-1.433489534263277
P0,1,F4,0.11328125,1.7641580403940109,-1.0039057117108967
P0,1,F4,0.1171875,1.5527664895592606,-0.76216398464944346
P0,1,F4,0.12109375,1.2421389034694239,-0.71855225493429509
P0,1,F4,0.125,0.91138747268557618,-0.78582848541003758
P0,1,F4,0.12890625,0.65654079751992622,-0.83259108477137478
P0,1,F4,0.1328125,0.55037259564299301,-0.75396789561284194
P0,1,F4,0.13671875,0.61147306299118787,-0.51611623419214459
P0,1,F4,0.140625,0.79659591309937461,-0.15298633880029655
P0,1,F4,0.14453125,1.0171470197369201,0.2704457257306927
P0,1,F4,0.1484375,1.1713711022843918,0.69528190214808949
P0,1,F4,0.15234375,1.182056971003949,1.083849070017056
P0,1,F4,0.15625,1.0291429219976191,1.4146934216555853
P0,1,F4,0.16015625,0.76422024621038387,1.6712700879114839
P0,1,F4,0.1640625,0.49579895229442894,1.833557645643024
P0,1,F4,0.16796875,0.34581207507757306,1.8753817147735465
P0,1,F4,0.171875,0.39480907650755004,1.7702192550964346
P0,1,F4,0.17578125,0.64372518432562342,1.5066723383035836
P0,1,F4,0.1796875,1.013719086151597,1.1062585314620539
P0,1,F4,0.18359375,1.3840260191547089,0.63069405399757361
P0,1,F4,0.1875,1.6461265580687174,0.17217240218549623
P0,1,F4,0.19140625,1.7459226238095216,-0.16977556521330417
P0,1,F4,0.1953125,1.6960141297443814,-0.31722854695582359
P0,1,F4,0.19921875,1.5579108115668543,-0.23954624470316044
P0,1,F4,0.203125,1.4079324558106037,0.035506671705195725
P0,1,F4,0.20703125,1.3046562468693699,0.43192229804460824
P0,1,F4,0.2109375,1.270529843784594,0.85114626366822577
P0,1,F4,0.21484375,1.2910182986552494,1.2004527893251993
P0,1,F4,0.21875,1.3274146603634804,1.4154284736043952
P0,1,F4,0.22265625,1.3363985525501989,1.472255507805287
P0,1,F4,0.2265625,1.2887212137629005,1.3846640703339934
P0,1,F4,0.23046875,1.1795604878031547,1.1863428526891115
P0,1,F4,0.234375,1.0259352628396345,0.91402034585906533
P0,1,F4,0.23828125,0.85364432889218622,0.60836150660016386
P0,1,F4,0.2421875,0.68365087332026264,0.32800200365178978
P0,1,F4,0.24609375,0.52856558693328148,0.15009996902795525
P0,1,F4,0.25,0.40150006914864766,0.13945268057860705
P0,1,F4,0.25390625,0.32806619463986125,0.30278804307093055
P0,1,F4,0.2578125,0.34737221338417368,0.56772418016442017
P0,1,F4,0.26171875,0.49507505358194359,0.81103316240730727
P0,1,F4,0.265625,0.7769154019067761,0.9230204949141011
P0,1,F4,0.26953125,1.1521290075635684,0.8691615275912461
P0,1,F4,0.2734375,1.542013404754623,0.71327918608242102
P0,1,F4,0.27734375,1.86237922406514,0.58892924925402945
P0,1,F4,0.28125,2.0627553244631214,0.63197329332404473
P0,1,F4,0.28515625,2.1504971056522164,0.90758137822554197
P0,1,F4,0.2890625,2.1861110478960022,1.3695537023011615
P0,1,F4,0.29296875,2.2523009656100497,1.8734803394707804
P0,1,F4,0.296875,2.4139978995839493,2.2375107795783116
P0,1,F4,0.30078125,2.6905755137262113,2.3226819583413709
P0,1,F4,0.3046875,3.0528222406934162,2.0965280126324282
P0,1,F4,0.30859375,3.4423960071296795,1.6488632597536306
P0,1,F4,0.3125,3.7991828982770626,1.1493947791626664
P0,1,F4,0.31640625,4.0799033674584937,0.7694490702937129
P0,1,F4,0.3203125,4.2615466434392539,0.61309031839076455
P0,1,F4,0.32421875,4.3367539606493395,0.6933090234313295
P0,1,F4,0.328125,4.3116483913665,0.95288069446220991
P0,1,F4,0.33203125,4.2076606278211166,1.3013985886521646
P0,1,F4,0.3359375,4.059665756132536,1.643828694540971
P0,1,F4,0.33984375,3.9046063253657177,1.8979794864900579
P0,1,F4,0.34375,3.7650820571430272,2.0091679572858618
P0,1,F4,0.34765625,3.6386230808448978,1.9635377873546829
P0,1,F4,0.3515625,3.4989887812558753,1.7932913887322597
P0,1,F4,0.35546875,3.3073677836211504,1.5676527699441931
P0,1,F4,0.359375,3.0278748400525686,1.3691969247428162
P0,1,F4,0.36328125,2.6427577616249875,1.2637275472797427
P0,1,F4,0.3671875,2.1620763192621522,1.2795742647943105
P0,1,F4,0.37109375,1.6207943429603364,1.4077350048973325
P0,1,F4,0.375,1.0608059626469888,1.6171188431106969
P0,1,F4,0.37890625,0.50769458638914955,1.8689669516816791
P0,1,F4,0.3828125,-0.03985936615934782,2.1231961540576623
P0,1,F4,0.38671875,-0.59809843639289473,2.3421883462316067
P0,1,F4,0.390625,-1.1728479626375432,2.497239677087975
P0,1,F4,0.39453125,-1.7420374922203214,2.5743807908136591
P0,1,F4,0.3984375,-2.2607352872702178,2.5751475685737244
P0,1,F4,0.40234375,-2.6851051315985015,2.515755541812104
P0,1,F4,0.40625,-2.998626662639531,2.4304269986669516
P0,1,F4,0.41015625,-3.225225726742345,2.3737689261529207
P0,1,F4,0.4140625,-3.4239193180792729,2.4086642071150899
P0,1,F4,0.41796875,-3.6681344010028107,2.5777907969218776
P0,1,F4,0.421875,-4.017628642116934,2.8777408170234002
P0,1,F4,0.42578125,-4.4941892217128956,3.2570804418493577
P0,1,F4,0.4296875,-5.0724661604947219,3.638981384129361
P0,1,F4,0.43359375,-5.6906872439638789,3.9502132776030843
P0,1,F4,0.4375,-6.274576692416356,4.1404009442015859
P0,1,F4,0.44140625,-6.7606206162876434,4.189027441672712
P0,1,F4,0.4453125,-7.1089496299901906,4.104389186484604
P0,1,F4,0.44921875,-7.3069268583446316,3.9173693922128905
P0,1,F4,0.453125,-7.3698153001157491,3.6729412180674625
P0,1,F4,0.45703125,-7.3397344656807855,3.423970965364143
P0,1,F4,0.4609375,-7.2770613913571456,3.2287530579108106
P0,1,F4,0.46484375,-7.2403745795839018,3.1481765002271489
P0,1,F4,0.46875,-7.2612490233110698,3.2379708278571648
P0,1,F4,0.47265625,-7.3279447930215555,3.5346382736198994
P0,1,F4,0.4765625,-7.3898283903411039,4.0364941852143215
P0,1,F4,0.48046875,-7.3835433012067408,4.6875123931158926
P0,1,F4,0.484375,-7.268264668317153,5.3792717735796769
P0,1,F4,0.48828125,-7.048920045173201,5.9812248928710234
P0,1,F4,0.4921875,-6.7713896565268978,6.3901793484548719
P0,1,F4,0.49609375,-6.4925698079583132,6.5754942688153228
P0,1,F4,0.5,-6.247459549656103,6.5989061779115046
P0,1,F4,0.50390625,-6.0376651719094472,6.5975602069232764
P0,1,F4,0.5078125,-5.8470753635075816,6.7282600272535156
P0,1,F4,0.51171875,-5.6673164703863286,7.0887046939621259
P0,1,F4,0.515625,-5.5092777939025277,7.6568486025065834
P0,1,F4,0.51953125,-5.3916522504780602,8.2942846907967791
P0,1,F4,0.5234375,-5.3175496598082672,8.8213024733291991
P0,1,F4,0.52734375,-5.2592938431250049,9.1153028918328101
P0,1,F4,0.53125,-5.1654949553514617,9.1646267111978528
P0,1,F4,0.53515625,-4.9885550249203092,9.0472758065372396
P0,1,F4,0.5390625,-4.7144391273316231,8.8622012208103165
P0,1,F4,0.54296875,-4.372268680850242,8.6687892295757045
P0,1,F4,0.546875,-4.0154462514478348,8.4721587592943077
P0,1,F4,0.55078125,-3.6883924355256088,8.2512533866108946
P0,1,F4,0.5546875,-3.4032992551924401,7.9973367420607033
P0,1,F4,0.55859375,-3.1403613971469326,7.7319105326716926
P0,1,F4,0.5625,-2.8653288597584008,7.4985160816564589
P0,1,F4,0.56640625,-2.5495294709103753,7.3445215641438697
P0,1,F4,0.5703125,-2.1833385755605983,7.3066644932006337
P0,1,F4,0.57421875,-1.7816482550729296,7.3989062712883271
P0,1,F4,0.578125,-1.3806248405399504,7.5978008878474732
P0,1,F4,0.58203125,-1.023684825516483,7.8327380121373693
P0,1,F4,0.5859375,-0.73821360891351029,7.99636962929599
P0,1,F4,0.58984375,-0.51276392253052139,7.9793369302591843
P0,1,F4,0.59375,-0.29031478816526568,7.7128767285717537
P0,1,F4,0.59765625,0.01171236726209024,7.1959782151533149
P0,1,F4,0.6015625,0.46101390341707549,6.496582363941906
P0,1,F4,0.60546875,1.0733135837274432,5.7306547951200475
P0,1,F4,0.609375,1.8031370615703917,5.0255015557341238
P0,1,F4,0.61328125,2.5677846164662608,4.4747663667731015
P0,1,F4,0.6171875,3.2877652470219032,4.1023982077954289
P0,1,F4,0.62109375,3.9202581981909042,3.8589592070615062
P0,1,F4,0.625,4.4713198307092821,3.6586050299828177
P0,1,F4,0.62890625,4.9860837835648528,3.4351110148489501
P0,1,F4,0.6328125,5.5258055322716766,3.1782058129613771
P0,1,F4,0.63671875,6.1435647647032887,2.9272272096693488
P0,1,F4,0.640625,6.8666037191826526,2.7344323015552741
P0,1,F4,0.64453125,7.6868372098234286,2.6301220253857416
P0,1,F4,0.6484375,8.5592248288753545,2.6109456409133411
P0,1,F4,0.65234375,9.4115964688973985,2.6503746396415018
P0,1,F4,0.65625,10.170144705504839,2.7182219874807458
P0,1,F4,0.66015625,10.794194417200071,2.7968677923312608
P0,1,F4,0.6640625,11.2994936991599,2.8894400180123068
P0,1,F4,0.66796875,11.749481496100476,3.0222257146095721
P0,1,F4,0.671875,12.215336248269828,3.241793649202851
P0,1,F4,0.67578125,12.730546027784786,3.6004006061539382
P0,1,F4,0.6796875,13.270364527020964,4.1278528859737094
P0,1,F4,0.68359375,13.767553360590792,4.8054809207658664
P0,1,F4,0.6875,14.151599025550766,5.5646111890748156
P0,1,F4,0.69140625,14.386828243212982,6.3135103709763083
P0,1,F4,0.6953125,14.489003560319931,6.9718888244821891
P0,1,F4,0.69921875,14.514079183701256,7.4880232803389504
P0,1,F4,0.703125,14.528859752036801,7.8328237987707183
P0,1,F4,0.70703125,14.583323722895368,7.9855821303201413
P0,1,F4,0.7109375,14.701463092604147,7.9287810426562473
P0,1,F4,0.71484375,14.891348709292906,7.6573778577949199
P0,1,F4,0.71875,15.157880328465858,7.195174940799804
P0,1,F4,0.72265625,15.500918046167859,6.6034214286131494
P0,1,F4,0.7265625,15.900196494888341,5.9671454356973879
P0,1,F4,0.73046875,16.306924340692241,5.358863120527861
P0,1,F4,0.734375,16.658553904595212,4.8027104087758516
P0,1,F4,0.73828125,16.910114658535921,4.2710957016010962
P0,1,F4,0.7421875,17.05710870183302,3.7228322212951088
P0,1,F4,0.74609375,17.130861472064336,3.1527332110665096
P0,1,F4,0.75,17.171762428197031,2.6070411568294443
P0,1,F4,0.75390625,17.204592007204468,2.1464687413731696
P0,1,F4,0.7578125,17.234994075994081,1.785357022649702
P0,1,F4,0.76171875,17.263594725042374,1.4583114099289638
P0,1,F4,0.765625,17.298285086753665,1.0458092948723667
P0,1,F4,0.76953125,17.351192847631793,0.44628529445883203
P0,1,F4,0.7734375,17.425208844714064,-0.35341260382859474
P0,1,F4,0.77734375,17.504611392096315,-1.2610128537813061
P0,1,F4,0.78125,17.558296770668363,-2.1332602157203802
P0,1,F4,0.78515625,17.552546190645039,-2.868131230238685
P0,1,F4,0.7890625,17.464062007551238,-3.470198292185815
P0,1,F4,0.79296875,17.285431704362249,-4.0412519359395986
P0,1,F4,0.796875,17.021173537792219,-4.7026282610280266
P0,2,Fz,-0.19921875,1.7018440787205908,-0.68681784681676139
P0,2,Fz,-0.1953125,1.6278202584071446,-0.77092120780548479
P0,2,Fz,-0.19140625,1.5161668411883382,-0.89407497404412628
P0,2,Fz,-0.1875,1.4087407551988425,-1.020378860567237
P0,2,Fz,-0.18359375,1.3361899135972171,-1.0989445695650926
P0,2,Fz,-0.1796875,1.2970161873765025,-1.08789156360663
P0,2,Fz,-0.17578125,1.2603002412000044,-0.98584820998263445
P0,2,Fz,-0.171875,1.191009142333054,-0.84776780601161617
P0,2,Fz,-0.16796875,1.0786433295783704,-0.76598365625619014
P0,2,Fz,-0.1640625,0.94871839463211738,-0.82175781209068843
P0,2,Fz,-0.16015625,0.85040200246649222,-1.0351879496711014
P0,2,Fz,-0.15625,0.82946766629813529,-1.3440822874575917
P0,2,Fz,-0.15234375,0.90355975609406625,-1.6252441412671486
P0,2,Fz,-0.1484375,1.0542435107384869,-1.7466483292347539
P0,2,Fz,-0.14453125,1.2394792846050859,-1.6221847242980039
P0,2,Fz,-0.140625,1.4168551251599069,-1.242998271098438
P0,2,Fz,-0.13671875,1.561698321906996,-0.67667928165921309
P0,2,Fz,-0.1328125,1.6702909917141011,-0.041338858329027506
P0,2,Fz,-0.12890625,1.7501741837993801,0.5331213392807459
P0,2,Fz,-0.125,1.8058925163409683,0.94352453600282371
P0,2,Fz,-0.12109375,1.8276323238025287,1.137825413359393
P0,2,Fz,-0.1171875,1.7881644195124911,1.116726822334015
P0,2,Fz,-0.11328125,1.6519735445653208,0.91790707588222564
P0,2,Fz,-0.109375,1.3948675188629545,0.59966303510969032
P0,2,Fz,-0.10546875,1.0234079795105104,0.23575711420562973
P0,2,Fz,-0.1015625,0.58061760336623092,-0.085185344526154894
P0,2,Fz,-0.09765625,0.13285601154039051,-0.27298924572260075
P0,2,Fz,-0.09375,-0.25520898966403599,-0.26673523208206851
P0,2,Fz,-0.08984375,-0.54544704145334166,-0.065201692500498454
P0,2,Fz,-0.0859375,-0.74107264284921914,0.26760027177881518
P0,2,Fz,-0.08203125,-0.88569371575544076,0.62997791087098898
P0,2,Fz,-0.078125,-1.0455656433783445,0.92838235850719586
P0,2,Fz,-0.07421875,-1.2806025351871106,1.1156960397998004
P0,2,Fz,-0.0703125,-1.6155565682051745,1.2025484606668644
P0,2,Fz,-0.06640625,-2.0236824500943875,1.239471684668179
P0,2,Fz,-0.0625,-2.4310650015587525,1.2841457552571174
P0,2,Fz,-0.05859375,-2.7422189315257741,1.3728157481544403
P0,2,Fz,-0.0546875,-2.8770330307516656,1.5065818322060478
P0,2,Fz,-0.05078125,-2.8004382160736303,1.65220257426545
P0,2,Fz,-0.046875,-2.5290815188381517,1.7537303523886103
P0,2,Fz,-0.04296875,-2.1154346878517085,1.752726008639947
P0,2,Fz,-0.0390625,-1.6255297697025985,1.6112215172749518
P0,2,Fz,-0.03515625,-1.1267394933355472,1.3251415924502468
P0,2,Fz,-0.03125,-0.68773998480981846,0.92034604724728897
P0,2,Fz,-0.02734375,-0.37969737578452872,0.43949200923718712
P0,2,Fz,-0.0234375,-0.267912360734402,-0.065532848387828246
P0,2,Fz,-0.01953125,-0.39344922748598299,-0.53549675847527278
P0,2,Fz,-0.015625,-0.75372919619968715,-0.91459500364475166
P0,2,Fz,-0.01171875,-1.2938546400598849,-1.1747992910675635
P0,2,Fz,-0.0078125,-1.917038940117578,-1.3354723660822345
P0,2,Fz,-0.00390625,-2.5142399410994631,-1.4558473673369028
P0,2,Fz,0,-3.0024105424048035,-1.599851278641423
P0,2,Fz,0.00390625,-3.3542400671203625,-1.7961467876154562
P0,2,Fz,0.0078125,-3.6056303631948343,-2.0193503359920806
P0,2,Fz,0.01171875,-3.8379441187091103,-2.2033113243630171
P0,2,Fz,0.015625,-4.1424344840304839,-2.278342870545373
P0,2,Fz,0.01953125,-4.5803553095348786,-2.2106643108787294
P0,2,Fz,0.0234375,-5.1548744902352848,-2.0193014586862104
P0,2,Fz,0.02734375,-5.808518181182782,-1.7584963828369231
P0,2,Fz,0.03125,-6.4488243680735042,-1.4776713859376978
P0,2,Fz,0.03515625,-6.988615212684306,-1.1872353822634381
P0,2,Fz,0.0390625,-7.3784323443374991,-0.85242200742783059
P0,2,Fz,0.04296875,-7.6162510083765422,-0.41638017169169572
P0,2,Fz,0.046875,-7.7364874952982472,0.16306147635333001
P0,2,Fz,0.05078125,-7.7903997991021399,0.88297556255336129
P0,2,Fz,0.0546875,-7.8276919396943168,1.6876093365874674
P0,2,Fz,0.05859375,-7.8834950532824317,2.489704202485223
P0,2,Fz,0.0625,-7.9732339966584469,3.2100828605975797
P0,2,Fz,0.06640625,-8.0967367785809508,3.8104360355154272
P0,2,Fz,0.0703125,-8.2485072815453844,4.2980284813087595
P0,2,Fz,0.07421875,-8.4274258963408126,4.7018111543882961
P0,2,Fz,0.078125,-8.6405925052536379,5.0391472001290181
P0,2,Fz,0.08203125,-8.9002838500799921,5.2969032286392954
P0,2,Fz,0.0859375,-9.2163615117723836,5.4399680986022902
P0,2,Fz,0.08984375,-9.5884843234527342,5.4419115403308469
P0,2,Fz,0.09375,-10.00269490821977,5.3159095673418619
P0,2,Fz,0.09765625,-10.433913216388643,5.1203456084486314
P0,2,Fz,0.1015625,-10.851633764156322,4.9300369891980242
P0,2,Fz,0.10546875,-11.225701567051715,4.7917755689951047
P0,2,Fz,0.109375,-11.532636860763047,4.6971477543566849
P0,2,Fz,0.11328125,-11.764335473554976,4.5916056986075855
P0,2,Fz,0.1171875,-11.936823412471224,4.4108159335074379
P0,2,Fz,0.12109375,-12.092262843837464,4.11984027496705
P0,2,Fz,0.125,-12.28881458413775,3.7357919373149695
P0,2,Fz,0.12890625,-12.57974856679976,3.3273163263283578
P0,2,Fz,0.1328125,-12.990061919246111,2.992739725665988
P0,2,Fz,0.13671875,-13.501509771311781,2.8245605278076535
P0,2,Fz,0.140625,-14.054325158049945,2.8750315006177676
P0,2,Fz,0.14453125,-14.567055388267873,3.139218883672708
P0,2,Fz,0.1484375,-14.967158169354029,3.5603273305489385
P0,2,Fz,0.15234375,-15.218586638543606,4.0468647524145975
P0,2,Fz,0.15625,-15.33344056227395,4.4905837493205212
P0,2,Fz,0.16015625,-15.363370834932514,4.7863483232441606
P0,2,Fz,0.1640625,-15.377056541208258,4.858888155202445
P0,2,Fz,0.16796875,-15.435797796220402,4.6890538013948859
P0,2,Fz,0.171875,-15.577775598758414,4.3223233088057924
P0,2,Fz,0.17578125,-15.81526556983591,3.8517205998496173
P0,2,Fz,0.1796875,-16.141815020107252,3.3858997914004085
P0,2,Fz,0.18359375,-16.541720065307992,3.0197818769409963
P0,2,Fz,0.1875,-16.995264152765376,2.8169025371219529
P0,2,Fz,0.19140625,-17.479594817319548,2.8029065568166232
P0,2,Fz,0.1953125,-17.970203456795261,2.9656638781253264
P0,2,Fz,0.19921875,-18.445664749028481,3.2573932860117445
P0,2,Fz,0.203125,-18.892408202020352,3.5981620092256321
P0,2,Fz,0.20703125,-19.305611394239023,3.887123857643882
P0,2,Fz,0.2109375,-19.686708053168495,4.0282145768858335
P0,2,Fz,0.21484375,-20.039802820801668,3.9646106463497048
P0,2,Fz,0.21875,-20.367046421033088,3.7025299491867862
P0,2,Fz,0.22265625,-20.662571780418737,3.3070897145817995
P0,2,Fz,0.2265625,-20.907765845222354,2.8707079980101398
P0,2,Fz,0.23046875,-21.072836040909927,2.4712628557280887
P0,2,Fz,0.234375,-21.127029211541107,2.1420914912912927
P0,2,Fz,0.23828125,-21.053910498608303,1.8708740936024988
P0,2,Fz,0.2421875,-20.863888305397431,1.6307408104617132
P0,2,Fz,0.24609375,-20.597157064280587,1.4253265349824105
P0,2,Fz,0.25,-20.314581527806119,1.314553217833204
P0,2,Fz,0.25390625,-20.078604883402662,1.3980659132688018
P0,2,Fz,0.2578125,-19.931042243939253,1.763137095453569
P0,2,Fz,0.26171875,-19.878289078021773,2.4273760669931939
P0,2,Fz,0.265625,-19.891964772105894,3.3081864210252263
P0,2,Fz,0.26953125,-19.923963786841881,4.2365651743893871
P0,2,Fz,0.2734375,-19.926744158229489,5.0128442118548477
P0,2,Fz,0.27734375,-19.86826819349001,5.4813851331707006
P0,2,Fz,0.28125,-19.735772930063494,5.588436376974407
P0,2,Fz,0.28515625,-19.530639281164568,5.3949442644490979
P0,2,Fz,0.2890625,-19.263246709444459,5.0432325200171633
P0,2,Fz,0.29296875,-18.955181765884213,4.7008857388402667
P0,2,Fz,0.296875,-18.646159461387683,4.5066096034846446
P0,2,Fz,0.30078125,-18.394283878505497,4.5292063446504507
P0,2,Fz,0.3046875,-18.260628722203286,4.7457376429637286
P0,2,Fz,0.30859375,-18.281912881289824,5.0508604653802873
P0,2,Fz,0.3125,-18.447653611187597,5.3039819423123902
P0,2,Fz,0.31640625,-18.698617167398329,5.3963210760160933
P0,2,Fz,0.3203125,-18.949811564125106,5.3004953057933086
P0,2,Fz,0.32421875,-19.125432427540126,5.0742902376084729
P0,2,Fz,0.328125,-19.187797233163792,4.8197106237728242
P0,2,Fz,0.33203125,-19.148195291008737,4.6231986444412811
P0,2,Fz,0.3359375,-19.05762813103977,4.5098648617432708
P0,2,Fz,0.33984375,-18.98424048750465,4.4356605233762387
P0,2,Fz,0.34375,-18.988981532315442,4.3212473913937153
P0,2,Fz,0.34765625,-19.109582801344033,4.1064901643435832
P0,2,Fz,0.3515625,-19.35650448163042,3.7905378310941913
P0,2,Fz,0.35546875,-19.718123227328963,3.4336592334470879
P0,2,Fz,0.359375,-20.16998576156416,3.1253018493427618
P0,2,Fz,0.36328125,-20.683785557052502,2.9426692527471907
P0,2,Fz,0.3671875,-21.233519234963381,2.9225922259312505
P0,2,Fz,0.37109375,-21.798597293407941,3.056271352423984
P0,2,Fz,0.375,-22.366220008813514,3.3033345424192682
P0,2,Fz,0.37890625,-22.935135065136976,3.6119580862408647
P0,2,Fz,0.3828125,-23.51829565704611,3.9305589711296101
P0,2,Fz,0.38671875,-24.138215385001153,4.208464669859314
P0,2,Fz,0.390625,-24.812985994919202,4.3971559251804315
P0,2,Fz,0.39453125,-25.540414783661326,4.4617402623058844
P0,2,Fz,0.3984375,-26.291674276527836,4.3962539680417407
P0,2,Fz,0.40234375,-27.019146354104969,4.2287235241155194
P0,2,Fz,0.40625,-27.6729570599136,4.0124522714891739
P0,2,Fz,0.41015625,-28.216692028334197,3.8121274202222111
P0,2,Fz,0.4140625,-28.635968324979679,3.691228208480382
P0,2,Fz,0.41796875,-28.938300553257811,3.6985518756049167
P0,2,Fz,0.421875,-29.145640496996968,3.8518862285398647
P0,2,Fz,0.42578125,-29.282753475406068,4.12502923476044
P0,2,Fz,0.4296875,-29.365819084031045,4.4480738945910439
P0,2,Fz,0.43359375,-29.395792507039808,4.7253180230079224
P0,2,Fz,0.4375,-29.35990203198363,4.8660182235305207
P0,2,Fz,0.44140625,-29.241786595913798,4.8167294902515607
P0,2,Fz,0.4453125,-29.035967536012457,4.5823511177057767
P0,2,Fz,0.44921875,-28.758107270280739,4.2269079894312327
P0,2,Fz,0.453125,-28.443340799594459,3.8546782432797251
P0,2,Fz,0.45703125,-28.131859318118579,3.5830412458881113
P0,2,Fz,0.4609375,-27.848825494031509,3.5202113646695672
P0,2,Fz,0.46484375,-27.588831772619521,3.7499701821903919
P0,2,Fz,0.46875,-27.312828400988959,4.3147321500984077
P0,2,Fz,0.47265625,-26.960497358844442,5.1936241957624603
P0,2,Fz,0.4765625,-26.474761973663774,6.2887356812667825
P0,2,Fz,0.48046875,-25.828026279302982,7.4391086059494604
P0,2,Fz,0.484375,-25.035772235333809,8.4680049848104915
P0,2,Fz,0.48828125,-24.148278269675387,9.2457129119248265
P0,2,Fz,0.4921875,-23.224634276116724,9.736350360642323
P0,2,Fz,0.49609375,-22.304132019772982,10.002960294375278
P0,2,Fz,0.5,-21.38947176301992,10.167534424337777
P0,2,Fz,0.50390625,-20.447361371466545,10.34812956145899
P0,2,Fz,0.5078125,-19.423793368296579,10.607513444154925
P0,2,Fz,0.51171875,-18.266624510932896,10.937990096563906
P0,2,Fz,0.515625,-16.945682485181838,11.282637790230437
P0,2,Fz,0.51953125,-15.461281921118077,11.572874024212954
P0,2,Fz,0.5234375,-13.837855286025643,11.759182095690386
P0,2,Fz,0.52734375,-12.108019111110288,11.823118005433585
P0,2,Fz,0.53125,-10.296799633615777,11.772150188796346
P0,2,Fz,0.53515625,-8.4123863228161717,11.626445192395519
P0,2,Fz,0.5390625,-6.4438640461791827,11.408048743425919
P0,2,Fz,0.54296875,-4.3648989835781187,11.138660206427378
P0,2,Fz,0.546875,-2.1443020814338771,10.843517378943101
P0,2,Fz,0.55078125,0.23678862905021925,10.55291017352204
P0,2,Fz,0.5546875,2.7671070190501164,10.296214195546014
P0,2,Fz,0.55859375,5.397131282950415,10.091156952093645
P0,2,Fz,0.5625,8.0481980122259795,9.9340280964047452
P0,2,Fz,0.56640625,10.637256739494411,9.796138302196276
P0,2,Fz,0.5703125,13.105539668496892,9.6337251337588814
P0,2,Fz,0.57421875,15.435318424166525,9.4161376174145701
P0,2,Fz,0.578125,17.64528939440417,9.1610234585685859
P0,2,Fz,0.58203125,19.769170368887924,8.9475551229360537
P0,2,Fz,0.5859375,21.833242996353206,8.8856488385590708
P0,2,Fz,0.58984375,23.846895932579066,9.0531190888304032
P0,2,Fz,0.59375,25.807211365007799,9.4420564086268612
P0,2,Fz,0.59765625,27.706955857867101,9.9512028748002841
P0,2,Fz,0.6015625,29.535798378210849,10.428820667248363
P0,2,Fz,0.60546875,31.275242531513001,10.739266749300914
P0,2,Fz,0.609375,32.896960721891219,10.815735761567396
P0,2,Fz,0.61328125,34.372584926595444,10.67270264144258
P0,2,Fz,0.6171875,35.691888310121804,10.376605500762647
P0,2,Fz,0.62109375,36.876228704888661,9.9986347646088163
P0,2,Fz,0.625,37.975297924795228,9.5821312174066051
P0,2,Fz,0.62890625,39.047414472304808,9.1414905541645197
P0,2,Fz,0.6328125,40.135871050388417,8.6824666149568444
P0,2,Fz,0.63671875,41.255485569768425,8.219494977559755
P0,2,Fz,0.640625,42.394274383865486,7.774722943859274
P0,2,Fz,0.64453125,43.524253049552613,7.3618410938470475
P0,2,Fz,0.6484375,44.611875015886099,6.9676484939756733
P0,2,Fz,0.65234375,45.623667350054959,6.5451933633626211
P0,2,Fz,0.65625,46.52952457770543,6.0299732632648002
P0,2,Fz,0.66015625,47.307599865758341,5.3792292503142676
P0,2,Fz,0.6640625,47.950147788944889,4.611743137430139
P0,2,Fz,0.66796875,48.464998193245279,3.8135109442934692
P0,2,Fz,0.671875,48.868431231501908,3.0959994379977473
P0,2,Fz,0.67578125,49.172191637298482,2.533735228038843
P0,2,Fz,0.6796875,49.374616014975828,2.1262614943697855
P0,2,Fz,0.68359375,49.465860255471938,1.8092093127616238
P0,2,Fz,0.6875,49.446772395688754,1.5025886814633296
P0,2,Fz,0.69140625,49.346796964390464,1.1613514158625478
P0,2,Fz,0.6953125,49.222438054441952,0.79490487159948486
P0,2,Fz,0.69921875,49.131732979450788,0.44391008332006976
P0,2,Fz,0.703125,49.101459335260209,0.13294362337134658
P0,2,Fz,0.70703125,49.11216863771709,-0.16271381901230342
P0,2,Fz,0.7109375,49.113397730407414,-0.50735711012526252
P0,2,Fz,0.71484375,49.059719291640867,-0.95763268202665586
P0,2,Fz,0.71875,48.944756042098582,-1.5126825654066067
P0,2,Fz,0.72265625,48.811241868234951,-2.096854901204793
P0,2,Fz,0.7265625,48.728435261117468,-2.5864332893345434
P0,2,Fz,0.73046875,48.748375315211419,-2.8659436851600688
P0,2,Fz,0.734375,48.868046876359209,-2.8846020489647941
P0,2,Fz,0.73828125,49.02156483386463,-2.6816523103101915
P0,2,Fz,0.7421875,49.105396769003036,-2.3645062948167066
P0,2,Fz,0.74609375,49.019084352870877,-2.0533662096459366
P0,2,Fz,0.75,48.700484432678209,-1.8282219872700622
P0,2,Fz,0.75390625,48.145045135937721,-1.706772063608696
P0,2,Fz,0.7578125,47.408236601578707,-1.6547436979788657
P0,2,Fz,0.76171875,46.592232136629022,-1.6127818663603861
P0,2,Fz,0.765625,45.818213533898373,-1.5256011911691658
P0,2,Fz,0.76953125,45.190554796280367,-1.3642782039733916
P0,2,Fz,0.7734375,44.765740829244073,-1.1335234006297412
P0,2,Fz,0.77734375,44.539421087704262,-0.86135942841353597
P0,2,Fz,0.78125,44.456790472509205,-0.58131520457058627
P0,2,Fz,0.78515625,44.439848759652484,-0.32272919139170142
P0,2,Fz,0.7890625,44.417523510679843,-0.11336014342500533
P0,2,Fz,0.79296875,44.344850977142357,0.016712021029242408
P0,2,Fz,0.796875,44.204550925383906,0.040891981455118298
P0,2,F3,-0.19921875,-2.5526798570873961,-2.8497606504666582
P0,2,F3,-0.1953125,-1.7766822346597573,-1.8215374667595126
P0,2,F3,-0.19140625,-1.1436267577484858,-0.94301133789999858
P0,2,F3,-0.1875,-0.75509422443718899,-0.49657199634520255
P0,2,F3,-0.18359375,-0.56944646411345712,-0.43742825884650999
P0,2,F3,-0.1796875,-0.49795965362318473,-0.54444319682339315
P0,2,F3,-0.17578125,-0.47161496390206725,-0.60273649182422795
P0,2,F3,-0.171875,-0.45478036230308777,-0.5309518703853412
P0,2,F3,-0.16796875,-0.42608226383224768,-0.40004928270882839
P0,2,F3,-0.1640625,-0.35972705752374529,-0.35288853296495659
P0,2,F3,-0.16015625,-0.22509190548873417,-0.48996246278158656
P0,2,F3,-0.15625,-0.001174841678919375,-0.79672201214254712
P0,2,F3,-0.15234375,0.30760357636761593,-1.1483204187056131
P0,2,F3,-0.1484375,0.66615448038961822,-1.3736727540496627
P0,2,F3,-0.14453125,1.0191535568475667,-1.3319161627785019
P0,2,F3,-0.140625,1.3137886411114414,-0.96265988805283764
P0,2,F3,-0.13671875,1.5237206891085473,-0.29797562210120798
P0,2,F3,-0.1328125,1.6608121270214959,0.55784243316162341
P0,2,F3,-0.12890625,1.7669794536645449,1.4702846906764928
P0,2,F3,-0.125,1.8897206646354339,2.3227563615668929
P0,2,F3,-0.12109375,2.0548573516335851,3.0485445789626406
P0,2,F3,-0.1171875,2.2523176523405506,3.6326199467053084
P0,2,F3,-0.11328125,2.4430891189956179,4.0913662084315776
P0,2,F3,-0.109375,2.5820561474181307,4.4514601345886184
P0,2,F3,-0.10546875,2.6414107190166924,4.7414517400345373
P0,2,F3,-0.1015625,2.6205061615948155,4.9923819155699665
P0,2,F3,-0.09765625,2.5393550672114884,5.2352247581996654
P0,2,F3,-0.09375,2.4242580930042998,5.4907804230345993
P0,2,F3,-0.08984375,2.2966184724837149,5.7623761900482933
P0,2,F3,-0.0859375,2.1710262437008359,6.0457515200181184
P0,2,F3,-0.08203125,2.0620267000875545,6.3556566665093488
P0,2,F3,-0.078125,1.9929083093288043,6.7455034488023085
P0,2,F3,-0.07421875,1.9951668016212174,7.2875034479416492
P0,2,F3,-0.0703125,2.0889173542375747,8.0012459647031591
P0,2,F3,-0.06640625,2.2468872577089938,8.7599130582703495
P0,2,F3,-0.0625,2.3625773537404902,9.2375406346050326
P0,2,F3,-0.05859375,2.2537817583115904,8.9609623692633438
P0,2,F3,-0.0546875,1.7241859447321501,7.4861106957997281
P0,2,F3,-0.05078125,0.67285760115682902,4.6415090300091144
P0,2,F3,-0.046875,-0.80522819660508138,0.70799277267513894
P0,2,F3,-0.04296875,-2.4070287266840866,-3.6052513620708826
P0,2,F3,-0.0390625,-3.7349448041140785,-7.4244144945878885
P0,2,F3,-0.03515625,-4.4822130652086249,-10.082034355261838
P0,2,F3,-0.03125,-4.5759672037254653,-11.372967163733833
P0,2,F3,-0.02734375,-4.1934565964913357,-11.553718309331877
P0,2,F3,-0.0234375,-3.6557582166346148,-11.122279810888553
P0,2,F3,-0.01953125,-3.2725816236373073,-10.542927604129204
P0,2,F3,-0.015625,-3.2207124882378979,-10.07726918835599
P0,2,F3,-0.01171875,-3.5030675433276492,-9.7795250874990813
P0,2,F3,-0.0078125,-3.9887021173435051,-9.5992578120096574
P0,2,F3,-0.00390625,-4.4991161290632,-9.4865253960721994
P0,2,F3,0,-4.8939016038687067,-9.428978126134675
P0,2,F3,0.00390625,-5.1204856695263441,-9.4224028885361868
P0,2,F3,0.0078125,-5.2171831454469295,-9.4257440683650486
P0,2,F3,0.01171875,-5.2794555236385117,-9.3505728865382114
P0,2,F3,0.015625,-5.4087590251650202,-9.0976041241820766
P0,2,F3,0.01953125,-5.6648630793408756,-8.6136221493383864
P0,2,F3,0.0234375,-6.0397618894104568,-7.9275977360648744
P0,2,F3,0.02734375,-6.4637752180888093,-7.1400553636386341
P0,2,F3,0.03125,-6.8410908266662442,-6.3711582271374461
P0,2,F3,0.03515625,-7.0965258645841427,-5.6989951576788798
P0,2,F3,0.0390625,-7.2078875803043498,-5.1241208978634978
P0,2,F3,0.04296875,-7.2078348528606533,-4.5784002151063738
P0,2,F3,0.046875,-7.1597180327023606,-3.9693810554774362
P0,2,F3,0.05078125,-7.1256441208543198,-3.2328972461183971
P0,2,F3,0.0546875,-7.1431623459528097,-2.3645319970153773
P0,2,F3,0.05859375,-7.2175921336853648,-1.41382092285457
P0,2,F3,0.0625,-7.3291790322692538,-0.44792921686847453
P0,2,F3,0.06640625,-7.448577560263308,0.48815599900911977
P0,2,F3,0.0703125,-7.5514753744343484,1.3855776644018363
P0,2,F3,0.07421875,-7.6266491597851109,2.2500340447161538
P0,2,F3,0.078125,-7.6778164683331163,3.0631408811203977
P0,2,F3,0.08203125,-7.721097301188605,3.7613393114456777
P0,2,F3,0.0859375,-7.7780707417462684,4.2572029653923433
P0,2,F3,0.08984375,-7.8658288618338306,4.4958393129756704
P0,2,F3,0.09375,-7.9890076965636716,4.5076121474475128
P0,2,F3,0.09765625,-8.138119895312057,4.4143733948586776
P0,2,F3,0.1015625,-8.2937699662096538,4.3763960079105741
P0,2,F3,0.10546875,-8.4336638393465826,4.509703946334275
P0,2,F3,0.109375,-8.5403497886356732,4.8256437420504028
P0,2,F3,0.11328125,-8.608248153937911,5.2297619340088364
P0,2,F3,0.1171875,-8.6474312941015317,5.5785919171341263
P0,2,F3,0.12109375,-8.6815338763494374,5.7599339205616698
P0,2,F3,0.125,-8.7393006560349651,5.7535414575864117
P0,2,F3,0.12890625,-8.8427143874748637,5.6434672433071018
P0,2,F3,0.1328125,-8.9976912775085598,5.578535063345762
P0,2,F3,0.13671875,-9.1932116420538073,5.7012938375894198
P0,2,F3,0.140625,-9.4105080752268311,6.0792098925230009
P0,2,F3,0.14453125,-9.6382948046218804,6.6684179149133067
P0,2,F3,0.1484375,-9.886283900184889,7.3208551905724093
P0,2,F3,0.15234375,-10.189232846918108,7.8236049443941242
P0,2,F3,0.15625,-10.598846932516926,7.9505613699412976
P0,2,F3,0.16015625,-11.170284217263529,7.5092705532961599
P0,2,F3,0.1640625,-11.955421908719732,6.3695344281126385
P0,2,F3,0.16796875,-13.003466155824341,4.474168393953903
P0,2,F3,0.171875,-14.347476901450772,1.8613674751124076
P0,2,F3,0.17578125,-15.960279370676261,-1.2758144069812758
P0,2,F3,0.1796875,-17.709946991408653,-4.5401549855767431
P0,2,F3,0.18359375,-19.375073816297409,-7.3906133826933935
P0,2,F3,0.1875,-20.734783304931995,-9.3337004471303509
P0,2,F3,0.19140625,-21.672558873401321,-10.131196058655256
P0,2,F3,0.1953125,-22.217413726172168,-9.8845923520153001
P0,2,F3,0.19921875,-22.50071515916235,-8.9615072244722072
P0,2,F3,0.203125,-22.668618284080225,-7.8348483689450212
P0,2,F3,0.20703125,-22.810992699419423,-6.9241382177740824
P0,2,F3,0.2109375,-22.945832922343016,-6.4854269764262185
P0,2,F3,0.21484375,-23.056146379748597,-6.5570184150507416
P0,2,F3,0.21875,-23.142960558141148,-6.9617207094820799
P0,2,F3,0.22265625,-23.251862550256476,-7.3728025544920577
P0,2,F3,0.2265625,-23.450043407605115,-7.4416326074045038
P0,2,F3,0.23046875,-23.761900935749839,-6.9585077501484136
P0,2,F3,0.234375,-24.098259086929524,-5.9916912799936632
P0,2,F3,0.23828125,-24.22576115911049,-4.9363641075653923
P0,2,F3,0.2421875,-23.813312272284094,-4.4172039343465848
P0,2,F3,0.24609375,-22.560390335212887,-5.0406039610493316
P0,2,F3,0.25,-20.36156484894498,-7.0781141922576971
P0,2,F3,0.25390625,-17.41347672133714,-10.235101563423134
P0,2,F3,0.2578125,-14.171214140780405,-13.656376632624177
P0,2,F3,0.26171875,-11.148671594276035,-16.219136682811573
P0,2,F3,0.265625,-8.6883964469283868,-17.011699236791905
P0,2,F3,0.26953125,-6.8687058366024818,-15.780166549511424
P0,2,F3,0.2734375,-5.5945387190444418,-13.100222015958462
P0,2,F3,0.27734375,-4.7491407353965274,-10.129474312460141
P0,2,F3,0.28125,-4.2569822747982649,-8.0254912862181094
P0,2,F3,0.28515625,-4.0444663051666483,-7.3611586391415234
P0,2,F3,0.2890625,-4.0061695325640896,-7.9049748464725846
P0,2,F3,0.29296875,-4.0467018659359457,-8.8724944982969518
P0,2,F3,0.296875,-4.1405605754124721,-9.4215621588087402
P0,2,F3,0.30078125,-4.3140033171035856,-9.0722811822728815
P0,2,F3,0.3046875,-4.5492039380258564,-7.9037995853477812
P0,2,F3,0.30859375,-4.7028757150888225,-6.5399554386406233
P0,2,F3,0.3125,-4.5115007511392866,-5.9344681835430642
P0,2,F3,0.31640625,-3.6851195274021755,-6.9686694762073724
P0,2,F3,0.3203125,-2.0555203754030962,-10.010212447634821
P0,2,F3,0.32421875,0.28569503553896292,-14.680721644834147
P0,2,F3,0.328125,2.9651723141949264,-19.966576765843406
P0,2,F3,0.33203125,5.4871063580280595,-24.593634676141217
P0,2,F3,0.3359375,7.4867640129390942,-27.480166293463498
P0,2,F3,0.33984375,8.8877962187493296,-28.099031241999526
P0,2,F3,0.34375,9.855500939730728,-26.629088173309526
P0,2,F3,0.34765625,10.615891037025218,-23.839886028619105
P0,2,F3,0.3515625,11.297171013408066,-20.756122589726434
P0,2,F3,0.35546875,11.89056217734066,-18.255124366540311
P0,2,F3,0.359375,12.312895355985635,-16.784761581586245
P0,2,F3,0.36328125,12.492657207533757,-16.312114459285681
P0,2,F3,0.3671875,12.419424544518465,-16.476652613025703
P0,2,F3,0.37109375,12.144127270629616,-16.825992975255527
P0,2,F3,0.375,11.747181924784309,-17.010042469224029
P0,2,F3,0.37890625,11.298780800261236,-16.872932446352468
P0,2,F3,0.3828125,10.833467088741939,-16.449609957990777
P0,2,F3,0.38671875,10.352059614244983,-15.903363257381336
P0,2,F3,0.390625,9.8462865442794598,-15.436712900004206
P0,2,F3,0.39453125,9.3250934570567363,-15.202853767195242
P0,2,F3,0.3984375,8.8218689125467886,-15.248292907965979
P0,2,F3,0.40234375,8.3794398088847259,-15.508769219316909
P0,2,F3,0.40625,8.0276625837659665,-15.851884176852467
P0,2,F3,0.41015625,7.7709527602059181,-16.135513566860709
P0,2,F3,0.4140625,7.59143691608209,-16.252659157095692
P0,2,F3,0.41796875,7.4615227216513187,-16.152104873588812
P0,2,F3,0.421875,7.357303449646083,-15.839365937039988
P0,2,F3,0.42578125,7.2684546397533323,-15.366682619954206
P0,2,F3,0.4296875,7.2032995407763627,-14.818425895318908
P0,2,F3,0.43359375,7.1874161621132195,-14.29386744324534
P0,2,F3,0.4375,7.2545932935469013,-13.886289762242962
P0,2,F3,0.44140625,7.4328306994979023,-13.658757731648702
P0,2,F3,0.4453125,7.7322008136618221,-13.622389161685041
P0,2,F3,0.44921875,8.1407705386613145,-13.728168016311042
P0,2,F3,0.453125,8.6296673389335865,-13.880454382358923
P0,2,F3,0.45703125,9.1638176504485411,-13.966297955216563
P0,2,F3,0.4609375,9.7142790819707159,-13.882327076971187
P0,2,F3,0.46484375,10.269629424833015,-13.547998272602857
P0,2,F3,0.46875,10.843186624326083,-12.913893249978294
P0,2,F3,0.47265625,11.469776461551925,-11.979274743305954
P0,2,F3,0.4765625,12.187415084941836,-10.81483131303964
P0,2,F3,0.48046875,13.010473483756336,-9.5666546172967628
P0,2,F3,0.484375,13.913054498772023,-8.4204791514857291
P0,2,F3,0.48828125,14.839412856281356,-7.5310175746025916
P0,2,F3,0.4921875,15.740201030824267,-6.9490203512468778
P0,2,F3,0.49609375,16.613920293278944,-6.5873029946649417
P0,2,F3,0.5,17.526397740350841,-6.2512617165631799
P0,2,F3,0.50390625,18.589137279971698,-5.7308010686630144
P0,2,F3,0.5078125,19.896025536635744,-4.9238823181013345
P0,2,F3,0.51171875,21.442525061450347,-3.9439980485776047
P0,2,F3,0.515625,23.071723222598191,-3.1567541409554352
P0,2,F3,0.51953125,24.492091380178024,-3.1007249785949575
P0,2,F3,0.5234375,25.383517202939373,-4.2859906658309228
P0,2,F3,0.52734375,25.557783576401768,-6.9331853143069289
P0,2,F3,0.53125,25.092646900419204,-10.7889155426919
P0,2,F3,0.53515625,24.352775752362259,-15.161099695665833
P0,2,F3,0.5390625,23.868074187594214,-19.201891669506743
P0,2,F3,0.54296875,24.128989785553518,-22.281925549410794
P0,2,F3,0.546875,25.405734765803139,-24.212816726077151
P0,2,F3,0.55078125,27.66558428572494,-25.182215753173807
P0,2,F3,0.5546875,30.592814604585556,-25.474032064264904
P0,2,F3,0.55859375,33.67751035919656,-25.1834428918113
P0,2,F3,0.5625,36.347140364353073,-24.120458246692156
P0,2,F3,0.56640625,38.128866555038101,-21.962861439546202
P0,2,F3,0.5703125,38.813712238533796,-18.556266780885956
P0,2,F3,0.57421875,38.555585172375785,-14.155894936135155
P0,2,F3,0.578125,37.830742781307535,-9.4290212168199119
P0,2,F3,0.58203125,37.246582407080211,-5.1941667310786315
P0,2,F3,0.5859375,37.289776609794828,-2.0633138673233447
P0,2,F3,0.58984375,38.151320766314342,-0.21854872047331497
P0,2,F3,0.59375,39.71022458724152,0.56338283537650113
P0,2,F3,0.59765625,41.651163332269917,0.70691681516074567
P0,2,F3,0.6015625,43.625186751037198,0.61059466526950246
P0,2,F3,0.60546875,45.37087038519563,0.51459345850499716
P0,2,F3,0.609375,46.763640996895688,0.48778576068897905
P0,2,F3,0.61328125,47.805367977239541,0.4902385426902498
P0,2,F3,0.6171875,48.581920710163132,0.44996740377630573
P0,2,F3,0.62109375,49.211469864998719,0.3144069731897261
P0,2,F3,0.625,49.799069852398787,0.067885137572190501
P0,2,F3,0.62890625,50.409026049366545,-0.27433542673166045
P0,2,F3,0.6328125,51.059802574402966,-0.67987976117751003
P0,2,F3,0.63671875,51.736069330516997,-1.1095152925493821
P0,2,F3,0.640625,52.406456766769949,-1.5219986720518364
P0,2,F3,0.64453125,53.037792071850262,-1.8810772778768907
P0,2,F3,0.6484375,53.602868773632636,-2.1714460860280909
P0,2,F3,0.65234375,54.083288413252482,-2.4163457282859468
P0,2,F3,0.65625,54.469937730031575,-2.6764577337514979
P0,2,F3,0.66015625,54.762774430526264,-3.0185217074749815
P0,2,F3,0.6640625,54.969898812287191,-3.4717350175757673
P0,2,F3,0.66796875,55.103992740992879,-4.009092962945779
P0,2,F3,0.671875,55.174714269408369,-4.5718951998482638
P0,2,F3,0.67578125,55.180577677781528,-5.1154887848002843
P0,2,F3,0.6796875,55.108649017970805,-5.6367225826970824
P0,2,F3,0.68359375,54.947001833080492,-6.1633716091704542
P0,2,F3,0.6875,54.703383977974866,-6.7173587109728601
P0,2,F3,0.69140625,54.414594797694974,-7.2805194765615298
P0,2,F3,0.6953125,54.13478525675967,-7.7893620422397234
P0,2,F3,0.69921875,53.906605483818687,-8.1682447592203005
P0,2,F3,0.703125,53.734805967479858,-8.3837757296403055
P0,2,F3,0.70703125,53.583049975141051,-8.4821225796147814
P0,2,F3,0.7109375,53.398477213600813,-8.5766078741396328
P0,2,F3,0.71484375,53.148217250752225,-8.7872583697940101
P0,2,F3,0.71875,52.843283592092007,-9.1697201381653244
P0,2,F3,0.72265625,52.532706911890095,-9.6788368796963908
P0,2,F3,0.7265625,52.269542283489301,-10.188925069379522
P0,2,F3,0.73046875,52.07059578778042,-10.558107064756591
P0,2,F3,0.734375,51.898638380695012,-10.69985842053778
P0,2,F3,0.73828125,51.680140790615127,-10.622442452253992
P0,2,F3,0.7421875,51.344406412394591,-10.416150110098215
P0,2,F3,0.74609375,50.856115793593361,-10.199541998799532
P0,2,F3,0.75,50.223863211018433,-10.05976572540574
P0,2,F3,0.75390625,49.488538596809818,-10.019815297619921
P0,2,F3,0.7578125,48.706624346665635,-10.041475295416468
P0,2,F3,0.76171875,47.938589999300511,-10.052155723969534
P0,2,F3,0.765625,47.241693305869859,-9.9802709216421235
P0,2,F3,0.76953125,46.661476112562866,-9.7867529323530533
P0,2,F3,0.7734375,46.219711542745571,-9.4812279144953706
P0,2,F3,0.77734375,45.903332229439485,-9.1159516521721287
P0,2,F3,0.78125,45.662764921984817,-8.761975022739982
P0,2,F3,0.78515625,45.425558823737738,-8.4817262983450661
P0,2,F3,0.7890625,45.122462023020574,-8.3109714594749065
P0,2,F3,0.79296875,44.713564717393758,-8.2536386451288024
P0,2,F3,0.796875,44.200068750688786,-8.2865399994465605
P0,2,F4,-0.19921875,12.432306394337395,14.540542084825738
P0,2,F4,-0.1953125,12.619362886321172,15.104096028794952
P0,2,F4,-0.19140625,12.901433751768973,15.817496395569156
P0,2,F4,-0.1875,13.221620703412151,16.511839325189715
P0,2,F4,-0.18359375,13.41277930114676,16.886309443611644
P0,2,F4,-0.1796875,13.252930914262782,16.61716572553674
P0,2,F4,-0.17578125,12.567958098125272,15.494016415119834
P0,2,F4,-0.171875,11.332208757442356,13.527083972413278
P0,2,F4,-0.16796875,9.705993269816318,10.970206580756098
P0,2,F4,-0.1640625,7.9815032019047969,8.2399337983360716
P0,2,F4,-0.16015625,6.4618297362735566,5.7626863431490403
P0,2,F4,-0.15625,5.3319743745721571,3.8128859228555383
P0,2,F4,-0.15234375,4.5860829969278081,2.4145391756101269
P0,2,F4,-0.1484375,4.0561393125557483,1.37157096037126
P0,2,F4,-0.14453125,3.5360101086948772,0.43515559145838312
P0,2,F4,-0.140625,2.9255245265257797,-0.49026194197542017
P0,2,F4,-0.13671875,2.2893840539387265,-1.2673985150803564
P0,2,F4,-0.1328125,1.7799925728982497,-1.6666189802296205
P0,2,F4,-0.12890625,1.4869690972375122,-1.6222192987158226
P0,2,F4,-0.125,1.3542473654227714,-1.3468526223441644
P0,2,F4,-0.12109375,1.2543129930404375,-1.1421192863283032
P0,2,F4,-0.1171875,1.1521714945716268,-1.0557480686775673
P0,2,F4,-0.11328125,1.1877595389672355,-0.73649469760403341
P0,2,F4,-0.109375,1.5779606367650651,0.32977439822545551
P0,2,F4,-0.10546875,2.4156912319983235,2.3892412929884976
P0,2,F4,-0.1015625,3.5360405009828182,5.1505868688018799
P0,2,F4,-0.09765625,4.5486019486227116,7.8577462278871417
P0,2,F4,-0.09375,5.0010340463435279,9.6107683470163234
P0,2,F4,-0.08984375,4.5706689128362674,9.7326238369280578
P0,2,F4,-0.0859375,3.1961675496813577,8.0329812840529247
P0,2,F4,-0.08203125,1.10227303557207,4.8878529080354172
P0,2,F4,-0.078125,-1.291851091830087,1.0973752343613263
P0,2,F4,-0.07421875,-3.5433731611879455,-2.434700480459711
P0,2,F4,-0.0703125,-5.3481107978565632,-5.0423204433912012
P0,2,F4,-0.06640625,-6.6027916739137122,-6.4698408562796219
P0,2,F4,-0.0625,-7.3466302554190746,-6.8071922418161268
P0,2,F4,-0.05859375,-7.6561983996347056,-6.3003425677365028
P0,2,F4,-0.0546875,-7.5978682748451769,-5.2295912102141759
P0,2,F4,-0.05078125,-7.2757077690357628,-3.9502992938981496
P0,2,F4,-0.046875,-6.9062634398082077,-2.9938634704002975
P0,2,F4,-0.04296875,-6.8078869408137415,-3.0212603938938747
P0,2,F4,-0.0390625,-7.2660742140854238,-4.5451879539092896
P0,2,F4,-0.03515625,-8.3628612818992423,-7.5902098861395615
P0,2,F4,-0.03125,-9.9089339759549464,-11.574314570262406
P0,2,F4,-0.02734375,-11.539631066603137,-15.538599235970725
P0,2,F4,-0.0234375,-12.906534355901428,-18.580835518532595
P0,2,F4,-0.01953125,-13.832519129038554,-20.217853516015094
P0,2,F4,-0.015625,-14.344209120366973,-20.493937631475163
P0,2,F4,-0.01171875,-14.593780813177881,-19.839233818321173
P0,2,F4,-0.0078125,-14.74586200047503,-18.806368443067452
P0,2,F4,-0.00390625,-14.901845551119056,-17.830813219156234
P0,2,F4,0,-15.088583730505318,-17.108925063475102
P0,2,F4,0.00390625,-15.292882988624729,-16.612369050458106
P0,2,F4,0.0078125,-15.504241055519827,-16.19350852065854
P0,2,F4,0.01171875,-15.737438316735469,-15.70823635171077
P0,2,F4,0.015625,-16.027326301211762,-15.095133910152342
P0,2,F4,0.01953125,-16.404583905450444,-14.385743832859808
P0,2,F4,0.0234375,-16.869311926340615,-13.658121655534632
P0,2,F4,0.02734375,-17.379854329299448,-12.97061640410254
P0,2,F4,0.03125,-17.865497014406198,-12.317118787128235
P0,2,F4,0.03515625,-18.256116086773943,-11.626822704346992
P0,2,F4,0.0390625,-18.510743015982694,-10.802088985865964
P0,2,F4,0.04296875,-18.629986776345262,-9.7682323204945725
P0,2,F4,0.046875,-18.650217251299456,-8.5103874807160338
P0,2,F4,0.05078125,-18.627361516672153,-7.0856480292287767
P0,2,F4,0.0546875,-18.618607859345751,-5.6081139555832173
P0,2,F4,0.05859375,-18.666630584907931,-4.2099378652003168
P0,2,F4,0.0625,-18.78973418839108,-2.9912696642351797
P0,2,F4,0.06640625,-18.981119610267818,-1.9822848798207211
P0,2,F4,0.0703125,-19.217348270897105,-1.1380336008769483
P0,2,F4,0.07421875,-19.471712730943352,-0.36946127127003692
P0,2,F4,0.078125,-19.726540612441276,0.40649298925387356
P0,2,F4,0.08203125,-19.97961856375634,1.2252388625479291
P0,2,F4,0.0859375,-20.242557289725362,2.0634433205091192
P0,2,F4,0.08984375,-20.532901137082447,2.8623644719559813
P0,2,F4,0.09375,-20.865171637287119,3.5683745431952723
P0,2,F4,0.09765625,-21.244936522709366,4.1631246671062705
P0,2,F4,0.1015625,-21.6653491783456,4.665621018172871
P0,2,F4,0.10546875,-22.104231986121441,5.1114987073787681
P0,2,F4,0.109375,-22.523931473301261,5.5295293900380251
P0,2,F4,0.11328125,-22.878631895634999,5.9296093367864273
P0,2,F4,0.1171875,-23.12924497694442,6.30201709185528
P0,2,F4,0.12109375,-23.259711371234726,6.623178176054715
P0,2,F4,0.125,-23.287713906755123,6.8694068989549173
P0,2,F4,0.12890625,-23.266363253917696,7.0421695457866491
P0,2,F4,0.1328125,-23.276325185432295,7.1979022040735074
P0,2,F4,0.13671875,-23.408700289946133,7.4621403197984044
P0,2,F4,0.140625,-23.739094854649124,8.0057433400081273
P0,2,F4,0.14453125,-24.293690898778806,8.9715044929309364
P0,2,F4,0.1484375,-25.010811517529703,10.358386277511624
P0,2,F4,0.15234375,-25.709908161303353,11.901341102681695
P0,2,F4,0.15625,-26.091656092401184,13.020631653407001
P0,2,F4,0.16015625,-25.794467853724342,12.91965899679974
P0,2,F4,0.1640625,-24.510087399502567,10.84722099170439
P0,2,F4,0.16796875,-22.119543860660045,6.4277416608760056
P0,2,F4,0.171875,-18.782377206499191,-0.11083789863169002
P0,2,F4,0.17578125,-14.927825246751629,-7.938117503064948
P0,2,F4,0.1796875,-11.146186158598983,-15.849764523958918
P0,2,F4,0.18359375,-8.0190863624067656,-22.624005076790102
P0,2,F4,0.1875,-5.943945900444672,-27.381178569867188
P0,2,F4,0.19140625,-5.0174084058986193,-29.822014943019465
P0,2,F4,0.1953125,-5.0339392828389249,-30.247573232319489
P0,2,F4,0.19921875,-5.6030152147437393,-29.359096580824009
P0,2,F4,0.203125,-6.3201161282273075,-27.951938607629067
P0,2,F4,0.20703125,-6.904876627332289,-26.654154110444104
P0,2,F4,0.2109375,-7.2559777428508232,-25.801290064992784
P0,2,F4,0.21484375,-7.4240295971067187,-25.450954834426039
P0,2,F4,0.21875,-7.5345384069082826,-25.481197220983084
P0,2,F4,0.22265625,-7.700101299609047,-25.701158311693245
P0,2,F4,0.2265625,-7.9552549813678013,-25.924313759226628
P0,2,F4,0.23046875,-8.2354875188934216,-25.995541763220679
P0,2,F4,0.234375,-8.4061444955780882,-25.796377273028181
P0,2,F4,0.23828125,-8.3303802444903639,-25.259437077567917
P0,2,F4,0.2421875,-7.9518676542802504,-24.40601118741489
P0,2,F4,0.24609375,-7.3599962351182171,-23.394976519481702
P0,2,F4,0.25,-6.8038646507641198,-22.547592144273949
P0,2,F4,0.25390625,-6.631293662598063,-22.301610455138292
P0,2,F4,0.2578125,-7.1575003698213751,-23.067755664915055
P0,2,F4,0.26171875,-8.5107269888323405,-25.023648736923239
P0,2,F4,0.265625,-10.534563604322081,-27.956291384491863
P0,2,F4,0.26953125,-12.816492980205085,-31.281037116684079
P0,2,F4,0.2734375,-14.846733622427395,-34.268888353462835
P0,2,F4,0.27734375,-16.225743550986476,-36.359879848433572
P0,2,F4,0.28125,-16.803795614015378,-37.370501222471162
P0,2,F4,0.28515625,-16.687934917334694,-37.488199206263175
P0,2,F4,0.2890625,-16.142550877892074,-37.097106781948931
P0,2,F4,0.29296875,-15.461199456815912,-36.564824981863737
P0,2,F4,0.296875,-14.873636054915211,-36.104792336187217
P0,2,F4,0.30078125,-14.507600893572722,-35.759003231179221
P0,2,F4,0.3046875,-14.392127967116007,-35.47303094682605
P0,2,F4,0.30859375,-14.482341337059243,-35.192864105420149
P0,2,F4,0.3125,-14.693070304034954,-34.919138559785281
P0,2,F4,0.31640625,-14.933463808646344,-34.698259584109863
P0,2,F4,0.3203125,-15.133319086307708,-34.573565027539303
P0,2,F4,0.32421875,-15.252515155883152,-34.534041077321547
P0,2,F4,0.328125,-15.273591555780165,-34.489343230633295
P0,2,F4,0.33203125,-15.189173396443001,-34.288760015643149
P0,2,F4,0.3359375,-15.001196208528096,-33.790490750596668
P0,2,F4,0.33984375,-14.742060801311128,-32.964766633537074
P0,2,F4,0.34375,-14.510063069958735,-31.984902886835545
P0,2,F4,0.34765625,-14.491813998395111,-31.247754475981839
P0,2,F4,0.3515625,-14.937788697626292,-31.282990718079731
P0,2,F4,0.35546875,-16.075487619008101,-32.553991750676161
P0,2,F4,0.359375,-17.98592720308045,-35.214201129019159
P0,2,F4,0.36328125,-20.511167019618494,-38.943740987902508
P0,2,F4,0.3671875,-23.266382475627541,-42.996890016496742
P0,2,F4,0.37109375,-25.775921854209319,-46.485660719528504
P0,2,F4,0.375,-27.667441179912061,-48.755756911695727
P0,2,F4,0.37890625,-28.813652172000371,-49.63206794351948
P0,2,F4,0.3828125,-29.348095893082796,-49.407305176625222
P0,2,F4,0.38671875,-29.563183712506724,-48.623851125329487
P0,2,F4,0.390625,-29.759967237162364,-47.802481916218184
P0,2,F4,0.39453125,-30.12846344295744,-47.256325493496206
P0,2,F4,0.3984375,-30.704082303446125,-47.048209021862085
P0,2,F4,0.40234375,-31.398184355326151,-47.06693952929335
P0,2,F4,0.40625,-32.0687452642875,-47.148245885731754
P0,2,F4,0.41015625,-32.593230611036297,-47.164037721629455
P0,2,F4,0.4140625,-32.91940323567394,-47.043268957035586
P0,2,F4,0.41796875,-33.083269109854868,-46.740767326223789
P0,2,F4,0.421875,-33.190474771360989,-46.203523786156921
P0,2,F4,0.42578125,-33.363250503075363,-45.381149459349558
P0,2,F4,0.4296875,-33.665198991057444,-44.294949479305586
P0,2,F4,0.43359375,-34.030753458928331,-43.135326199879309
P0,2,F4,0.4375,-34.237614631274759,-42.319220374041549
P0,2,F4,0.44140625,-33.956258703872386,-42.431432016659592
P0,2,F4,0.4453125,-32.880738770390039,-44.017907898385687
P0,2,F4,0.44921875,-30.894562460490722,-47.292690106995131
P0,2,F4,0.453125,-28.182028063040082,-51.914413340690579
P0,2,F4,0.45703125,-25.200477100410481,-57.000240061184471
P0,2,F4,0.4609375,-22.503242120467792,-61.423857336137353
P0,2,F4,0.46484375,-20.505326346449198,-64.254368806964862
P0,2,F4,0.46875,-19.327035334231002,-65.094688629406733
P0,2,F4,0.47265625,-18.79249733400566,-64.160440280776371
P0,2,F4,0.4765625,-18.555282070592124,-62.114502496843208
P0,2,F4,0.48046875,-18.259884708152242,-59.785855317606661
P0,2,F4,0.484375,-17.65807610112239,-57.901078751606292
P0,2,F4,0.48828125,-16.652949762592073,-56.894989263409755
P0,2,F4,0.4921875,-15.292067128847481,-56.811935263023749
P0,2,F4,0.49609375,-13.742737053115299,-57.292493099223961
P0,2,F4,0.5,-12.260040857676005,-57.652820174718599
P0,2,F4,0.50390625,-11.132383497791489,-57.072595165584218
P0,2,F4,0.5078125,-10.589680482407401,-54.880050724835314
P0,2,F4,0.51171875,-10.690795379772572,-50.855723670743572
P0,2,F4,0.515625,-11.24712310773015,-45.410525487269474
P0,2,F4,0.51953125,-11.848659166194341,-39.500558530238216
P0,2,F4,0.5234375,-12.00904909686078,-34.267692398454045
P0,2,F4,0.52734375,-11.361901903431367,-30.578981847265318
P0,2,F4,0.53125,-9.7965451378193027,-28.72028636389911
P0,2,F4,0.53515625,-7.462587100144157,-28.391478022233773
P0,2,F4,0.5390625,-4.6598359109725713,-28.95049846140526
P0,2,F4,0.54296875,-1.6899523894991813,-29.730834545433868
P0,2,F4,0.546875,1.2526340989903355,-30.274267356896004
P0,2,F4,0.55078125,4.1125162131554935,-30.414595546719667
P0,2,F4,0.5546875,6.9365489545638548,-30.231760719083113
P0,2,F4,0.55859375,9.8058138455351429,-29.934426116636157
P0,2,F4,0.5625,12.775398012319187,-29.732648032190859
P0,2,F4,0.56640625,15.844140471118489,-29.745454061656865
P0,2,F4,0.5703125,18.955327987569568,-29.959426835612572
P0,2,F4,0.57421875,22.016034185067124,-30.231339279062471
P0,2,F4,0.578125,24.923226592085399,-30.328423240344748
P0,2,F4,0.58203125,27.594842685365581,-30.013573919828154
P0,2,F4,0.5859375,30.009988196389852,-29.176206093631784
P0,2,F4,0.58984375,32.252575617709248,-27.96963596898911
P0,2,F4,0.59375,34.532358957959985,-26.873306493096017
P0,2,F4,0.59765625,37.147805970401002,-26.599141632921349
P0,2,F4,0.6015625,40.375756040541852,-27.826391517080083
P0,2,F4,0.60546875,44.321694333247216,-30.857542050020658
P0,2,F4,0.609375,48.813167891719488,-35.379990249769968
P0,2,F4,0.61328125,53.421961960348341,-40.511609596175333
P0,2,F4,0.6171875,57.631050996395871,-45.156679808616126
P0,2,F4,0.62109375,61.058276047700957,-48.482354919190719
P0,2,F4,0.625,63.601940802595152,-50.230273823373359
P0,2,F4,0.62890625,65.432378412438169,-50.70232268745621
P0,2,F4,0.6328125,66.861314910892943,-50.489715545096253
P0,2,F4,0.63671875,68.184340703136968,-50.15204539692192
P0,2,F4,0.640625,69.578742348789376,-50.021336540927727
P0,2,F4,0.64453125,71.083890999401433,-50.181941282233055
P0,2,F4,0.6484375,72.642102106406725,-50.570800333014283
P0,2,F4,0.65234375,74.159182181170024,-51.102652013890136
P0,2,F4,0.65625,75.553153681427546,-51.741935668501341
P0,2,F4,0.66015625,76.778913553573702,-52.494604371407867
P0,2,F4,0.6640625,77.83006510301,-53.352270519387581
P0,2,F4,0.66796875,78.724338798531292,-54.250490757407839
P0,2,F4,0.671875,79.481975471750047,-55.080655047867495
P0,2,F4,0.67578125,80.109770896911741,-55.745135728357916
P0,2,F4,0.6796875,80.602700830738186,-56.214204485543142
P0,2,F4,0.68359375,80.965295408679623,-56.549010503971274
P0,2,F4,0.6875,81.238445097085204,-56.880076296679277
P0,2,F4,0.69140625,81.505540822747889,-57.35160929340875
P0,2,F4,0.6953125,81.858404172409095,-58.050171578494052
P0,2,F4,0.69921875,82.330191628438001,-58.93749769164144
P0,2,F4,0.703125,82.832901491546608,-59.809599278543367
P0,2,F4,0.70703125,83.147977605828018,-60.309798883362966
P0,2,F4,0.7109375,82.998386564540283,-60.022817339023035
P0,2,F4,0.71484375,82.186599770777974,-58.650452769885042
P0,2,F4,0.71875,80.733849882704831,-56.205685765526077
P0,2,F4,0.72265625,78.92843684259077,-53.09522488638207
P0,2,F4,0.7265625,77.219158720617344,-49.975302313896776
P0,2,F4,0.73046875,75.988166847248934,-47.416188939146743
P0,2,F4,0.734375,75.347036154780383,-45.60034263579783
P0,2,F4,0.73828125,75.106496142739701,-44.294965725724644
P0,2,F4,0.7421875,74.936078584092371,-43.112117051941439
P0,2,F4,0.74609375,74.577495988571798,-41.821058266388647
P0,2,F4,0.75,73.958977481997508,-40.47147897593495
P0,2,F4,0.75390625,73.171633344402835,-39.292248103945873
P0,2,F4,0.7578125,72.374442504393443,-38.50262106183208
P0,2,F4,0.76171875,71.706976737943819,-38.180479875729532
P0,2,F4,0.765625,71.244407002750961,-38.243117992162645
P0,2,F4,0.76953125,70.991432104856415,-38.5132274393996
P0,2,F4,0.7734375,70.899997835597731,-38.807478305495451
P0,2,F4,0.77734375,70.897803885571022,-38.997333321640873
P0,2,F4,0.78125,70.917722122553911,-39.029357488742249
P0,2,F4,0.78515625,70.919378120460053,-38.920018244676506
P0,2,F4,0.7890625,70.896307645931714,-38.738876774636658
P0,2,F4,0.79296875,70.86712432128482,-38.580847736085239
P0,2,F4,0.796875,70.855300776738275,-38.528665354710135
SLOW30,1,Fz,-0.19921875,-1.3180072820160749,0.98985591655269156
SLOW30,1,Fz,-0.1953125,-1.2046819472428532,0.18847278233765996
SLOW30,1,Fz,-0.19140625,-1.0584445234694753,-0.60344448927271588
SLOW30,1,Fz,-0.1875,-0.89105221595295425,-1.2329387976475161
SLOW30,1,Fz,-0.18359375,-0.70479012219509529,-1.5570355265656264
SLOW30,1,Fz,-0.1796875,-0.49390923460350067,-1.4956969340510173
SLOW30,1,Fz,-0.17578125,-0.25806000565996501,-1.0756745778040162
SLOW30,1,Fz,-0.171875,-0.017920573582551336,-0.43229302910524081
SLOW30,1,Fz,-0.16796875,0.18176921488169517,0.23701187200622967
SLOW30,1,Fz,-0.1640625,0.28905098874497015,0.74501508466189637
SLOW30,1,Fz,-0.16015625,0.27303392351711642,0.9787942163616894
SLOW30,1,Fz,-0.15625,0.14393754749971502,0.92817335217239805
SLOW30,1,Fz,-0.15234375,-0.051775141350186904,0.67052443066148026
SLOW30,1,Fz,-0.1484375,-0.26012640456902103,0.32694715346756204
SLOW30,1,Fz,-0.14453125,-0.45086053057632947,0.016037412813813157
SLOW30,1,Fz,-0.140625,-0.62642448044512078,-0.17720472608157434
SLOW30,1,Fz,-0.13671875,-0.80380782546152685,-0.21583527939384795
SLOW30,1,Fz,-0.1328125,-0.98828658091823973,-0.1130385421583906
SLOW30,1,Fz,-0.12890625,-1.1617378691515436,0.078659300991976044
SLOW30,1,Fz,-0.125,-1.2909555052818056,0.29278160841536871
SLOW30,1,Fz,-0.12109375,-1.343842707995015,0.48215975531150979
SLOW30,1,Fz,-0.1171875,-1.2990710672385928,0.64340215772849751
SLOW30,1,Fz,-0.11328125,-1.1453092829927682,0.81563964202808714
SLOW30,1,Fz,-0.109375,-0.87733388787846134,1.0497709542002074
SLOW30,1,Fz,-0.10546875,-0.49873044725462695,1.3650354358387298
SLOW30,1,Fz,-0.1015625,-0.032946097839325394,1.7225153565349554
SLOW30,1,Fz,-0.09765625,0.46690569135692556,2.0362598282541535
SLOW30,1,Fz,-0.09375,0.92279621665799838,2.2162986213750488
SLOW30,1,Fz,-0.08984375,1.2551572825471813,2.2148539310316018
SLOW30,1,Fz,-0.0859375,1.4137503518880949,2.0453456519617754
SLOW30,1,Fz,-0.08203125,1.3973513966806657,1.7646412486290644
SLOW30,1,Fz,-0.078125,1.251059970591661,1.4368832792409034
SLOW30,1,Fz,-0.07421875,1.0459293960840632,1.1073233089991419
SLOW30,1,Fz,-0.0703125,0.85503195357534645,0.79684896291411556
SLOW30,1,Fz,-0.06640625,0.73561327115677544,0.50519156134793453
SLOW30,1,Fz,-0.0625,0.71726932069027227,0.21157416025394815
SLOW30,1,Fz,-0.05859375,0.79445009635359964,-0.12003917027215716
SLOW30,1,Fz,-0.0546875,0.92747629976439128,-0.51776342108882467
SLOW30,1,Fz,-0.05078125,1.0564271894471271,-0.96590852125546989
SLOW30,1,Fz,-0.046875,1.1228000425763522,-1.3852792523396906
SLOW30,1,Fz,-0.04296875,1.0874403768258245,-1.6578406958461813
SLOW30,1,Fz,-0.0390625,0.9386250122868276,-1.6920395747583101
SLOW30,1,Fz,-0.03515625,0.69278479937141602,-1.4882495761712051
SLOW30,1,Fz,-0.03125,0.3911846204130337,-1.1565534639586987
SLOW30,1,Fz,-0.02734375,0.091482895599546504,-0.86991705323400992
SLOW30,1,Fz,-0.0234375,-0.14734122684913065,-0.77971628046185049
SLOW30,1,Fz,-0.01953125,-0.28358991491197566,-0.94362604740593914
SLOW30,1,Fz,-0.015625,-0.30829429632761107,-1.3049590151990957
SLOW30,1,Fz,-0.01171875,-0.25053564711175957,-1.7301553362446265
SLOW30,1,Fz,-0.0078125,-0.16711230818152412,-2.0793511903033828
SLOW30,1,Fz,-0.00390625,-0.11638073145342365,-2.2714564854724513
SLOW30,1,Fz,0,-0.12696185793821668,-2.3142347281139433
SLOW30,1,Fz,0.00390625,-0.17992679195619588,-2.2904709321381596
SLOW30,1,Fz,0.0078125,-0.21664575543590237,-2.3102392816373216
SLOW30,1,Fz,0.01171875,-0.16642431194167373,-2.4515541261920055
SLOW30,1,Fz,0.015625,0.024410647519707895,-2.71493963573357
SLOW30,1,Fz,0.01953125,0.37554548190324477,-3.0114452147539241
SLOW30,1,Fz,0.0234375,0.86644048746952129,-3.1959261408788433
SLOW30,1,Fz,0.02734375,1.429641864384199,-3.1505784620588297
SLOW30,1,Fz,0.03125,1.9369583307298854,-2.9028756016552135
SLOW30,1,Fz,0.03515625,2.1894775718464441,-2.7206747156045212
SLOW30,1,Fz,0.0390625,1.9399802060756592,-3.0986437997364624
SLOW30,1,Fz,0.04296875,0.97149538737457308,-4.5828075816078329
SLOW30,1,Fz,0.046875,-0.78285457983160134,-7.4797597717065765
SLOW30,1,Fz,0.05078125,-3.1450291214983217,-11.606344721759534
SLOW30,1,Fz,0.0546875,-5.7040259220695315,-16.262493278377587
SLOW30,1,Fz,0.05859375,-7.9600337427593324,-20.494656063483923
SLOW30,1,Fz,0.0625,-9.5287385524112338,-23.516763623601648
SLOW30,1,Fz,0.06640625,-10.283695752082785,-25.03584471350684
SLOW30,1,Fz,0.0703125,-10.362456936739102,-25.301984792796606
SLOW30,1,Fz,0.07421875,-10.057690886871317,-24.896080275020743
SLOW30,1,Fz,0.078125,-9.672705193260871,-24.418132340406466
SLOW30,1,Fz,0.08203125,-9.4137843924681999,-24.251564623711356
SLOW30,1,Fz,0.0859375,-9.350804684688736,-24.486723999757309
SLOW30,1,Fz,0.08984375,-9.4397865969669095,-24.981852510447421
SLOW30,1,Fz,0.09375,-9.5811918724166123,-25.490040373702211
SLOW30,1,Fz,0.09765625,-9.6835970579602275,-25.786453830020413
SLOW30,1,Fz,0.1015625,-9.7076908842194136,-25.755432881131924
SLOW30,1,Fz,0.10546875,-9.6767391331173069,-25.420223570290457
SLOW30,1,Fz,0.109375,-9.6544052427876217,-24.917424304176471
SLOW30,1,Fz,0.11328125,-9.7045998581652171,-24.432829156699569
SLOW30,1,Fz,0.1171875,-9.854770807283991,-24.124339574350351
SLOW30,1,Fz,0.12109375,-10.080442815021295,-24.062362694207462
SLOW30,1,Fz,0.125,-10.316926673470164,-24.213447158042108
SLOW30,1,Fz,0.12890625,-10.490038094356716,-24.472069323026638
SLOW30,1,Fz,0.1328125,-10.548786859462169,-24.718092179796891
SLOW30,1,Fz,0.13671875,-10.484306499865168,-24.865416277180959
SLOW30,1,Fz,0.140625,-10.329546721743782,-24.880234733609328
SLOW30,1,Fz,0.14453125,-10.145439643232667,-24.771928738785341
SLOW30,1,Fz,0.1484375,-10.002155302801487,-24.574468836273873
SLOW30,1,Fz,0.15234375,-9.9583298715373569,-24.332214274763768
SLOW30,1,Fz,0.15625,-10.037768247656855,-24.092123053037486
SLOW30,1,Fz,0.16015625,-10.209913509040431,-23.899877518755932
SLOW30,1,Fz,0.1640625,-10.389016154257531,-23.799955530094994
SLOW30,1,Fz,0.16796875,-10.462980145270116,-23.838298316010615
SLOW30,1,Fz,0.171875,-10.34453383907144,-24.06026588699908
SLOW30,1,Fz,0.17578125,-10.018540631795119,-24.496731228040225
SLOW30,1,Fz,0.1796875,-9.5566536376617179,-25.140962845106792
SLOW30,1,Fz,0.18359375,-9.0885898572893797,-25.929153376663297
SLOW30,1,Fz,0.1875,-8.7452500796387955,-26.73938394660804
SLOW30,1,Fz,0.19140625,-8.6037962527115983,-27.416579940904771
SLOW30,1,Fz,0.1953125,-8.6602893817211921,-27.817672274845336
SLOW30,1,Fz,0.19921875,-8.8387126583308699,-27.858641389988136
SLOW30,1,Fz,0.203125,-9.0287469483257841,-27.543856362200923
SLOW30,1,Fz,0.20703125,-9.135218333444195,-26.970955971836002
SLOW30,1,Fz,0.2109375,-9.119634267709877,-26.317953712175964
SLOW30,1,Fz,0.21484375,-9.0174093865109164,-25.817154637058579
SLOW30,1,Fz,0.21875,-8.9225496651815153,-25.708256921577902
SLOW30,1,Fz,0.22265625,-8.9434830320750311,-26.164986074115578
SLOW30,1,Fz,0.2265625,-9.1478680059251509,-27.21580690427016
SLOW30,1,Fz,0.23046875,-9.5263139931386398,-28.707418768739686
SLOW30,1,Fz,0.234375,-10.003129022445428,-30.355250662962625
SLOW30,1,Fz,0.23828125,-10.492814575938514,-31.87099546186105
SLOW30,1,Fz,0.2421875,-10.955639650138156,-33.083338746347977
SLOW30,1,Fz,0.24609375,-11.396858456493435,-33.961031688687498
SLOW30,1,Fz,0.25,-11.816736453468536,-34.554892406196622
SLOW30,1,Fz,0.25390625,-12.18673831799172,-34.976848428820063
SLOW30,1,Fz,0.2578125,-12.495777064924241,-35.459605485708117
SLOW30,1,Fz,0.26171875,-12.804609649379541,-36.364135123985385
SLOW30,1,Fz,0.265625,-13.21775523719886,-38.001530903182427
SLOW30,1,Fz,0.26953125,-13.784523390532001,-40.367023310240128
SLOW30,1,Fz,0.2734375,-14.434856821233476,-43.044046351811602
SLOW30,1,Fz,0.27734375,-15.015360751179294,-45.396232059788517
SLOW30,1,Fz,0.28125,-15.382111690451708,-46.900371041113772
SLOW30,1,Fz,0.28515625,-15.467605647881822,-47.383768488271095
SLOW30,1,Fz,0.2890625,-15.287761869184095,-47.050225853395943
SLOW30,1,Fz,0.29296875,-14.910451806920967,-46.335035679451352
SLOW30,1,Fz,0.296875,-14.419015871378353,-45.698566729426453
SLOW30,1,Fz,0.30078125,-13.887223872124354,-45.455475528937114
SLOW30,1,Fz,0.3046875,-13.366674411217035,-45.693061488464252
SLOW30,1,Fz,0.30859375,-12.884231543254392,-46.2893373993181
SLOW30,1,Fz,0.3125,-12.448746203694579,-47.00601435808823
SLOW30,1,Fz,0.31640625,-12.064501891938818,-47.606810253202212
SLOW30,1,Fz,0.3203125,-11.743343663301015,-47.947323621183962
SLOW30,1,Fz,0.32421875,-11.505525499438876,-48.005070722005343
SLOW30,1,Fz,0.328125,-11.366652870896997,-47.854045983776118
SLOW30,1,Fz,0.33203125,-11.320506588038295,-47.612332746391722
SLOW30,1,Fz,0.3359375,-11.333290864035972,-47.391863921827962
SLOW30,1,Fz,0.33984375,-11.356841297251632,-47.266492549214561
SLOW30,1,Fz,0.34375,-11.35300054104912,-47.262255532988121
SLOW30,1,Fz,0.34765625,-11.312995786460874,-47.36551788112952
SLOW30,1,Fz,0.3515625,-11.260966168842199,-47.539719351081622
SLOW30,1,Fz,0.35546875,-11.242432059436936,-47.741822331614827
SLOW30,1,Fz,0.359375,-11.305129881670197,-47.934070367675105
SLOW30,1,Fz,0.36328125,-11.479233465665766,-48.08894274101182
SLOW30,1,Fz,0.3671875,-11.763351391350362,-48.185520192617005
SLOW30,1,Fz,0.37109375,-12.124392669200365,-48.201421855654225
SLOW30,1,Fz,0.375,-12.515983603772629,-48.112704527745301
SLOW30,1,Fz,0.37890625,-12.906905582133732,-47.909584901218537
SLOW30,1,Fz,0.3828125,-13.298774169887732,-47.61767804555037
SLOW30,1,Fz,0.38671875,-13.717043174916071,-47.303673341451727
SLOW30,1,Fz,0.390625,-14.181129256955812,-47.05586539226536
SLOW30,1,Fz,0.39453125,-14.678131047725792,-46.951197143682919
SLOW30,1,Fz,0.3984375,-15.161806491029644,-47.028205760259269
SLOW30,1,Fz,0.40234375,-15.577388919475103,-47.275142357474294
SLOW30,1,Fz,0.40625,-15.894120162887518,-47.631725335010756
SLOW30,1,Fz,0.41015625,-16.125645611362359,-48.003928435576569
SLOW30,1,Fz,0.4140625,-16.328739674599849,-48.294090392911848
SLOW30,1,Fz,0.41796875,-16.581084752303056,-48.439129950762819
SLOW30,1,Fz,0.421875,-16.946090318877321,-48.435794902907737
SLOW30,1,Fz,0.42578125,-17.439654620054142,-48.335752601984012
SLOW30,1,Fz,0.4296875,-18.016678696338339,-48.216395586171757
SLOW30,1,Fz,0.43359375,-18.586869028696711,-48.149804162992183
SLOW30,1,Fz,0.4375,-19.051888906578903,-48.184917942732397
SLOW30,1,Fz,0.44140625,-19.342639972946436,-48.340812319211665
SLOW30,1,Fz,0.4453125,-19.438111109072072,-48.604062304401985
SLOW30,1,Fz,0.44921875,-19.362677456720071,-48.930181459564196
SLOW30,1,Fz,0.453125,-19.171997526373481,-49.253262740990976
SLOW30,1,Fz,0.45703125,-18.937890911287312,-49.503292998345955
SLOW30,1,Fz,0.4609375,-18.733434010360728,-49.623234886838468
SLOW30,1,Fz,0.46484375,-18.613657482869034,-49.576681717840167
SLOW30,1,Fz,0.46875,-18.592112026517448,-49.346447739045573
SLOW30,1,Fz,0.47265625,-18.624026153526636,-48.937723058931311
SLOW30,1,Fz,0.4765625,-18.611556574287746,-48.397069730439554
SLOW30,1,Fz,0.48046875,-18.439246515034149,-47.832446156625949
SLOW30,1,Fz,0.484375,-18.031087468137262,-47.395615782955538
SLOW30,1,Fz,0.48828125,-17.404594320294873,-47.203660489516544
SLOW30,1,Fz,0.4921875,-16.693079991482012,-47.228708045504511
SLOW30,1,Fz,0.49609375,-16.119110218790244,-47.228630371036196
SLOW30,1,Fz,0.5,-15.923986955285315,-46.786694199323904
SLOW30,1,Fz,0.50390625,-16.278546870752983,-45.474876695361615
SLOW30,1,Fz,0.5078125,-17.211908764639706,-43.078324538181342
SLOW30,1,Fz,0.51171875,-18.594845933941542,-39.752667394953605
SLOW30,1,Fz,0.515625,-20.19508919617666,-35.990723732073178
SLOW30,1,Fz,0.51953125,-21.775748648319837,-32.3958740303921
SLOW30,1,Fz,0.5234375,-23.167683765520728,-29.419343561579598
SLOW30,1,Fz,0.52734375,-24.27159228014996,-27.24195272457716
SLOW30,1,Fz,0.53125,-25.022888130460757,-25.830324686181402
SLOW30,1,Fz,0.53515625,-25.383548937427612,-25.057941948914234
SLOW30,1,Fz,0.5390625,-25.37123579782585,-24.790708810862093
SLOW30,1,Fz,0.54296875,-25.078606733410432,-24.916612878710421
SLOW30,1,Fz,0.546875,-24.64631316335365,-25.338848789892189
SLOW30,1,Fz,0.55078125,-24.204163002669102,-25.955016413524866
SLOW30,1,Fz,0.5546875,-23.823746046687887,-26.645808372213565
SLOW30,1,Fz,0.55859375,-23.510940090024413,-27.288985204754443
SLOW30,1,Fz,0.5625,-23.232003226705029,-27.791581948078878
SLOW30,1,Fz,0.56640625,-22.947275800715321,-28.115097516311273
SLOW30,1,Fz,0.5703125,-22.633409986120412,-28.275153095370438
SLOW30,1,Fz,0.57421875,-22.291351100090409,-28.32104389077827
SLOW30,1,Fz,0.578125,-21.94408684616312,-28.314593417193468
SLOW30,1,Fz,0.58203125,-21.625935259800201,-28.318803232753641
SLOW30,1,Fz,0.5859375,-21.364682914764849,-28.390782240775675
SLOW30,1,Fz,0.58984375,-21.16282199272257,-28.571474820299912
SLOW30,1,Fz,0.59375,-20.988642253860775,-28.875270112699766
SLOW30,1,Fz,0.59765625,-20.785381940607934,-29.287336652351915
SLOW30,1,Fz,0.6015625,-20.496423641886391,-29.769387224176178
SLOW30,1,Fz,0.60546875,-20.093321199470722,-30.269244270171868
SLOW30,1,Fz,0.609375,-19.590627043114786,-30.733977213644412
SLOW30,1,Fz,0.61328125,-19.039958106962668,-31.128496464886215
SLOW30,1,Fz,0.6171875,-18.508008138603621,-31.452542856004126
SLOW30,1,Fz,0.62109375,-18.049963157488936,-31.741324380443491
SLOW30,1,Fz,0.625,-17.689270147144075,-32.04302378858187
SLOW30,1,Fz,0.62890625,-17.410450655507624,-32.38510709479722
SLOW30,1,Fz,0.6328125,-17.166086598582577,-32.752534551321411
SLOW30,1,Fz,0.63671875,-16.893871806175952,-33.092750644069213
SLOW30,1,Fz,0.640625,-16.537283605802465,-33.34232059194774
SLOW30,1,Fz,0.64453125,-16.064531995198202,-33.457556739153389
SLOW30,1,Fz,0.6484375,-15.481598427494131,-33.434031319270723
SLOW30,1,Fz,0.65234375,-14.833939562063332,-33.308384584892032
SLOW30,1,Fz,0.65625,-14.191510197610439,-33.143284497896246
SLOW30,1,Fz,0.66015625,-13.619046025964789,-33.003079171187373
SLOW30,1,Fz,0.6640625,-13.146220576582385,-32.930431484510244
SLOW30,1,Fz,0.66796875,-12.75824266665748,-32.930991750046701
SLOW30,1,Fz,0.671875,-12.415946255124476,-32.970835900032171
SLOW30,1,Fz,0.67578125,-12.091401028020003,-32.99158106201061
SLOW30,1,Fz,0.6796875,-11.791592515343627,-32.940530366980546
SLOW30,1,Fz,0.68359375,-11.552780973880431,-32.798686309867058
SLOW30,1,Fz,0.6875,-11.412137544612728,-32.587515866051589
SLOW30,1,Fz,0.69140625,-11.379205265162199,-32.353530442044701
SLOW30,1,Fz,0.6953125,-11.426571487704784,-32.147553619417458
SLOW30,1,Fz,0.69921875,-11.503267913712586,-32.013008118559256
SLOW30,1,Fz,0.703125,-11.558893713975371,-31.982205742252088
SLOW30,1,Fz,0.70703125,-11.560744006102585,-32.072641705604049
SLOW30,1,Fz,0.7109375,-11.493257627379096,-32.281859661152652
SLOW30,1,Fz,0.71484375,-11.3445846043121,-32.586021057167478
SLOW30,1,Fz,0.71875,-11.097392712626144,-32.945177222947621
SLOW30,1,Fz,0.72265625,-10.737631341163359,-33.314592267660089
SLOW30,1,Fz,0.7265625,-10.275968948727529,-33.661902815797234
SLOW30,1,Fz,0.73046875,-9.7599878243036926,-33.986608875601391
SLOW30,1,Fz,0.734375,-9.2600217399600062,-34.327977128291948
SLOW30,1,Fz,0.73828125,-8.8353456265706001,-34.745381902192157
SLOW30,1,Fz,0.7421875,-8.5069011701250865,-35.274974797125473
SLOW30,1,Fz,0.74609375,-8.2578894641754861,-35.89356733003811
SLOW30,1,Fz,0.75,-8.0587118198637455,-36.523583921066098
SLOW30,1,Fz,0.75390625,-7.8923057405585464,-37.082745390780246
SLOW30,1,Fz,0.7578125,-7.7594045614554554,-37.545054486472097
SLOW30,1,Fz,0.76171875,-7.665178134181506,-37.968424821495105
SLOW30,1,Fz,0.765625,-7.6054222342989704,-38.465957684210728
SLOW30,1,Fz,0.76953125,-7.5665269570074365,-39.135200371742975
SLOW30,1,Fz,0.7734375,-7.5370488618083389,-39.990440821848267
SLOW30,1,Fz,0.77734375,-7.518416307846949,-40.947491257490825
SLOW30,1,Fz,0.78125,-7.525258367601583,-41.878197699697175
SLOW30,1,Fz,0.78515625,-7.5754053910217944,-42.699864394038926
SLOW30,1,Fz,0.7890625,-7.6774493703370599,-43.433894263792965
SLOW30,1,Fz,0.79296875,-7.825618539038893,-44.187076782702974
SLOW30,1,Fz,0.796875,-8.0064284435990096,-45.066414539097316
SLOW30,1,F3,-0.19921875,-1.0817795838915061,2.6207400630638564
SLOW30,1,F3,-0.1953125,-1.0887155911987254,1.8674338435592461
SLOW30,1,F3,-0.19140625,-1.0884343429654493,1.2132524967417502
SLOW30,1,F3,-0.1875,-1.0747350425511983,0.76843637316228941
SLOW30,1,F3,-0.18359375,-1.0323720924128772,0.62019899704290815
SLOW30,1,F3,-0.1796875,-0.93966444252725667,0.79350396842454096
SLOW30,1,F3,-0.17578125,-0.78507041401612565,1.2243885071692124
SLOW30,1,F3,-0.171875,-0.58990532671331286,1.7680431646796875
SLOW30,1,F3,-0.16796875,-0.41361754383777272,2.2449482749607603
SLOW30,1,F3,-0.1640625,-0.32689633221384734,2.5060637405804318
SLOW30,1,F3,-0.16015625,-0.36709729758243076,2.4851109437971415
SLOW30,1,F3,-0.15625,-0.51046735666869247,2.2120890678183613
SLOW30,1,F3,-0.15234375,-0.68555461575444754,1.7861364967438937
SLOW30,1,F3,-0.1484375,-0.81958119184516565,1.3287771534347219
SLOW30,1,F3,-0.14453125,-0.88245359868826478,0.94216360071557603
SLOW30,1,F3,-0.140625,-0.8961260025172153,0.68508728461999346
SLOW30,1,F3,-0.13671875,-0.90747642798575079,0.56783243078734491
SLOW30,1,F3,-0.1328125,-0.95103974976762529,0.56294259972120164
SLOW30,1,F3,-0.12890625,-1.0287902418920916,0.6287377978031905
SLOW30,1,F3,-0.125,-1.1132381912555733,0.73753489379295623
SLOW30,1,F3,-0.12109375,-1.1621748352138774,0.89257978488800604
SLOW30,1,F3,-0.1171875,-1.1324239146390573,1.1202552060796886
SLOW30,1,F3,-0.11328125,-0.98860867182153767,1.4406832205328794
SLOW30,1,F3,-0.109375,-0.70877660342939086,1.8358018938996483
SLOW30,1,F3,-0.10546875,-0.28968322649519967,2.2361132829926631
SLOW30,1,F3,-0.1015625,0.24620128138404151,2.5357215536772122
SLOW30,1,F3,-0.09765625,0.84338584135579431,2.6287260514771882
SLOW30,1,F3,-0.09375,1.4135406738830913,2.449288125970174
SLOW30,1,F3,-0.08984375,1.8526150900370497,1.9979269368624606
SLOW30,1,F3,-0.0859375,2.0744649313175798,1.3437396885534865
SLOW30,1,F3,-0.08203125,2.0456915977354138,0.60229045829773131
SLOW30,1,F3,-0.078125,1.8016865061234821,-0.099534188826951642
SLOW30,1,F3,-0.07421875,1.4346724931516621,-0.6566951496713993
SLOW30,1,F3,-0.0703125,1.0603295602468197,-1.0120603503807928
SLOW30,1,F3,-0.06640625,0.77811994084688463,-1.1768099966788585
SLOW30,1,F3,-0.0625,0.64045367365321515,-1.2359253249941538
SLOW30,1,F3,-0.05859375,0.64239190615495334,-1.319911837333043
SLOW30,1,F3,-0.0546875,0.73608349817494823,-1.539724514733984
SLOW30,1,F3,-0.05078125,0.85999649472998618,-1.9159094072573517
SLOW30,1,F3,-0.046875,0.96229871947377277,-2.352931304907905
SLOW30,1,F3,-0.04296875,1.0055593774898912,-2.6890580589466104
SLOW30,1,F3,-0.0390625,0.96081585475664932,-2.7980829959295672
SLOW30,1,F3,-0.03515625,0.80887991423893602,-2.6755680424693078
SLOW30,1,F3,-0.03125,0.55443734867030581,-2.4506053995905321
SLOW30,1,F3,-0.02734375,0.23992945919156328,-2.3172235279509019
SLOW30,1,F3,-0.0234375,-0.057556341518223086,-2.4313520918656417
SLOW30,1,F3,-0.01953125,-0.25068818410149685,-2.8342789463017679
SLOW30,1,F3,-0.015625,-0.27714570940919681,-3.440935577336993
SLOW30,1,F3,-0.01171875,-0.12788799923293492,-4.0914046973737097
SLOW30,1,F3,-0.0078125,0.14811584054852256,-4.6311678860256809
SLOW30,1,F3,-0.00390625,0.46829086898189387,-4.9773686032753659
SLOW30,1,F3,0,0.75752463888171362,-5.1442767601094417
SLOW30,1,F3,0.00390625,0.98092612339429652,-5.2250462940322393
SLOW30,1,F3,0.0078125,1.1491644057106378,-5.3455064579779199
SLOW30,1,F3,0.01171875,1.2974642515411956,-5.6144443825536587
SLOW30,1,F3,0.015625,1.4556636142652319,-6.0890587644066905
SLOW30,1,F3,0.01953125,1.6281009414951981,-6.7577575642718255
SLOW30,1,F3,0.0234375,1.7930212141910649,-7.535766176510232
SLOW30,1,F3,0.02734375,1.9192215027506743,-8.2810986462882834
SLOW30,1,F3,0.03125,1.9873659151900511,-8.8426701134044876
SLOW30,1,F3,0.03515625,2.0011835729959371,-9.1264370915637798
SLOW30,1,F3,0.0390625,1.9823758327230196,-9.1381971730209237
SLOW30,1,F3,0.04296875,1.9551061464323249,-8.9736699079766069
SLOW30,1,F3,0.046875,1.9319192587417866,-8.7660913958658835
SLOW30,1,F3,0.05078125,1.9097856323358857,-8.6266741700925351
SLOW30,1,F3,0.0546875,1.876463391970647,-8.6092014699295696
SLOW30,1,F3,0.05859375,1.8207759150735865,-8.7102331632380974
SLOW30,1,F3,0.0625,1.7400517357955032,-8.8957856159062878
SLOW30,1,F3,0.06640625,1.6417757154851884,-9.1331668606584699
SLOW30,1,F3,0.0703125,1.5397744944151457,-9.407782066469359
SLOW30,1,F3,0.07421875,1.4463964921751276,-9.7185344689045436
SLOW30,1,F3,0.078125,1.3639138485096756,-10.062368194354821
SLOW30,1,F3,0.08203125,1.2817050774254062,-10.422814532706258
SLOW30,1,F3,0.0859375,1.1851032281351976,-10.766660303744077
SLOW30,1,F3,0.08984375,1.0727067947832598,-11.04526576806774
SLOW30,1,F3,0.09375,0.96764430547541957,-11.202814766952674
SLOW30,1,F3,0.09765625,0.90799137256098472,-11.196987948966592
SLOW30,1,F3,0.1015625,0.91785610187543876,-11.025646497501622
SLOW30,1,F3,0.10546875,0.98071871270915878,-10.740672613241353
SLOW30,1,F3,0.109375,1.0392499299947251,-10.434434191712256
SLOW30,1,F3,0.11328125,1.0255854878567718,-10.201796860293399
SLOW30,1,F3,0.1171875,0.90087143621599264,-10.098393397136791
SLOW30,1,F3,0.12109375,0.6760694086289103,-10.12237170405135
SLOW30,1,F3,0.125,0.40309236758442601,-10.231842697475271
SLOW30,1,F3,0.12890625,0.1487044127626902,-10.38083672054662
SLOW30,1,F3,0.1328125,-0.028936483276674974,-10.542085893437918
SLOW30,1,F3,0.13671875,-0.092534229064102469,-10.701985547623329
SLOW30,1,F3,0.140625,-0.031896850960329015,-10.841346314493567
SLOW30,1,F3,0.14453125,0.12914839040457293,-10.925790264542385
SLOW30,1,F3,0.1484375,0.32903361809312903,-10.917007548152007
SLOW30,1,F3,0.15234375,0.48119962226748125,-10.795911255315861
SLOW30,1,F3,0.15625,0.50985007391656367,-10.578809737273755
SLOW30,1,F3,0.16015625,0.3934345643885,-10.31697478398242
SLOW30,1,F3,0.1640625,0.18552421617815584,-10.087554249355783
SLOW30,1,F3,0.16796875,-0.0068132433526071345,-9.9862469573794712
SLOW30,1,F3,0.171875,-0.078243978320789775,-10.116226558094738
SLOW30,1,F3,0.17578125,0.018007703775829054,-10.558871588525619
SLOW30,1,F3,0.1796875,0.24451373536895193,-11.326621442069856
SLOW30,1,F3,0.18359375,0.49789427713867829,-12.322238435490942
SLOW30,1,F3,0.1875,0.65797899938013371,-13.339140636809969
SLOW30,1,F3,0.19140625,0.64036954369593779,-14.122859939381488
SLOW30,1,F3,0.1953125,0.42796938862395928,-14.475823805303108
SLOW30,1,F3,0.19921875,0.071306960294363897,-14.349494723326085
SLOW30,1,F3,0.203125,-0.33727949245443911,-13.865372687561319
SLOW30,1,F3,0.20703125,-0.70035647737203455,-13.250625800263068
SLOW30,1,F3,0.2109375,-0.94550244820857143,-12.731291373869173
SLOW30,1,F3,0.21484375,-1.0380786260162145,-12.447138078094703
SLOW30,1,F3,0.21875,-0.97777147154431709,-12.424362207097355
SLOW30,1,F3,0.22265625,-0.78833393683204278,-12.599636700909947
SLOW30,1,F3,0.2265625,-0.50980806532085809,-12.868439040260959
SLOW30,1,F3,0.23046875,-0.19637631555466806,-13.133272550674175
SLOW30,1,F3,0.234375,0.084346779046311937,-13.335197693870331
SLOW30,1,F3,0.23828125,0.25907849295606189,-13.459189024062866
SLOW30,1,F3,0.2421875,0.26934916548515631,-13.516543201535288
SLOW30,1,F3,0.24609375,0.10045487673962894,-13.522774552092564
SLOW30,1,F3,0.25,-0.19579264716153899,-13.490558046796153
SLOW30,1,F3,0.25390625,-0.50257244322745542,-13.438590867790248
SLOW30,1,F3,0.2578125,-0.67389787943803947,-13.398696627083112
SLOW30,1,F3,0.26171875,-0.59589388912616581,-13.406246067096939
SLOW30,1,F3,0.265625,-0.24399870750357033,-13.477931278126253
SLOW30,1,F3,0.26953125,0.29881035519926291,-13.594687645114401
SLOW30,1,F3,0.2734375,0.87858837307577176,-13.704102948416576
SLOW30,1,F3,0.27734375,1.3441850715849131,-13.742349574192257
SLOW30,1,F3,0.28125,1.6159599006786398,-13.664796396282323
SLOW30,1,F3,0.28515625,1.7103261498787696,-13.472479392584987
SLOW30,1,F3,0.2890625,1.7110539754270802,-13.223371481306311
SLOW30,1,F3,0.29296875,1.7125794375332641,-13.020670503593593
SLOW30,1,F3,0.296875,1.7733054874663554,-12.97862889237015
SLOW30,1,F3,0.30078125,1.9019810966617294,-13.17794771482466
SLOW30,1,F3,0.3046875,2.073696278253303,-13.628705936565606
SLOW30,1,F3,0.30859375,2.2548173963722258,-14.255406705677329
SLOW30,1,F3,0.3125,2.4178324216059228,-14.911627224866532
SLOW30,1,F3,0.31640625,2.541829876812248,-15.424670104146546
SLOW30,1,F3,0.3203125,2.6082320498651872,-15.659934808064506
SLOW30,1,F3,0.32421875,2.6033335088748593,-15.580894260333793
SLOW30,1,F3,0.328125,2.5292328887923867,-15.27338494602977
SLOW30,1,F3,0.33203125,2.4131664891286935,-14.912876520114683
SLOW30,1,F3,0.3359375,2.3032185907722633,-14.682946951448921
SLOW30,1,F3,0.33984375,2.248530891839152,-14.68798316032106
SLOW30,1,F3,0.34375,2.2752002398069324,-14.912865778802315
SLOW30,1,F3,0.34765625,2.3721778158529134,-15.251027508645105
SLOW30,1,F3,0.3515625,2.4934862620607658,-15.574634181262086
SLOW30,1,F3,0.35546875,2.5747381296646283,-15.798464185090809
SLOW30,1,F3,0.359375,2.5588600054168804,-15.904880544670274
SLOW30,1,F3,0.36328125,2.4227364782798695,-15.927871195996797
SLOW30,1,F3,0.3671875,2.1907411012720361,-15.914334156867129
SLOW30,1,F3,0.37109375,1.9214003904287753,-15.887176014769466
SLOW30,1,F3,0.375,1.6684616567089967,-15.832802225103993
SLOW30,1,F3,0.37890625,1.4405552769488259,-15.722042903496575
SLOW30,1,F3,0.3828125,1.1922675092545525,-15.548795606574163
SLOW30,1,F3,0.38671875,0.85873508652359609,-15.35421071956063
SLOW30,1,F3,0.390625,0.40973254859560493,-15.216128456096261
SLOW30,1,F3,0.39453125,-0.11917747043973614,-15.214046534060405
SLOW30,1,F3,0.3984375,-0.64331279286524934,-15.396279743068618
SLOW30,1,F3,0.40234375,-1.0808712396634941,-15.763177696614399
SLOW30,1,F3,0.40625,-1.4037748352086443,-16.262104231191866
SLOW30,1,F3,0.41015625,-1.6566273620324559,-16.792916925331351
SLOW30,1,F3,0.4140625,-1.9360849508074938,-17.233301989568563
SLOW30,1,F3,0.41796875,-2.3428888833138166,-17.482497174725466
SLOW30,1,F3,0.421875,-2.9290912303788907,-17.499442626592604
SLOW30,1,F3,0.42578125,-3.6656567667125741,-17.311945146210604
SLOW30,1,F3,0.4296875,-4.4482391667052266,-16.998483673564035
SLOW30,1,F3,0.43359375,-5.1396406460751214,-16.661085517590671
SLOW30,1,F3,0.4375,-5.6261686855590947,-16.40112425707937
SLOW30,1,F3,0.44140625,-5.8580559076407885,-16.298319415150893
SLOW30,1,F3,0.4453125,-5.8570458891817374,-16.393035583205254
SLOW30,1,F3,0.44921875,-5.6955481859483239,-16.676695807085636
SLOW30,1,F3,0.453125,-5.4639910599532104,-17.094933222416934
SLOW30,1,F3,0.45703125,-5.2405698740459883,-17.564252550621564
SLOW30,1,F3,0.4609375,-5.0699538125840302,-17.99679657309705
SLOW30,1,F3,0.46484375,-4.954090955025003,-18.319797833170057
SLOW30,1,F3,0.46875,-4.8577549931933008,-18.477977220328114
SLOW30,1,F3,0.47265625,-4.7287144314697063,-18.426126512702588
SLOW30,1,F3,0.4765625,-4.5262955599018824,-18.13438257991815
SLOW30,1,F3,0.48046875,-4.2456184162128556,-17.614398894233567
SLOW30,1,F3,0.484375,-3.9237412018800191,-16.944142518137539
SLOW30,1,F3,0.48828125,-3.6224416480151871,-16.260886016115929
SLOW30,1,F3,0.4921875,-3.3961258174054869,-15.716119702550131
SLOW30,1,F3,0.49609375,-3.2631994255697609,-15.414370521647939
SLOW30,1,F3,0.5,-3.1991279805939858,-15.365379668186776
SLOW30,1,F3,0.50390625,-3.1575198927542014,-15.471078248694678
SLOW30,1,F3,0.5078125,-3.1058419546442648,-15.559853487966622
SLOW30,1,F3,0.51171875,-3.0488671423897542,-15.466031753750141
SLOW30,1,F3,0.515625,-3.0206686323018221,-15.121911290326292
SLOW30,1,F3,0.51953125,-3.0510909459092588,-14.6026059167489
SLOW30,1,F3,0.5234375,-3.1326327755072807,-14.081951933865561
SLOW30,1,F3,0.52734375,-3.2127220121026854,-13.724959649721727
SLOW30,1,F3,0.53125,-3.2189200354818563,-13.598494627210698
SLOW30,1,F3,0.53515625,-3.1028388570553078,-13.665466948317819
SLOW30,1,F3,0.5390625,-2.8733981554313259,-13.853250431328792
SLOW30,1,F3,0.54296875,-2.5936196853089633,-14.128303036005061
SLOW30,1,F3,0.546875,-2.341025501707088,-14.515420539952167
SLOW30,1,F3,0.55078125,-2.160939788902799,-15.054711486935611
SLOW30,1,F3,0.5546875,-2.0466485616096919,-15.73962466862017
SLOW30,1,F3,0.55859375,-1.9553097444783556,-16.487640021277912
SLOW30,1,F3,0.5625,-1.8393507370368054,-17.163820882411002
SLOW30,1,F3,0.56640625,-1.667730155467356,-17.637557359820093
SLOW30,1,F3,0.5703125,-1.4296277407863083,-17.835602525727765
SLOW30,1,F3,0.57421875,-1.1308908922265326,-17.76740441387242
SLOW30,1,F3,0.578125,-0.79382322775439729,-17.521495925256836
SLOW30,1,F3,0.58203125,-0.4591789863182294,-17.239758313276639
SLOW30,1,F3,0.5859375,-0.1805275009750833,-17.072319811549125
SLOW30,1,F3,0.58984375,-0.0039748257325591396,-17.122148416447523
SLOW30,1,F3,0.59375,0.060529662727250688,-17.405919020341834
SLOW30,1,F3,0.59765625,0.056929757530715719,-17.857471663310555
SLOW30,1,F3,0.6015625,0.072405306689610427,-18.369867992483606
SLOW30,1,F3,0.60546875,0.20043580710069442,-18.84386145926587
SLOW30,1,F3,0.609375,0.49914679964489839,-19.216330145695707
SLOW30,1,F3,0.61328125,0.96795769830015743,-19.467374609075705
SLOW30,1,F3,0.6171875,1.5516423985850532,-19.616423608915824
SLOW30,1,F3,0.62109375,2.1662646847329361,-19.711037908747123
SLOW30,1,F3,0.625,2.7336807375642951,-19.805853671582845
SLOW30,1,F3,0.62890625,3.2096789811160722,-19.935071575178497
SLOW30,1,F3,0.6328125,3.5946314063826286,-20.092168548504201
SLOW30,1,F3,0.63671875,3.9242759851077089,-20.229498490346277
SLOW30,1,F3,0.640625,4.247641175230628,-20.27741406748531
SLOW30,1,F3,0.64453125,4.6034478986160678,-20.172444306709043
SLOW30,1,F3,0.6484375,5.0044204975011635,-19.883542267062811
SLOW30,1,F3,0.65234375,5.4346038791111448,-19.427249996862606
SLOW30,1,F3,0.65625,5.8609079145850735,-18.865019842797587
SLOW30,1,F3,0.66015625,6.2547656859629086,-18.283326230775756
SLOW30,1,F3,0.6640625,6.61158035473116,-17.765090503223735
SLOW30,1,F3,0.66796875,6.951758571637316,-17.362890046560739
SLOW30,1,F3,0.671875,7.297843610992496,-17.084145325640108
SLOW30,1,F3,0.67578125,7.6435981738321264,-16.896776459478222
SLOW30,1,F3,0.6796875,7.94241276836732,-16.753124298324444
SLOW30,1,F3,0.68359375,8.1294977727677509,-16.615364765588115
SLOW30,1,F3,0.6875,8.1648617236943366,-16.46566163341307
SLOW30,1,F3,0.69140625,8.0666356959400787,-16.300895699660757
SLOW30,1,F3,0.6953125,7.910764108491108,-16.124904765408456
SLOW30,1,F3,0.69921875,7.7965122857736633,-15.947316046782587
SLOW30,1,F3,0.703125,7.8002935222294267,-15.785768202092465
SLOW30,1,F3,0.70703125,7.9473990998093162,-15.662969261732391
SLOW30,1,F3,0.7109375,8.2165134976197738,-15.595324103211171
SLOW30,1,F3,0.71484375,8.5666671993071297,-15.578236631268396
SLOW30,1,F3,0.71875,8.9623308256867116,-15.578644494016691
SLOW30,1,F3,0.72265625,9.3802984872394397,-15.546804395110712
SLOW30,1,F3,0.7265625,9.8012877622552015,-15.452376403321853
SLOW30,1,F3,0.73046875,10.201373382507589,-15.32919877397927
SLOW30,1,F3,0.734375,10.554752932538994,-15.290682027151458
SLOW30,1,F3,0.73828125,10.84568073134345,-15.483674172138578
SLOW30,1,F3,0.7421875,11.076719012287331,-15.995460827151156
SLOW30,1,F3,0.74609375,11.262873118831571,-16.779414958222226
SLOW30,1,F3,0.75,11.415792760862523,-17.663888151674897
SLOW30,1,F3,0.75390625,11.534717194221184,-18.448204222071674
SLOW30,1,F3,0.7578125,11.615273346788777,-19.022255484602827
SLOW30,1,F3,0.76171875,11.666583921798384,-19.42820959647463
SLOW30,1,F3,0.765625,11.715033254426597,-19.822247839508918
SLOW30,1,F3,0.76953125,11.785796368833214,-20.360032430766125
SLOW30,1,F3,0.7734375,11.877322764428065,-21.082208583480174
SLOW30,1,F3,0.77734375,11.952671437764939,-21.881113593343901
SLOW30,1,F3,0.78125,11.957515405026687,-22.57508395484475
SLOW30,1,F3,0.78515625,11.853590210701178,-23.037631843772736
SLOW30,1,F3,0.7890625,11.645526328449918,-23.288720601908757
SLOW30,1,F3,0.79296875,11.383250851798284,-23.485815882325156
SLOW30,1,F3,0.796875,11.137075432959293,-23.825185491248504
SLOW30,1,F4,-0.19921875,-3.3358973835266399,-0.24028931806998921
SLOW30,1,F4,-0.1953125,-3.1488379837238041,-0.94653120084722708
SLOW30,1,F4,-0.19140625,-2.9485946705381139,-1.5620333604879129
SLOW30,1,F4,-0.1875,-2.7347753785298146,-1.9857654734313164
SLOW30,1,F4,-0.18359375,-2.4937525406676899,-2.122064807174266
SLOW30,1,F4,-0.1796875,-2.2098637614237417,-1.9203640456952031
SLOW30,1,F4,-0.17578125,-1.8850503605353928,-1.4098681849485606
SLOW30,1,F4,-0.171875,-1.5538818911829275,-0.70464453328166754
SLOW30,1,F4,-0.16796875,-1.2798929805138501,0.027741467471703363
SLOW30,1,F4,-0.1640625,-1.1301792938159698,0.62194557263726247
SLOW30,1,F4,-0.16015625,-1.1402760258458395,0.97042754493675687
SLOW30,1,F4,-0.15625,-1.2905066741832603,1.0517045039227275
SLOW30,1,F4,-0.15234375,-1.5120143335391747,0.91835153527386515
SLOW30,1,F4,-0.1484375,-1.7230670158101491,0.65950831460068593
SLOW30,1,F4,-0.14453125,-1.8724200161496045,0.36779556628640586
SLOW30,1,F4,-0.140625,-1.9581718340972709,0.12518918741703633
SLOW30,1,F4,-0.13671875,-2.0103444074221688,-0.0034466271416837557
SLOW30,1,F4,-0.1328125,-2.0558007948421162,0.015896995161123417
SLOW30,1,F4,-0.12890625,-2.0946932944048733,0.17016037363752501
SLOW30,1,F4,-0.125,-2.1014195898441193,0.40000527459874902
SLOW30,1,F4,-0.12109375,-2.0410725343645115,0.62752580569375693
SLOW30,1,F4,-0.1171875,-1.8852953670788679,0.79726167875975862
SLOW30,1,F4,-0.11328125,-1.6197167059386883,0.9032049947895453
SLOW30,1,F4,-0.109375,-1.2457803500436586,0.98396071350014935
SLOW30,1,F4,-0.10546875,-0.78275125382869981,1.0922806234495628
SLOW30,1,F4,-0.1015625,-0.27059961432050905,1.2613483045906191
SLOW30,1,F4,-0.09765625,0.23222860833353554,1.4863751005685018
SLOW30,1,F4,-0.09375,0.66245788802246053,1.7265737174982507
SLOW30,1,F4,-0.08984375,0.97447265244386139,1.9228714327185115
SLOW30,1,F4,-0.0859375,1.1584640962529582,2.0212180861742985
SLOW30,1,F4,-0.08203125,1.2408334012685449,1.9899793692098424
SLOW30,1,F4,-0.078125,1.2667142239202676,1.8275273737546609
SLOW30,1,F4,-0.07421875,1.279157672204664,1.5645422714068768
SLOW30,1,F4,-0.0703125,1.309725346761242,1.2596972457605604
SLOW30,1,F4,-0.06640625,1.3802447254017283,0.97723565659286615
SLOW30,1,F4,-0.0625,1.5034373109427615,0.74647612338421832
SLOW30,1,F4,-0.05859375,1.6763240760240201,0.53228328129408942
SLOW30,1,F4,-0.0546875,1.8753590959362936,0.25319672458413134
SLOW30,1,F4,-0.05078125,2.0641851284771966,-0.15169589055055854
SLOW30,1,F4,-0.046875,2.2111264824426384,-0.65512601355342448
SLOW30,1,F4,-0.04296875,2.3032643643873398,-1.1323407399065006
SLOW30,1,F4,-0.0390625,2.3488360221131268,-1.426931937882514
SLOW30,1,F4,-0.03515625,2.3704951260155291,-1.4493656932600592
SLOW30,1,F4,-0.03125,2.3961035951462009,-1.2397996802820264
SLOW30,1,F4,-0.02734375,2.4507564925096292,-0.95315190749347978
SLOW30,1,F4,-0.0234375,2.5503338578669195,-0.77887768798012935
SLOW30,1,F4,-0.01953125,2.6963099256606951,-0.8477992594254653
SLOW30,1,F4,-0.015625,2.8726887036342559,-1.1788410218406922
SLOW30,1,F4,-0.01171875,3.0478930623263452,-1.686357290114906
SLOW30,1,F4,-0.0078125,3.1859148410187434,-2.2305606398578037
SLOW30,1,F4,-0.00390625,3.2673293570610298,-2.6764295264489881
SLOW30,1,F4,0,3.3103580080831696,-2.9363199831024609
SLOW30,1,F4,0.00390625,3.374802996199239,-2.9895292808109053
SLOW30,1,F4,0.0078125,3.5393337472863475,-2.8810966559679074
SLOW30,1,F4,0.01171875,3.8617369407734321,-2.7039631347652726
SLOW30,1,F4,0.015625,4.3450189471075529,-2.5691807092982275
SLOW30,1,F4,0.01953125,4.9290318104751893,-2.5686434144723238
SLOW30,1,F4,0.0234375,5.5124472995655402,-2.7381961528901178
SLOW30,1,F4,0.02734375,5.9933557276686944,-3.0382326318699056
SLOW30,1,F4,0.03125,6.3067649191962118,-3.369575240847106
SLOW30,1,F4,0.03515625,6.4408013809964437,-3.621970473275419
SLOW30,1,F4,0.0390625,6.4291775895640129,-3.7274748105626072
SLOW30,1,F4,0.04296875,6.3318658903803096,-3.6877489031735795
SLOW30,1,F4,0.046875,6.2168028555088064,-3.5628941668722041
SLOW30,1,F4,0.05078125,6.1462101523747741,-3.4307315977799897
SLOW30,1,F4,0.0546875,6.1646735794597483,-3.339379599625218
SLOW30,1,F4,0.05859375,6.2888422720772326,-3.2817945720955031
SLOW30,1,F4,0.0625,6.504018073081907,-3.2114068429296303
SLOW30,1,F4,0.06640625,6.771529951282961,-3.0890067407249786
SLOW30,1,F4,0.0703125,7.0435474577199102,-2.9235802948597645
SLOW30,1,F4,0.07421875,7.2781540052924196,-2.7748279040294177
SLOW30,1,F4,0.078125,7.4503839413756197,-2.7193587034648772
SLOW30,1,F4,0.08203125,7.5584162197352107,-2.8074594706798122
SLOW30,1,F4,0.0859375,7.6239384253699543,-3.032273411284665
SLOW30,1,F4,0.08984375,7.6848441040328748,-3.3196186955466125
SLOW30,1,F4,0.09375,7.7804121030290654,-3.5452869728490288
SLOW30,1,F4,0.09765625,7.9331141092109227,-3.5837705797102508
SLOW30,1,F4,0.1015625,8.1344326597723047,-3.3716350116106613
SLOW30,1,F4,0.10546875,8.3424367392481678,-2.9481240914105067
SLOW30,1,F4,0.109375,8.4952205255107724,-2.4432310585390828
SLOW30,1,F4,0.11328125,8.5372554169460386,-2.0161793859839419
SLOW30,1,F4,0.1171875,8.4482590751207365,-1.7774672089029657
SLOW30,1,F4,0.12109375,8.2603361797051491,-1.7367855082554007
SLOW30,1,F4,0.125,8.0520845514187371,-1.8053894227653347
SLOW30,1,F4,0.12890625,7.9190009068409974,-1.8506230960829164
SLOW30,1,F4,0.1328125,7.9332899948055848,-1.7678635193345595
SLOW30,1,F4,0.13671875,8.1131829357312597,-1.5251065419567098
SLOW30,1,F4,0.140625,8.415740846588541,-1.158350051394283
SLOW30,1,F4,0.14453125,8.7534568045123713,-0.73320481860070785
SLOW30,1,F4,0.1484375,9.0258379383325273,-0.3074778029205909
SLOW30,1,F4,0.15234375,9.1562200009516186,0.082809643196586791
SLOW30,1,F4,0.15625,9.1240311827238791,0.4171178971360856
SLOW30,1,F4,0.16015625,8.9797953403574748,0.67884289087282568
SLOW30,1,F4,0.1640625,8.8312159750273942,0.8475289039953946
SLOW30,1,F4,0.16796875,8.8000689991562364,0.89665890716545604
SLOW30,1,F4,0.171875,8.9671074881259365,0.79948385954341639
SLOW30,1,F4,0.17578125,9.3333212684399793,0.54448355800646198
SLOW30,1,F4,0.1796875,9.8196734927816411,0.15324372958730947
SLOW30,1,F4,0.18359375,10.305343695267208,-0.31235504555166749
SLOW30,1,F4,0.1875,10.682267451154905,-0.76008931590699191
SLOW30,1,F4,0.19140625,10.897198309578538,-1.0905409273765763
SLOW30,1,F4,0.1953125,10.963445128287013,-1.2258915529932359
SLOW30,1,F4,0.19921875,10.942571790911984,-1.1356333682707795
SLOW30,1,F4,0.203125,10.910221792375612,-0.84781216892089795
SLOW30,1,F4,0.20703125,10.923980962568567,-0.43871470600619311
SLOW30,1,F4,0.2109375,11.005570946986957,-0.0069266400133312089
SLOW30,1,F4,0.21484375,11.140297983378453,0.35503157015540587
SLOW30,1,F4,0.21875,11.289715337783118,0.58317727623865068
SLOW30,1,F4,0.22265625,11.410845031359845,0.65462500674580149
SLOW30,1,F4,0.2265625,11.474738767316843,0.58447130925752511
SLOW30,1,F4,0.23046875,11.476990726238018,0.40710765589989961
SLOW30,1,F4,0.234375,11.435245244007142,0.15802494159096447
SLOW30,1,F4,0.23828125,11.375849314566075,-0.12498548503265994
SLOW30,1,F4,0.2421875,11.319721498920927,-0.38566655856947563
SLOW30,1,F4,0.24609375,11.278597436598609,-0.5467664192085131
SLOW30,1,F4,0.25,11.264274263611478,-0.5410902806223632
SLOW30,1,F4,0.25390625,11.301442333911037,-0.35923504398567374
SLOW30,1,F4,0.2578125,11.429320091698093,-0.07244173542496668
SLOW30,1,F4,0.26171875,11.684593827954483,0.19548724376580573
SLOW30,1,F4,0.265625,12.074162863006066,0.33355836491890756
SLOW30,1,F4,0.26953125,12.557763282362188,0.30616503556880836
SLOW30,1,F4,0.2734375,13.056360470727245,0.17661998337462137
SLOW30,1,F4,0.27734375,13.485048916280356,0.078475481604499464
SLOW30,1,F4,0.28125,13.792888415944955,0.14782898241732134
SLOW30,1,F4,0.28515625,13.987363892200605,0.45003038791408834
SLOW30,1,F4,0.2890625,14.12954882756034,0.93891510086099217
SLOW30,1,F4,0.29296875,14.302598717675815,1.4700898231964885
SLOW30,1,F4,0.296875,14.571267208981336,1.861793447596888
SLOW30,1,F4,0.30078125,14.954066611664643,1.9752699267499931
SLOW30,1,F4,0.3046875,15.420745693237018,1.7785844924088572
SLOW30,1,F4,0.30859375,15.912534460429974,1.362523248147804
SLOW30,1,F4,0.3125,16.370006719638543,0.89761142123708737
SLOW30,1,F4,0.31640625,16.751367304763207,0.55470003552924751
SLOW30,1,F4,0.3203125,17.034836134266726,0.43570435270806129
SLOW30,1,F4,0.32421875,17.213111507161436,0.55110146455646714
SLOW30,1,F4,0.328125,17.29124505521678,0.84282163116927222
SLOW30,1,F4,0.33203125,17.289381590953287,1.2220147763367137
SLOW30,1,F4,0.3359375,17.241772787960166,1.5963243485903718
SLOW30,1,F4,0.33984375,17.18553362237315,1.8854189793684668
SLOW30,1,F4,0.34375,17.14379234699328,2.0347555691239485
SLOW30,1,F4,0.34765625,17.114579402109648,2.0293554398857694
SLOW30,1,F4,0.3515625,17.072027889969796,1.9000994301902416
SLOW30,1,F4,0.35546875,16.977481937829342,1.7155516343474275
SLOW30,1,F4,0.359375,16.794788610384529,1.5584076767195789
SLOW30,1,F4,0.36328125,16.505545157770186,1.4947205546926945
SLOW30,1,F4,0.3671875,16.11931637772193,1.5525780880101046
SLOW30,1,F4,0.37109375,15.671312524276514,1.7224840727029083
SLOW30,1,F4,0.375,15.204307400789443,1.9733237094500407
SLOW30,1,F4,0.37890625,14.744564593121982,2.2669272715614444
SLOW30,1,F4,0.3828125,14.290552821626356,2.5638360912458591
SLOW30,1,F4,0.38671875,13.825133708876148,2.8266873866429396
SLOW30,1,F4,0.390625,13.341760245056566,3.0269067334445499
SLOW30,1,F4,0.39453125,12.862531350926909,3.1508023069344162
SLOW30,1,F4,0.3984375,12.43291685956075,3.1999801407907036
SLOW30,1,F4,0.40234375,12.097141010245956,3.1899883405497604
SLOW30,1,F4,0.40625,11.871638250881944,3.1539519423436957
SLOW30,1,F4,0.41015625,11.732148254130383,3.1460213337372434
SLOW30,1,F4,0.4140625,11.619432151148704,3.2297541283939477
SLOW30,1,F4,0.41796875,11.460093942242677,3.4488035392597034
SLOW30,1,F4,0.421875,11.19464836519348,3.7999043125058289
SLOW30,1,F4,0.42578125,10.801804812856304,4.230885048363243
SLOW30,1,F4,0.4296875,10.307488781709983,4.6642301502446246
SLOW30,1,F4,0.43359375,9.7736994773304495,5.0267324467399011
SLOW30,1,F4,0.4375,9.2741411568492413,5.2685520027411448
SLOW30,1,F4,0.44140625,8.8710592172936096,5.3697516551493223
SLOW30,1,F4,0.4453125,8.6031867432685925,5.3391062262315465
SLOW30,1,F4,0.44921875,8.4830722816715696,5.2078784718929194
SLOW30,1,F4,0.453125,8.4965309285949768,5.0211500008005254
SLOW30,1,F4,0.45703125,8.6028514802744169,4.8314132834372794
SLOW30,1,F4,0.4609375,8.7423592198911724,4.6961018200544347
SLOW30,1,F4,0.46484375,8.8560974560558208,4.6749655691825165
SLOW30,1,F4,0.46875,8.911503891387472,4.8227652223851063
SLOW30,1,F4,0.47265625,8.9195751687263254,5.1758552173850907
SLOW30,1,F4,0.4765625,8.931038920027806,5.7335508496477319
SLOW30,1,F4,0.48046875,9.0100553830581482,6.441471625723123
SLOW30,1,F4,0.484375,9.1981354557677726,7.1925513333222977
SLOW30,1,F4,0.48828125,9.4900630451143613,7.8567206710711179
SLOW30,1,F4,0.4921875,9.8386883731974422,8.3302613334387274
SLOW30,1,F4,0.49609375,10.185903057079202,8.5810963805819132
SLOW30,1,F4,0.5,10.496758206614619,8.6692163622839047
SLOW30,1,F4,0.50390625,10.771138753239894,8.7310037100316009
SLOW30,1,F4,0.5078125,11.026976285155325,8.9243944798528414
SLOW30,1,F4,0.51171875,11.273376709059525,9.3491996287544481
SLOW30,1,F4,0.515625,11.498588378026566,9.98420019325361
SLOW30,1,F4,0.51953125,11.682158335342857,10.689400408041916
SLOW30,1,F4,0.5234375,11.81955547419685,11.282629048461265
SLOW30,1,F4,0.52734375,11.938275661172735,11.640632195523951
SLOW30,1,F4,0.53125,12.09078255280509,11.753798517191445
SLOW30,1,F4,0.53515625,12.326110078684923,11.703058361259217
SLOW30,1,F4,0.5390625,12.658952636457231,11.588530783085258
SLOW30,1,F4,0.54296875,13.059667235919543,11.46805876381632
SLOW30,1,F4,0.546875,13.473846558268225,11.34396675802769
SLOW30,1,F4,0.55078125,13.856624535732628,11.193587836414254
SLOW30,1,F4,0.5546875,14.196184868673804,11.008969655213797
SLOW30,1,F4,0.55859375,14.512820526956482,10.81373925642899
SLOW30,1,F4,0.5625,14.840661394534434,10.652732395088652
SLOW30,1,F4,0.56640625,15.20780588262679,10.572706489059348
SLOW30,1,F4,0.5703125,15.623617410774692,10.608802669245057
SLOW30,1,F4,0.57421875,16.07367613545221,10.774038338361224
SLOW30,1,F4,0.578125,16.522626639697538,11.045288788638041
SLOW30,1,F4,0.58203125,16.927421466374305,11.35286155591702
SLOW30,1,F4,0.5859375,17.260229713574521,11.590108537208792
SLOW30,1,F4,0.58984375,17.531659973587097,11.648041961807262
SLOW30,1,F4,0.59375,17.798300417946429,11.458123932647503
SLOW30,1,F4,0.59765625,18.143024254478341,11.019203396555646
SLOW30,1,F4,0.6015625,18.634035902152949,10.398433725144267
SLOW30,1,F4,0.60546875,19.287062161878193,9.7108190176130815
SLOW30,1,F4,0.609375,20.056100879502821,9.0834711971765891
SLOW30,1,F4,0.61328125,20.858092524391004,8.6107764181203699
SLOW30,1,F4,0.6171875,21.613935791207059,8.3173794255646314
SLOW30,1,F4,0.62109375,22.281767075764563,8.1535282508824345
SLOW30,1,F4,0.625,22.868407871589689,8.0323818054927294
SLOW30,1,F4,0.62890625,23.418874373066544,7.8873554860556467
SLOW30,1,F4,0.6328125,23.993338558803423,7.7091450922371614
SLOW30,1,F4,0.63671875,24.64350909552395,7.5385005438429928
SLOW30,1,F4,0.640625,25.396016007108877,7.4280800333065891
SLOW30,1,F4,0.64453125,26.243480429052411,7.4072015808266691
SLOW30,1,F4,0.6484375,27.142328196256877,7.4711326414729484
SLOW30,1,F4,0.65234375,28.021326862913341,7.5927733937147721
SLOW30,1,F4,0.65625,28.806298788553843,7.7425273263660657
SLOW30,1,F4,0.66015625,29.455431588150059,7.9038282001699898
SLOW30,1,F4,0.6640625,29.983826201243311,8.0802596736411516
SLOW30,1,F4,0.66796875,30.455351922124304,8.2976462883521052
SLOW30,1,F4,0.671875,30.942047132034602,8.6019777120941008
SLOW30,1,F4,0.67578125,31.477641181236578,9.0456751715257901
SLOW30,1,F4,0.6796875,32.036692619493707,9.6591283547726903
SLOW30,1,F4,0.68359375,32.550941389062828,10.423557661286473
SLOW30,1,F4,0.6875,32.949399038568444,11.269162062493812
SLOW30,1,F4,0.69140625,33.196918603120011,12.103116511805688
SLOW30,1,F4,0.6953125,33.310574843974578,12.845344496754709
SLOW30,1,F4,0.69921875,33.347639893335099,13.44570565063497
SLOW30,1,F4,0.703125,33.3752715480205,13.876862303314415
SLOW30,1,F4,0.70703125,33.442326251268717,14.11870583518257
SLOW30,1,F4,0.7109375,33.570765812582991,14.152710814550296
SLOW30,1,F4,0.71484375,33.767222394472959,13.971791554035274
SLOW30,1,F4,0.71875,34.036979901210103,13.597982336709471
SLOW30,1,F4,0.72265625,34.381801465979891,13.092468234841071
SLOW30,1,F4,0.7265625,34.783139959510493,12.542332072456336
SLOW30,1,F4,0.73046875,35.192255941227117,12.02282133017582
SLOW30,1,F4,0.734375,35.545179793382403,11.559023013861655
SLOW30,1,F4,0.73828125,35.795644848665262,11.121322719826395
SLOW30,1,F4,0.7421875,35.939308128903896,10.665034118319941
SLOW30,1,F4,0.74609375,36.008828253452435,10.183006871452843
SLOW30,1,F4,0.75,36.045606386143426,9.7228240794181282
SLOW30,1,F4,0.75390625,36.074002380642952,9.3487844885681888
SLOW30,1,F4,0.7578125,36.098218401798945,9.0782090506336104
SLOW30,1,F4,0.76171875,36.117829808611617,8.8458339178911061
SLOW30,1,F4,0.765625,36.140964615440858,8.5293904273928582
SLOW30,1,F4,0.76953125,36.180858295622798,8.0237683379617337
SLOW30,1,F4,0.7734375,36.2412956272793,7.3141680088790579
SLOW30,1,F4,0.77734375,36.306599986591557,6.494422810839211
SLOW30,1,F4,0.78125,36.345069268063391,5.7113245040969076
SLOW30,1,F4,0.78515625,36.322372364216292,5.0694636061180205
SLOW30,1,F4,0.7890625,36.215063108768391,4.5636190314842864
SLOW30,1,F4,0.79296875,36.016078795038993,4.0885862489762346
SLOW30,1,F4,0.796875,35.730431237236687,3.5197710377888427
SLOW30,2,Fz,-0.19921875,-7.4687246915040921,2.7323357836059241
SLOW30,2,Fz,-0.1953125,-7.2295025833987872,2.494947488518366
SLOW30,2,Fz,-0.19140625,-7.0258876569807747,2.2200905242912183
SLOW30,2,Fz,-0.1875,-6.8147524744580732,1.942082166205652
SLOW30,2,Fz,-0.18359375,-6.5641584857590072,1.711016671141337
SLOW30,2,Fz,-0.1796875,-6.2753643236964605,1.5694433596761677
SLOW30,2,Fz,-0.17578125,-5.9801951060229701,1.5201334816513121
SLOW30,2,Fz,-0.171875,-5.7148637430669744,1.5090002039337707
SLOW30,2,Fz,-0.16796875,-5.4903876215095941,1.4435480642765617
SLOW30,2,Fz,-0.1640625,-5.2808592267161556,1.2418684662038562
SLOW30,2,Fz,-0.16015625,-5.0362517146355792,0.88356713417442823
SLOW30,2,Fz,-0.15625,-4.7101279732079178,0.43119233196764117
SLOW30,2,Fz,-0.15234375,-4.2848126695523732,0.008491128855743213
SLOW30,2,Fz,-0.1484375,-3.7793094960598292,-0.2525174081211814
SLOW30,2,Fz,-0.14453125,-3.2363536369818302,-0.26654425675631632
SLOW30,2,Fz,-0.140625,-2.6986564037037652,-0.025839308697156671
SLOW30,2,Fz,-0.13671875,-2.1907040628785435,0.40136864468514721
SLOW30,2,Fz,-0.1328125,-1.7158983861064896,0.89705811993221829
SLOW30,2,Fz,-0.12890625,-1.2665565227456468,1.3319756073126792
SLOW30,2,Fz,-0.125,-0.83809286857748111,1.6040388222228792
SLOW30,2,Fz,-0.12109375,-0.4401943691746798,1.6626422787488517
SLOW30,2,Fz,-0.1171875,-0.099943120635824723,1.509690017840541
SLOW30,2,Fz,-0.11328125,0.14711831899642164,1.1828322326112355
SLOW30,2,Fz,-0.109375,0.27662379151184269,0.73867998531915879
SLOW30,2,Fz,-0.10546875,0.2950193928433657,0.24859293971583196
SLOW30,2,Fz,-0.1015625,0.24529406782867802,-0.2002000514595037
SLOW30,2,Fz,-0.09765625,0.19365597892560482,-0.51701416947364398
SLOW30,2,Fz,-0.09375,0.20443982419958948,-0.63925052588022546
SLOW30,2,Fz,-0.08984375,0.31549881109116551,-0.56433197606540464
SLOW30,2,Fz,-0.0859375,0.52365341533968579,-0.35605254301809713
SLOW30,2,Fz,-0.08203125,0.78562423810033355,-0.11667224720919811
SLOW30,2,Fz,-0.078125,1.0355385738287985,0.059798715470016583
SLOW30,2,Fz,-0.07421875,1.21368732750325,0.1264179432539958
SLOW30,2,Fz,-0.0703125,1.295283547688546,0.094391011141194303
SLOW30,2,Fz,-0.06640625,1.306971610875153,0.014513311733905576
SLOW30,2,Fz,-0.0625,1.3227786800482506,-0.056048432028733552
SLOW30,2,Fz,-0.05859375,1.4385155508063701,-0.082043530969374334
SLOW30,2,Fz,-0.0546875,1.7343508129652654,-0.063090351810194623
SLOW30,2,Fz,-0.05078125,2.2446369069170582,-0.03245676691365329
SLOW30,2,Fz,-0.046875,2.9514285458928624,-0.045640849124775507
SLOW30,2,Fz,-0.04296875,3.8012956538593419,-0.16045259179025262
SLOW30,2,Fz,-0.0390625,4.728395557960984,-0.41399797269247784
SLOW30,2,Fz,-0.03515625,5.6665996359462669,-0.80936082830177902
SLOW30,2,Fz,-0.03125,6.5486719415380836,-1.320378536835304
SLOW30,2,Fz,-0.02734375,7.3042640104137728,-1.9055646052890518
SLOW30,2,Fz,-0.0234375,7.868039508647044,-2.5150796545629452
SLOW30,2,Fz,-0.01953125,8.1982965964456564,-3.0908379599910774
SLOW30,2,Fz,-0.015625,8.2967597128239845,-3.5762246150697576
SLOW30,2,Fz,-0.01171875,8.2175893202357955,-3.9413158029699629
SLOW30,2,Fz,-0.0078125,8.0571564548651899,-4.2042522776829738
SLOW30,2,Fz,-0.00390625,7.9244093492742653,-4.4245491717764658
SLOW30,2,Fz,0,7.9024816333102024,-4.66733365596924
SLOW30,2,Fz,0.00390625,8.018870692694545,-4.9622873202202307
SLOW30,2,Fz,0.0078125,8.2379892811691384,-5.2841784879913565
SLOW30,2,Fz,0.01171875,8.4788621809956304,-5.5661237116868882
SLOW30,2,Fz,0.015625,8.6504918144764673,-5.7373679714528913
SLOW30,2,Fz,0.01953125,8.691645128337564,-5.7635689224264688
SLOW30,2,Fz,0.0234375,8.5991169465545561,-5.6642209807376132
SLOW30,2,Fz,0.02734375,8.4304717455271572,-5.49471954112005
SLOW30,2,Fz,0.03125,8.2782087932930608,-5.3053771784134707
SLOW30,2,Fz,0.03515625,8.2290958106778298,-5.1065948552846141
SLOW30,2,Fz,0.0390625,8.3317291844396486,-4.8628561952563869
SLOW30,2,Fz,0.04296875,8.5874105218227168,-4.5163739417525148
SLOW30,2,Fz,0.046875,8.9617322846609699,-4.0243073955587674
SLOW30,2,Fz,0.05078125,9.4041194569637092,-3.3895131326120751
SLOW30,2,Fz,0.0546875,9.8656477565471832,-2.6684905435431023
SLOW30,2,Fz,0.05859375,10.311603346122,-1.9498010276572764
SLOW30,2,Fz,0.0625,10.726556758556832,-1.3136162248353127
SLOW30,2,Fz,0.06640625,11.110377795500858,-0.79811565406824059
SLOW30,2,Fz,0.0703125,11.468085708417242,-0.39477511634002305
SLOW30,2,Fz,0.07421875,11.80030696279546,-0.07306110999285309
SLOW30,2,Fz,0.078125,12.099627689203293,0.1852951505749374
SLOW30,2,Fz,0.08203125,12.353769024791113,0.36679976290973926
SLOW30,2,Fz,0.0859375,12.553201618154304,0.43486845308166089
SLOW30,2,Fz,0.08984375,12.698826160321797,0.36140469431920508
SLOW30,2,Fz,0.09375,12.805089994208075,0.15891347901728281
SLOW30,2,Fz,0.09765625,12.897089597069819,-0.11341259928186709
SLOW30,2,Fz,0.1015625,13.004710026983123,-0.37926335058412342
SLOW30,2,Fz,0.10546875,13.157189218026248,-0.59104739792255856
SLOW30,2,Fz,0.109375,13.377400567410655,-0.75762598492100608
SLOW30,2,Fz,0.11328125,13.673498080996632,-0.93449672393616368
SLOW30,2,Fz,0.1171875,14.030013373146973,-1.1863726423794745
SLOW30,2,Fz,0.12109375,14.405436529778203,-1.5477258259000894
SLOW30,2,Fz,0.125,14.742013134693648,-2.0006643788803835
SLOW30,2,Fz,0.12890625,14.98651179505895,-2.4760326929651448
SLOW30,2,Fz,0.1328125,15.113677371605696,-2.8755005795137123
SLOW30,2,Fz,0.13671875,15.141391237162999,-3.1071723218560177
SLOW30,2,Fz,0.140625,15.129155807822352,-3.1199802870196116
SLOW30,2,Fz,0.14453125,15.158327701222976,-2.9200704544940947
SLOW30,2,Fz,0.1484375,15.301392243814934,-2.5645008714126565
SLOW30,2,Fz,0.15234375,15.594198055490192,-2.1436994975051622
SLOW30,2,Fz,0.15625,16.024304696295239,-1.7643835070857534
SLOW30,2,Fz,0.16015625,16.539798851833091,-1.5309158848334157
SLOW30,2,Fz,0.1640625,17.072066121085648,-1.5187693579682566
SLOW30,2,Fz,0.16796875,17.560260182872465,-1.7474539840322265
SLOW30,2,Fz,0.171875,17.966856850545305,-2.1714039126985227
SLOW30,2,Fz,0.17578125,18.280084113224838,-2.697403734146139
SLOW30,2,Fz,0.1796875,18.506393740587619,-3.2171887699573034
SLOW30,2,Fz,0.18359375,18.660897590578045,-3.6369314722678254
SLOW30,2,Fz,0.1875,18.762467096682979,-3.8943489072251083
SLOW30,2,Fz,0.19140625,18.833387327577761,-3.9644396138149354
SLOW30,2,Fz,0.1953125,18.89810386458521,-3.8588105674422764
SLOW30,2,Fz,0.19921875,18.978254040343757,-3.6236292055204729
SLOW30,2,Fz,0.203125,19.087615795692301,-3.3370458299417045
SLOW30,2,Fz,0.20703125,19.231225061645667,-3.0991802163055837
SLOW30,2,Fz,0.2109375,19.407966103054818,-3.0068972262299773
SLOW30,2,Fz,0.21484375,19.614023229244932,-3.1186496278060929
SLOW30,2,Fz,0.21875,19.847239701355875,-3.4295207085011619
SLOW30,2,Fz,0.22265625,20.113113274583259,-3.8746775152132926
SLOW30,2,Fz,0.2265625,20.429742690511361,-4.3609692460065865
SLOW30,2,Fz,0.23046875,20.826548206164887,-4.8092348240815497
SLOW30,2,Fz,0.234375,21.33417145484988,-5.1850923628238696
SLOW30,2,Fz,0.23828125,21.969130783111122,-5.500810802116419
SLOW30,2,Fz,0.2421875,22.72118185526643,-5.7842295800373087
SLOW30,2,Fz,0.24609375,23.55026433695209,-6.0328576775631717
SLOW30,2,Fz,0.25,24.395498058454322,-6.1872512596425722
SLOW30,2,Fz,0.25390625,25.194269237565145,-6.1475607864935995
SLOW30,2,Fz,0.2578125,25.904660840447608,-5.8261662565408017
SLOW30,2,Fz,0.26171875,26.52049519008942,-5.2053143881249255
SLOW30,2,Fz,0.265625,27.070634290758111,-4.3676233796807153
SLOW30,2,Fz,0.26953125,27.603542946968084,-3.4821174485638942
SLOW30,2,Fz,0.2734375,28.166576866421288,-2.7482597444852352
SLOW30,2,Fz,0.27734375,28.790904129626725,-2.3209942629496467
SLOW30,2,Fz,0.28125,29.488086243824743,-2.2530184682916712
SLOW30,2,Fz,0.28515625,30.255957541791034,-2.4828445891268025
SLOW30,2,Fz,0.2890625,31.084386234765201,-2.8690574971363461
SLOW30,2,Fz,0.29296875,31.952957078178578,-3.2461496681226087
SLOW30,2,Fz,0.296875,32.823215638254943,-3.4770380005235815
SLOW30,2,Fz,0.30078125,33.637522514107268,-3.4927535440649429
SLOW30,2,Fz,0.3046875,34.33427046847001,-3.3147070092192479
SLOW30,2,Fz,0.30859375,34.875807821594634,-3.0469299213687506
SLOW30,2,Fz,0.3125,35.272069670708092,-2.829817679173857
SLOW30,2,Fz,0.31640625,35.582361016508237,-2.7726151219953863
SLOW30,2,Fz,0.3203125,35.891959530449327,-2.9029813482151354
SLOW30,2,Fz,0.32421875,36.276676593642222,-3.1629537139898858
SLOW30,2,Fz,0.328125,36.773810248444988,-3.4501965414198921
SLOW30,2,Fz,0.33203125,37.371549608816863,-3.6781950487388571
SLOW30,2,Fz,0.3359375,38.018597228394121,-3.8223097833781594
SLOW30,2,Fz,0.33984375,38.646979404348826,-3.9275737287604713
SLOW30,2,Fz,0.34375,39.196351712387198,-4.0742361524017525
SLOW30,2,Fz,0.34765625,39.62970050947547,-4.3223890465323578
SLOW30,2,Fz,0.3515625,39.936986877328451,-4.6716088867501
SLOW30,2,Fz,0.35546875,40.129725291813401,-5.0599524798813533
SLOW30,2,Fz,0.359375,40.23176771480928,-5.3971440489446536
SLOW30,2,Fz,0.36328125,40.270553948822652,-5.6065662020871514
SLOW30,2,Fz,0.3671875,40.271296123152368,-5.6529894174453972
SLOW30,2,Fz,0.37109375,40.254263192401893,-5.5468963397342606
SLOW30,2,Fz,0.375,40.232629783952561,-5.3294407281250571
SLOW30,2,Fz,0.37890625,40.208475794103236,-5.0518076555834099
SLOW30,2,Fz,0.3828125,40.169499688898327,-4.7639999938973077
SLOW30,2,Fz,0.38671875,40.093212268282286,-4.5154232735383317
SLOW30,2,Fz,0.390625,39.961071387759908,-4.3544699364520056
SLOW30,2,Fz,0.39453125,39.774846793460028,-4.3166172108496355
SLOW30,2,Fz,0.3984375,39.563227718235161,-4.4081585431508614
SLOW30,2,Fz,0.40234375,39.373808906199528,-4.6009274666452242
SLOW30,2,Fz,0.40625,39.256321700031847,-4.8416352169499817
SLOW30,2,Fz,0.41015625,39.246959246886945,-5.0661712467197901
SLOW30,2,Fz,0.4140625,39.360029730689547,-5.2118130115739731
SLOW30,2,Fz,0.41796875,39.588199785475496,-5.2300995240240198
SLOW30,2,Fz,0.421875,39.909821046019822,-5.1030510986081055
SLOW30,2,Fz,0.42578125,40.300289975060721,-4.8564955685003142
SLOW30,2,Fz,0.4296875,40.743266411675265,-4.5601031536733387
SLOW30,2,Fz,0.43359375,41.237376996328315,-4.3095029821272419
SLOW30,2,Fz,0.4375,41.794997037242744,-4.195317696087983
SLOW30,2,Fz,0.44140625,42.432367754086258,-4.2705562999850812
SLOW30,2,Fz,0.4453125,43.155139134486362,-4.5294951229656775
SLOW30,2,Fz,0.44921875,43.947929116947243,-4.9072968205685754
SLOW30,2,Fz,0.453125,44.775819793608179,-5.2997136175343016
SLOW30,2,Fz,0.45703125,45.598698007010327,-5.5907943886300373
SLOW30,2,Fz,0.4609375,46.39129401184951,-5.6745775170165658
SLOW30,2,Fz,0.46484375,47.158708400022157,-5.4688211875194526
SLOW30,2,Fz,0.46875,47.939610265274496,-4.9307784421376084
SLOW30,2,Fz,0.47265625,48.794102815480215,-4.0794397094198516
SLOW30,2,Fz,0.4765625,49.779313840907477,-3.010732915373417
SLOW30,2,Fz,0.48046875,50.922963312822013,-1.8847983737498026
SLOW30,2,Fz,0.484375,52.209522369805953,-0.87888713511780026
SLOW30,2,Fz,0.48828125,53.588554552283284,-0.12374222422472059
SLOW30,2,Fz,0.4921875,55.000989396395241,0.34419359736402555
SLOW30,2,Fz,0.49609375,56.407824970316952,0.58824120022602955
SLOW30,2,Fz,0.5,57.806670294536332,0.73100839433440257
SLOW30,2,Fz,0.50390625,59.230855295090436,0.89062221678580755
SLOW30,2,Fz,0.5078125,60.734101100790369,1.128966858046887
SLOW30,2,Fz,0.51171875,62.368071328089201,1.4370259277063013
SLOW30,2,Fz,0.515625,64.16242796759866,1.7571243600743855
SLOW30,2,Fz,0.51953125,66.116517004941201,2.0210983998942709
SLOW30,2,Fz,0.5234375,68.205991806141142,2.1807804867905531
SLOW30,2,Fz,0.52734375,70.398830744284396,2.2192291346990629
SLOW30,2,Fz,0.53125,72.670765440254826,2.1448295678021196
SLOW30,2,Fz,0.53515625,75.013918524076615,1.9776837077977945
SLOW30,2,Fz,0.5390625,77.4387686888454,1.7388257034634478
SLOW30,2,Fz,0.54296875,79.970798756004783,1.4484830841610403
SLOW30,2,Fz,0.546875,82.640580447654827,1.1306683604626215
SLOW30,2,Fz,0.55078125,85.466948798590877,0.81517653939550883
SLOW30,2,Fz,0.5546875,88.43901163777933,0.53173704048984405
SLOW30,2,Fz,0.55859375,91.507545192478958,0.29923761406703875
SLOW30,2,Fz,0.5625,94.593805736857917,0.11564924655739617
SLOW30,2,Fz,0.56640625,97.614436095494057,-0.04640804982953739
SLOW30,2,Fz,0.5703125,100.51060845503231,-0.23090125200712919
SLOW30,2,Fz,0.57421875,103.2650821302561,-0.47033090027609603
SLOW30,2,Fz,0.578125,105.89728902980937,-0.74908945526621551
SLOW30,2,Fz,0.58203125,108.44117701795712,-0.988479362081506
SLOW30,2,Fz,0.5859375,110.92226514631329,-1.0772665638442049
SLOW30,2,Fz,0.58984375,113.34855934675195,-0.93599146783641629
SLOW30,2,Fz,0.59375,115.71615231478857,-0.57214888724371349
SLOW30,2,Fz,0.59765625,118.01798304406221,-0.088048084564661622
SLOW30,2,Fz,0.6015625,120.24488528185469,0.36307494775198279
SLOW30,2,Fz,0.60546875,122.37956806419641,0.64491477762635441
SLOW30,2,Fz,0.609375,124.39405216334062,0.69149525078441343
SLOW30,2,Fz,0.61328125,126.2593623193867,0.51921397788441936
SLOW30,2,Fz,0.6171875,127.96440546335558,0.19622421568202242
SLOW30,2,Fz,0.62109375,129.53018520329542,-0.20612751564516429
SLOW30,2,Fz,0.625,131.00667265637676,-0.64619632378850156
SLOW30,2,Fz,0.62890625,132.4525504159846,-1.1120252146710925
SLOW30,2,Fz,0.6328125,133.91098906789148,-1.5994410065718228
SLOW30,2,Fz,0.63671875,135.39621602336626,-2.0939137218495034
SLOW30,2,Fz,0.640625,136.89576365780533,-2.571819742858537
SLOW30,2,Fz,0.64453125,138.38180020139382,-3.0174224809402972
SLOW30,2,Fz,0.6484375,139.82149637089759,-3.4422456375332899
SLOW30,2,Fz,0.65234375,141.18201928523155,-3.8929550325792945
SLOW30,2,Fz,0.65625,142.43320750586992,-4.4356554057988262
SLOW30,2,Fz,0.66015625,143.55245668642817,-5.1156190060009692
SLOW30,2,Fz,0.6640625,144.53120980451752,-5.9154029147496772
SLOW30,2,Fz,0.66796875,145.37718674321786,-6.7479461983102738
SLOW30,2,Fz,0.671875,146.10744837422146,-7.4992936202984595
SLOW30,2,Fz,0.67578125,146.73478205042997,-8.0932239237492354
SLOW30,2,Fz,0.6796875,147.25783454718749,-8.5306544932283543
SLOW30,2,Fz,0.68359375,147.66586973185852,-8.878116800388284
SLOW30,2,Fz,0.6875,147.95824295696656,-9.2178548415304249
SLOW30,2,Fz,0.69140625,148.16353279726601,-9.595697100773009
SLOW30,2,Fz,0.6953125,148.33872771037937,-10.000958925662218
SLOW30,2,Fz,0.69921875,148.54324591859617,-10.390472560353885
SLOW30,2,Fz,0.703125,148.80500430783917,-10.737716331224931
SLOW30,2,Fz,0.70703125,149.10468516816491,-11.067401946846957
SLOW30,2,Fz,0.7109375,149.39105256464816,-11.445545107854628
SLOW30,2,Fz,0.71484375,149.61767233004943,-11.930760577289789
SLOW30,2,Fz,0.71875,149.77762022599956,-12.523071279646132
SLOW30,2,Fz,0.72265625,149.91385153213491,-13.146364577934833
SLOW30,2,Fz,0.7265625,150.09628594870057,-13.675724100580567
SLOW30,2,Fz,0.73046875,150.37727953418081,-13.994601429597594
SLOW30,2,Fz,0.734375,150.75331328363302,-14.052041651490157
SLOW30,2,Fz,0.73828125,151.15763242555406,-13.88826508574914
SLOW30,2,Fz,0.7421875,151.48645848607157,-13.612042216517096
SLOW30,2,Fz,0.74609375,151.64014342242356,-13.344004856292031
SLOW30,2,Fz,0.75,151.55778399374873,-13.163145503449016
SLOW30,2,Fz,0.75390625,151.23547302776117,-13.085622682892676
SLOW30,2,Fz,0.7578125,150.728311526092,-13.076294766064819
SLOW30,2,Fz,0.76171875,150.13753225001398,-13.075957749440988
SLOW30,2,Fz,0.765625,149.58352113781572,-13.030119046635605
SLOW30,2,Fz,0.76953125,149.1703401604781,-12.910959362302037
SLOW30,2,Fz,0.7734375,148.95450618660959,-12.724376782269161
SLOW30,2,Fz,0.77734375,148.93176019321382,-12.499113456411237
SLOW30,2,Fz,0.78125,149.04732622296717,-12.268314734066422
SLOW30,2,Fz,0.78515625,149.22326030592677,-12.059932040568327
SLOW30,2,Fz,0.7890625,149.38874536657096,-11.900282291440334
SLOW30,2,Fz,0.79296875,149.49934590371674,-11.818814908371593
SLOW30,2,Fz,0.796875,149.53840740283064,-11.842370588347762
SLOW30,2,F3,-0.19921875,-9.6864975963542346,5.1775770846182754
SLOW30,2,F3,-0.1953125,-8.6860483700909832,5.9015687372516332
SLOW30,2,F3,-0.19140625,-7.8253728072694777,6.4772615783006309
SLOW30,2,F3,-0.1875,-7.1996524286217118,6.628772089369237
SLOW30,2,F3,-0.18359375,-6.7645957581907199,6.4018075801433501
SLOW30,2,F3,-0.1796875,-6.4340995694262126,6.0136468157396941
SLOW30,2,F3,-0.17578125,-6.1449518210518104,5.6731568856104992
SLOW30,2,F3,-0.171875,-5.866671030502248,5.4560142615960032
SLOW30,2,F3,-0.16796875,-5.5796729890583485,5.2878658861986407
SLOW30,2,F3,-0.1640625,-5.2565244693903503,5.026084713899019
SLOW30,2,F3,-0.16015625,-4.8633902748958189,4.573973622311752
SLOW30,2,F3,-0.15625,-4.3765167692386804,3.9514007787740568
SLOW30,2,F3,-0.15234375,-3.7990913584716584,3.2869827520923174
SLOW30,2,F3,-0.1484375,-3.1665034240392087,2.7520090929871004
SLOW30,2,F3,-0.14453125,-2.5353193555463474,2.4844623042460272
SLOW30,2,F3,-0.140625,-1.9597366705515777,2.5411505871016846
SLOW30,2,F3,-0.13671875,-1.4669293122684897,2.8879093466497379
SLOW30,2,F3,-0.1328125,-1.0449902664108544,3.4203965376354373
SLOW30,2,F3,-0.12890625,-0.65124783062080049,4.0054851259051585
SLOW30,2,F3,-0.125,-0.23731921975472758,4.5286785365067379
SLOW30,2,F3,-0.12109375,0.22296100946881348,4.9253133716943118
SLOW30,2,F3,-0.1171875,0.71899793279512081,5.1812272753958268
SLOW30,2,F3,-0.11328125,1.2106797756876189,5.31160038361016
SLOW30,2,F3,-0.109375,1.6519740716901927,5.3402765342472893
SLOW30,2,F3,-0.10546875,2.0150278817953566,5.2932700303801532
SLOW30,2,F3,-0.1015625,2.3001505535280073,5.2015576102781411
SLOW30,2,F3,-0.09765625,2.5288676414551925,5.0991794473434835
SLOW30,2,F3,-0.09375,2.7288764291273493,5.0114384923115232
SLOW30,2,F3,-0.08984375,2.9222003596291377,4.9444744016675477
SLOW30,2,F3,-0.0859375,3.1227199822237619,4.8927306054387874
SLOW30,2,F3,-0.08203125,3.3427947894337655,4.8657039442022869
SLOW30,2,F3,-0.078125,3.6027800448593776,4.9105002164340039
SLOW30,2,F3,-0.07421875,3.9320955764476171,5.0959291517369412
SLOW30,2,F3,-0.0703125,4.3512521382198459,5.4436066602270223
SLOW30,2,F3,-0.06640625,4.8362093043917884,5.833487379506483
SLOW30,2,F3,-0.0625,5.2849422995932409,5.9472129920597911
SLOW30,2,F3,-0.05859375,5.5180168771103855,5.3150109527633775
SLOW30,2,F3,-0.0546875,5.3379688391019986,3.4894289577889799
SLOW30,2,F3,-0.05078125,4.6395555175237035,0.29155273155020556
SLOW30,2,F3,-0.046875,3.5139106661071056,-4.0026399584499366
SLOW30,2,F3,-0.04296875,2.2638702791611918,-8.681765154694995
SLOW30,2,F3,-0.0390625,1.2898499129556078,-12.865494260595678
SLOW30,2,F3,-0.03515625,0.90086822965234026,-15.882999365204181
SLOW30,2,F3,-0.03125,1.1690365608298605,-17.533246908222477
SLOW30,2,F3,-0.02734375,1.9144535766259949,-18.081082143583817
SLOW30,2,F3,-0.0234375,2.8144705890805675,-18.029634915667348
SLOW30,2,F3,-0.01953125,3.5605523302127207,-17.840326235978516
SLOW30,2,F3,-0.015625,3.9789703141101387,-17.765594808226602
SLOW30,2,F3,-0.01171875,4.0695062893862541,-17.850610212291969
SLOW30,2,F3,-0.0078125,3.9636340858183492,-18.042002542669653
SLOW30,2,F3,-0.00390625,3.8379374637317896,-18.294308949988107
SLOW30,2,F3,0,3.8297460251385336,-18.603376199695159
SLOW30,2,F3,0.00390625,3.9892950154081479,-18.971487443468551
SLOW30,2,F3,0.0078125,4.2778765186869041,-19.359038970149868
SLOW30,2,F3,0.01171875,4.6013825352059081,-19.67434897630941
SLOW30,2,F3,0.015625,4.8602856275445694,-19.813120050948221
SLOW30,2,F3,0.01953125,4.9962073591518985,-19.718563861165698
SLOW30,2,F3,0.0234375,5.0176332774156425,-19.419089955697544
SLOW30,2,F3,0.02734375,4.9940512693029699,-19.017136636248726
SLOW30,2,F3,0.03125,5.0206814828072694,-18.635425933600754
SLOW30,2,F3,0.03515625,5.1717615267648513,-18.353485718306942
SLOW30,2,F3,0.0390625,5.4683457239725772,-18.171500024672824
SLOW30,2,F3,0.04296875,5.8769953005548903,-18.019672786293707
SLOW30,2,F3,0.046875,6.3344806102187068,-17.803766834179854
SLOW30,2,F3,0.05078125,6.7796546333685095,-17.458845170835495
SLOW30,2,F3,0.0546875,7.1761451266870768,-16.981340124939713
SLOW30,2,F3,0.05859375,7.5193742156402443,-16.422937324773489
SLOW30,2,F3,0.0625,7.8290642917310933,-15.852980452484001
SLOW30,2,F3,0.06640625,8.1338075523956856,-15.317131518283372
SLOW30,2,F3,0.0703125,8.4568964964586009,-14.822713734176649
SLOW30,2,F3,0.07421875,8.8088921841089363,-14.361047797560314
SLOW30,2,F3,0.078125,9.1860725437177386,-13.947959991183273
SLOW30,2,F3,0.08203125,9.5727539795488159,-13.646597763376757
SLOW30,2,F3,0.0859375,9.9478575286998865,-13.546366530654213
SLOW30,2,F3,0.08984375,10.294670251129793,-13.705019191354777
SLOW30,2,F3,0.09375,10.60875009146301,-14.093849240740692
SLOW30,2,F3,0.09765625,10.899488033642566,-14.590483437086711
SLOW30,2,F3,0.1015625,11.185865242437064,-15.032779374304345
SLOW30,2,F3,0.10546875,11.4896499841468,-15.303235826147079
SLOW30,2,F3,0.109375,11.827958852364741,-15.390481569551959
SLOW30,2,F3,0.11328125,12.206367204762882,-15.390009761434246
SLOW30,2,F3,0.1171875,12.615041561396257,-15.446171072605795
SLOW30,2,F3,0.12109375,13.030633518430111,-15.670989803702334
SLOW30,2,F3,0.125,13.424595148845455,-16.083468249283108
SLOW30,2,F3,0.12890625,13.775067379589562,-16.597937044904739
SLOW30,2,F3,0.1328125,14.076269755978693,-17.064522202779699
SLOW30,2,F3,0.13671875,14.33934155130029,-17.340985685532168
SLOW30,2,F3,0.140625,14.582942460442471,-17.361805626795842
SLOW30,2,F3,0.14453125,14.817750766707446,-17.173837289330205
SLOW30,2,F3,0.1484375,15.032884381097315,-16.92785503181274
SLOW30,2,F3,0.15234375,15.19233764964183,-16.837785549253422
SLOW30,2,F3,0.15625,15.244193708956059,-17.127994503622556
SLOW30,2,F3,0.16015625,15.13510898031233,-17.986116899417507
SLOW30,2,F3,0.1640625,14.81638578545725,-19.536026666947627
SLOW30,2,F3,0.16796875,14.240590927424684,-21.83132015184659
SLOW30,2,F3,0.171875,13.372665677119198,-24.836709064943754
SLOW30,2,F3,0.17578125,12.235428856905186,-28.366544538029498
SLOW30,2,F3,0.1796875,10.958470292999355,-32.028656889676753
SLOW30,2,F3,0.18359375,9.7652075083196941,-35.281141574797324
SLOW30,2,F3,0.1875,8.880508947147927,-37.627602171225895
SLOW30,2,F3,0.19140625,8.4228241004871709,-38.830195504539475
SLOW30,2,F3,0.1953125,8.3614969929125031,-38.993664773460203
SLOW30,2,F3,0.19921875,8.5616161688333676,-38.486588023210665
SLOW30,2,F3,0.203125,8.8742729560361582,-37.777124496774704
SLOW30,2,F3,0.20703125,9.2092286177761533,-37.276514800071567
SLOW30,2,F3,0.2109375,9.5503724630808335,-37.23473564282957
SLOW30,2,F3,0.21484375,9.9176334843563598,-37.690744332188075
SLOW30,2,F3,0.21875,10.312667931753836,-38.474969375778649
SLOW30,2,F3,0.22265625,10.691350566313432,-39.27146347738735
SLOW30,2,F3,0.2265625,10.98607083324336,-39.739885742686319
SLOW30,2,F3,0.23046875,11.169911304240143,-39.671543435597385
SLOW30,2,F3,0.234375,11.32817699390203,-39.127182269518826
SLOW30,2,F3,0.23828125,11.691053333223207,-38.489575600186633
SLOW30,2,F3,0.2421875,12.589649015333938,-38.373001721385208
SLOW30,2,F3,0.24609375,14.328319010561408,-39.381424704676036
SLOW30,2,F3,0.25,17.017112909195205,-41.793092778997419
SLOW30,2,F3,0.25390625,20.459834448357334,-45.324908636142197
SLOW30,2,F3,0.2578125,24.196192733485272,-49.131202520997157
SLOW30,2,F3,0.26171875,27.706811942092475,-52.091307133298919
SLOW30,2,F3,0.265625,30.6507524714238,-53.287531247511694
SLOW30,2,F3,0.26953125,32.958416166191149,-52.456926740215764
SLOW30,2,F3,0.2734375,34.731598632185758,-50.171028557137035
SLOW30,2,F3,0.27734375,36.083596127379906,-47.591172967581244
SLOW30,2,F3,0.28125,37.079085525863647,-45.879960446547408
SLOW30,2,F3,0.28515625,37.78448044683828,-45.60774514043139
SLOW30,2,F3,0.2890625,38.30850194486726,-46.534137887928694
SLOW30,2,F3,0.29296875,38.755866241670375,-47.87109250680394
SLOW30,2,F3,0.296875,39.158009995362256,-48.785460206758742
SLOW30,2,F3,0.30078125,39.487217054149582,-48.811268608049787
SLOW30,2,F3,0.3046875,39.755649060468365,-48.032915363894141
SLOW30,2,F3,0.30859375,40.101333696051839,-47.067749890416479
SLOW30,2,F3,0.3125,40.785667081347313,-46.859562463393928
SLOW30,2,F3,0.31640625,42.101148601240403,-48.283076057320372
SLOW30,2,F3,0.3203125,44.222119509852782,-51.702297584933362
SLOW30,2,F3,0.32421875,47.061158606368522,-56.737221455081169
SLOW30,2,F3,0.328125,50.241879492452078,-62.37683502855667
SLOW30,2,F3,0.33203125,53.260714878523359,-67.354481608376744
SLOW30,2,F3,0.3359375,55.749058319968661,-70.596837458847645
SLOW30,2,F3,0.33984375,57.635173968144954,-71.581501008937721
SLOW30,2,F3,0.34375,59.092752116647759,-70.487388790363639
SLOW30,2,F3,0.34765625,60.351706368401821,-68.08107372076546
SLOW30,2,F3,0.3515625,61.536502290670029,-65.38242279701845
SLOW30,2,F3,0.35546875,62.631012025940947,-63.262199586064952
SLOW30,2,F3,0.359375,63.547249713233597,-62.161235987301517
SLOW30,2,F3,0.36328125,64.214076466152918,-62.04256486569016
SLOW30,2,F3,0.3671875,64.624911241865902,-62.547843567569437
SLOW30,2,F3,0.37109375,64.834749446441293,-63.232727263428949
SLOW30,2,F3,0.375,64.92615157667592,-63.756543711933823
SLOW30,2,F3,0.37890625,64.969035125456088,-63.968848335179985
SLOW30,2,F3,0.3828125,64.995878221770226,-63.903691985525924
SLOW30,2,F3,0.38671875,65.004946951666284,-63.719085171596355
SLOW30,2,F3,0.390625,64.986397267406034,-63.61168080186588
SLOW30,2,F3,0.39453125,64.949359643955518,-63.730725689171933
SLOW30,2,F3,0.3984375,64.92866302627715,-64.121176273111558
SLOW30,2,F3,0.40234375,64.9685000812769,-64.719289191055481
SLOW30,2,F3,0.40625,65.099038098300028,-65.394872969359596
SLOW30,2,F3,0.41015625,65.324063778684632,-66.008931875180366
SLOW30,2,F3,0.4140625,65.624979775249997,-66.45723456745506
SLOW30,2,F3,0.41796875,65.974004788449491,-66.689841204953538
SLOW30,2,F3,0.421875,66.347503500483555,-66.711751875611853
SLOW30,2,F3,0.42578125,66.73541257623657,-66.573470247397168
SLOW30,2,F3,0.4296875,67.146001787849002,-66.357424953566607
SLOW30,2,F3,0.43359375,67.604533667109109,-66.161656430631169
SLOW30,2,F3,0.4375,68.144421622318617,-66.079274729925416
SLOW30,2,F3,0.44140625,68.793387877087653,-66.173805769732127
SLOW30,2,F3,0.4453125,69.561466925492155,-66.456554786516591
SLOW30,2,F3,0.44921875,70.437075228608052,-66.877877210372986
SLOW30,2,F3,0.453125,71.392035579737168,-67.341327305218783
SLOW30,2,F3,0.45703125,72.391874109109665,-67.734435101273689
SLOW30,2,F3,0.4609375,73.407482603179716,-67.9562405137235
SLOW30,2,F3,0.46484375,74.426224713109249,-67.929255519831116
SLOW30,2,F3,0.46875,75.459773361401659,-67.605503655579298
SLOW30,2,F3,0.47265625,76.542099306412894,-66.982860809049455
SLOW30,2,F3,0.4765625,77.711962845551739,-66.128505292121986
SLOW30,2,F3,0.48046875,78.985755717295618,-65.184711305685227
SLOW30,2,F3,0.484375,80.339715817350964,-64.33474102515757
SLOW30,2,F3,0.48828125,81.719179831306946,-63.733080890257781
SLOW30,2,F3,0.4921875,83.074183440242422,-63.432739386776078
SLOW30,2,F3,0.49609375,84.400940438704922,-63.350867472902003
SLOW30,2,F3,0.5,85.762148732705768,-63.297834773481355
SLOW30,2,F3,0.50390625,87.266862388979902,-63.066586906740355
SLOW30,2,F3,0.5078125,89.008651085412708,-62.553654902206418
SLOW30,2,F3,0.51171875,90.985114032860906,-61.866340158433992
SLOW30,2,F3,0.515625,93.042677762033264,-61.362696171742456
SLOW30,2,F3,0.51953125,94.892304740904549,-61.578020910777781
SLOW30,2,F3,0.5234375,96.214303287106148,-63.026800606230864
SLOW30,2,F3,0.52734375,96.819546695596941,-65.938774149332886
SLOW30,2,F3,0.53125,96.785415212042693,-70.066193246325383
SLOW30,2,F3,0.53515625,96.477241611579089,-74.713297790313646
SLOW30,2,F3,0.5390625,96.424575172660795,-79.022193673567443
SLOW30,2,F3,0.54296875,97.11420926082647,-82.356382718327893
SLOW30,2,F3,0.546875,98.810482348687756,-84.529740680510116
SLOW30,2,F3,0.55078125,101.47708682953993,-85.739674645463651
SLOW30,2,F3,0.5546875,104.80074837404169,-86.279784151205433
SLOW30,2,F3,0.55859375,108.27900585485668,-86.24801222529139
SLOW30,2,F3,0.5625,111.34650808417916,-85.448390144336031
SLOW30,2,F3,0.56640625,113.532429664765,-83.547966362432916
SLOW30,2,F3,0.5703125,114.6244355124566,-80.384395275987771
SLOW30,2,F3,0.57421875,114.77188599354326,-76.213920450879002
SLOW30,2,F3,0.578125,114.44919161112766,-71.713332594862976
SLOW30,2,F3,0.58203125,114.26426079269055,-67.711149991525375
SLOW30,2,F3,0.5859375,114.70335930783932,-64.820973697187597
SLOW30,2,F3,0.58984375,115.954590581236,-63.216901254864865
SLOW30,2,F3,0.59375,117.89381116356356,-62.665421835340226
SLOW30,2,F3,0.59765625,120.20567888801943,-62.738080180239365
SLOW30,2,F3,0.6015625,122.54521491205523,-63.040942802406207
SLOW30,2,F3,0.60546875,124.65646391637281,-63.342697081444086
SLOW30,2,F3,0.609375,126.41831946877673,-63.581113486377248
SLOW30,2,F3,0.61328125,127.83240418734749,-63.796840378675597
SLOW30,2,F3,0.6171875,128.98151740293619,-64.057394785805073
SLOW30,2,F3,0.62109375,129.98010330822601,-64.409253837507606
SLOW30,2,F3,0.625,130.93056146544575,-64.863937354728165
SLOW30,2,F3,0.62890625,131.8962587538754,-65.405661902562471
SLOW30,2,F3,0.6328125,132.896286906737,-66.004693476294975
SLOW30,2,F3,0.63671875,133.91694834424032,-66.625607451767024
SLOW30,2,F3,0.640625,134.92874159628309,-67.229710436605529
SLOW30,2,F3,0.64453125,135.89984429147785,-67.780593708944792
SLOW30,2,F3,0.6484375,136.80342724324643,-68.260706673201739
SLOW30,2,F3,0.65234375,137.62048436811099,-68.691255140478006
SLOW30,2,F3,0.65625,138.34067596436688,-69.133029010467325
SLOW30,2,F3,0.66015625,138.96271001883858,-69.654638999553413
SLOW30,2,F3,0.6640625,139.49406667511818,-70.286633662962799
SLOW30,2,F3,0.66796875,139.94782727036025,-71.001192271471055
SLOW30,2,F3,0.671875,140.33480463123524,-71.737341999108835
SLOW30,2,F3,0.67578125,140.65451852833655,-72.44877667842232
SLOW30,2,F3,0.6796875,140.8940207710688,-73.132624557575056
SLOW30,2,F3,0.68359375,141.04030592992441,-73.818594988586213
SLOW30,2,F3,0.6875,141.09985813568468,-74.530944881837556
SLOW30,2,F3,0.69140625,141.10909646351337,-75.252843226196134
SLOW30,2,F3,0.6953125,141.12299949862262,-75.920246474056768
SLOW30,2,F3,0.69921875,141.18553861443357,-76.455352213179609
SLOW30,2,F3,0.703125,141.30216615183446,-76.822504249843732
SLOW30,2,F3,0.70703125,141.43608615374163,-77.06714228425875
SLOW30,2,F3,0.7109375,141.53323017522078,-77.303746473740091
SLOW30,2,F3,0.71484375,141.55972154850676,-77.654222760072926
SLOW30,2,F3,0.71875,141.52654546396207,-78.175307409875728
SLOW30,2,F3,0.72265625,141.48371153428593,-78.821529213298874
SLOW30,2,F3,0.7265625,141.4854015800818,-79.46601310669233
SLOW30,2,F3,0.73046875,141.54856397093673,-79.96588455101255
SLOW30,2,F3,0.734375,141.63483441371625,-80.23465168623801
SLOW30,2,F3,0.73828125,141.66927548449451,-80.28168554250594
SLOW30,2,F3,0.7421875,141.58089884688144,-80.19858772805992
SLOW30,2,F3,0.74609375,141.33558737540977,-80.104228877495274
SLOW30,2,F3,0.75,140.94363350582651,-80.084664844993327
SLOW30,2,F3,0.75390625,140.44673033202957,-80.161301191022787
SLOW30,2,F3,0.7578125,139.90070497764154,-80.29511655797414
SLOW30,2,F3,0.76171875,139.36449621184721,-80.413899792176281
SLOW30,2,F3,0.765625,138.89404445269733,-80.447102478005476
SLOW30,2,F3,0.76953125,138.53453578649592,-80.356716951758173
SLOW30,2,F3,0.7734375,138.30834906794615,-80.153125146425268
SLOW30,2,F3,0.77734375,138.20338177221583,-79.888827715513713
SLOW30,2,F3,0.78125,138.17067309669446,-79.634438319053118
SLOW30,2,F3,0.78515625,138.13774075572766,-79.451397186314409
SLOW30,2,F3,0.7890625,138.03497373339741,-79.37445947994749
SLOW30,2,F3,0.79296875,137.82234010152871,-79.40702576059887
SLOW30,2,F3,0.796875,137.50135772105099,-79.525973750183297
SLOW30,2,F4,-0.19921875,3.4959285711394408,27.504829851706788
SLOW30,2,F4,-0.1953125,3.9674183039843109,27.59136934447028
SLOW30,2,F4,-0.19140625,4.5356421877300015,27.821537713190345
SLOW30,2,F4,-0.1875,5.1452614726334769,28.025903322928126
SLOW30,2,F4,-0.18359375,5.6314692077061297,27.905990680526209
SLOW30,2,F4,-0.1796875,5.773239695628849,27.140790178924526
SLOW30,2,F4,-0.17578125,5.3954787791101531,25.520903351774983
SLOW30,2,F4,-0.171875,4.4709316196720792,23.05571204716454
SLOW30,2,F4,-0.16796875,3.1592983008251929,19.997889218598921
SLOW30,2,F4,-0.1640625,1.753796121625216,16.76426141729581
SLOW30,2,F4,-0.16015625,0.55969192779505805,13.783812129565067
SLOW30,2,F4,-0.15625,-0.23630610977555477,11.334138468047021
SLOW30,2,F4,-0.15234375,-0.64116240075249209,9.4385678112214553
SLOW30,2,F4,-0.1484375,-0.82773043435515214,7.893369033071866
SLOW30,2,F4,-0.14453125,-1.0078329583347436,6.4389785322257396
SLOW30,2,F4,-0.140625,-1.2826696404708047,4.9763809669233963
SLOW30,2,F4,-0.13671875,-1.580793766460429,3.6541531436515649
SLOW30,2,F4,-0.1328125,-1.7390502362648683,2.7222558729837241
SLOW30,2,F4,-0.12890625,-1.6620873163667103,2.2582967901034054
SLOW30,2,F4,-0.125,-1.4113125938679172,2.0403539224576948
SLOW30,2,F4,-0.12109375,-1.1267149857095453,1.74362010287785
SLOW30,2,F4,-0.1171875,-0.85201664846897729,1.3046228146382348
SLOW30,2,F4,-0.11328125,-0.44540317564327014,1.0791877516670045
SLOW30,2,F4,-0.109375,0.31885224432483567,1.5979226448156991
SLOW30,2,F4,-0.10546875,1.5404744256037726,3.1176235251983377
SLOW30,2,F4,-0.1015625,3.0546244736001613,5.3446296944691483
SLOW30,2,F4,-0.09765625,4.4667431101946864,7.5148650242282073
SLOW30,2,F4,-0.09375,5.3208806341452197,8.7239376821371533
SLOW30,2,F4,-0.08984375,5.2934765019454009,8.2958006806815412
SLOW30,2,F4,-0.0859375,4.3247118905102342,6.043930677594366
SLOW30,2,F4,-0.08203125,2.6426098831351861,2.3498020125015309
SLOW30,2,F4,-0.078125,0.67030431498490128,-1.9800024968849952
SLOW30,2,F4,-0.07421875,-1.1474747096955134,-6.0385774718730945
SLOW30,2,F4,-0.0703125,-2.5098516892384692,-9.166052040344427
SLOW30,2,F4,-0.06640625,-3.3217536015178779,-11.122509435064867
SLOW30,2,F4,-0.0625,-3.6301822409045856,-12.013710320804064
SLOW30,2,F4,-0.05859375,-3.512502650499647,-12.088541466843679
SLOW30,2,F4,-0.0546875,-3.027114656462639,-11.612317859355906
SLOW30,2,F4,-0.05078125,-2.2669674625552143,-10.917129337106118
SLOW30,2,F4,-0.046875,-1.4431005215847572,-10.520545170089294
SLOW30,2,F4,-0.04296875,-0.87795472131328722,-11.089115241107855
SLOW30,2,F4,-0.0390625,-0.86620429934557874,-13.153195974417294
SLOW30,2,F4,-0.03515625,-1.4957592967517459,-16.750439457527282
SLOW30,2,F4,-0.03125,-2.5756522266943644,-21.298078940543096
SLOW30,2,F4,-0.02734375,-3.7352321423315358,-25.827935731024589
SLOW30,2,F4,-0.0234375,-4.6222354734043689,-29.431602534477747
SLOW30,2,F4,-0.01953125,-5.0611456952459157,-31.628322857221733
SLOW30,2,F4,-0.015625,-5.083481571905665,-32.469433333423375
SLOW30,2,F4,-0.01171875,-4.8450110424382711,-32.389563242192665
SLOW30,2,F4,-0.0078125,-4.5099584782581328,-31.939619216384475
SLOW30,2,F4,-0.00390625,-4.1761709196764079,-31.54874428095377
SLOW30,2,F4,0,-3.8667328082299077,-31.40671487713827
SLOW30,2,F4,0.00390625,-3.5668751270489336,-31.482161400135503
SLOW30,2,F4,0.0078125,-3.2671192312005486,-31.629099609164044
SLOW30,2,F4,0.01171875,-2.9846237038424457,-31.708129303934882
SLOW30,2,F4,0.015625,-2.7564067457062782,-31.662694086442464
SLOW30,2,F4,0.01953125,-2.6141505252091379,-31.527024181749709
SLOW30,2,F4,0.0234375,-2.5576094561583185,-31.378881814514067
SLOW30,2,F4,0.02734375,-2.5438780134329617,-31.274018880697106
SLOW30,2,F4,0.03125,-2.5009844225107143,-31.20307826488807
SLOW30,2,F4,0.03515625,-2.3584045974047365,-31.093185362515406
SLOW30,2,F4,0.0390625,-2.0758162730811343,-30.846760285747436
SLOW30,2,F4,0.04296875,-1.6548759956294532,-30.390716475882904
SLOW30,2,F4,0.046875,-1.1325427969026993,-29.711776924393209
SLOW30,2,F4,0.05078125,-0.56456529331793526,-28.867531766552766
SLOW30,2,F4,0.0546875,-0.0075327949464858435,-27.971640519347666
SLOW30,2,F4,0.05859375,0.49640546431965049,-27.155656272794637
SLOW30,2,F4,0.0625,0.92916449964647541,-26.51940008551545
SLOW30,2,F4,0.06640625,1.2974612868459525,-26.092879546862704
SLOW30,2,F4,0.0703125,1.6244260141734497,-25.830925750509738
SLOW30,2,F4,0.07421875,1.9363255936305466,-25.644242149679577
SLOW30,2,F4,0.078125,2.2503570095110454,-25.44974110929935
SLOW30,2,F4,0.08203125,2.5683176749207641,-25.212378092125576
SLOW30,2,F4,0.0859375,2.8783889762993633,-24.956075560940008
SLOW30,2,F4,0.08984375,3.1632086381130193,-24.739843157023724
SLOW30,2,F4,0.09375,3.4088243032577941,-24.61675978285097
SLOW30,2,F4,0.09765625,3.6103088663823275,-24.604068812188547
SLOW30,2,F4,0.1015625,3.7748682690450268,-24.682254718776534
SLOW30,2,F4,0.10546875,3.9247278554921943,-24.816786227243234
SLOW30,2,F4,0.109375,4.0974520046604983,-24.981163521679033
SLOW30,2,F4,0.11328125,4.3385832885431865,-25.167015749714054
SLOW30,2,F4,0.1171875,4.6864412732531315,-25.383033510156217
SLOW30,2,F4,0.12109375,5.1557050837397238,-25.649124845303131
SLOW30,2,F4,0.125,5.7271490343546372,-25.984511135694714
SLOW30,2,F4,0.12890625,6.3468404585934124,-26.385054093913361
SLOW30,2,F4,0.1328125,6.9348333080682893,-26.795384658999659
SLOW30,2,F4,0.13671875,7.4024628813820055,-27.095068139578768
SLOW30,2,F4,0.140625,7.6774023025553593,-27.120396917933878
SLOW30,2,F4,0.14453125,7.7358580305309816,-26.733895418517335
SLOW30,2,F4,0.1484375,7.6394131085237129,-25.936555652228449
SLOW30,2,F4,0.15234375,7.5658501739602109,-24.987846502018279
SLOW30,2,F4,0.15625,7.8105861825404421,-24.460166568697044
SLOW30,2,F4,0.16015625,8.732235672070221,-25.145493381815434
SLOW30,2,F4,0.1640625,10.638011582316235,-27.794286372638211
SLOW30,2,F4,0.16796875,13.647353929584781,-32.782974953783174
SLOW30,2,F4,0.171875,17.602068499743968,-39.884248807835696
SLOW30,2,F4,0.17578125,22.075029417273978,-48.269042043055428
SLOW30,2,F4,0.1796875,26.478384613685087,-56.736121203939192
SLOW30,2,F4,0.18359375,30.232103417444751,-64.067294903690836
SLOW30,2,F4,0.1875,32.93895759805045,-69.38542053818
SLOW30,2,F4,0.19140625,34.501897242188264,-72.39303478570136
SLOW30,2,F4,0.1953125,35.126020741471187,-73.392603663686188
SLOW30,2,F4,0.19921875,35.200576255048368,-73.084751947826689
SLOW30,2,F4,0.203125,35.127260246668904,-72.260603630526063
SLOW30,2,F4,0.20703125,35.183201686958874,-71.541415809537924
SLOW30,2,F4,0.2109375,35.468370629393199,-71.256537296510388
SLOW30,2,F4,0.21484375,35.93396647506448,-71.460854952125118
SLOW30,2,F4,0.21875,36.458512804194797,-72.034168397984047
SLOW30,2,F4,0.22265625,36.933223805986593,-72.790888625109275
SLOW30,2,F4,0.2265625,37.32485657251334,-73.551161035676984
SLOW30,2,F4,0.23046875,37.695897370859463,-74.165656627492197
SLOW30,2,F4,0.234375,38.17679818036526,-74.519095950872455
SLOW30,2,F4,0.23828125,38.900520124803968,-74.543599267630881
SLOW30,2,F4,0.2421875,39.922228298567688,-74.255908249228469
SLOW30,2,F4,0.24609375,41.154772608472562,-73.807371900885229
SLOW30,2,F4,0.25,42.352988759112883,-73.512040712575654
SLOW30,2,F4,0.25390625,43.171771423679495,-73.805213987603125
SLOW30,2,F4,0.2578125,43.295650846790146,-75.101997184172134
SLOW30,2,F4,0.26171875,42.594130210472493,-77.587999753919448
SLOW30,2,F4,0.265625,41.222097164897598,-81.055079465804951
SLOW30,2,F4,0.26953125,39.592843377688112,-84.916400559532264
SLOW30,2,F4,0.2734375,38.217681058913406,-88.436934704319086
SLOW30,2,F4,0.27734375,37.495489612303729,-91.053697474831353
SLOW30,2,F4,0.28125,37.572471749453612,-92.586209921741528
SLOW30,2,F4,0.28515625,38.337938321869707,-93.227677587431728
SLOW30,2,F4,0.2890625,39.52704448276009,-93.365367495239354
SLOW30,2,F4,0.29296875,40.849498037643187,-93.36507408634489
SLOW30,2,F4,0.296875,42.079984397314718,-93.435219042483851
SLOW30,2,F4,0.30078125,43.09328367709562,-93.613151830726181
SLOW30,2,F4,0.3046875,43.859852536568333,-93.842874393171698
SLOW30,2,F4,0.30859375,44.422324554534626,-94.071991469473687
SLOW30,2,F4,0.3125,44.863996646161908,-94.303697974453456
SLOW30,2,F4,0.31640625,45.275258474364094,-94.58551051854738
SLOW30,2,F4,0.3203125,45.726697122794093,-94.960220838300131
SLOW30,2,F4,0.32421875,46.258346749781893,-95.416583991022833
SLOW30,2,F4,0.328125,46.886324632321291,-95.86612342343048
SLOW30,2,F4,0.33203125,47.61589488164762,-96.161574893569053
SLOW30,2,F4,0.3359375,48.443776767155974,-96.163618647506652
SLOW30,2,F4,0.33984375,49.338464185457255,-95.841511022682567
SLOW30,2,F4,0.34375,50.204905775365056,-95.363693847740919
SLOW30,2,F4,0.34765625,50.860339036533212,-95.120655292835991
SLOW30,2,F4,0.3515625,51.056119085073227,-95.638487330725738
SLOW30,2,F4,0.35546875,50.563104818551345,-97.382798633339732
SLOW30,2,F4,0.359375,49.296411649171098,-100.51331329884424
SLOW30,2,F4,0.36328125,47.411046757034768,-104.71449769545066
SLOW30,2,F4,0.3671875,45.291953205662374,-109.23881036760655
SLOW30,2,F4,0.37109375,43.416840338756614,-113.19298679624873
SLOW30,2,F4,0.375,42.159065761894972,-115.92080049733561
SLOW30,2,F4,0.37890625,41.64445622213907,-117.25157314249554
SLOW30,2,F4,0.3828125,41.737079018345355,-117.48497420560216
SLOW30,2,F4,0.38671875,42.143890202076307,-117.16679038084044
SLOW30,2,F4,0.390625,42.566122914290162,-116.81500194183482
SLOW30,2,F4,0.39453125,42.817545038106985,-116.73566243349691
SLOW30,2,F4,0.3984375,42.865147920121828,-116.98425693498208
SLOW30,2,F4,0.40234375,42.796514927179032,-117.44536084755103
SLOW30,2,F4,0.40625,42.749591721092287,-117.95498185066964
SLOW30,2,F4,0.41015625,42.842508883621598,-118.38922788305005
SLOW30,2,F4,0.4140625,43.125772007527907,-118.68339734549089
SLOW30,2,F4,0.41796875,43.565514791903496,-118.79877186877295
SLOW30,2,F4,0.421875,44.060717988239581,-118.6869905037082
SLOW30,2,F4,0.42578125,44.493202605560512,-118.29870176873291
SLOW30,2,F4,0.4296875,44.800088551039963,-117.65144469731638
SLOW30,2,F4,0.43359375,45.043799858253408,-116.92781280880283
SLOW30,2,F4,0.4375,45.44182664155651,-116.53645029647141
SLOW30,2,F4,0.44140625,46.320642456715483,-117.05818722087652
SLOW30,2,F4,0.4453125,47.986816685075127,-119.04164757305995
SLOW30,2,F4,0.44921875,50.559754893849274,-122.70726791720884
SLOW30,2,F4,0.453125,53.856910982708577,-127.71763875611266
SLOW30,2,F4,0.45703125,57.41970191117592,-133.18835152874408
SLOW30,2,F4,0.4609375,60.692663698095593,-137.98993450187947
SLOW30,2,F4,0.46484375,63.261572447690583,-141.1935321654849
SLOW30,2,F4,0.46875,65.010724309711279,-142.41061238728136
SLOW30,2,F4,0.47265625,66.120924614049883,-141.86525098587745
SLOW30,2,F4,0.4765625,66.939179337155224,-140.22036521675147
SLOW30,2,F4,0.48046875,67.815612045920574,-138.29426545337174
SLOW30,2,F4,0.484375,68.990050087047948,-136.79785802039018
SLOW30,2,F4,0.48828125,70.553317148528606,-136.15476596727717
SLOW30,2,F4,0.4921875,72.458032802018479,-136.40949974042948
SLOW30,2,F4,0.49609375,74.543170540646429,-137.21405274325684
SLOW30,2,F4,0.5,76.561949050312506,-137.90023217971702
SLOW30,2,F4,0.50390625,78.231093452825974,-137.65815603939262
SLOW30,2,F4,0.5078125,79.319881378376635,-135.81583587680177
SLOW30,2,F4,0.51171875,79.764256875376788,-132.14542978414909
SLOW30,2,F4,0.515625,79.747762276817298,-127.04946733433798
SLOW30,2,F4,0.51953125,79.678958876220989,-121.48176601535899
SLOW30,2,F4,0.5234375,80.045810454754417,-116.58627219959146
SLOW30,2,F4,0.52734375,81.216012846229361,-113.22996626010693
SLOW30,2,F4,0.53125,83.299159891514321,-111.69371479232703
SLOW30,2,F4,0.53515625,86.143429959026236,-111.67196006514449
SLOW30,2,F4,0.5390625,89.448431638853094,-112.52327107157254
SLOW30,2,F4,0.54296875,92.914870702712761,-113.58928755906045
SLOW30,2,F4,0.546875,96.352383923865247,-114.42257934713749
SLOW30,2,F4,0.55078125,99.708615818434311,-114.86349860169929
SLOW30,2,F4,0.5546875,103.03028527377144,-114.99040591526918
SLOW30,2,F4,0.55859375,106.3949395665974,-115.00314081933423
SLOW30,2,F4,0.5625,109.85258379230169,-115.10033058429275
SLOW30,2,F4,0.56640625,113.39828732446186,-115.39308794351356
SLOW30,2,F4,0.5703125,116.97519452805213,-115.86828008842303
SLOW30,2,F4,0.57421875,120.49423835758233,-116.3914679683204
SLOW30,2,F4,0.578125,123.85816876452611,-116.74219180976274
SLOW30,2,F4,0.58203125,126.98907567976191,-116.69163940513593
SLOW30,2,F4,0.5859375,129.8657837393925,-116.12834388721174
SLOW30,2,F4,0.58984375,132.56749901686732,-115.19633261677055
SLOW30,2,F4,0.59375,135.2979322076134,-114.36368015270354
SLOW30,2,F4,0.59765625,138.3523145423699,-114.33659598103901
SLOW30,2,F4,0.6015625,142.00911656428727,-115.79778201664205
SLOW30,2,F4,0.60546875,146.37841689622979,-119.05838799679826
SLOW30,2,F4,0.609375,151.29090518237143,-123.81114247427639
SLOW30,2,F4,0.61328125,156.31736305132941,-129.17094558561837
SLOW30,2,F4,0.6171875,160.9375015339451,-134.03499000165925
SLOW30,2,F4,0.62109375,164.76796714384329,-137.56829798008653
SLOW30,2,F4,0.625,167.70975863453836,-139.51916017892324
SLOW30,2,F4,0.62890625,169.93722137813978,-140.19933091992419
SLOW30,2,F4,0.6328125,171.76344997979055,-140.20425081784691
SLOW30,2,F4,0.63671875,173.48135248289793,-140.08851454374536
SLOW30,2,F4,0.640625,175.26352142488946,-140.17381079201311
SLOW30,2,F4,0.64453125,177.14592644010716,-140.5357151512556
SLOW30,2,F4,0.6484375,179.07062892958902,-141.10856312880219
SLOW30,2,F4,0.65234375,180.94569548699766,-141.81100617921464
SLOW30,2,F4,0.65625,182.69185462606015,-142.6149042915803
SLOW30,2,F4,0.66015625,184.26555539926869,-143.5327965048142
SLOW30,2,F4,0.6640625,185.66072044180115,-144.55882922579809
SLOW30,2,F4,0.66796875,186.89510997643953,-145.6268889845546
SLOW30,2,F4,0.671875,187.98937169401907,-146.62509680325633
SLOW30,2,F4,0.67578125,188.9506811567777,-147.4537125991144
SLOW30,2,F4,0.6796875,189.77328400849029,-148.08256943804133
SLOW30,2,F4,0.68359375,190.45930286597002,-148.57242663384284
SLOW30,2,F4,0.6875,191.04638847563183,-149.05188320041421
SLOW30,2,F4,0.69140625,191.61581942054681,-149.66219098560543
SLOW30,2,F4,0.6953125,192.26015307074408,-150.48854737292152
SLOW30,2,F4,0.69921875,193.01625159010126,-151.49549650805923
SLOW30,2,F4,0.703125,193.80091998963562,-152.48570225722784
SLOW30,2,F4,0.70703125,194.39849199106118,-153.1086316102926
SLOW30,2,F4,0.7109375,194.53055128576767,-152.94895129309555
SLOW30,2,F4,0.71484375,193.99430241804379,-151.70072303893383
SLOW30,2,F4,0.71875,192.80570543383806,-149.36763107522188
SLOW30,2,F4,0.72265625,191.25263573713843,-146.35500562403632
SLOW30,2,F4,0.7265625,189.78918534841591,-143.32824060101848
SLOW30,2,F4,0.73046875,188.80322836939254,-140.86811362855002
SLOW30,2,F4,0.734375,188.40594649705082,-139.15689242154087
SLOW30,2,F4,0.73828125,188.40141810429367,-137.95028226368868
SLOW30,2,F4,0.7421875,188.45324856374174,-136.84969435645633
SLOW30,2,F4,0.74609375,188.30416043291604,-135.62543387903665
SLOW30,2,F4,0.75,187.88907385239006,-134.33797628082488
SLOW30,2,F4,0.75390625,187.30503074883117,-133.22606027743927
SLOW30,2,F4,0.7578125,186.71162672488043,-132.51020409996272
SLOW30,2,F4,0.76171875,186.24444819242487,-132.26176191566822
SLOW30,2,F4,0.765625,185.97387161432039,-132.38997455706459
SLOW30,2,F4,0.76953125,185.90212497846179,-132.71381092479953
SLOW30,2,F4,0.7734375,185.98167882276763,-133.05215390733241
SLOW30,2,F4,0.77734375,186.14248383332307,-133.28181548934768
SLOW30,2,F4,0.78125,186.31964476077172,-133.3535625751544
SLOW30,2,F4,0.78515625,186.47389711312479,-133.28458491936206
SLOW30,2,F4,0.7890625,186.5986253958676,-133.14236717003737
SLOW30,2,F4,0.79296875,186.71158776121257,-133.01901945711882
SLOW30,2,F4,0.796875,186.83540309482146,-132.99531016327296
P0_LARGER_PADDING,1,Fz,-0.19921875,-0.27338564779129448,0.95921709850760251
P0_LARGER_PADDING,1,Fz,-0.1953125,-0.20758373014844833,0.12919045408103655
P0_LARGER_PADDING,1,Fz,-0.19140625,-0.10852969753018805,-0.69085278116230064
P0_LARGER_PADDING,1,Fz,-0.1875,0.011416456303654954,-1.3453168224153824
P0_LARGER_PADDING,1,Fz,-0.18359375,0.14995506575037221,-1.6905239622280277
P0_LARGER_PADDING,1,Fz,-0.1796875,0.3128274429104968,-1.6471757522223907
P0_LARGER_PADDING,1,Fz,-0.17578125,0.5001897865356375,-1.2428957452944176
P0_LARGER_PADDING,1,Fz,-0.171875,0.6913557237054756,-0.61335731602606525
P0_LARGER_PADDING,1,Fz,-0.16796875,0.84217239913248776,0.04391231376227811
P0_LARGER_PADDING,1,Fz,-0.1640625,0.90170926740470336,0.54131899018376661
P0_LARGER_PADDING,1,Fz,-0.16015625,0.83979634994004282,0.76511793670756378
P0_LARGER_PADDING,1,Fz,-0.15625,0.66634603449710728,0.70428006532542309
P0_LARGER_PADDING,1,Fz,-0.15234375,0.42657983352383033,0.43611352683569127
P0_LARGER_PADDING,1,Fz,-0.1484375,0.17336314282327753,0.082931848553351978
P0_LARGER_PADDING,1,Fz,-0.14453125,-0.062917393282775722,-0.2347499492865632
P0_LARGER_PADDING,1,Fz,-0.140625,-0.2833809260248209,-0.43068054211980716
P0_LARGER_PADDING,1,Fz,-0.13671875,-0.50376777287228403,-0.46827505015584797
P0_LARGER_PADDING,1,Fz,-0.1328125,-0.72940051732824829,-0.36229933927196278
P0_LARGER_PADDING,1,Fz,-0.12890625,-0.94345231927002027,-0.16676785410470418
P0_LARGER_PADDING,1,Fz,-0.125,-1.1140891905017134,0.051496827891004404
P0_LARGER_PADDING,1,Fz,-0.12109375,-1.2095095257327459,0.24610420376085584
P0_LARGER_PADDING,1,Fz,-0.1171875,-1.2074137678223584,0.41464620273912467
P0_LARGER_PADDING,1,Fz,-0.11328125,-1.0950349563218085,0.59650079440208026
P0_LARGER_PADDING,1,Fz,-0.109375,-0.86632164584650961,0.84197438849273909
P0_LARGER_PADDING,1,Fz,-0.10546875,-0.52513716506316399,1.1696635139456952
P0_LARGER_PADDING,1,Fz,-0.1015625,-0.095901122712383269,1.5407646348452193
P0_LARGER_PADDING,1,Fz,-0.09765625,0.36748650558608026,1.8701272923127537
P0_LARGER_PADDING,1,Fz,-0.09375,0.78692102336335457,2.0683667763811879
P0_LARGER_PADDING,1,Fz,-0.08984375,1.0832048690276785,2.0872827459940853
P0_LARGER_PADDING,1,Fz,-0.0859375,1.2062435222601806,1.9391186587796732
P0_LARGER_PADDING,1,Fz,-0.08203125,1.1544407530336902,1.6800892239790799
P0_LARGER_PADDING,1,Fz,-0.078125,0.97245130883783915,1.375220524201153
P0_LARGER_PADDING,1,Fz,-0.07421875,0.73147317376915599,1.0715444749099499
P0_LARGER_PADDING,1,Fz,-0.0703125,0.50538585839863659,0.79070900533272126
P0_LARGER_PADDING,1,Fz,-0.06640625,0.3522764803207451,0.53107772770136452
P0_LARGER_PADDING,1,Fz,-0.0625,0.30202573521302123,0.26946764671743062
P0_LARGER_PADDING,1,Fz,-0.05859375,0.34886756175881051,-0.031322478483697458
P0_LARGER_PADDING,1,Fz,-0.0546875,0.45279926714338892,-0.39815856103931929
P0_LARGER_PADDING,1,Fz,-0.05078125,0.55355015358624104,-0.81276886817472682
P0_LARGER_PADDING,1,Fz,-0.046875,0.59204400097230836,-1.1942809466497784
P0_LARGER_PADDING,1,Fz,-0.04296875,0.52841646486399008,-1.4251429368745028
P0_LARGER_PADDING,1,Fz,-0.0390625,0.35057784015678073,-1.4157170183351244
P0_LARGER_PADDING,1,Fz,-0.03515625,0.075279211191636053,-1.1679824903233944
P0_LARGER_PADDING,1,Fz,-0.03125,-0.25538546013340369,-0.79228234516647733
P0_LARGER_PADDING,1,Fz,-0.02734375,-0.58290331630117465,-0.46086535510605958
P0_LARGER_PADDING,1,Fz,-0.0234375,-0.84779469430438481,-0.32441129177830874
P0_LARGER_PADDING,1,Fz,-0.01953125,-1.0083360226701104,-0.44040301160809381
P0_LARGER_PADDING,1,Fz,-0.015625,-1.0558772940596439,-0.75210035434347811
P0_LARGER_PADDING,1,Fz,-0.01171875,-1.0198312876733042,-1.125425021466234
P0_LARGER_PADDING,1,Fz,-0.0078125,-0.95709173853313945,-1.4195540286695385
P0_LARGER_PADDING,1,Fz,-0.00390625,-0.92611004008665998,-1.5529270540366626
P0_LARGER_PADDING,1,Fz,0,-0.95620248337596148,-1.5344236097339454
P0_LARGER_PADDING,1,Fz,0.00390625,-1.029893395329049,-1.449629430418218
P0_LARGER_PADDING,1,Fz,0.0078125,-1.0898638187052454,-1.411674402831538
P0_LARGER_PADDING,1,Fz,0.01171875,-1.0651374533457678,-1.4995024037483859
P0_LARGER_PADDING,1,Fz,0.015625,-0.89948972391301163,-1.7106360994217893
P0_LARGER_PADDING,1,Fz,0.01953125,-0.56940850066711501,-1.9498401150895757
P0_LARGER_PADDING,1,Fz,0.0234375,-0.092657514019621412,-2.0661601794322637
P0_LARGER_PADDING,1,Fz,0.02734375,0.46282683068092473,-1.9411433540877598
P0_LARGER_PADDING,1,Fz,0.03125,0.96476565792519098,-1.6083348722547381
P0_LARGER_PADDING,1,Fz,0.03515625,1.2088503963131827,-1.3446601161583296
P0_LARGER_PADDING,1,Fz,0.0390625,0.94482163519669549,-1.6502479490404058
P0_LARGER_PADDING,1,Fz,0.04296875,-0.04281126126161261,-3.0689165263041458
P0_LARGER_PADDING,1,Fz,0.046875,-1.8163840139804748,-5.8997340497227739
P0_LARGER_PADDING,1,Fz,0.05078125,-4.1942908210162066,-9.953779938532719
P0_LARGER_PADDING,1,Fz,0.0546875,-6.765693415202966,-14.532053620972729
P0_LARGER_PADDING,1,Fz,0.05859375,-9.0333390567091403,-18.68659402889104
P0_LARGER_PADDING,1,Fz,0.0625,-10.614171093820447,-21.634217629255712
P0_LARGER_PADDING,1,Fz,0.06640625,-11.379990118342409,-23.078042630775457
P0_LARGER_PADDING,1,Fz,0.0703125,-11.46555236883507,-23.260852111795955
P0_LARGER_PADDING,1,Fz,0.07421875,-11.162793524769961,-22.759988538896838
P0_LARGER_PADDING,1,Fz,0.078125,-10.777325743794554,-22.179444942925404
P0_LARGER_PADDING,1,Fz,0.08203125,-10.519060162701178,-21.91141736321455
P0_LARGER_PADDING,1,Fz,0.0859375,-10.460295012215877,-22.05339457284979
P0_LARGER_PADDING,1,Fz,0.08984375,-10.556948688117586,-22.464594310214885
P0_LARGER_PADDING,1,Fz,0.09375,-10.707328052270997,-22.893227729413763
P0_LARGER_PADDING,1,Fz,0.09765625,-10.817294545128064,-23.107550772791264
P0_LARGER_PADDING,1,Fz,0.1015625,-10.845649936042637,-22.987004729936224
P0_LARGER_PADDING,1,Fz,0.10546875,-10.815235113779424,-22.553856124722817
P0_LARGER_PADDING,1,Fz,0.109375,-10.790609968409504,-21.946990787327028
P0_LARGER_PADDING,1,Fz,0.11328125,-10.837298044526936,-21.355680334264804
P0_LARGER_PADDING,1,Fz,0.1171875,-10.98434155071245,-20.940685581034565
P0_LARGER_PADDING,1,Fz,0.12109375,-11.208206630833182,-20.774015263505525
P0_LARGER_PADDING,1,Fz,0.125,-11.444100788941721,-20.822670151871158
P0_LARGER_PADDING,1,Fz,0.12890625,-11.616677329377966,-20.980518929534359
P0_LARGER_PADDING,1,Fz,0.1328125,-11.673218993797924,-21.125812655461523
P0_LARGER_PADDING,1,Fz,0.13671875,-11.603517349784262,-21.17036730828476
P0_LARGER_PADDING,1,Fz,0.140625,-11.440509179398823,-21.078869939570616
P0_LARGER_PADDING,1,Fz,0.14453125,-11.246630621438197,-20.860587612813738
P0_LARGER_PADDING,1,Fz,0.1484375,-11.094125481426202,-20.55056459658557
P0_LARGER_PADDING,1,Fz,0.15234375,-11.042805674360881,-20.194387907665252
P0_LARGER_PADDING,1,Fz,0.15625,-11.115983938142961,-19.839573075581654
P0_LARGER_PADDING,1,Fz,0.16015625,-11.281486487316149,-19.531743918342823
P0_LARGER_PADDING,1,Fz,0.1640625,-11.452089781969224,-19.315235888669619
P0_LARGER_PADDING,1,Fz,0.16796875,-11.515233978464785,-19.236039565867003
P0_LARGER_PADDING,1,Fz,0.171875,-11.384084778678373,-19.339659173742266
P0_LARGER_PADDING,1,Fz,0.17578125,-11.044144337117185,-19.6571058484395
P0_LARGER_PADDING,1,Fz,0.1796875,-10.567428624951551,-20.181848908223646
P0_LARGER_PADDING,1,Fz,0.18359375,-10.083848658798402,-20.850417475453902
P0_LARGER_PADDING,1,Fz,0.1875,-9.7246458363939219,-21.541218441912854
P0_LARGER_PADDING,1,Fz,0.19140625,-9.5674459026112117,-22.099040510640002
P0_LARGER_PADDING,1,Fz,0.1953125,-9.6085019496690869,-22.379702905472385
P0_LARGER_PADDING,1,Fz,0.19921875,-9.7714279989822845,-22.297174248926918
P0_LARGER_PADDING,1,Fz,0.203125,-9.9451658861380814,-21.85404443152828
P0_LARGER_PADDING,1,Fz,0.20703125,-10.033947815492729,-21.147981727582827
P0_LARGER_PADDING,1,Fz,0.2109375,-9.9991717295770837,-20.359308093952034
P0_LARGER_PADDING,1,Fz,0.21484375,-9.8764522000158088,-19.72344621110706
P0_LARGER_PADDING,1,Fz,0.21875,-9.759799812485852,-19.481802837976794
P0_LARGER_PADDING,1,Fz,0.22265625,-9.7572912617621252,-19.807670374933071
P0_LARGER_PADDING,1,Fz,0.2265625,-9.9366013037664516,-20.728531281991025
P0_LARGER_PADDING,1,Fz,0.23046875,-10.289772938286388,-22.091639345736727
P0_LARGER_PADDING,1,Fz,0.234375,-10.743613593443245,-23.613933697409248
P0_LARGER_PADDING,1,Fz,0.23828125,-11.213565429193897,-25.00558366588535
P0_LARGER_PADDING,1,Fz,0.2421875,-11.656848146359973,-26.088074131307863
P0_LARGER_PADDING,1,Fz,0.24609375,-12.073492540471113,-26.822184082596362
P0_LARGER_PADDING,1,Fz,0.25,-12.461932730494025,-27.259815140673933
P0_LARGER_PADDING,1,Fz,0.25390625,-12.79792836645389,-27.525392254581579
P0_LARGER_PADDING,1,Fz,0.2578125,-13.076355659683239,-27.864341492283391
P0_LARGER_PADDING,1,Fz,0.26171875,-13.35901096847974,-28.637732950489166
P0_LARGER_PADDING,1,Fz,0.265625,-13.746109259421686,-30.14545364881797
P0_LARGER_PADDING,1,Fz,0.26953125,-14.283076100936123,-32.373517944767514
P0_LARGER_PADDING,1,Fz,0.2734375,-14.900518252636715,-34.906542929514913
P0_LARGER_PADDING,1,Fz,0.27734375,-15.448310817165563,-37.114940692515077
P0_LARGER_PADDING,1,Fz,0.28125,-15.784148809695845,-38.478531464479929
P0_LARGER_PADDING,1,Fz,0.28515625,-15.839187982797963,-38.82115936452356
P0_LARGER_PADDING,1,Fz,0.2890625,-15.62706742995519,-38.34129762474349
P0_LARGER_PADDING,1,Fz,0.29296875,-15.214682341622598,-37.472436661640117
P0_LARGER_PADDING,1,Fz,0.296875,-14.686061504684547,-36.677939713373846
P0_LARGER_PADDING,1,Fz,0.30078125,-14.116242071563857,-36.277700835400132
P0_LARGER_PADDING,1,Fz,0.3046875,-13.557638201977547,-36.363135495710004
P0_LARGER_PADDING,1,Fz,0.30859375,-13.037311006246732,-36.813344178300667
P0_LARGER_PADDING,1,Fz,0.3125,-12.564080076874435,-37.388029840879753
P0_LARGER_PADDING,1,Fz,0.31640625,-12.142204930943892,-37.846993631085823
P0_LARGER_PADDING,1,Fz,0.3203125,-11.783343188410321,-38.041852569591043
P0_LARGER_PADDING,1,Fz,0.32421875,-11.507202184156574,-37.947917545779397
P0_LARGER_PADDING,1,Fz,0.328125,-11.328696832725175,-37.639669092556808
P0_LARGER_PADDING,1,Fz,0.33203125,-11.241289141185192,-37.237775100169067
P0_LARGER_PADDING,1,Fz,0.3359375,-11.211497740835792,-36.857223108239978
P0_LARGER_PADDING,1,Fz,0.33984375,-11.191802382202626,-36.573883154323269
P0_LARGER_PADDING,1,Fz,0.34375,-11.144490490332469,-36.414175688725649
P0_LARGER_PADDING,1,Fz,0.34765625,-11.060843912041516,-36.363553756168358
P0_LARGER_PADDING,1,Fz,0.3515625,-10.964890702642347,-36.384113286873841
P0_LARGER_PADDING,1,Fz,0.35546875,-10.90206059633573,-36.431856414504018
P0_LARGER_PADDING,1,Fz,0.359375,-10.91987732723703,-36.46865908344283
P0_LARGER_PADDING,1,Fz,0.36328125,-11.048043997581544,-36.466816741133947
P0_LARGER_PADDING,1,Fz,0.3671875,-11.284776986491135,-36.405105393576925
P0_LARGER_PADDING,1,Fz,0.37109375,-11.597258389968109,-36.261042495930297
P0_LARGER_PADDING,1,Fz,0.375,-11.940099246878047,-36.011216250122047
P0_LARGER_PADDING,1,Fz,0.37890625,-12.282988481849248,-35.646729760079431
P0_LARGER_PADDING,1,Fz,0.3828125,-12.627496678859901,-35.193661587120317
P0_LARGER_PADDING,1,Fz,0.38671875,-12.998087217090443,-34.718473355234075
P0_LARGER_PADDING,1,Fz,0.390625,-13.413143334229529,-34.309128533635622
P0_LARGER_PADDING,1,Fz,0.39453125,-13.859516168468643,-34.042741444173103
P0_LARGER_PADDING,1,Fz,0.3984375,-14.291456874706432,-33.958307693364887
P0_LARGER_PADDING,1,Fz,0.40234375,-14.65476318255303,-34.044142696088855
P0_LARGER_PADDING,1,Fz,0.40625,-14.918859366776886,-34.239515592812978
P0_LARGER_PADDING,1,Fz,0.41015625,-15.097292762667918,-34.450046898624308
P0_LARGER_PADDING,1,Fz,0.4140625,-15.246727940771692,-34.578190597412686
P0_LARGER_PADDING,1,Fz,0.41796875,-15.444812784395225,-34.560967611137698
P0_LARGER_PADDING,1,Fz,0.421875,-15.755036435672018,-34.394622685848915
P0_LARGER_PADDING,1,Fz,0.42578125,-16.193644221122955,-34.130021051319027
P0_LARGER_PADDING,1,Fz,0.4296875,-16.716166035598746,-33.844366007966087
P0_LARGER_PADDING,1,Fz,0.43359375,-17.232765617054124,-33.610491836016401
P0_LARGER_PADDING,1,Fz,0.4375,-17.644700058687405,-33.47843445099052
P0_LARGER_PADDING,1,Fz,0.44140625,-17.881418446955177,-33.46804590987302
P0_LARGER_PADDING,1,Fz,0.4453125,-17.92019370525043,-33.566357643710781
P0_LARGER_PADDING,1,Fz,0.44921875,-17.784703636917005,-33.729335256492028
P0_LARGER_PADDING,1,Fz,0.453125,-17.531654482355741,-33.891362467557656
P0_LARGER_PADDING,1,Fz,0.45703125,-17.235165700505362,-33.981744057487902
P0_LARGER_PADDING,1,Fz,0.4609375,-16.970489548268716,-33.941104969600133
P0_LARGER_PADDING,1,Fz,0.46484375,-16.793450206732306,-33.72968328115028
P0_LARGER_PADDING,1,Fz,0.46875,-16.716673392842623,-33.328193696547487
P0_LARGER_PADDING,1,Fz,0.47265625,-16.693404646766624,-32.743343425450377
P0_LARGER_PADDING,1,Fz,0.4765625,-16.623880260635374,-32.026827652391077
P0_LARGER_PADDING,1,Fz,0.48046875,-16.391677667714831,-31.292261183987204
P0_LARGER_PADDING,1,Fz,0.484375,-15.921022151959024,-30.693632707203594
P0_LARGER_PADDING,1,Fz,0.48828125,-15.230478266925255,-30.345192466571437
P0_LARGER_PADDING,1,Fz,0.4921875,-14.454530042096149,-30.213123391285826
P0_LARGER_PADDING,1,Fz,0.49609375,-13.816391897742617,-30.050371299390495
P0_LARGER_PADDING,1,Fz,0.5,-13.557208444082246,-29.439875518745353
P0_LARGER_PADDING,1,Fz,0.50390625,-13.847249843656718,-27.958125272828593
P0_LARGER_PADDING,1,Fz,0.5078125,-14.715783088529395,-25.395386192756966
P0_LARGER_PADDING,1,Fz,0.51171875,-16.035290320633688,-21.907321882109166
P0_LARGER_PADDING,1,Fz,0.515625,-17.575621780749465,-17.980895656387634
P0_LARGER_PADDING,1,Fz,0.51953125,-19.09952268954796,-14.214159090502518
P0_LARGER_PADDING,1,Fz,0.5234375,-20.433884579010808,-11.060234735524132
P0_LARGER_PADDING,1,Fz,0.52734375,-21.474958783545894,-8.7077309094602349
P0_LARGER_PADDING,1,Fz,0.53125,-22.157510510784221,-7.1294466876748892
P0_LARGER_PADDING,1,Fz,0.53515625,-22.44704625710262,-6.1986510281866316
P0_LARGER_PADDING,1,Fz,0.5390625,-22.365286263141432,-5.7762536983436163
P0_LARGER_PADDING,1,Fz,0.54296875,-22.0062059487772,-5.7447306569878549
P0_LARGER_PADDING,1,Fz,0.546875,-21.50911266590029,-6.0042250979705258
P0_LARGER_PADDING,1,Fz,0.55078125,-21.002096945514637,-6.4526403511231472
P0_LARGER_PADDING,1,Fz,0.5546875,-20.556302294695968,-6.9735437022505415
P0_LARGER_PADDING,1,Fz,0.55859375,-20.178114997646286,-7.4481132085299535
P0_LARGER_PADDING,1,Fz,0.5625,-19.834009656766423,-7.7851466785809578
P0_LARGER_PADDING,1,Fz,0.56640625,-19.483756432263753,-7.9454370327229871
P0_LARGER_PADDING,1,Fz,0.5703125,-19.103289924387791,-7.9425820105079552
P0_LARGER_PADDING,1,Fz,0.57421875,-18.693488349570384,-7.8244600984713788
P0_LARGER_PADDING,1,Fz,0.578125,-18.277980786673325,-7.6530015096606014
P0_LARGER_PADDING,1,Fz,0.58203125,-17.891845203481786,-7.4922557835386669
P0_LARGER_PADDING,1,Fz,0.5859375,-17.563195774518412,-7.4002875131817945
P0_LARGER_PADDING,1,Fz,0.58984375,-17.294364349795082,-7.4184656383163645
P0_LARGER_PADDING,1,Fz,0.59375,-17.0533160557424,-7.5611311454533059
P0_LARGER_PADDING,1,Fz,0.59765625,-16.783071729077804,-7.8129229567287446
P0_LARGER_PADDING,1,Fz,0.6015625,-16.426870916363107,-8.1345831734995802
P0_LARGER_PADDING,1,Fz,0.60546875,-15.956042623872548,-8.4730763874579598
P0_LARGER_PADDING,1,Fz,0.609375,-15.38489083195455,-8.7754761017590024
P0_LARGER_PADDING,1,Fz,0.61328125,-14.765044998425255,-9.0076061642792276
P0_LARGER_PADDING,1,Fz,0.6171875,-14.163648592556195,-9.1702111096616754
P0_LARGER_PADDING,1,Fz,0.62109375,-13.636603117959105,-9.2987797341708998
P0_LARGER_PADDING,1,Fz,0.625,-13.207922520517526,-9.441069876812481
P0_LARGER_PADDING,1,Fz,0.62890625,-12.862167728568531,-9.6241047140028577
P0_LARGER_PADDING,1,Fz,0.6328125,-12.551332147764116,-9.8328654111744989
P0_LARGER_PADDING,1,Fz,0.63671875,-12.212203056496998,-10.015051052078729
P0_LARGER_PADDING,1,Fz,0.640625,-11.787647482284168,-10.107213221767564
P0_LARGER_PADDING,1,Fz,0.64453125,-11.24604428715767,-10.065285555319301
P0_LARGER_PADDING,1,Fz,0.6484375,-10.59418531697243,-9.8844352354085636
P0_LARGER_PADDING,1,Fz,0.65234375,-9.878232398535733,-9.6012328779784806
P0_LARGER_PADDING,1,Fz,0.65625,-9.1680668738212141,-9.2787264878256721
P0_LARGER_PADDING,1,Fz,0.66015625,-8.527710588050736,-8.9818676387266052
P0_LARGER_PADDING,1,Fz,0.6640625,-7.9863653782491042,-8.7536952409651683
P0_LARGER_PADDING,1,Fz,0.66796875,-7.5296902511601473,-8.5998076640579129
P0_LARGER_PADDING,1,Fz,0.671875,-7.1195432316299438,-8.4861253774688059
P0_LARGER_PADDING,1,Fz,0.67578125,-6.728517138290008,-8.3543097364108778
P0_LARGER_PADDING,1,Fz,0.6796875,-6.3629634414626945,-8.1515840619742796
P0_LARGER_PADDING,1,Fz,0.68359375,-6.0578156320980927,-7.8582684605216393
P0_LARGER_PADDING,1,Fz,0.6875,-5.8493578465228255,-7.4948625425497735
P0_LARGER_PADDING,1,Fz,0.69140625,-5.7474674998952322,-7.107619149572562
P0_LARGER_PADDING,1,Fz,0.6953125,-5.7261136198498415,-6.7483068169929776
P0_LARGER_PADDING,1,Fz,0.69921875,-5.7357909403987763,-6.4618456622464056
P0_LARGER_PADDING,1,Fz,0.703125,-5.7265585598033102,-6.2814822647236523
P0_LARGER_PADDING,1,Fz,0.70703125,-5.664731057233773,-6.224537334674956
P0_LARGER_PADDING,1,Fz,0.7109375,-5.5329609360957477,-6.2874986774130832
P0_LARGER_PADDING,1,Fz,0.71484375,-5.3181804290630463,-6.4451685423780738
P0_LARGER_PADDING,1,Fz,0.71875,-5.0034373215924131,-6.6566516137790748
P0_LARGER_PADDING,1,Fz,0.72265625,-4.5763394387882483,-6.8774374397633036
P0_LARGER_PADDING,1,Fz,0.7265625,-4.0489992145305758,-7.0767480256519093
P0_LARGER_PADDING,1,Fz,0.73046875,-3.4689541541529412,-7.2559815309795521
P0_LARGER_PADDING,1,Fz,0.734375,-2.905204792340796,-7.4548916828379177
P0_LARGER_PADDING,1,Fz,0.73828125,-2.4158627031168862,-7.7312192373719295
P0_LARGER_PADDING,1,Fz,0.7421875,-2.0220947983307118,-8.1186331239446812
P0_LARGER_PADDING,1,Fz,0.74609375,-1.7084620039570715,-8.5928083500863153
P0_LARGER_PADDING,1,Fz,0.75,-1.446437620013068,-9.077455439580234
P0_LARGER_PADDING,1,Fz,0.75390625,-1.2186476835081452,-9.4930404252751952
P0_LARGER_PADDING,1,Fz,0.7578125,-1.0244504449022827,-9.8156638292895
P0_LARGER_PADDING,1,Fz,0.76171875,-0.86788805092983345,-10.103057226712718
P0_LARGER_PADDING,1,Fz,0.765625,-0.74482053348893595,-10.465811180910194
P0_LARGER_PADDING,1,Fz,0.76953125,-0.64268110184450311,-10.998317910039342
P0_LARGER_PADDING,1,Fz,0.7734375,-0.5511000652656195,-11.713501576815156
P0_LARGER_PADDING,1,Fz,0.77734375,-0.47184458596208989,-12.528931424354866
P0_LARGER_PADDING,1,Fz,0.78125,-0.41905901203757923,-13.320206560109181
P0_LARGER_PADDING,1,Fz,0.78515625,-0.40975140534668242,-14.007462923131504
P0_LARGER_PADDING,1,Fz,0.7890625,-0.45199906046358818,-14.611672259795352
P0_LARGER_PADDING,1,Fz,0.79296875,-0.54016996207169221,-15.236210741253871
P0_LARGER_PADDING,1,Fz,0.796875,-0.66138876535882085,-15.984460056242241
P0_LARGER_PADDING,1,F3,-0.19921875,-0.23240637462641126,0.51457659005781553
P0_LARGER_PADDING,1,F3,-0.1953125,-0.27668454692546396,-0.16856532884315162
P0_LARGER_PADDING,1,F3,-0.19140625,-0.31410650656886208,-0.74955961838617302
P0_LARGER_PADDING,1,F3,-0.1875,-0.33745712296402486,-1.1167598006809385
P0_LARGER_PADDING,1,F3,-0.18359375,-0.33055090187590652,-1.1838247815016585
P0_LARGER_PADDING,1,F3,-0.1796875,-0.27198162686447563,-0.92781128115603584
P0_LARGER_PADDING,1,F3,-0.17578125,-0.15170012419208417,-0.4143857901123662
P0_LARGER_PADDING,1,F3,-0.171875,0.0076687046253892249,0.21104477505001293
P0_LARGER_PADDING,1,F3,-0.16796875,0.1469038724812925,0.76927941149869417
P0_LARGER_PADDING,1,F3,-0.1640625,0.19688475229520863,1.1117108846212824
P0_LARGER_PADDING,1,F3,-0.16015625,0.12159525241201199,1.1719971306864923
P0_LARGER_PADDING,1,F3,-0.15625,-0.055437668869988244,0.97979462640169812
P0_LARGER_PADDING,1,F3,-0.15234375,-0.26429765847104952,0.63436241119654146
P0_LARGER_PADDING,1,F3,-0.1484375,-0.4334415208683936,0.25808680230147268
P0_LARGER_PADDING,1,F3,-0.14453125,-0.53238718259908024,-0.045890185637179504
P0_LARGER_PADDING,1,F3,-0.140625,-0.58142589333406214,-0.21852806431856847
P0_LARGER_PADDING,1,F3,-0.13671875,-0.62614459759647667,-0.25022954780061957
P0_LARGER_PADDING,1,F3,-0.1328125,-0.70139938193702434,-0.16940037150758014
P0_LARGER_PADDING,1,F3,-0.12890625,-0.81079012020086538,-0.018144845555743472
P0_LARGER_PADDING,1,F3,-0.125,-0.92839678659947333,0.17605234300501804
P0_LARGER_PADDING,1,F3,-0.12109375,-1.012429351657842,0.41679675394754412
P0_LARGER_PADDING,1,F3,-0.1171875,-1.0188602968320459,0.73067599222261526
P0_LARGER_PADDING,1,F3,-0.11328125,-0.91080471669445839,1.1379522481778701
P0_LARGER_PADDING,1,F3,-0.109375,-0.66497551611217198,1.6208041677866754
P0_LARGER_PADDING,1,F3,-0.10546875,-0.27766729592626954,2.1099660213456928
P0_LARGER_PADDING,1,F3,-0.1015625,0.22799637159324326,2.4994099031357653
P0_LARGER_PADDING,1,F3,-0.09765625,0.79522107867036929,2.6825128359591468
P0_LARGER_PADDING,1,F3,-0.09375,1.3346229124613509,2.5923643797029152
P0_LARGER_PADDING,1,F3,-0.08984375,1.7419303767998828,2.2286853398491733
P0_LARGER_PADDING,1,F3,-0.0859375,1.9314182627801273,1.6607085326502611
P0_LARGER_PADDING,1,F3,-0.08203125,1.8701290941271405,1.0054160667697132
P0_LARGER_PADDING,1,F3,-0.078125,1.5935625337151522,0.39191576728028421
P0_LARGER_PADDING,1,F3,-0.07421875,1.1938292794999068,-0.073276775886375045
P0_LARGER_PADDING,1,F3,-0.0703125,0.78653956870216324,-0.3338367122495951
P0_LARGER_PADDING,1,F3,-0.06640625,0.47130508827494777,-0.4037990927797388
P0_LARGER_PADDING,1,F3,-0.0625,0.30105151312929535,-0.3708292461886083
P0_LARGER_PADDING,1,F3,-0.05859375,0.27173128039160516,-0.36570482618696376
P0_LARGER_PADDING,1,F3,-0.0546875,0.33625628473931712,-0.49710972811619003
P0_LARGER_PADDING,1,F3,-0.05078125,0.43284617317017121,-0.78290718973569995
P0_LARGER_PADDING,1,F3,-0.046875,0.50810943121853158,-1.1268335141131318
P0_LARGER_PADDING,1,F3,-0.04296875,0.5226822169495936,-1.3687078617854354
P0_LARGER_PADDING,1,F3,-0.0390625,0.44674634068051766,-1.3842840605240565
P0_LARGER_PADDING,1,F3,-0.03515625,0.26192086280359578,-1.1695326802688721
P0_LARGER_PADDING,1,F3,-0.03125,-0.02537556118137041,-0.85228858934738616
P0_LARGER_PADDING,1,F3,-0.02734375,-0.37128228344700465,-0.62518473823798892
P0_LARGER_PADDING,1,F3,-0.0234375,-0.69834422434035948,-0.64410194623936734
P0_LARGER_PADDING,1,F3,-0.01953125,-0.91986812916005667,-0.9517743423663545
P0_LARGER_PADDING,1,F3,-0.015625,-0.97459587515577217,-1.4648891602443688
P0_LARGER_PADDING,1,F3,-0.01171875,-0.85420251997347252,-2.024087598724635
P0_LARGER_PADDING,1,F3,-0.0078125,-0.60753173329216037,-2.4735987726426596
P0_LARGER_PADDING,1,F3,-0.00390625,-0.31640573325417742,-2.7282665325092652
P0_LARGER_PADDING,1,F3,0,-0.055350537613464978,-2.8005487079747056
P0_LARGER_PADDING,1,F3,0.00390625,0.14055375148050142,-2.7835302803243831
P0_LARGER_PADDING,1,F3,0.0078125,0.28117856642842709,-2.8049438506374269
P0_LARGER_PADDING,1,F3,0.01171875,0.40103872467365764,-2.9763520559918817
P0_LARGER_PADDING,1,F3,0.015625,0.52989450417628281,-3.3566290297788011
P0_LARGER_PADDING,1,F3,0.01953125,0.67269131267185989,-3.9334881444634355
P0_LARGER_PADDING,1,F3,0.0234375,0.80859747469649301,-4.6199496958666515
P0_LARGER_PADDING,1,F3,0.02734375,0.90706829679427348,-5.272480513508536
P0_LARGER_PADDING,1,F3,0.03125,0.9487111925986822,-5.740116363873355
P0_LARGER_PADDING,1,F3,0.03515625,0.93652137804081126,-5.9295851912594344
P0_LARGER_PADDING,1,F3,0.0390625,0.89130408706074671,-5.8467928055319245
P0_LARGER_PADDING,1,F3,0.04296875,0.83675227036956035,-5.5869040823776883
P0_LARGER_PADDING,1,F3,0.046875,0.78559851542524317,-5.2828399696502526
P0_LARGER_PADDING,1,F3,0.05078125,0.73542627684447726,-5.0463172408331349
P0_LARGER_PADDING,1,F3,0.0546875,0.67460059819650342,-4.9322181312672457
P0_LARGER_PADDING,1,F3,0.05859375,0.59227654027291277,-4.9380764114828377
P0_LARGER_PADDING,1,F3,0.0625,0.48582293406665511,-5.0300944689626252
P0_LARGER_PADDING,1,F3,0.06640625,0.36251348579931197,-5.1748308214372951
P0_LARGER_PADDING,1,F3,0.0703125,0.23566582407991588,-5.3565593954359842
P0_LARGER_PADDING,1,F3,0.07421875,0.11687697503475003,-5.5735861289178832
P0_LARGER_PADDING,1,F3,0.078125,0.00784812670563384,-5.8231956332318422
P0_LARGER_PADDING,1,F3,0.08203125,-0.10184241465234112,-6.0895789570396843
P0_LARGER_PADDING,1,F3,0.0859375,-0.22578390511526747,-6.3396158790295365
P0_LARGER_PADDING,1,F3,0.08984375,-0.36415714872034077,-6.5242101631147822
P0_LARGER_PADDING,1,F3,0.09375,-0.49350853776026438,-6.5873647216911131
P0_LARGER_PADDING,1,F3,0.09765625,-0.57662650096382428,-6.4872920194839345
P0_LARGER_PADDING,1,F3,0.1015625,-0.59060383475204858,-6.2225793652413328
P0_LARGER_PADDING,1,F3,0.10546875,-0.55234162220102223,-5.8451884183017313
P0_LARGER_PADDING,1,F3,0.109375,-0.51850217966084422,-5.4466422380101376
P0_LARGER_PADDING,1,F3,0.11328125,-0.55617916106709875,-5.1206860221325368
P0_LARGER_PADDING,1,F3,0.1171875,-0.70441774851922057,-4.9227063794607337
P0_LARGER_PADDING,1,F3,0.12109375,-0.95335959856274954,-4.851995540112549
P0_LARGER_PADDING,1,F3,0.125,-1.2518992031153431,-4.8683080989674785
P0_LARGER_PADDING,1,F3,0.12890625,-1.5326808631437774,-4.9263146544901941
P0_LARGER_PADDING,1,F3,0.1328125,-1.7357726480047568,-4.9979039041582149
P0_LARGER_PADDING,1,F3,0.13671875,-1.8223519970672091,-5.0681442511641004
P0_LARGER_PADDING,1,F3,0.140625,-1.7823070013598172,-5.117327268053157
P0_LARGER_PADDING,1,F3,0.14453125,-1.6411850611022945,-5.1115959887553446
P0_LARGER_PADDING,1,F3,0.1484375,-1.4625350636359555,-5.0132105949954457
P0_LARGER_PADDING,1,F3,0.15234375,-1.3336097051007099,-4.8025794478291246
P0_LARGER_PADDING,1,F3,0.15625,-1.3293089082114347,-4.4945449437920342
P0_LARGER_PADDING,1,F3,0.16015625,-1.4697655136073511,-4.1394846533903147
P0_LARGER_PADDING,1,F3,0.1640625,-1.7007076360020212,-3.8156351326581976
P0_LARGER_PADDING,1,F3,0.16796875,-1.9153593727862024,-3.6213812902473963
P0_LARGER_PADDING,1,F3,0.171875,-2.0089808740125661,-3.6622018204579372
P0_LARGER_PADDING,1,F3,0.17578125,-1.9348873631533778,-4.0196351431355417
P0_LARGER_PADDING,1,F3,0.1796875,-1.7299448848332566,-4.7040486178270013
P0_LARGER_PADDING,1,F3,0.18359375,-1.496877309061047,-5.6155110447285184
P0_LARGER_PADDING,1,F3,0.1875,-1.3557875695875463,-6.5461675241308068
P0_LARGER_PADDING,1,F3,0.19140625,-1.391799194093289,-7.2424275814493946
P0_LARGER_PADDING,1,F3,0.1953125,-1.6231594301865693,-7.5084412117458861
P0_LARGER_PADDING,1,F3,0.19921875,-2.0003143679704634,-7.2962112558971466
P0_LARGER_PADDING,1,F3,0.203125,-2.4312273191855347,-6.7260314297747197
P0_LARGER_PADDING,1,F3,0.20703125,-2.8178746269884383,-6.023635524941116
P0_LARGER_PADDING,1,F3,0.2109375,-3.0865132329731062,-5.4152669133308491
P0_LARGER_PADDING,1,F3,0.21484375,-3.2009843028558738,-5.0426885040027241
P0_LARGER_PADDING,1,F3,0.21875,-3.1599291861178025,-4.9343016528864387
P0_LARGER_PADDING,1,F3,0.22265625,-2.98701742069884,-5.0276593663317914
P0_LARGER_PADDING,1,F3,0.2265625,-2.7232721203696948,-5.2175216428587268
P0_LARGER_PADDING,1,F3,0.23046875,-2.4245832368920932,-5.4046955107526022
P0_LARGER_PADDING,1,F3,0.234375,-2.1602788461044788,-5.5282520576578822
P0_LARGER_PADDING,1,F3,0.23828125,-2.0045345948005986,-5.5715310248003149
P0_LARGER_PADDING,1,F3,0.2421875,-2.0153988321514444,-5.5453574449610583
P0_LARGER_PADDING,1,F3,0.24609375,-2.2060110068931111,-5.4664452987925412
P0_LARGER_PADDING,1,F3,0.25,-2.5226979989977587,-5.3497753795235683
P0_LARGER_PADDING,1,F3,0.25390625,-2.8475852773991526,-5.2160122300238205
P0_LARGER_PADDING,1,F3,0.2578125,-3.0350466894945667,-5.0975105949029942
P0_LARGER_PADDING,1,F3,0.26171875,-2.9725377759029734,-5.0288408146208168
P0_LARGER_PADDING,1,F3,0.265625,-2.6365997485263479,-5.0254771541966026
P0_LARGER_PADDING,1,F3,0.26953125,-2.1101604736311645,-5.0674388131454444
P0_LARGER_PADDING,1,F3,0.2734375,-1.5461555188830054,-5.1017516689822884
P0_LARGER_PADDING,1,F3,0.27734375,-1.0949326353506683,-5.0641613506933609
P0_LARGER_PADDING,1,F3,0.28125,-0.83659726463139272,-4.9097862236887355
P0_LARGER_PADDING,1,F3,0.28515625,-0.75634439366040362,-4.6398503393619777
P0_LARGER_PADDING,1,F3,0.2890625,-0.77184153987294646,-4.3130689369186745
P0_LARGER_PADDING,1,F3,0.29296875,-0.78856460556433294,-4.0337715194679404
P0_LARGER_PADDING,1,F3,0.296875,-0.74631835675475833,-3.9173665665915713
P0_LARGER_PADDING,1,F3,0.30078125,-0.63403607274730955,-4.0452087996016397
P0_LARGER_PADDING,1,F3,0.3046875,-0.47538879062790829,-4.4270017315643999
P0_LARGER_PADDING,1,F3,0.30859375,-0.30467578189636235,-4.9858062873426139
P0_LARGER_PADDING,1,F3,0.3125,-0.15147183667619157,-5.573482090755034
P0_LARGER_PADDING,1,F3,0.31640625,-0.03874109905793488,-6.0165076767537524
P0_LARGER_PADDING,1,F3,0.3203125,0.014164648997802898,-6.1809109653575298
P0_LARGER_PADDING,1,F3,0.32421875,-0.0056750670498486588,-6.0316142171453251
P0_LARGER_PADDING,1,F3,0.328125,-0.094579906693302185,-5.6553599813031523
P0_LARGER_PADDING,1,F3,0.33203125,-0.22403728674928791,-5.2271700225970763
P0_LARGER_PADDING,1,F3,0.3359375,-0.34559779680320335,-4.9294978485386931
P0_LARGER_PADDING,1,F3,0.33984375,-0.41052674886356577,-4.8664390541643607
P0_LARGER_PADDING,1,F3,0.34375,-0.39347239035014647,-5.0240292820287644
P0_LARGER_PADDING,1,F3,0.34765625,-0.30628065576407226,-5.2972933313887403
P0_LARGER_PADDING,1,F3,0.3515625,-0.19552432625733607,-5.5589517730823603
P0_LARGER_PADDING,1,F3,0.35546875,-0.12554970051631353,-5.7228755223461878
P0_LARGER_PADDING,1,F3,0.359375,-0.15249468185077042,-5.7698214488820465
P0_LARGER_PADDING,1,F3,0.36328125,-0.29816050787274806,-5.7324511883654834
P0_LARGER_PADDING,1,F3,0.3671875,-0.53764079740359993,-5.657169613065955
P0_LARGER_PADDING,1,F3,0.37109375,-0.81339515027009357,-5.5674275638283115
P0_LARGER_PADDING,1,F3,0.375,-1.0735400145349299,-5.4510324382230113
P0_LARGER_PADDING,1,F3,0.37890625,-1.3105531822146961,-5.2802240978268937
P0_LARGER_PADDING,1,F3,0.3828125,-1.5691422987633543,-5.0491931247396122
P0_LARGER_PADDING,1,F3,0.38671875,-1.9122677190990414,-4.7980444201838193
P0_LARGER_PADDING,1,F3,0.390625,-2.3687257728377351,-4.6033996325131783
P0_LARGER_PADDING,1,F3,0.39453125,-2.9030520447164223,-4.544699363256516
P0_LARGER_PADDING,1,F3,0.3984375,-3.4317375384026123,-4.6712712844673696
P0_LARGER_PADDING,1,F3,0.40234375,-3.8740019738271254,-4.9842497807135722
P0_LARGER_PADDING,1,F3,0.40625,-4.2019530412552575,-5.4308484211436543
P0_LARGER_PADDING,1,F3,0.41015625,-4.4597949250590769,-5.9104587653259077
P0_LARGER_PADDING,1,F3,0.4140625,-4.7437528541162735,-6.3006353976387475
P0_LARGER_PADDING,1,F3,0.41796875,-5.1543943442209006,-6.5004587290871418
P0_LARGER_PADDING,1,F3,0.421875,-5.7439212697379984,-6.4681716793853443
P0_LARGER_PADDING,1,F3,0.42578125,-6.4837576199539111,-6.230792795201805
P0_LARGER_PADDING,1,F3,0.4296875,-7.2700805414277951,-5.8668141190994225
P0_LARGER_PADDING,1,F3,0.43359375,-7.9657566280357983,-5.4791647729874704
P0_LARGER_PADDING,1,F3,0.4375,-8.4563385331968988,-5.1702115384507898
P0_LARGER_PADDING,1,F3,0.44140625,-8.69082570766464,-5.0200746758321042
P0_LARGER_PADDING,1,F3,0.4453125,-8.6901865116508201,-5.0689762016161062
P0_LARGER_PADDING,1,F3,0.44921875,-8.5272157141424323,-5.3081898412761896
P0_LARGER_PADDING,1,F3,0.453125,-8.2936416200968477,-5.6836541770340752
P0_LARGER_PADDING,1,F3,0.45703125,-8.0688894708709444,-6.1124886516872552
P0_LARGER_PADDING,1,F3,0.4609375,-7.8979539606128064,-6.5068589908368111
P0_LARGER_PADDING,1,F3,0.46484375,-7.7821607666766983,-6.7926159509959634
P0_LARGER_PADDING,1,F3,0.46875,-7.6853627187625353,-6.9122489971071284
P0_LARGER_PADDING,1,F3,0.47265625,-7.554849117884757,-6.8192670112192957
P0_LARGER_PADDING,1,F3,0.4765625,-7.3501420267679185,-6.4846742390587853
P0_LARGER_PADDING,1,F3,0.48046875,-7.0668320984065733,-5.9224636532874078
P0_LARGER_PADDING,1,F3,0.484375,-6.7421136983389207,-5.2127245396195585
P0_LARGER_PADDING,1,F3,0.48828125,-6.4372995318227471,-4.4935765476745759
P0_LARGER_PADDING,1,F3,0.4921875,-6.2060515619118872,-3.9160440012632076
P0_LARGER_PADDING,1,F3,0.49609375,-6.0664761442220865,-3.5831988074975945
P0_LARGER_PADDING,1,F3,0.5,-5.9947237619610458,-3.5028688065923737
P0_LARGER_PADDING,1,F3,0.50390625,-5.9457923877624497,-3.5757856046622827
P0_LARGER_PADDING,1,F3,0.5078125,-5.8881769196508422,-3.6311657064903571
P0_LARGER_PADDING,1,F3,0.51171875,-5.8263874368909914,-3.5059419883722294
P0_LARGER_PADDING,1,F3,0.515625,-5.7930560035040486,-3.1343293009950459
P0_LARGER_PADDING,1,F3,0.51953125,-5.8164545460755495,-2.5902050928808231
P0_LARGER_PADDING,1,F3,0.5234375,-5.8884699795399147,-2.0436121077712075
P0_LARGER_PADDING,1,F3,0.52734375,-5.957274410431884,-1.6567891347407366
P0_LARGER_PADDING,1,F3,0.53125,-5.9519924566086289,-1.497765469306124
P0_LARGER_PADDING,1,F3,0.53515625,-5.8254033966129128,-1.5337130109207413
P0_LARGER_PADDING,1,F3,0.5390625,-5.5861650567017733,-1.6957016335728303
P0_LARGER_PADDING,1,F3,0.54296875,-5.2957993998286188,-1.9504355398117097
P0_LARGER_PADDING,1,F3,0.546875,-5.0305557595965729,-2.3198206968398534
P0_LARGER_PADDING,1,F3,0.55078125,-4.8360744251421455,-2.8406911240787345
P0_LARGER_PADDING,1,F3,0.5546875,-4.7073285702304482,-3.5053297617633357
P0_LARGER_PADDING,1,F3,0.55859375,-4.6028680992804549,-4.2323992557195265
P0_LARGER_PADDING,1,F3,0.5625,-4.4747929124584767,-4.8887420562180992
P0_LARGER_PADDING,1,F3,0.56640625,-4.2902443543675677,-5.3443282213528347
P0_LARGER_PADDING,1,F3,0.5703125,-4.036662827224875,-5.5251367330653292
P0_LARGER_PADDING,1,F3,0.57421875,-3.7196250640399167,-5.4397653143010141
P0_LARGER_PADDING,1,F3,0.578125,-3.3627280160165904,-5.1768025474784043
P0_LARGER_PADDING,1,F3,0.58203125,-3.0084858844605193,-4.8787329078802308
P0_LARGER_PADDING,1,F3,0.5859375,-2.7113822502366061,-4.6960449795160297
P0_LARGER_PADDING,1,F3,0.58984375,-2.5171064419523552,-4.7319082732307232
P0_LARGER_PADDING,1,F3,0.59375,-2.4345041779592216,-5.0036078077276711
P0_LARGER_PADDING,1,F3,0.59765625,-2.4188696121429176,-5.4456866528454171
P0_LARGER_PADDING,1,F3,0.6015625,-2.3829826699398602,-5.950897923131139
P0_LARGER_PADDING,1,F3,0.60546875,-2.2336151297740829,-6.4183906387191447
P0_LARGER_PADDING,1,F3,0.609375,-1.9126831055535436,-6.7833305803375223
P0_LARGER_PADDING,1,F3,0.61328125,-1.4205921622095736,-7.0253878708677071
P0_LARGER_PADDING,1,F3,0.6171875,-0.8124756891063325,-7.1650130221153878
P0_LARGER_PADDING,1,F3,0.62109375,-0.17243018437735635,-7.2512558181015985
P0_LARGER_PADDING,1,F3,0.625,0.42106434431219042,-7.3397220669274184
P0_LARGER_PADDING,1,F3,0.62890625,0.92347654847272764,-7.4648501334411126
P0_LARGER_PADDING,1,F3,0.6328125,1.3350498194997851,-7.6198928824299355
P0_LARGER_PADDING,1,F3,0.63671875,1.6916377253562112,-7.7566882355256235
P0_LARGER_PADDING,1,F3,0.640625,2.0424844677392837,-7.8048698764718125
P0_LARGER_PADDING,1,F3,0.64453125,2.4263821804511903,-7.7003140429329573
P0_LARGER_PADDING,1,F3,0.6484375,2.8559337117716499,-7.4116755928602789
P0_LARGER_PADDING,1,F3,0.65234375,3.3151927088596111,-6.9555977731879652
P0_LARGER_PADDING,1,F3,0.65625,3.7715818888595378,-6.3939103060398592
P0_LARGER_PADDING,1,F3,0.66015625,4.1973718825559523,-5.8135633541479379
P0_LARGER_PADDING,1,F3,0.6640625,4.5883154268678261,-5.2978423866020172
P0_LARGER_PADDING,1,F3,0.66796875,4.9640496695586389,-4.8995414977046838
P0_LARGER_PADDING,1,F3,0.671875,5.3456457631083065,-4.6263522439787117
P0_LARGER_PADDING,1,F3,0.67578125,5.7259311012240905,-4.4464824115174775
P0_LARGER_PADDING,1,F3,0.6796875,6.0587565506893508,-4.3120358670154317
P0_LARGER_PADDING,1,F3,0.68359375,6.2807976729301203,-4.1840726222312403
P0_LARGER_PADDING,1,F3,0.6875,6.3532646597291818,-4.0433652570753775
P0_LARGER_PADDING,1,F3,0.69140625,6.2942252329932851,-3.8863137013219973
P0_LARGER_PADDING,1,F3,0.6953125,6.1783817614422221,-3.7177874321341537
P0_LARGER_PADDING,1,F3,0.69921875,6.1036659656777026,-3.5493648699999101
P0_LARGER_PADDING,1,F3,0.703125,6.1462790404778307,-3.4002407822893543
P0_LARGER_PADDING,1,F3,0.70703125,6.332704107387773,-3.2931749029379969
P0_LARGER_PADDING,1,F3,0.7109375,6.6432462124011646,-3.2428626792284811
P0_LARGER_PADDING,1,F3,0.71484375,7.0375938108127887,-3.2420763944456468
P0_LARGER_PADDING,1,F3,0.71875,7.47936860765261,-3.2559540187342
P0_LARGER_PADDING,1,F3,0.72265625,7.9437714660515972,-3.2354822643476808
P0_LARGER_PADDING,1,F3,0.7265625,8.4105297094643099,-3.1536117412538935
P0_LARGER_PADDING,1,F3,0.73046875,8.8560863121692392,-3.0476612428845087
P0_LARGER_PADDING,1,F3,0.734375,9.2559126529596902,-3.0315902070721679
P0_LARGER_PADDING,1,F3,0.73828125,9.5951954033950528,-3.249022103479315
P0_LARGER_PADDING,1,F3,0.7421875,9.8761715476977603,-3.7828572835186369
P0_LARGER_PADDING,1,F3,0.74609375,10.11259558757088,-4.5846794544691827
P0_LARGER_PADDING,1,F3,0.75,10.31529181729014,-5.4850994076469286
P0_LARGER_PADDING,1,F3,0.75390625,10.484109745446107,-6.2878217655815094
P0_LARGER_PADDING,1,F3,0.7578125,10.616253055357976,-6.8858192848533246
P0_LARGER_PADDING,1,F3,0.76171875,10.721880530236204,-7.320766116644517
P0_LARGER_PADDING,1,F3,0.765625,10.826919398221694,-7.7451180725632272
P0_LARGER_PADDING,1,F3,0.76953125,10.955102929581322,-8.31030682026908
P0_LARGER_PADDING,1,F3,0.7734375,11.103733912943373,-9.0554822381524467
P0_LARGER_PADDING,1,F3,0.77734375,11.235797719973034,-9.8753781754175414
P0_LARGER_PADDING,1,F3,0.78125,11.297748816461207,-10.592575952401848
P0_LARGER_PADDING,1,F3,0.78515625,11.252184856446977,-11.083182056621505
P0_LARGER_PADDING,1,F3,0.7890625,11.104037353559274,-11.366212483404873
P0_LARGER_PADDING,1,F3,0.79296875,10.902886962415987,-11.595839797558071
P0_LARGER_PADDING,1,F3,0.796875,10.71852407864916,-11.965688239593407
P0_LARGER_PADDING,1,F4,-0.19921875,-0.20956275621424397,-0.7868046171458084
P0_LARGER_PADDING,1,F4,-0.1953125,-0.14734792015038078,-1.4686062998079426
P0_LARGER_PADDING,1,F4,-0.19140625,-0.072406343895211389,-2.0576790877106266
P0_LARGER_PADDING,1,F4,-0.1875,0.016517534575372417,-2.4522900260015685
P0_LARGER_PADDING,1,F4,-0.18359375,0.13356761543745499,-2.5578884360666976
P0_LARGER_PADDING,1,F4,-0.1796875,0.29408237878269405,-2.3256121975260267
P0_LARGER_PADDING,1,F4,-0.17578125,0.49520395826057673,-1.7857263885663133
P0_LARGER_PADDING,1,F4,-0.171875,0.70162216739442784,-1.0523004701728671
P0_LARGER_PADDING,1,F4,-0.16796875,0.84986348516017918,-0.29223454338454224
P0_LARGER_PADDING,1,F4,-0.1640625,0.87367922269750875,0.32964295642595987
P0_LARGER_PADDING,1,F4,-0.16015625,0.7384782804124046,0.70537446853369801
P0_LARGER_PADDING,1,F4,-0.15625,0.4640877361565956,0.81211825216881306
P0_LARGER_PADDING,1,F4,-0.15234375,0.11845593714061461,0.70134437761445478
P0_LARGER_PADDING,1,F4,-0.1484375,-0.21781889743782357,0.46277956171841139
P0_LARGER_PADDING,1,F4,-0.14453125,-0.4936104834849514,0.19129349129625051
P0_LARGER_PADDING,1,F4,-0.140625,-0.70585649344396628,-0.029007742645833945
P0_LARGER_PADDING,1,F4,-0.13671875,-0.88327297129161242,-0.13302071334633836
P0_LARGER_PADDING,1,F4,-0.1328125,-1.0526113073047538,-0.088383756822125958
P0_LARGER_PADDING,1,F4,-0.12890625,-1.2152267755600232,0.089897340923607016
P0_LARGER_PADDING,1,F4,-0.125,-1.346889405832707,0.3417162850846267
P0_LARGER_PADDING,1,F4,-0.12109375,-1.4130313461305712,0.58968641064806837
P0_LARGER_PADDING,1,F4,-0.1171875,-1.3844146763326888,0.77916695409279191
P0_LARGER_PADDING,1,F4,-0.11328125,-1.2453937668526778,0.9044211681818175
P0_LARGER_PADDING,1,F4,-0.109375,-0.99675744860300908,1.0038743683066698
P0_LARGER_PADDING,1,F4,-0.10546875,-0.65809974330215082,1.1302813382369081
P0_LARGER_PADDING,1,F4,-0.1015625,-0.27021697279109191,1.3172376378733719
P0_LARGER_PADDING,1,F4,-0.09765625,0.10792577128348546,1.5603594738967617
P0_LARGER_PADDING,1,F4,-0.09375,0.41316254254139462,1.8187480080927994
P0_LARGER_PADDING,1,F4,-0.08984375,0.60017408170816711,2.0325794090749159
P0_LARGER_PADDING,1,F4,-0.0859375,0.65900470821994128,2.1468340619944479
P0_LARGER_PADDING,1,F4,-0.08203125,0.61547827687967482,2.1296138619152436
P0_LARGER_PADDING,1,F4,-0.078125,0.51446420752975508,1.9804613631503172
P0_LARGER_PADDING,1,F4,-0.07421875,0.39965933396078279,1.732014112563701
P0_LARGER_PADDING,1,F4,-0.0703125,0.30378620611448859,1.4437117805280255
P0_LARGER_PADDING,1,F4,-0.06640625,0.24928860499531028,1.1780899031163476
P0_LARGER_PADDING,1,F4,-0.0625,0.24845113638219929,0.96150585455254278
P0_LARGER_PADDING,1,F4,-0.05859375,0.29740282505480631,0.75740923845997021
P0_LARGER_PADDING,1,F4,-0.0546875,0.37212320507326579,0.48594223566969408
P0_LARGER_PADDING,1,F4,-0.05078125,0.43631303559101686,0.089354831258937895
P0_LARGER_PADDING,1,F4,-0.046875,0.45836092843069376,-0.40324976211085234
P0_LARGER_PADDING,1,F4,-0.04296875,0.42512724655841472,-0.86805702927097239
P0_LARGER_PADDING,1,F4,-0.0390625,0.34464547093999476,-1.1511462835666522
P0_LARGER_PADDING,1,F4,-0.03515625,0.23982018326050392,-1.1645443812059983
P0_LARGER_PADDING,1,F4,-0.03125,0.13925385469612708,-0.94773237823148215
P0_LARGER_PADDING,1,F4,-0.02734375,0.068849726920230447,-0.65364408623211379
P0_LARGER_PADDING,1,F4,-0.0234375,0.044803914144847037,-0.47054157344801606
P0_LARGER_PADDING,1,F4,-0.01953125,0.068093979093440823,-0.53012170265994196
P0_LARGER_PADDING,1,F4,-0.015625,0.12161384212517759,-0.85359625188587684
P0_LARGER_PADDING,1,F4,-0.01171875,0.17278307222980577,-1.3570364234584287
P0_LARGER_PADDING,1,F4,-0.0078125,0.18544129921061764,-1.9002585809124493
P0_LARGER_PADDING,1,F4,-0.00390625,0.14093153966587746,-2.3459760131997109
P0_LARGER_PADDING,1,F4,0,0.058447151741320091,-2.6041064796839999
P0_LARGER_PADDING,1,F4,0.00390625,-0.0018082054219505928,-2.6529939472429729
P0_LARGER_PADDING,1,F4,0.0078125,0.038573960687570796,-2.5387033074700862
P0_LARGER_PADDING,1,F4,0.01171875,0.23698604070970014,-2.3563576628377385
P0_LARGER_PADDING,1,F4,0.015625,0.59642593190819171,-2.2187866784975454
P0_LARGER_PADDING,1,F4,0.01953125,1.0571774419145765,-2.2180779464934433
P0_LARGER_PADDING,1,F4,0.0234375,1.5183559746799793,-2.3888951676173495
P0_LARGER_PADDING,1,F4,0.02734375,1.8779154885994456,-2.6904015091301963
P0_LARGER_PADDING,1,F4,0.03125,2.0699399033521919,-3.02315459770952
P0_LARGER_PADDING,1,F4,0.03515625,2.0813816179654063,-3.277458980338499
P0_LARGER_PADDING,1,F4,0.0390625,1.9454517030988479,-3.3859924495989766
P0_LARGER_PADDING,1,F4,0.04296875,1.7227454021162842,-3.3505417958096406
P0_LARGER_PADDING,1,F4,0.046875,1.4824926314291562,-3.230674530073367
P0_LARGER_PADDING,1,F4,0.05078125,1.2879867730378483,-3.1032471009793396
P0_LARGER_PADDING,1,F4,0.0546875,1.1841522147241788,-3.0156953721481092
P0_LARGER_PADDING,1,F4,0.05859375,1.1873880881371901,-2.9613389908453409
P0_LARGER_PADDING,1,F4,0.0625,1.2825191656498998,-2.8948885002479647
P0_LARGER_PADDING,1,F4,0.06640625,1.4302975024220912,-2.7781959778756122
P0_LARGER_PADDING,1,F4,0.0703125,1.5822085810619857,-2.6202504098652
P0_LARGER_PADDING,1,F4,0.07421875,1.6957297876772126,-2.4801718107631356
P0_LARGER_PADDING,1,F4,0.078125,1.7457160669914678,-2.4343450710836771
P0_LARGER_PADDING,1,F4,0.08203125,1.7307735715500721,-2.5331482836080403
P0_LARGER_PADDING,1,F4,0.0859375,1.6734546028820159,-2.7693494695895886
P0_LARGER_PADDING,1,F4,0.08984375,1.61255268049953,-3.0678747864142695
P0_LARGER_PADDING,1,F4,0.09375,1.5878730744145042,-3.3040648625875435
P0_LARGER_PADDING,1,F4,0.09765625,1.6218124292798419,-3.3530192439219904
P0_LARGER_PADDING,1,F4,0.1015625,1.7052313962529559,-3.1523712819296539
P0_LARGER_PADDING,1,F4,0.10546875,1.7953401879605613,-2.7418336093023381
P0_LARGER_PADDING,1,F4,0.109375,1.8295404656496232,-2.2508897711428388
P0_LARGER_PADDING,1,F4,0.11328125,1.7520593980483297,-1.8377975073359969
P0_LARGER_PADDING,1,F4,0.1171875,1.5428346657732217,-1.6125445742384099
P0_LARGER_PADDING,1,F4,0.12109375,1.2344429453147656,-1.5854164276400642
P0_LARGER_PADDING,1,F4,0.125,0.90599572688088481,-1.6691685768826579
P0_LARGER_PADDING,1,F4,0.12890625,0.65352089986879847,-1.7323969698258725
P0_LARGER_PADDING,1,F4,0.1328125,0.54979146059046591,-1.6702269810049573
P0_LARGER_PADDING,1,F4,0.13671875,0.61339687329914871,-1.4488134515045099
P0_LARGER_PADDING,1,F4,0.140625,0.80109010964164507,-1.1021041374416904
P0_LARGER_PADDING,1,F4,0.14453125,1.0242762914147132,-0.6950726145896251
P0_LARGER_PADDING,1,F4,0.1484375,1.1811993760628121,-0.28661444437548855
P0_LARGER_PADDING,1,F4,0.15234375,1.194647402070264,0.085599755237012465
P0_LARGER_PADDING,1,F4,0.15625,1.0445578840419747,0.40011868555877828
P0_LARGER_PADDING,1,F4,0.16015625,0.78252132182967382,0.64039999282571902
P0_LARGER_PADDING,1,F4,0.1640625,0.51704692351999948,0.78642477555004653
P0_LARGER_PADDING,1,F4,0.16796875,0.37006691402746628,0.81202118144267454
P0_LARGER_PADDING,1,F4,0.171875,0.42212993616398958,0.6906687040831786
P0_LARGER_PADDING,1,F4,0.17578125,0.6741703894384321,0.41097195481034088
P0_LARGER_PADDING,1,F4,0.1796875,1.0473461242682438,-0.0055489539420339185
P0_LARGER_PADDING,1,F4,0.18359375,1.4208915317776796,-0.49717525180536537
P0_LARGER_PADDING,1,F4,0.1875,1.6862863319409409,-0.97171088613207091
P0_LARGER_PADDING,1,F4,0.19140625,1.7894315823285027,-1.329622436509408
P0_LARGER_PADDING,1,F4,0.1953125,1.7429263245057911,-1.4929860349155457
P0_LARGER_PADDING,1,F4,0.19921875,1.6082794140382553,-1.4311588112616453
P0_LARGER_PADDING,1,F4,0.203125,1.4618097491360171,-1.1719028588249434
P0_LARGER_PADDING,1,F4,0.20703125,1.3620936178054257,-0.7912235006174938
P0_LARGER_PADDING,1,F4,0.2109375,1.3315777747689124,-0.38767252158829568
P0_LARGER_PADDING,1,F4,0.21484375,1.355726360007838,-0.053973110973301486
P0_LARGER_PADDING,1,F4,0.21875,1.3958315026218027,0.14546392397687602
P0_LARGER_PADDING,1,F4,0.22265625,1.4085718989386753,0.18682337269331439
P0_LARGER_PADDING,1,F4,0.2265625,1.3646978527975311,0.083838015506932262
P0_LARGER_PADDING,1,F4,0.23046875,1.2593862660319937,-0.12980085054669921
P0_LARGER_PADDING,1,F4,0.234375,1.1096550777198395,-0.41736212551433238
P0_LARGER_PADDING,1,F4,0.23828125,0.94130212180438133,-0.73817824043464897
P0_LARGER_PADDING,1,F4,0.2421875,0.77528962272092938,-1.0336109113139904
P0_LARGER_PADDING,1,F4,0.24609375,0.62422730164591334,-1.2264993880290891
P0_LARGER_PADDING,1,F4,0.25,0.50122578179442767,-1.2520437719633701
P0_LARGER_PADDING,1,F4,0.25390625,0.43189595520855606,-1.1035135351266998
P0_LARGER_PADDING,1,F4,0.2578125,0.45534508294602649,-0.85328792838471279
P0_LARGER_PADDING,1,F4,0.26171875,0.60722909814129933,-0.62459225367019311
P0_LARGER_PADDING,1,F4,0.265625,0.89328768639816247,-0.52711837651685789
P0_LARGER_PADDING,1,F4,0.26953125,1.2727555899910301,-0.59538831604839204
P0_LARGER_PADDING,1,F4,0.2734375,1.666929330475037,-0.76557651425133111
P0_LARGER_PADDING,1,F4,0.27734375,1.9916185202162797,-0.90412455871131381
P0_LARGER_PADDING,1,F4,0.28125,2.1963509945372093,-0.87516823870944038
P0_LARGER_PADDING,1,F4,0.28515625,2.2884811242157737,-0.61353485908745342
P0_LARGER_PADDING,1,F4,0.2890625,2.328514355456746,-0.16542158578560873
P0_LARGER_PADDING,1,F4,0.29296875,2.399153463631599,0.32476429108921057
P0_LARGER_PADDING,1,F4,0.296875,2.5653284456491372,0.67517489737082448
P0_LARGER_PADDING,1,F4,0.30078125,2.8464119168497848,0.74684980454043437
P0_LARGER_PADDING,1,F4,0.3046875,3.2131912567849135,0.50732578476115098
P0_LARGER_PADDING,1,F4,0.30859375,3.6073233346072535,0.046419789902565789
P0_LARGER_PADDING,1,F4,0.3125,3.9686931738330848,-0.46615846698722985
P0_LARGER_PADDING,1,F4,0.31640625,4.2540201619777047,-0.85907985411825116
P0_LARGER_PADDING,1,F4,0.3203125,4.4402924580702994,-1.0282775553864143
P0_LARGER_PADDING,1,F4,0.32421875,4.5201502230304484,-0.96075844171471214
P0_LARGER_PADDING,1,F4,0.328125,4.4997154520061802,-0.71374437698593329
P0_LARGER_PADDING,1,F4,0.33203125,4.4004177566346518,-0.37763947926219288
P0_LARGER_PADDING,1,F4,0.3359375,4.2571311391351205,-0.047475137811821
P0_LARGER_PADDING,1,F4,0.33984375,4.1067970615230358,0.19455974106173013
P0_LARGER_PADDING,1,F4,0.34375,3.9720141553801502,0.29378476633985473
P0_LARGER_PADDING,1,F4,0.34765625,3.8503114572143096,0.23634623121666154
P0_LARGER_PADDING,1,F4,0.3515625,3.7154472562654575,0.054449156777707231
P0_LARGER_PADDING,1,F4,0.35546875,3.5286090797230258,-0.1826798434140291
P0_LARGER_PADDING,1,F4,0.359375,3.2539105792935876,-0.39246317487956395
P0_LARGER_PADDING,1,F4,0.36328125,2.8735984634597824,-0.50909454735335835
P0_LARGER_PADDING,1,F4,0.3671875,2.3977313985295696,-0.50424174240060049
P0_LARGER_PADDING,1,F4,0.37109375,1.8612721080241545,-0.38690424644299171
P0_LARGER_PADDING,1,F4,0.375,1.3061136137017693,-0.18817040353236836
P0_LARGER_PADDING,1,F4,0.37890625,0.75783821393212358,0.053203533146531368
P0_LARGER_PADDING,1,F4,0.3828125,0.21512521731051723,0.29713695543006508
P0_LARGER_PADDING,1,F4,0.38671875,-0.33826902980940399,0.50601432119657841
P0_LARGER_PADDING,1,F4,0.390625,-0.90817097903035793,0.6511343343840148
P0_LARGER_PADDING,1,F4,0.39453125,-1.4725112918111833,0.71853018706881056
P0_LARGER_PADDING,1,F4,0.3984375,-1.9863593450972945,0.7097403008057801
P0_LARGER_PADDING,1,F4,0.40234375,-2.4058800380296095,0.64098273958921359
P0_LARGER_PADDING,1,F4,0.40625,-2.7145541237130191,0.54648231592491792
P0_LARGER_PADDING,1,F4,0.41015625,-2.9363085643347411,0.48084853266536642
P0_LARGER_PADDING,1,F4,0.4140625,-3.1301614698987441,0.50696677961278214
P0_LARGER_PADDING,1,F4,0.41796875,-3.3695409204075184,0.66751750985748348
P0_LARGER_PADDING,1,F4,0.421875,-3.7142056977573308,0.95909533297788663
P0_LARGER_PADDING,1,F4,0.42578125,-4.1859440969970514,1.33026890157634
P0_LARGER_PADDING,1,F4,0.4296875,-4.7594072528756968,1.7042123962336522
P0_LARGER_PADDING,1,F4,0.43359375,-5.3728240640481886,2.0076979078497228
P0_LARGER_PADDING,1,F4,0.4375,-5.9519198628926073,2.1903527044517075
P0_LARGER_PADDING,1,F4,0.44140625,-6.4331818706743302,2.2316622784424043
P0_LARGER_PADDING,1,F4,0.4453125,-6.7767418112017088,2.1399254691232734
P0_LARGER_PADDING,1,F4,0.44921875,-6.9699639170745051,1.946027900697195
P0_LARGER_PADDING,1,F4,0.453125,-7.0281122930361315,1.6949451304074188
P0_LARGER_PADDING,1,F4,0.45703125,-6.993307553457214,1.4395458446175544
P0_LARGER_PADDING,1,F4,0.4609375,-6.9259278364775589,1.2381268388024482
P0_LARGER_PADDING,1,F4,0.46484375,-6.8845527440009295,1.1515794753690471
P0_LARGER_PADDING,1,F4,0.46875,-6.9007583658966034,1.2356356335664183
P0_LARGER_PADDING,1,F4,0.47265625,-6.9628058668325812,1.5267998753303882
P0_LARGER_PADDING,1,F4,0.4765625,-7.0200628396957514,2.023389862478675
P0_LARGER_PADDING,1,F4,0.48046875,-7.0091738585696088,2.6693817241942783
P0_LARGER_PADDING,1,F4,0.484375,-6.8893151509927968,3.3563566196117351
P0_LARGER_PADDING,1,F4,0.48828125,-6.6654153518068053,3.953769381627521
P0_LARGER_PADDING,1,F4,0.4921875,-6.3833557634110925,4.3584298576654383
P0_LARGER_PADDING,1,F4,0.49609375,-6.1000337651450911,4.5396994090689464
P0_LARGER_PADDING,1,F4,0.5,-5.8504494768727762,4.5593167751261223
P0_LARGER_PADDING,1,F4,0.50390625,-5.6362102542776285,4.5544292843811958
P0_LARGER_PADDING,1,F4,0.5078125,-5.4412058470641096,4.6818427871990966
P0_LARGER_PADDING,1,F4,0.51171875,-5.257063657405066,5.0392584987583851
P0_LARGER_PADDING,1,F4,0.515625,-5.0946740380160023,5.6046329553473289
P0_LARGER_PADDING,1,F4,0.51953125,-4.9727309515978595,6.2395612159709533
P0_LARGER_PADDING,1,F4,0.5234375,-4.8943452588431047,6.7643348960340157
P0_LARGER_PADDING,1,F4,0.52734375,-4.8318418164953867,7.0563570175325143
P0_LARGER_PADDING,1,F4,0.53125,-4.7338318092998675,7.1039704045246364
P0_LARGER_PADDING,1,F4,0.53515625,-4.5527182896158269,6.9851789697313071
P0_LARGER_PADDING,1,F4,0.5390625,-4.2744673507678694,6.7989357716956382
P0_LARGER_PADDING,1,F4,0.54296875,-3.9282014225355764,6.6046290790684621
P0_LARGER_PADDING,1,F4,0.546875,-3.5673240758866611,6.4073797884407098
P0_LARGER_PADDING,1,F4,0.55078125,-3.2362569054897472,6.186133423151384
P0_LARGER_PADDING,1,F4,0.5546875,-2.9471929247813859,5.9321555365173477
P0_LARGER_PADDING,1,F4,0.55859375,-2.6803278046359242,5.6669497339557253
P0_LARGER_PADDING,1,F4,0.5625,-2.4014125202331744,5.4340592121929738
P0_LARGER_PADDING,1,F4,0.56640625,-2.0817758686874801,5.280853994510653
P0_LARGER_PADDING,1,F4,0.5703125,-1.7117941563921333,5.2440734162781339
P0_LARGER_PADDING,1,F4,0.57421875,-1.3063604181345914,5.3376806759178983
P0_LARGER_PADDING,1,F4,0.578125,-0.9016419302012364,5.5382315319949775
P0_LARGER_PADDING,1,F4,0.58203125,-0.5410561228919224,5.775117395559251
P0_LARGER_PADDING,1,F4,0.5859375,-0.25198932319379175,5.9409919657050727
P0_LARGER_PADDING,1,F4,0.58984375,-0.022995182092335753,5.9264981189873822
P0_LARGER_PADDING,1,F4,0.59375,0.20294636854126735,5.6628743257269427
P0_LARGER_PADDING,1,F4,0.59765625,0.50841300104953357,5.1491114042677424
P0_LARGER_PADDING,1,F4,0.6015625,0.96110018392154728,4.4531519261093768
P0_LARGER_PADDING,1,F4,0.60546875,1.5767307991953481,3.6909630786193883
P0_LARGER_PADDING,1,F4,0.609375,2.3098296288722215,2.9898524451362967
P0_LARGER_PADDING,1,F4,0.61328125,3.0776960913385878,2.4434652515294384
P0_LARGER_PADDING,1,F4,0.6171875,3.8008383345387924,2.075751950304535
P0_LARGER_PADDING,1,F4,0.62109375,4.4364347634658374,1.8372761102124007
P0_LARGER_PADDING,1,F4,0.625,4.9905409098288542,1.6421948041719219
P0_LARGER_PADDING,1,F4,0.62890625,5.5082895947553601,1.4242847444684994
P0_LARGER_PADDING,1,F4,0.6328125,6.0509354872998173,1.1732759223571776
P0_LARGER_PADDING,1,F4,0.63671875,6.6715574805120959,0.92850742856536517
P0_LARGER_PADDING,1,F4,0.640625,7.3973970297639227,0.74223762994301712
P0_LARGER_PADDING,1,F4,0.64453125,8.22036817832781,0.64476869787635049
P0_LARGER_PADDING,1,F4,0.6484375,9.0954297599612222,0.63275109055008372
P0_LARGER_PADDING,1,F4,0.65234375,9.9504109213198166,0.67965746117083015
P0_LARGER_PADDING,1,F4,0.65625,10.711503504945698,0.75530190007977893
P0_LARGER_PADDING,1,F4,0.66015625,11.338031669340692,0.84206560178994749
P0_LARGER_PADDING,1,F4,0.6640625,11.845742802997211,0.94307757836809536
P0_LARGER_PADDING,1,F4,0.66796875,12.298075157508034,1.0846258892330116
P0_LARGER_PADDING,1,F4,0.671875,12.766206493804866,1.3132802713322338
P0_LARGER_PADDING,1,F4,0.67578125,13.283624218742458,1.6812984388772882
P0_LARGER_PADDING,1,F4,0.6796875,13.825581373737002,2.2184875816563938
P0_LARGER_PADDING,1,F4,0.68359375,14.324838936993842,2.9061789799223749
P0_LARGER_PADDING,1,F4,0.6875,14.71088278396552,3.675699918682982
P0_LARGER_PADDING,1,F4,0.69140625,14.948039029415332,4.435317842232589
P0_LARGER_PADDING,1,F4,0.6953125,15.052069628845416,5.1047438299965631
P0_LARGER_PADDING,1,F4,0.69921875,15.078928213407956,5.6322552907680148
P0_LARGER_PADDING,1,F4,0.703125,15.095418861923864,5.9887629188877067
P0_LARGER_PADDING,1,F4,0.70703125,15.151519488178431,6.1535590545206453
P0_LARGER_PADDING,1,F4,0.7109375,15.271221561048854,6.1091270098983301
P0_LARGER_PADDING,1,F4,0.71484375,15.462595417807698,5.8504246059727478
P0_LARGER_PADDING,1,F4,0.71875,15.730540319955274,5.4012546605493981
P0_LARGER_PADDING,1,F4,0.72265625,16.074915886647556,4.8228667165495622
P0_LARGER_PADDING,1,F4,0.7265625,16.475456290863015,4.2002892470821465
P0_LARGER_PADDING,1,F4,0.73046875,16.883369756797673,3.6060387213659997
P0_LARGER_PADDING,1,F4,0.734375,17.236108181505696,3.0642513273415588
P0_LARGER_PADDING,1,F4,0.73828125,17.488700631138194,2.5473356793913489
P0_LARGER_PADDING,1,F4,0.7421875,17.636648817667961,2.0141051634106226
P0_LARGER_PADDING,1,F4,0.74609375,17.711277810037657,1.4593731360192557
P0_LARGER_PADDING,1,F4,0.75,17.752976717560081,0.92938214577656098
P0_LARGER_PADDING,1,F4,0.75390625,17.786525646806425,0.48484488677620519
P0_LARGER_PADDING,1,F4,0.7578125,17.817568153806697,0.14010237635951128
P0_LARGER_PADDING,1,F4,0.76171875,17.846730037958611,-0.17024006930476787
P0_LARGER_PADDING,1,F4,0.765625,17.881902160661092,-0.56570520472178032
P0_LARGER_PADDING,1,F4,0.76953125,17.935211957762398,-1.1478586127204409
P0_LARGER_PADDING,1,F4,0.7734375,18.009550036271207,-1.9298525598421392
P0_LARGER_PADDING,1,F4,0.77734375,18.089194501160438,-2.8194158086949699
P0_LARGER_PADDING,1,F4,0.78125,18.143041445382337,-3.6732934837847075
P0_LARGER_PADDING,1,F4,0.78515625,18.137371912680504,-4.3894625458323357
P0_LARGER_PADDING,1,F4,0.7890625,18.048888113857089,-4.9724958663341976
P0_LARGER_PADDING,1,F4,0.79296875,17.870177409196405,-5.524184513408775
P0_LARGER_PADDING,1,F4,0.796875,17.605757955037944,-6.1658651779932114
P0_LARGER_PADDING,2,Fz,-0.19921875,1.5524402497070331,-0.68512806655544267
P0_LARGER_PADDING,2,Fz,-0.1953125,1.468518442592418,-0.78171474896830162
P0_LARGER_PADDING,2,Fz,-0.19140625,1.3479170052041314,-0.9165157907590471
P0_LARGER_PADDING,2,Fz,-0.1875,1.2324960684470621,-1.0536370384935132
P0_LARGER_PADDING,2,Fz,-0.18359375,1.1529066066604308,-1.1421963520789102
P0_LARGER_PADDING,2,Fz,-0.1796875,1.1076534097394428,-1.1403193772226075
P0_LARGER_PADDING,2,Fz,-0.17578125,1.06581991829119,-1.0466406890156912
P0_LARGER_PADDING,2,Fz,-0.171875,0.9923758318956486,-0.91611981648368779
P0_LARGER_PADDING,2,Fz,-0.16796875,0.87682407737953783,-0.84109631905256843
P0_LARGER_PADDING,2,Fz,-0.1640625,0.74468258952018296,-0.90283852537070874
P0_LARGER_PADDING,2,Fz,-0.16015625,0.64512123078533712,-1.1214504105380723
P0_LARGER_PADDING,2,Fz,-0.15625,0.6239155656683596,-1.4347465128929742
P0_LARGER_PADDING,2,Fz,-0.15234375,0.69871186857054501,-1.7195364883340176
P0_LARGER_PADDING,2,Fz,-0.1484375,0.85107713535403462,-1.8438015145557844
P0_LARGER_PADDING,2,Fz,-0.14453125,1.0389733293100729,-1.7214378428132091
P0_LARGER_PADDING,2,Fz,-0.140625,1.2199899581677429,-1.343596814108055
P0_LARGER_PADDING,2,Fz,-0.13671875,1.3694556224555374,-0.7778751541571638
P0_LARGER_PADDING,2,Fz,-0.1328125,1.4836536002531178,-0.14239039563253608
P0_LARGER_PADDING,2,Fz,-0.12890625,1.5701259516143495,0.43294935559979408
P0_LARGER_PADDING,2,Fz,-0.125,1.6334181546235502,0.84496086287902616
P0_LARGER_PADDING,2,Fz,-0.12109375,1.6637172521781878,1.0415923316816993
P0_LARGER_PADDING,2,Fz,-0.1171875,1.6337946140358877,1.0235401230744716
P0_LARGER_PADDING,2,Fz,-0.11328125,1.5081353851941386,0.82847604689958687
P0_LARGER_PADDING,2,Fz,-0.109375,1.2625476364210035,0.51469044862191504
P0_LARGER_PADDING,2,Fz,-0.10546875,0.9035931021510355,0.15593921492514151
P0_LARGER_PADDING,2,Fz,-0.1015625,0.47429440254647176,-0.15915885060062751
P0_LARGER_PADDING,2,Fz,-0.09765625,0.041010947518576174,-0.34043520186381937
P0_LARGER_PADDING,2,Fz,-0.09375,-0.33158982279797011,-0.32697704074804135
P0_LARGER_PADDING,2,Fz,-0.08984375,-0.60537807120189924,-0.11756932461058567
P0_LARGER_PADDING,2,Fz,-0.0859375,-0.78356897417480842,0.22377026819905133
P0_LARGER_PADDING,2,Fz,-0.08203125,-0.90977128737949842,0.59534240266963567
P0_LARGER_PADDING,2,Fz,-0.078125,-1.0502413845003247,0.90359162000405058
P0_LARGER_PADDING,2,Fz,-0.07421875,-1.2648945226114297,1.1013937459959477
P0_LARGER_PADDING,2,Fz,-0.0703125,-1.5784841838640475,1.1993716810591764
P0_LARGER_PADDING,2,Fz,-0.06640625,-1.9642665389544036,1.2480508776619701
P0_LARGER_PADDING,2,Fz,-0.0625,-2.3483280298988549,1.3051047631702095
P0_LARGER_PADDING,2,Fz,-0.05859375,-2.6351851455742321,1.4067717928057997
P0_LARGER_PADDING,2,Fz,-0.0546875,-2.7447286156694277,1.5541455110821436
P0_LARGER_PADDING,2,Fz,-0.05078125,-2.6418914552713963,1.7139778572573972
P0_LARGER_PADDING,2,Fz,-0.046875,-2.3433229536142628,1.8303145790932231
P0_LARGER_PADDING,2,Fz,-0.04296875,-1.9014972773379115,1.8447098862175912
P0_LARGER_PADDING,2,Fz,-0.0390625,-1.3824490511045482,1.7191891188572597
P0_LARGER_PADDING,2,Fz,-0.03515625,-0.85355374245478188,1.4496703560906177
P0_LARGER_PADDING,2,Fz,-0.03125,-0.38349037683380899,1.062006775407023
P0_LARGER_PADDING,2,Fz,-0.02734375,-0.043428146331242173,0.59884886880018717
P0_LARGER_PADDING,2,Fz,-0.0234375,0.10132903286229328,0.11207767442101896
P0_LARGER_PADDING,2,Fz,-0.01953125,0.0097134896919499336,-0.33908167456906418
P0_LARGER_PADDING,2,Fz,-0.015625,-0.31569954095640729,-0.69883109322348624
P0_LARGER_PADDING,2,Fz,-0.01171875,-0.82001613914517524,-0.93914891909037401
P0_LARGER_PADDING,2,Fz,-0.0078125,-1.4064535549123061,-1.0794045253356197
P0_LARGER_PADDING,2,Fz,-0.00390625,-1.9659736642505492,-1.1788376754000371
P0_LARGER_PADDING,2,Fz,0,-2.4155335602599521,-1.3013819743735824
P0_LARGER_PADDING,2,Fz,0.00390625,-2.7278269223036817,-1.4757067271728335
P0_LARGER_PADDING,2,Fz,0.0078125,-2.9387601173084459,-1.6764349883813172
P0_LARGER_PADDING,2,Fz,0.01171875,-3.1297005151457693,-1.8374227665388312
P0_LARGER_PADDING,2,Fz,0.015625,-3.391906110881957,-1.888989782059542
P0_LARGER_PADDING,2,Fz,0.01953125,-3.786635762580802,-1.7973619680878743
P0_LARGER_PADDING,2,Fz,0.0234375,-4.3170625359969508,-1.5815717285256743
P0_LARGER_PADDING,2,Fz,0.02734375,-4.925717920026254,-1.2958677161681535
P0_LARGER_PADDING,2,Fz,0.03125,-5.5201453973462344,-0.98967881047645889
P0_LARGER_PADDING,2,Fz,0.03515625,-6.0131727898692215,-0.67342049509623791
P0_LARGER_PADDING,2,Fz,0.0390625,-6.3553475502085437,-0.31233296712393344
P0_LARGER_PADDING,2,Fz,0.04296875,-6.5446509101392776,0.15042830998194212
P0_LARGER_PADDING,2,Fz,0.046875,-6.6155053096991532,0.75702814310683486
P0_LARGER_PADDING,2,Fz,0.05078125,-6.6191750554899045,1.5045326226310785
P0_LARGER_PADDING,2,Fz,0.0546875,-6.6053706430164185,2.3371824722001406
P0_LARGER_PADDING,2,Fz,0.05859375,-6.609229847000055,3.1677125796098684
P0_LARGER_PADDING,2,Fz,0.0625,-6.6461843255626043,3.9169391391377815
P0_LARGER_PADDING,2,Fz,0.06640625,-6.7160690514926111,4.5465463798146732
P0_LARGER_PADDING,2,Fz,0.0703125,-6.813395033882065,5.0637925710096567
P0_LARGER_PADDING,2,Fz,0.07421875,-6.9370499525321376,5.4976221956303437
P0_LARGER_PADDING,2,Fz,0.078125,-7.0941411409880892,5.8653919370776437
P0_LARGER_PADDING,2,Fz,0.08203125,-7.2969529543648477,6.1539619553390201
P0_LARGER_PADDING,2,Fz,0.0859375,-7.5553547487888286,6.3282146711467799
P0_LARGER_PADDING,2,Fz,0.08984375,-7.869013294187809,6.3617133893427473
P0_LARGER_PADDING,2,Fz,0.09375,-8.2239793118567999,6.2676277107551526
P0_LARGER_PADDING,2,Fz,0.09765625,-8.5951810114374663,6.1043346645865038
P0_LARGER_PADDING,2,Fz,0.1015625,-8.9521213293045694,5.9466451901391393
P0_LARGER_PADDING,2,Fz,0.10546875,-9.2646538617182586,5.841344774221171
P0_LARGER_PADDING,2,Fz,0.109375,-9.5093075853343905,5.7800134646744024
P0_LARGER_PADDING,2,Fz,0.11328125,-9.6779872292854119,5.708097070337903
P0_LARGER_PADDING,2,Fz,0.1171875,-9.786727861027213,5.5612557929352127
P0_LARGER_PADDING,2,Fz,0.12109375,-9.8777008664667036,5.304545133044317
P0_LARGER_PADDING,2,Fz,0.125,-10.009076440443071,4.9550720046106163
P0_LARGER_PADDING,2,Fz,0.12890625,-10.234134053097891,4.5814755282178004
P0_LARGER_PADDING,2,Fz,0.1328125,-10.577880526491185,4.2820757177538535
P0_LARGER_PADDING,2,Fz,0.13671875,-11.022080842563303,4.1493647115766983
P0_LARGER_PADDING,2,Fz,0.140625,-11.506978045464685,4.2355890392974604
P0_LARGER_PADDING,2,Fz,0.14453125,-11.951129609595037,4.5358087183207516
P0_LARGER_PADDING,2,Fz,0.1484375,-12.282003563912962,4.9932221963392234
P0_LARGER_PADDING,2,Fz,0.15234375,-12.463563522662888,5.5163311951249749
P0_LARGER_PADDING,2,Fz,0.15625,-12.507919884170867,5.9968821420139768
P0_LARGER_PADDING,2,Fz,0.16015625,-12.466734329011473,6.3297328831368258
P0_LARGER_PADDING,2,Fz,0.1640625,-12.408696881756619,6.4396069607123447
P0_LARGER_PADDING,2,Fz,0.16796875,-12.395118750480179,6.3073488093646919
P0_LARGER_PADDING,2,Fz,0.171875,-12.464192179351773,5.9784303718937579
P0_LARGER_PADDING,2,Fz,0.17578125,-12.628204186522634,5.5458694840822229
P0_LARGER_PADDING,2,Fz,0.1796875,-12.880713630851933,5.1183141938806234
P0_LARGER_PADDING,2,Fz,0.18359375,-13.206028326634463,4.7906794437061606
P0_LARGER_PADDING,2,Fz,0.1875,-13.584443569375999,4.6264948811451081
P0_LARGER_PADDING,2,Fz,0.19140625,-13.993118890956648,4.6513992761455771
P0_LARGER_PADDING,2,Fz,0.1953125,-14.407557834321649,4.8532565741533098
P0_LARGER_PADDING,2,Fz,0.19921875,-14.806347369704252,5.1842795818740885
P0_LARGER_PADDING,2,Fz,0.203125,-15.175929443952636,5.5645295683164893
P0_LARGER_PADDING,2,Fz,0.20703125,-15.51149421998128,5.8931544022475535
P0_LARGER_PADDING,2,Fz,0.2109375,-15.814488154445888,6.0740839069168224
P0_LARGER_PADDING,2,Fz,0.21484375,-16.089028762338756,6.0504886581962403
P0_LARGER_PADDING,2,Fz,0.21875,-16.337279783459941,5.8285806546522494
P0_LARGER_PADDING,2,Fz,0.22265625,-16.553387302231506,5.4734712599184583
P0_LARGER_PADDING,2,Fz,0.2265625,-16.71875156377401,5.0775726830402501
P0_LARGER_PADDING,2,Fz,0.23046875,-16.803593432406803,4.7187571530469441
P0_LARGER_PADDING,2,Fz,0.234375,-16.777173330020794,4.4303560655469418
P0_LARGER_PADDING,2,Fz,0.23828125,-16.623070113874036,4.200043820847295
P0_LARGER_PADDING,2,Fz,0.2421875,-16.351706039884377,4.000944797570515
P0_LARGER_PADDING,2,Fz,0.24609375,-16.003289528828653,3.8366881391327912
P0_LARGER_PADDING,2,Fz,0.25,-15.638699456314466,3.7671900660422892
P0_LARGER_PADDING,2,Fz,0.25390625,-15.320393266340322,3.8920899219826648
P0_LARGER_PADDING,2,Fz,0.2578125,-15.090200460686521,4.2986544901839867
P0_LARGER_PADDING,2,Fz,0.26171875,-14.954531028016621,5.0044874019974674
P0_LARGER_PADDING,2,Fz,0.265625,-14.885019004769671,5.9269865990244046
P0_LARGER_PADDING,2,Fz,0.26953125,-14.833573630258275,6.8971434663206708
P0_LARGER_PADDING,2,Fz,0.2734375,-14.752667846550732,7.7152842766535823
P0_LARGER_PADDING,2,Fz,0.27734375,-14.610278993043961,8.2257650375780749
P0_LARGER_PADDING,2,Fz,0.28125,-14.393659264135337,8.3748286153662743
P0_LARGER_PADDING,2,Fz,0.28515625,-14.104204853426282,8.2234157786823712
P0_LARGER_PADDING,2,Fz,0.2890625,-13.752310626005734,7.9138447192892922
P0_LARGER_PADDING,2,Fz,0.29296875,-13.359578655937632,7.6136945195583507
P0_LARGER_PADDING,2,Fz,0.296875,-12.965739596421352,7.4616653691401602
P0_LARGER_PADDING,2,Fz,0.30078125,-12.628913290055895,7.5265540256959778
P0_LARGER_PADDING,2,Fz,0.3046875,-12.410189318121127,7.7854167166880774
P0_LARGER_PADDING,2,Fz,0.30859375,-12.346302560491413,8.1329049757785512
P0_LARGER_PADDING,2,Fz,0.3125,-12.426786376864243,8.4284205199473874
P0_LARGER_PADDING,2,Fz,0.31640625,-12.592423238655954,8.5631769578680288
P0_LARGER_PADDING,2,Fz,0.3203125,-12.758237486026388,8.5097863550944748
P0_LARGER_PADDING,2,Fz,0.32421875,-12.848441179521117,8.3260289636596401
P0_LARGER_PADDING,2,Fz,0.328125,-12.825368335796819,8.1139042017385243
P0_LARGER_PADDING,2,Fz,0.33203125,-12.700324911083692,7.9598489351209487
P0_LARGER_PADDING,2,Fz,0.3359375,-12.524329184935006,7.8889684313154831
P0_LARGER_PADDING,2,Fz,0.33984375,-12.365542742819281,7.8572086631131732
P0_LARGER_PADDING,2,Fz,0.34375,-12.284931707734373,7.7852261373434803
P0_LARGER_PADDING,2,Fz,0.34765625,-12.320244664707019,7.6128803169775026
P0_LARGER_PADDING,2,Fz,0.3515625,-12.481958946176242,7.3393149749170075
P0_LARGER_PADDING,2,Fz,0.35546875,-12.758468446085811,7.0247937565674103
P0_LARGER_PADDING,2,Fz,0.359375,-13.125337219857125,6.7587589630018705
P0_LARGER_PADDING,2,Fz,0.36328125,-13.55427616309904,6.6184090108036528
P0_LARGER_PADDING,2,Fz,0.3671875,-14.019299408527349,6.6405695442998063
P0_LARGER_PADDING,2,Fz,0.37109375,-14.499835052482862,6.8164360284662155
P0_LARGER_PADDING,2,Fz,0.375,-14.983101054305569,7.1056312742849137
P0_LARGER_PADDING,2,Fz,0.37890625,-15.467862863518011,7.4563264921573236
P0_LARGER_PADDING,2,Fz,0.3828125,-15.967091520947104,7.816933608638557
P0_LARGER_PADDING,2,Fz,0.38671875,-16.503318551716049,8.1367750549986546
P0_LARGER_PADDING,2,Fz,0.390625,-17.094653702789547,8.3673265516102813
P0_LARGER_PADDING,2,Fz,0.39453125,-17.738922346311334,8.4736906203772495
P0_LARGER_PADDING,2,Fz,0.3984375,-18.407315154920049,8.4498985638065385
P0_LARGER_PADDING,2,Fz,0.40234375,-19.052232226386213,8.3239718982771276
P0_LARGER_PADDING,2,Fz,0.40625,-19.623817889020884,8.1492090182921686
P0_LARGER_PADDING,2,Fz,0.41015625,-20.085676127330341,7.9902922062808059
P0_LARGER_PADDING,2,Fz,0.4140625,-20.423442420088094,7.9106957915443132
P0_LARGER_PADDING,2,Fz,0.41796875,-20.644649844566057,7.9592121232623469
P0_LARGER_PADDING,2,Fz,0.421875,-20.771268716798232,8.1536241368568092
P0_LARGER_PADDING,2,Fz,0.42578125,-20.828082944148175,8.4677249468558458
P0_LARGER_PADDING,2,Fz,0.4296875,-20.831290763842144,8.8316027191477247
P0_LARGER_PADDING,2,Fz,0.43359375,-20.781866052799849,9.1495504527184259
P0_LARGER_PADDING,2,Fz,0.4375,-20.667055839910777,9.3308199534783327
P0_LARGER_PADDING,2,Fz,0.44140625,-20.470517849635034,9.3219614362270438
P0_LARGER_PADDING,2,Fz,0.4453125,-20.186792250087144,9.1278694344574269
P0_LARGER_PADDING,2,Fz,0.44921875,-19.831560331146147,8.8125640888518166
P0_LARGER_PADDING,2,Fz,0.453125,-19.439976003902316,8.4803188125281164
P0_LARGER_PADDING,2,Fz,0.45703125,-19.052249408431251,8.2485082654466222
P0_LARGER_PADDING,2,Fz,0.4609375,-18.693562191846837,8.2253421263376278
P0_LARGER_PADDING,2,Fz,0.46484375,-18.358525808692868,8.4945973070149936
P0_LARGER_PADDING,2,Fz,0.46875,-18.0081095429214,9.0986836062417993
P0_LARGER_PADDING,2,Fz,0.47265625,-17.582014435905656,10.016723316308056
P0_LARGER_PADDING,2,Fz,0.4765625,-17.023182898818305,11.150801181964097
P0_LARGER_PADDING,2,Fz,0.48046875,-16.304038068408502,12.33995460289902
P0_LARGER_PADDING,2,Fz,0.484375,-15.44008102347998,13.407441012089521
P0_LARGER_PADDING,2,Fz,0.48828125,-14.481609324631993,14.2235439391554
P0_LARGER_PADDING,2,Fz,0.4921875,-13.48773200885941,14.752376810502767
P0_LARGER_PADDING,2,Fz,0.49609375,-12.4977599920554,15.056978060056281
P0_LARGER_PADDING,2,Fz,0.5,-11.514412691960603,15.259334886944909
P0_LARGER_PADDING,2,Fz,0.50390625,-10.504417131119169,15.477499607362816
P0_LARGER_PADDING,2,Fz,0.5078125,-9.413784988172015,15.774235482290578
P0_LARGER_PADDING,2,Fz,0.51171875,-8.1903921714417116,16.14184207568195
P0_LARGER_PADDING,2,Fz,0.515625,-6.8040855099656081,16.523393216100622
P0_LARGER_PADDING,2,Fz,0.51953125,-5.255198766238137,16.85030197678304
P0_LARGER_PADDING,2,Fz,0.5234375,-3.5681835259777657,17.073047246201874
P0_LARGER_PADDING,2,Fz,0.52734375,-1.775675421633875,17.173180633496692
P0_LARGER_PADDING,2,Fz,0.53125,0.097280228733965579,17.158166199426368
P0_LARGER_PADDING,2,Fz,0.53515625,2.0424748987320207,17.048166133012838
P0_LARGER_PADDING,2,Fz,0.5390625,4.0708046907688153,16.865221820822168
P0_LARGER_PADDING,2,Fz,0.54296875,6.2085844251743278,16.631028303700294
P0_LARGER_PADDING,2,Fz,0.546875,8.4869841894204274,16.370819072402593
P0_LARGER_PADDING,2,Fz,0.55078125,10.924847023279797,16.114879749570274
P0_LARGER_PADDING,2,Fz,0.5546875,13.510887909412599,15.892581667534188
P0_LARGER_PADDING,2,Fz,0.55859375,16.195566197652113,15.721648077158438
P0_LARGER_PADDING,2,Fz,0.5625,18.900199682373682,15.598364392287456
P0_LARGER_PADDING,2,Fz,0.56640625,21.541719150065688,15.494037064047506
P0_LARGER_PADDING,2,Fz,0.5703125,24.06133811285989,15.364899450932185
P0_LARGER_PADDING,2,Fz,0.57421875,26.44130956218028,15.180296390252042
P0_LARGER_PADDING,2,Fz,0.578125,28.700311314130467,14.957871415182058
P0_LARGER_PADDING,2,Fz,0.58203125,30.872042651945375,14.776792835986974
P0_LARGER_PADDING,2,Fz,0.5859375,32.982766786944374,14.746972742040708
P0_LARGER_PADDING,2,Fz,0.58984375,35.041854010221549,14.946221494855919
P0_LARGER_PADDING,2,Fz,0.59375,37.046368220999646,15.366625524227228
P0_LARGER_PADDING,2,Fz,0.59765625,38.989057775517161,15.906922818735243
P0_LARGER_PADDING,2,Fz,0.6015625,40.859573516864678,16.415371486834658
P0_LARGER_PADDING,2,Fz,0.60546875,42.63940101440452,16.756324437261654
P0_LARGER_PADDING,2,Fz,0.609375,44.300194727850375,16.862972272906518
P0_LARGER_PADDING,2,Fz,0.61328125,45.813568785642111,16.749785910348365
P0_LARGER_PADDING,2,Fz,0.6171875,47.16927860297605,16.483199457544799
P0_LARGER_PADDING,2,Fz,0.62109375,48.388664366427008,16.134399352672652
P0_LARGER_PADDING,2,Fz,0.625,49.521400351483358,15.746722410269598
P0_LARGER_PADDING,2,Fz,0.62890625,50.625787633635568,15.334560372518943
P0_LARGER_PADDING,2,Fz,0.6328125,51.745101604355497,14.903663143782971
P0_LARGER_PADDING,2,Fz,0.63671875,52.894142982404773,14.468462383294302
P0_LARGER_PADDING,2,Fz,0.640625,54.060911052875724,14.051101491624138
P0_LARGER_PADDING,2,Fz,0.64453125,55.217404432069031,13.665267164741856
P0_LARGER_PADDING,2,Fz,0.6484375,56.330059760376699,13.297754602440328
P0_LARGER_PADDING,2,Fz,0.65234375,57.365387432413215,12.901608174613465
P0_LARGER_PADDING,2,Fz,0.65625,58.293265441549629,12.412321610809968
P0_LARGER_PADDING,2,Fz,0.66015625,59.091830566969833,11.787132153552896
P0_LARGER_PADDING,2,Fz,0.6640625,59.753321144473482,11.044817819340622
P0_LARGER_PADDING,2,Fz,0.66796875,60.285550934209773,10.2713708492157
P0_LARGER_PADDING,2,Fz,0.671875,60.704784160614295,9.5782542495144654
P0_LARGER_PADDING,2,Fz,0.67578125,61.022749790639523,9.0399908869616539
P0_LARGER_PADDING,2,Fz,0.6796875,61.237768828149655,8.6561202168344096
P0_LARGER_PADDING,2,Fz,0.68359375,61.339981734167729,8.3622696084386661
P0_LARGER_PADDING,2,Fz,0.6875,61.330221290676391,8.0784453718889324
P0_LARGER_PADDING,2,Fz,0.69140625,61.23791695097762,7.7595956528954204
P0_LARGER_PADDING,2,Fz,0.6953125,61.119557916419552,7.4151241560087229
P0_LARGER_PADDING,2,Fz,0.69921875,61.033166797553733,7.0856882835104287
P0_LARGER_PADDING,2,Fz,0.703125,61.005506680169958,6.7958609942505177
P0_LARGER_PADDING,2,Fz,0.70703125,61.017114767632435,6.5209193829821288
P0_LARGER_PADDING,2,Fz,0.7109375,61.017513793209702,6.1965650080992063
P0_LARGER_PADDING,2,Fz,0.71484375,60.961262531679814,5.7661478815603573
P0_LARGER_PADDING,2,Fz,0.71875,60.841970011623985,5.2305224361879539
P0_LARGER_PADDING,2,Fz,0.72265625,60.702356643500437,4.6653370142208033
P0_LARGER_PADDING,2,Fz,0.7265625,60.611667663181152,4.1943045187675523
P0_LARGER_PADDING,2,Fz,0.73046875,60.621929135458586,3.9328955175127405
P0_LARGER_PADDING,2,Fz,0.734375,60.730113106772073,3.9318905934373589
P0_LARGER_PADDING,2,Fz,0.73828125,60.870321902063743,4.15204238065553
P0_LARGER_PADDING,2,Fz,0.7421875,60.939010778084324,4.485935637834956
P0_LARGER_PADDING,2,Fz,0.74609375,60.835709326062876,4.8133647629220917
P0_LARGER_PADDING,2,Fz,0.75,60.498262562843095,5.0543364495863301
P0_LARGER_PADDING,2,Fz,0.75390625,59.922107039939732,5.1911489093029886
P0_LARGER_PADDING,2,Fz,0.7578125,59.162701579543331,5.258071551629655
P0_LARGER_PADDING,2,Fz,0.76171875,58.322208436116028,5.3144560911727083
P0_LARGER_PADDING,2,Fz,0.765625,57.52179861901125,5.4155846180528826
P0_LARGER_PADDING,2,Fz,0.76953125,56.865835621735101,5.5903773354340061
P0_LARGER_PADDING,2,Fz,0.7734375,56.410794119418881,5.8341205046382001
P0_LARGER_PADDING,2,Fz,0.77734375,56.152313620692979,6.1187882582732769
P0_LARGER_PADDING,2,Fz,0.78125,56.035579369199027,6.410848481944889
P0_LARGER_PADDING,2,Fz,0.78515625,55.982581777848459,6.6809595394529708
P0_LARGER_PADDING,2,Fz,0.7890625,55.922239344296258,6.9013595258561296
P0_LARGER_PADDING,2,Fz,0.79296875,55.809579560482362,7.0419653962605153
P0_LARGER_PADDING,2,Fz,0.796875,55.627313742527555,7.076178727646024
P0_LARGER_PADDING,2,F3,-0.19921875,-2.6418459602840332,-3.8977395591344761
P0_LARGER_PADDING,2,F3,-0.1953125,-1.8796680108804458,-2.8176538871276944
P0_LARGER_PADDING,2,F3,-0.19140625,-1.2593614331671803,-1.8878942226118816
P0_LARGER_PADDING,2,F3,-0.1875,-0.88250624086459495,-1.3908500012326384
P0_LARGER_PADDING,2,F3,-0.18359375,-0.70746361768540744,-1.2817295877667956
P0_LARGER_PADDING,2,F3,-0.1796875,-0.64550923361837387,-1.3393954473830068
P0_LARGER_PADDING,2,F3,-0.17578125,-0.62762389168253541,-1.3489665020119772
P0_LARGER_PADDING,2,F3,-0.171875,-0.61817533037063643,-1.2290855661371503
P0_LARGER_PADDING,2,F3,-0.16796875,-0.59578987499407621,-1.0507115264264479
P0_LARGER_PADDING,2,F3,-0.1640625,-0.53467396416048463,-0.95670297301047025
P0_LARGER_PADDING,2,F3,-0.16015625,-0.40420494891813347,-1.047551383969759
P0_LARGER_PADDING,2,F3,-0.15625,-0.18338119160833269,-1.3087061872525385
P0_LARGER_PADDING,2,F3,-0.15234375,0.12337628230678049,-1.6153189610336538
P0_LARGER_PADDING,2,F3,-0.1484375,0.48097799703239319,-1.7963029710239768
P0_LARGER_PADDING,2,F3,-0.14453125,0.8340988918177713,-1.710793410657695
P0_LARGER_PADDING,2,F3,-0.140625,1.1299259150828114,-1.2983974277287076
P0_LARGER_PADDING,2,F3,-0.13671875,1.3421189960116546,-0.59118447602681834
P0_LARGER_PADDING,2,F3,-0.1328125,1.4825393942034808,0.3065536228979604
P0_LARGER_PADDING,2,F3,-0.12890625,1.5931023020086788,1.2603098031108284
P0_LARGER_PADDING,2,F3,-0.125,1.7213042686476674,2.1534919364326446
P0_LARGER_PADDING,2,F3,-0.12109375,1.8929652995031936,2.9193899550567028
P0_LARGER_PADDING,2,F3,-0.1171875,2.0980118059820962,3.5429773990274911
P0_LARGER_PADDING,2,F3,-0.11328125,2.2974294740794328,4.0406410840775724
P0_LARGER_PADDING,2,F3,-0.109375,2.4461006933966365,4.4390609873768305
P0_LARGER_PADDING,2,F3,-0.10546875,2.5162152991538695,4.7667904638474869
P0_LARGER_PADDING,2,F3,-0.1015625,2.50712433300624,5.0548738763910022
P0_LARGER_PADDING,2,F3,-0.09765625,2.4388379609223305,5.3342889248259375
P0_LARGER_PADDING,2,F3,-0.09375,2.3376542740328423,5.6258394964475276
P0_LARGER_PADDING,2,F3,-0.08984375,2.2249737999579269,5.9328567314227634
P0_LARGER_PADDING,2,F3,-0.0859375,2.1153837310156169,6.2510840773520142
P0_LARGER_PADDING,2,F3,-0.08203125,2.0234263751103265,6.5952758998550536
P0_LARGER_PADDING,2,F3,-0.078125,1.9723870746612002,7.0188482540821102
P0_LARGER_PADDING,2,F3,-0.07421875,1.993758294924695,7.594017079329161
P0_LARGER_PADDING,2,F3,-0.0703125,2.107651808630838,8.3403761555529847
P0_LARGER_PADDING,2,F3,-0.06640625,2.2867913622450975,9.1311121405784199
P0_LARGER_PADDING,2,F3,-0.0625,2.424674113971772,9.6402656569824092
P0_LARGER_PADDING,2,F3,-0.05859375,2.3390903569504093,9.3946752134061402
P0_LARGER_PADDING,2,F3,-0.0546875,1.8337216024156739,7.9502781914383052
P0_LARGER_PADDING,2,F3,-0.05078125,0.80763143732407316,5.1356030683197087
P0_LARGER_PADDING,2,F3,-0.046875,-0.64420930271561938,1.2314904181374142
P0_LARGER_PADDING,2,F3,-0.04296875,-2.2187622749077938,-3.0528677613868576
P0_LARGER_PADDING,2,F3,-0.0390625,-3.5184328120961106,-6.8436571983213499
P0_LARGER_PADDING,2,F3,-0.03515625,-4.2364622069937479,-9.4734101236638111
P0_LARGER_PADDING,2,F3,-0.03125,-4.299988948193179,-10.73697715218813
P0_LARGER_PADDING,2,F3,-0.02734375,-3.8862673456275605,-10.890857964510253
P0_LARGER_PADDING,2,F3,-0.0234375,-3.3163794436310758,-10.433038768555493
P0_LARGER_PADDING,2,F3,-0.01953125,-2.90004001080972,-9.8277895886115143
P0_LARGER_PADDING,2,F3,-0.015625,-2.8140400647539492,-9.3367119136922643
P0_LARGER_PADDING,2,F3,-0.01171875,-3.0613018227355933,-9.014020160283831
P0_LARGER_PADDING,2,F3,-0.0078125,-3.5108862348922623,-8.8092706359468416
P0_LARGER_PADDING,2,F3,-0.00390625,-3.9842989788046146,-8.6725150782525589
P0_LARGER_PADDING,2,F3,0,-4.3411379755325159,-8.5913973850510228
P0_LARGER_PADDING,2,F3,0.00390625,-4.5288363851584448,-8.5616979638508983
P0_LARGER_PADDING,2,F3,0.0078125,-4.5857151958012761,-8.542354632443466
P0_LARGER_PADDING,2,F3,0.01171875,-4.6072422043129286,-8.4449319577616322
P0_LARGER_PADDING,2,F3,0.015625,-4.6948800724711681,-8.1701379820539017
P0_LARGER_PADDING,2,F3,0.01953125,-4.9084048058984013,-7.6647502513965806
P0_LARGER_PADDING,2,F3,0.0234375,-5.2398173194552848,-6.9577326366138008
P0_LARGER_PADDING,2,F3,0.02734375,-5.619444222485507,-6.1496026343132115
P0_LARGER_PADDING,2,F3,0.03125,-5.9514802576141488,-5.3605163793122586
P0_LARGER_PADDING,2,F3,0.03515625,-6.1607496900068766,-4.6685555667347121
P0_LARGER_PADDING,2,F3,0.0390625,-6.2250670179122904,-4.0742677293235534
P0_LARGER_PADDING,2,F3,0.04296875,-6.1770985038757438,-3.509510352654214
P0_LARGER_PADDING,2,F3,0.046875,-6.0802020152345513,-2.8818240308686729
P0_LARGER_PADDING,2,F3,0.05078125,-5.9964922029187919,-2.127035170997619
P0_LARGER_PADDING,2,F3,0.0546875,-5.9635260781170683,-1.2407194966499038
P0_LARGER_PADDING,2,F3,0.05859375,-5.9866309813350771,-0.27240507179626317
P0_LARGER_PADDING,2,F3,0.0625,-6.0460605074816947,0.71075052344531731
P0_LARGER_PADDING,2,F3,0.06640625,-6.1124773532771011,1.6637678407045193
P0_LARGER_PADDING,2,F3,0.0703125,-6.1615774847039777,2.5777975516567544
P0_LARGER_PADDING,2,F3,0.07421875,-6.1821460266087342,3.4585457102773862
P0_LARGER_PADDING,2,F3,0.078125,-6.1779091010419425,4.2876359008392422
P0_LARGER_PADDING,2,F3,0.08203125,-6.1649954088859946,5.0015171568220476
P0_LARGER_PADDING,2,F3,0.0859375,-6.1649928625846337,5.5127710541173851
P0_LARGER_PADDING,2,F3,0.08984375,-6.1950024918172675,5.766513057463305
P0_LARGER_PADDING,2,F3,0.09375,-6.2596694178640693,5.7931150013453454
P0_LARGER_PADDING,2,F3,0.09765625,-6.3495155040863471,5.7144368975291062
P0_LARGER_PADDING,2,F3,0.1015625,-6.4451545999057736,5.6907598268728021
P0_LARGER_PADDING,2,F3,0.10546875,-6.5243021034854198,5.8381159176585173
P0_LARGER_PADDING,2,F3,0.109375,-6.5695158830563685,6.1678599086956076
P0_LARGER_PADDING,2,F3,0.11328125,-6.575225998493595,6.5855465820952839
P0_LARGER_PADDING,2,F3,0.1171875,-6.5515146537923901,6.9477176101427744
P0_LARGER_PADDING,2,F3,0.12109375,-6.5220264858800654,7.1421815314520716
P0_LARGER_PADDING,2,F3,0.125,-6.5155163437826191,7.1487001988252548
P0_LARGER_PADDING,2,F3,0.12890625,-6.553977198855228,7.0513346947998148
P0_LARGER_PADDING,2,F3,0.1328125,-6.6433355977253754,6.9989171982636122
P0_LARGER_PADDING,2,F3,0.13671875,-6.772582318218741,7.134005046084761
P0_LARGER_PADDING,2,F3,0.140625,-6.9229605378356318,7.5240730033256691
P0_LARGER_PADDING,2,F3,0.14453125,-7.0831951883728408,8.1252642148011986
P0_LARGER_PADDING,2,F3,0.1484375,-7.2630091641254877,8.7895244417095579
P0_LARGER_PADDING,2,F3,0.15234375,-7.4971708939055093,9.3039453995296615
P0_LARGER_PADDING,2,F3,0.15625,-7.8373967279778833,9.4424297854631956
P0_LARGER_PADDING,2,F3,0.16015625,-8.3388559072391821,9.0125322001334442
P0_LARGER_PADDING,2,F3,0.1640625,-9.0534369371804591,7.8840631004802377
P0_LARGER_PADDING,2,F3,0.16796875,-10.030357381239888,5.9998464159343552
P0_LARGER_PADDING,2,F3,0.171875,-11.302688712600576,3.3980857050690467
P0_LARGER_PADDING,2,F3,0.17578125,-12.843267801684837,0.27184342583472798
P0_LARGER_PADDING,2,F3,0.1796875,-14.52017983599066,-2.9816496184381993
P0_LARGER_PADDING,2,F3,0.18359375,-16.112030741197042,-5.8213440153132989
P0_LARGER_PADDING,2,F3,0.1875,-17.397955962540998,-7.7537420834465856
P0_LARGER_PADDING,2,F3,0.19140625,-18.261451013539908,-8.5406151789688263
P0_LARGER_PADDING,2,F3,0.1953125,-18.731541307016922,-8.2834469216942193
P0_LARGER_PADDING,2,F3,0.19921875,-18.93960645730505,-7.3498467048573346
P0_LARGER_PADDING,2,F3,0.203125,-19.031814003701481,-6.2127137304617719
P0_LARGER_PADDING,2,F3,0.20703125,-19.098046080560493,-5.2915619552535773
P0_LARGER_PADDING,2,F3,0.2109375,-19.156309848259724,-4.8424331266400849
P0_LARGER_PADDING,2,F3,0.21484375,-19.189625483330349,-4.9036225764621832
P0_LARGER_PADDING,2,F3,0.21875,-19.199033327378395,-5.2979300642169811
P0_LARGER_PADDING,2,F3,0.22265625,-19.230133432739667,-5.6986158925328851
P0_LARGER_PADDING,2,F3,0.2265625,-19.350129914038014,-5.7570403530099732
P0_LARGER_PADDING,2,F3,0.23046875,-19.583433742460031,-5.2634919905015529
P0_LARGER_PADDING,2,F3,0.234375,-19.840882137358658,-4.2862257960805081
P0_LARGER_PADDING,2,F3,0.23828125,-19.889131764266601,-3.2204144072866505
P0_LARGER_PADDING,2,F3,0.2421875,-19.3971012101387,-2.6907272878647994
P0_LARGER_PADDING,2,F3,0.24609375,-18.064281949024519,-3.3035494383725457
P0_LARGER_PADDING,2,F3,0.25,-15.78525714449159,-5.3304227030621867
P0_LARGER_PADDING,2,F3,0.25390625,-12.756681463039012,-8.4767058991160891
P0_LARGER_PADDING,2,F3,0.2578125,-9.4336569466953897,-11.887201510648044
P0_LARGER_PADDING,2,F3,0.26171875,-6.3300920299486467,-14.439098793191004
P0_LARGER_PADDING,2,F3,0.265625,-3.7885481180742087,-15.220707290924214
P0_LARGER_PADDING,2,F3,0.26953125,-1.8873564806092351,-13.978121331201486
P0_LARGER_PADDING,2,F3,0.2734375,-0.53147029527075151,-11.287016434698593
P0_LARGER_PADDING,2,F3,0.27734375,0.3958504857505456,-8.3049934589551153
P0_LARGER_PADDING,2,F3,0.28125,0.9701210744295623,-6.1896124901559153
P0_LARGER_PADDING,2,F3,0.28515625,1.2649240173862664,-5.5137515292095252
P0_LARGER_PADDING,2,F3,0.2890625,1.38566803779685,-6.0459014126191644
P0_LARGER_PADDING,2,F3,0.29296875,1.4277285719548349,-7.0016091562383007
P0_LARGER_PADDING,2,F3,0.296875,1.4165936122875415,-7.5387118167799905
P0_LARGER_PADDING,2,F3,0.30078125,1.3259906838995024,-7.1773053100232982
P0_LARGER_PADDING,2,F3,0.3046875,1.1737310410036375,-5.9965302853788005
P0_LARGER_PADDING,2,F3,0.30859375,1.1030864293133535,-4.6202175196858928
P0_LARGER_PADDING,2,F3,0.3125,1.3775596913967472,-4.002079236289096
P0_LARGER_PADDING,2,F3,0.31640625,2.2870952156547242,-5.0234399512534633
P0_LARGER_PADDING,2,F3,0.3203125,3.9998894658379691,-8.0519457356906585
P0_LARGER_PADDING,2,F3,0.32421875,6.4243254950143314,-12.709214159153362
P0_LARGER_PADDING,2,F3,0.328125,9.1870335629331272,-17.981618026891034
P0_LARGER_PADDING,2,F3,0.33203125,11.792193148129417,-22.595007398493031
P0_LARGER_PADDING,2,F3,0.3359375,13.87505560919203,-25.467646474934863
P0_LARGER_PADDING,2,F3,0.33984375,15.359256331790744,-26.072388255001375
P0_LARGER_PADDING,2,F3,0.34375,16.410077660771812,-24.588084858428672
P0_LARGER_PADDING,2,F3,0.34765625,17.253516774164066,-21.784278790420352
P0_LARGER_PADDING,2,F3,0.3515625,18.017762429550714,-18.685661494773086
P0_LARGER_PADDING,2,F3,0.35546875,18.694020129752175,-16.169553243630432
P0_LARGER_PADDING,2,F3,0.359375,19.199104837493032,-14.683818124200851
P0_LARGER_PADDING,2,F3,0.36328125,19.461487289402715,-14.195530330245681
P0_LARGER_PADDING,2,F3,0.3671875,19.470728321025941,-14.344153551353884
P0_LARGER_PADDING,2,F3,0.37109375,19.277741805354303,-14.677298905239647
P0_LARGER_PADDING,2,F3,0.375,18.962928198637432,-14.84486761167704
P0_LARGER_PADDING,2,F3,0.37890625,18.596463661279884,-14.690985432065848
P0_LARGER_PADDING,2,F3,0.3828125,18.21287520366765,-14.250593943376462
P0_LARGER_PADDING,2,F3,0.38671875,17.812965421909915,-13.686976042297882
P0_LARGER_PADDING,2,F3,0.390625,17.388446210823059,-13.202647047762406
P0_LARGER_PADDING,2,F3,0.39453125,16.948246832995622,-12.950796726738503
P0_LARGER_PADDING,2,F3,0.3984375,16.525739491720849,-12.977927138220396
P0_LARGER_PADDING,2,F3,0.40234375,16.163734689302359,-13.21977231570593
P0_LARGER_PADDING,2,F3,0.40625,15.89207243037165,-13.543928999970827
P0_LARGER_PADDING,2,F3,0.41015625,15.715151769593318,-13.808268373302145
P0_LARGER_PADDING,2,F3,0.4140625,15.615082783176049,-13.905787732428967
P0_LARGER_PADDING,2,F3,0.41796875,15.564256608382077,-13.78526666747608
P0_LARGER_PADDING,2,F3,0.421875,15.538749955639274,-13.452216200491609
P0_LARGER_PADDING,2,F3,0.42578125,15.528221775059301,-12.958872544714026
P0_LARGER_PADDING,2,F3,0.4296875,15.540978700662649,-12.389602755373724
P0_LARGER_PADDING,2,F3,0.43359375,15.602582103943721,-11.843674738452057
P0_LARGER_PADDING,2,F3,0.4375,15.746804115771823,-11.414367364067033
P0_LARGER_PADDING,2,F3,0.44140625,16.00162782277814,-11.164742031006993
P0_LARGER_PADDING,2,F3,0.4453125,16.377108964152075,-11.105913218886636
P0_LARGER_PADDING,2,F3,0.44921875,16.861297733475887,-11.188861713088325
P0_LARGER_PADDING,2,F3,0.453125,17.425304873818924,-11.317944575982548
P0_LARGER_PADDING,2,F3,0.45703125,18.034040089686982,-11.380208634686444
P0_LARGER_PADDING,2,F3,0.4609375,18.658544250539506,-11.272279521276451
P0_LARGER_PADDING,2,F3,0.46484375,19.287378402843125,-10.913611211042889
P0_LARGER_PADDING,2,F3,0.46875,19.933843743765159,-10.254783024537414
P0_LARGER_PADDING,2,F3,0.47265625,20.632749305355926,-9.2950554730736297
P0_LARGER_PADDING,2,F3,0.4765625,21.422094488419809,-8.1051150606683997
P0_LARGER_PADDING,2,F3,0.48046875,22.316233538393117,-6.8310515574894879
P0_LARGER_PADDING,2,F3,0.484375,23.289252558433311,-5.6585977415043196
P0_LARGER_PADDING,2,F3,0.48828125,24.285389545845934,-4.742464726789251
P0_LARGER_PADDING,2,F3,0.4921875,25.255280257268268,-4.1334016075496258
P0_LARGER_PADDING,2,F3,0.49609375,26.197409259236689,-3.7442227031587052
P0_LARGER_PADDING,2,F3,0.5,27.177586960177361,-3.3803232099575453
P0_LARGER_PADDING,2,F3,0.50390625,28.307300598331658,-2.8316068447876468
P0_LARGER_PADDING,2,F3,0.5078125,29.680420149643684,-1.9960342223601941
P0_LARGER_PADDING,2,F3,0.51171875,31.292391540387229,-0.9870974583622818
P0_LARGER_PADDING,2,F3,0.515625,32.986285540229346,-0.17040215200900377
P0_LARGER_PADDING,2,F3,0.51953125,34.47055693969719,-0.084522593315860206
P0_LARGER_PADDING,2,F3,0.5234375,35.42507686956418,-1.239538983508325
P0_LARGER_PADDING,2,F3,0.52734375,35.661611711645548,-3.856085723277026
P0_LARGER_PADDING,2,F3,0.53125,35.257901399064266,-7.680769914405623
P0_LARGER_PADDING,2,F3,0.53515625,34.578598082159608,-12.021510580658354
P0_LARGER_PADDING,2,F3,0.5390625,34.153589431714913,-16.030462495257641
P0_LARGER_PADDING,2,F3,0.54296875,34.473306687816738,-19.078260820086058
P0_LARGER_PADDING,2,F3,0.546875,35.807945778706085,-20.976522224141402
P0_LARGER_PADDING,2,F3,0.55078125,38.124765621299574,-21.912898742863199
P0_LARGER_PADDING,2,F3,0.5546875,41.108026288107474,-22.171301496909759
P0_LARGER_PADDING,2,F3,0.55859375,44.247796285770946,-21.846909612997791
P0_LARGER_PADDING,2,F3,0.5625,46.971528358402793,-20.749735205252222
P0_LARGER_PADDING,2,F3,0.56640625,48.806368432719317,-18.557563898365146
P0_LARGER_PADDING,2,F3,0.5703125,49.543323873103645,-15.116012529516112
P0_LARGER_PADDING,2,F3,0.57421875,49.336286562537808,-10.680304505205342
P0_LARGER_PADDING,2,F3,0.578125,48.661498122559308,-5.9177180942285972
P0_LARGER_PADDING,2,F3,0.58203125,48.126340166088511,-1.6467775799600304
P0_LARGER_PADDING,2,F3,0.5859375,48.217469601823254,1.5205312542251264
P0_LARGER_PADDING,2,F3,0.58984375,49.12586623572826,3.4021186969670936
P0_LARGER_PADDING,2,F3,0.59375,50.730524291115323,4.2212350345148195
P0_LARGER_PADDING,2,F3,0.59765625,52.71610362712137,4.4023122172048232
P0_LARGER_PADDING,2,F3,0.6015625,54.733638682713796,4.3438874001725623
P0_LARGER_PADDING,2,F3,0.60546875,56.521689781937674,4.2861331366056135
P0_LARGER_PADDING,2,F3,0.609375,57.955668565600782,4.2979172426612564
P0_LARGER_PADDING,2,F3,0.61328125,59.0374294029533,4.3393017078143998
P0_LARGER_PADDING,2,F3,0.6171875,59.852826758820662,4.3382969165431575
P0_LARGER_PADDING,2,F3,0.62109375,60.520016489441417,4.2423320482508444
P0_LARGER_PADDING,2,F3,0.625,61.144038301690856,4.0357293030480932
P0_LARGER_PADDING,2,F3,0.62890625,61.789182981435744,3.7337454324271846
P0_LARGER_PADDING,2,F3,0.6328125,62.473900172030227,3.3687492301415816
P0_LARGER_PADDING,2,F3,0.63671875,63.182845420698371,2.9799668630736207
P0_LARGER_PADDING,2,F3,0.640625,63.8846349434762,2.6086350305507651
P0_LARGER_PADDING,2,F3,0.64453125,64.546081822207256,2.2909994601994015
P0_LARGER_PADDING,2,F3,0.6484375,65.139965607546898,2.0423580355546278
P0_LARGER_PADDING,2,F3,0.65234375,65.647873996506235,1.8394627365414493
P0_LARGER_PADDING,2,F3,0.65625,66.060680020870251,1.6216243963909704
P0_LARGER_PADDING,2,F3,0.66015625,66.378327819763314,1.3220955214841297
P0_LARGER_PADDING,2,F3,0.6640625,66.608904266948798,0.91167060271780542
P0_LARGER_PADDING,2,F3,0.66796875,66.765077951526791,0.41734594630011657
P0_LARGER_PADDING,2,F3,0.671875,66.856493800479882,-0.10218675433658575
P0_LARGER_PADDING,2,F3,0.67578125,66.881653122680376,-0.60228346289225954
P0_LARGER_PADDING,2,F3,0.6796875,66.827609156651519,-1.0798022097851572
P0_LARGER_PADDING,2,F3,0.68359375,66.682422793860042,-1.5625274359583301
P0_LARGER_PADDING,2,F3,0.6875,66.453829402909889,-2.0723916746982525
P0_LARGER_PADDING,2,F3,0.69140625,66.178616011661816,-2.5912404636396786
P0_LARGER_PADDING,2,F3,0.6953125,65.910921440259642,-3.0555921523145031
P0_LARGER_PADDING,2,F3,0.69921875,65.693383849531372,-3.3898155706098407
P0_LARGER_PADDING,2,F3,0.703125,65.530741940586609,-3.5605295661618115
P0_LARGER_PADDING,2,F3,0.70703125,65.386647377441307,-3.6139127787773333
P0_LARGER_PADDING,2,F3,0.7109375,65.208228451442722,-3.6632990566889276
P0_LARGER_PADDING,2,F3,0.71484375,64.962603506800377,-3.8287267105971097
P0_LARGER_PADDING,2,F3,0.71875,64.660775020953267,-4.1658536384203941
P0_LARGER_PADDING,2,F3,0.72265625,64.351762839619738,-4.6295356404542218
P0_LARGER_PADDING,2,F3,0.7265625,64.088611410998837,-5.0941015663632356
P0_LARGER_PADDING,2,F3,0.73046875,63.888116398167959,-5.417686424464776
P0_LARGER_PADDING,2,F3,0.734375,63.713038550520302,-5.5137786976183207
P0_LARGER_PADDING,2,F3,0.73828125,63.489838605139013,-5.3906549081336621
P0_LARGER_PADDING,2,F3,0.7421875,63.147810184804705,-5.1386194928548576
P0_LARGER_PADDING,2,F3,0.74609375,62.651624288235993,-4.8762468242625872
P0_LARGER_PADDING,2,F3,0.75,62.009865870657563,-4.6906985594707962
P0_LARGER_PADDING,2,F3,0.75390625,61.26341577393292,-4.6049830397642708
P0_LARGER_PADDING,2,F3,0.7578125,60.46874753885659,-4.5808994634006126
P0_LARGER_PADDING,2,F3,0.76171875,59.686322088699811,-4.5458727397115339
P0_LARGER_PADDING,2,F3,0.765625,58.973388802741013,-4.4283323982501557
P0_LARGER_PADDING,2,F3,0.76953125,58.375481402985031,-4.1892259623024941
P0_LARGER_PADDING,2,F3,0.7734375,57.914365140451295,-3.8381953589363889
P0_LARGER_PADDING,2,F3,0.77734375,57.576965031816798,-3.4275124313540957
P0_LARGER_PADDING,2,F3,0.78125,57.313700470262219,-3.0282444075379473
P0_LARGER_PADDING,2,F3,0.78515625,57.052113567370803,-2.702836202874721
P0_LARGER_PADDING,2,F3,0.7890625,56.722945588298529,-2.4870707347828258
P0_LARGER_PADDING,2,F3,0.79296875,56.286280180283896,-2.3848933739423899
P0_LARGER_PADDING,2,F3,0.796875,55.743312913937089,-2.3731337919712345
P0_LARGER_PADDING,2,F4,-0.19921875,11.629359086987174,14.912429542675522
P0_LARGER_PADDING,2,F4,-0.1953125,11.826666743127038,15.456357647269622
P0_LARGER_PADDING,2,F4,-0.19140625,12.120330799432471,16.150501801604687
P0_LARGER_PADDING,2,F4,-0.1875,12.45345469706834,16.825950500946103
P0_LARGER_PADDING,2,F4,-0.18359375,12.658895518226913,17.181880831181836
P0_LARGER_PADDING,2,F4,-0.1796875,12.514675947404871,16.894544333129154
P0_LARGER_PADDING,2,F4,-0.17578125,11.846679647146875,15.753541924690801
P0_LARGER_PADDING,2,F4,-0.171875,10.629255420390653,13.769088848725922
P0_LARGER_PADDING,2,F4,-0.16796875,9.0227143331101569,11.195016181841421
P0_LARGER_PADDING,2,F4,-0.1640625,7.3192484295839311,8.4478664873322558
P0_LARGER_PADDING,2,F4,-0.16015625,5.821949158370459,5.9540536014944561
P0_LARGER_PADDING,2,F4,-0.15625,4.7158180746218852,3.9879924648106893
P0_LARGER_PADDING,2,F4,-0.15234375,3.9950008986317238,2.5736830640836197
P0_LARGER_PADDING,2,F4,-0.1484375,3.491480965614989,1.5150437240245638
P0_LARGER_PADDING,2,F4,-0.14453125,2.9991244738298093,0.56324234306399967
P0_LARGER_PADDING,2,F4,-0.140625,2.4177597596976783,-0.37728238594821972
P0_LARGER_PADDING,2,F4,-0.13671875,1.8120872897904099,-1.1692535136778544
P0_LARGER_PADDING,2,F4,-0.1328125,1.3345097074303505,-1.5830419460504419
P0_LARGER_PADDING,2,F4,-0.12890625,1.0746445697374329,-1.5529495747983486
P0_LARGER_PADDING,2,F4,-0.125,0.97642393966352348,-1.2916353579312974
P0_LARGER_PADDING,2,F4,-0.12109375,0.91233153776681786,-1.1007053115363792
P0_LARGER_PADDING,2,F4,-0.1171875,0.84737076329135808,-1.0278937680963751
P0_LARGER_PADDING,2,F4,-0.11328125,0.92147594906499064,-0.72196188285527441
P0_LARGER_PADDING,2,F4,-0.109375,1.3515280479574447,0.33121861694388666
P0_LARGER_PADDING,2,F4,-0.10546875,2.2304407241481079,2.3778246363447257
P0_LARGER_PADDING,2,F4,-0.1015625,3.3933001512910299,5.1265320187308072
P0_LARGER_PADDING,2,F4,-0.09765625,4.4496966082173328,7.8212709589218594
P0_LARGER_PADDING,2,F4,-0.09375,4.9472851162837586,9.5620856585216494
P0_LARGER_PADDING,2,F4,-0.08984375,4.5633941195516368,9.6719420862078813
P0_LARGER_PADDING,2,F4,-0.0859375,3.2366807198651699,7.960504320302757
P0_LARGER_PADDING,2,F4,-0.08203125,1.191883870548796,4.803780207111128
P0_LARGER_PADDING,2,F4,-0.078125,-1.1518372422434477,1.0019020343351039
P0_LARGER_PADDING,2,F4,-0.07421875,-3.3516555253064508,-2.5413830429853888
P0_LARGER_PADDING,2,F4,-0.0703125,-5.1033934092173778,-5.1600251962410315
P0_LARGER_PADDING,2,F4,-0.06640625,-6.3037835988110595,-6.598384453963968
P0_LARGER_PADDING,2,F4,-0.0625,-6.9920458208631073,-6.9463950271202055
P0_LARGER_PADDING,2,F4,-0.05859375,-7.2447574217132944,-6.4500284326704307
P0_LARGER_PADDING,2,F4,-0.0546875,-7.1282962874671458,-5.3895874563536994
P0_LARGER_PADDING,2,F4,-0.05078125,-6.7467362530340305,-4.1204364921465473
P0_LARGER_PADDING,2,F4,-0.046875,-6.3166300523809298,-3.1739753202017322
P0_LARGER_PADDING,2,F4,-0.04296875,-6.1563357452814147,-3.2111835819288874
P0_LARGER_PADDING,2,F4,-0.0390625,-6.5513559099415426,-4.7447620123031502
P0_LARGER_PADDING,2,F4,-0.03515625,-7.5837334351319416,-7.7992770502143749
P0_LARGER_PADDING,2,F4,-0.03125,-9.0641612496167792,-11.792719635864033
P0_LARGER_PADDING,2,F4,-0.02734375,-10.627985451605939,-15.766189416401676
P0_LARGER_PADDING,2,F4,-0.0234375,-11.926795402012823,-18.817460301122292
P0_LARGER_PADDING,2,F4,-0.01953125,-12.78347417605659,-20.463364518358915
P0_LARGER_PADDING,2,F4,-0.015625,-13.224653529448997,-20.74818845737402
P0_LARGER_PADDING,2,F4,-0.01171875,-13.402518198299584,-20.102079913453228
P0_LARGER_PADDING,2,F4,-0.0078125,-13.48170445999518,-19.077666950423787
P0_LARGER_PADDING,2,F4,-0.00390625,-13.563613899425496,-18.110422834272729
P0_LARGER_PADDING,2,F4,0,-13.675107729717181,-17.396705889492484
P0_LARGER_PADDING,2,F4,0.00390625,-13.803001580325795,-16.908182453042386
P0_LARGER_PADDING,2,F4,0.0078125,-13.936802592497749,-16.497216982814486
P0_LARGER_PADDING,2,F4,0.01171875,-14.091300794700945,-16.019703328520308
P0_LARGER_PADDING,2,F4,0.015625,-14.301357590472026,-15.414223683471141
P0_LARGER_PADDING,2,F4,0.01953125,-14.597661982510802,-14.712321366004463
P0_LARGER_PADDING,2,F4,0.0234375,-14.980325105407427,-13.992052447993018
P0_LARGER_PADDING,2,F4,0.02734375,-15.407701493658241,-13.311766346300692
P0_LARGER_PADDING,2,F4,0.03125,-15.809087847647536,-12.665354015286399
P0_LARGER_PADDING,2,F4,0.03515625,-16.114371303840148,-11.982009455458121
P0_LARGER_PADDING,2,F4,0.0390625,-16.282594594007755,-11.164093452829766
P0_LARGER_PADDING,2,F4,0.04296875,-16.314378185260331,-10.136920507440433
P0_LARGER_PADDING,2,F4,0.046875,-16.246103684175754,-8.8856250585481149
P0_LARGER_PADDING,2,F4,0.05078125,-16.13371011977322,-7.4673001914268671
P0_LARGER_PADDING,2,F4,0.0546875,-16.034397961860318,-5.9960452742925838
P0_LARGER_PADDING,2,F4,0.05859375,-15.99085392833473,-4.604012147644406
P0_LARGER_PADDING,2,F4,0.0625,-16.021395155546518,-3.3913498094847601
P0_LARGER_PADDING,2,F4,0.06640625,-16.119235453887125,-2.388232735953089
P0_LARGER_PADDING,2,F4,0.0703125,-16.260949341799435,-1.5497098225591444
P0_LARGER_PADDING,2,F4,0.07421875,-16.419842705730922,-0.78672517779977724
P0_LARGER_PADDING,2,F4,0.078125,-16.578256720702498,-0.016216444584401302
P0_LARGER_PADDING,2,F4,0.08203125,-16.733991814742481,0.79722767671849581
P0_LARGER_PADDING,2,F4,0.0859375,-16.898672698470151,1.6302759161662443
P0_LARGER_PADDING,2,F4,0.08984375,-17.089857949933631,2.4241882805260637
P0_LARGER_PADDING,2,F4,0.09375,-17.322083556818946,3.1253390332138302
P0_LARGER_PADDING,2,F4,0.09765625,-17.600931931984331,3.715381482716424
P0_LARGER_PADDING,2,F4,0.1015625,-17.919571364493976,4.2133241169276356
P0_LARGER_PADDING,2,F4,0.10546875,-18.255839363206483,4.6548044973129201
P0_LARGER_PADDING,2,F4,0.109375,-18.57209780443792,5.0685968659754153
P0_LARGER_PADDING,2,F4,0.11328125,-18.822546514329591,5.4646002158483569
P0_LARGER_PADDING,2,F4,0.1171875,-18.968113007622641,5.8330959481356075
P0_LARGER_PADDING,2,F4,0.12109375,-18.992753948924801,6.1505125744276299
P0_LARGER_PADDING,2,F4,0.125,-18.914168395893022,6.3931675279806548
P0_LARGER_PADDING,2,F4,0.12890625,-18.785483466240692,6.5625303496810421
P0_LARGER_PADDING,2,F4,0.1328125,-18.687381596927267,6.7150405137069917
P0_LARGER_PADDING,2,F4,0.13671875,-18.710980256818402,6.976236982690283
P0_LARGER_PADDING,2,F4,0.140625,-18.931902828277682,7.5169828492811206
P0_LARGER_PADDING,2,F4,0.14453125,-19.376348639623131,8.4800751151923794
P0_LARGER_PADDING,2,F4,0.1484375,-19.982658307953717,9.8644801796265877
P0_LARGER_PADDING,2,F4,0.15234375,-20.570301017280993,11.405154477403565
P0_LARGER_PADDING,2,F4,0.15625,-20.839969974068765,12.522364843831433
P0_LARGER_PADDING,2,F4,0.16015625,-20.430095874743721,12.419516619607675
P0_LARGER_PADDING,2,F4,0.1640625,-19.032441035199476,10.345412059159235
P0_LARGER_PADDING,2,F4,0.16796875,-16.528053154901613,5.9244797015416086
P0_LARGER_PADDING,2,F4,0.171875,-13.07649097727408,-0.61533472048735227
P0_LARGER_PADDING,2,F4,0.17578125,-9.1070112904164162,-8.4436262694141604
P0_LARGER_PADDING,2,F4,0.1796875,-5.2099314527540184,-16.356057446341161
P0_LARGER_PADDING,2,F4,0.18359375,-1.9668972673642058,-23.130849381055498
P0_LARGER_PADDING,2,F4,0.1875,0.22465164074831634,-27.88833638237087
P0_LARGER_PADDING,2,F4,0.19140625,1.268051857122007,-30.32924317830058
P0_LARGER_PADDING,2,F4,0.1953125,1.368817999390596,-30.754623482299344
P0_LARGER_PADDING,2,F4,0.19921875,0.91745321031782279,-29.865715005557114
P0_LARGER_PADDING,2,F4,0.203125,0.3184571956658484,-28.457865827641072
P0_LARGER_PADDING,2,F4,0.20703125,-0.14782520846212055,-27.15912510069051
P0_LARGER_PADDING,2,F4,0.2109375,-0.38009578326919158,-26.305034050472521
P0_LARGER_PADDING,2,F4,0.21484375,-0.42898559033429695,-25.953195187483246
P0_LARGER_PADDING,2,F4,0.21875,-0.42002197281316267,-25.981651360331313
P0_LARGER_PADDING,2,F4,0.22265625,-0.46582336970780691,-26.19953760319531
P0_LARGER_PADDING,2,F4,0.2265625,-0.60094798229581858,-26.420323418464235
P0_LARGER_PADDING,2,F4,0.23046875,-0.76090555400431814,-26.488880759886655
P0_LARGER_PADDING,2,F4,0.234375,-0.81106352463266251,-26.286738237175292
P0_LARGER_PADDING,2,F4,0.23828125,-0.61459826139436746,-25.746506207747458
P0_LARGER_PADDING,2,F4,0.2421875,-0.11520486283073694,-24.889468160738293
P0_LARGER_PADDING,2,F4,0.24609375,0.5977047772823747,-23.874494403638217
P0_LARGER_PADDING,2,F4,0.25,1.2750094399386089,-23.022837311537877
P0_LARGER_PADDING,2,F4,0.25390625,1.5688656389846125,-22.772242498398356
P0_LARGER_PADDING,2,F4,0.2578125,1.1640333830745124,-23.533427315759013
P0_LARGER_PADDING,2,F4,0.26171875,-0.067752601508777488,-25.48400578581067
P0_LARGER_PADDING,2,F4,0.265625,-1.9701056197106563,-28.410972603047437
P0_LARGER_PADDING,2,F4,0.26953125,-4.1305318163546563,-31.729674182144333
P0_LARGER_PADDING,2,F4,0.2734375,-6.0392732366278015,-34.711105775308482
P0_LARGER_PADDING,2,F4,0.27734375,-7.2968115957355586,-36.795294897240375
P0_LARGER_PADDING,2,F4,0.28125,-7.7534435905782253,-37.798723861010771
P0_LARGER_PADDING,2,F4,0.28515625,-7.5162383268528057,-37.908832022886827
P0_LARGER_PADDING,2,F4,0.2890625,-6.8496093699993521,-37.50974492628545
P0_LARGER_PADDING,2,F4,0.29296875,-6.0471369757186269,-36.969056102864172
P0_LARGER_PADDING,2,F4,0.296875,-5.33860098289255,-36.500196522547455
P0_LARGER_PADDING,2,F4,0.30078125,-4.8517661918547743,-36.14515295417246
P0_LARGER_PADDING,2,F4,0.3046875,-4.6156913140953773,-35.849491005576454
P0_LARGER_PADDING,2,F4,0.30859375,-4.585525263792932,-35.559191574649262
P0_LARGER_PADDING,2,F4,0.3125,-4.6761223269923242,-35.27488274006204
P0_LARGER_PADDING,2,F4,0.31640625,-4.7966565596592892,-35.042961954635516
P0_LARGER_PADDING,2,F4,0.3203125,-4.8769504396788621,-34.906759201498026
P0_LARGER_PADDING,2,F4,0.32421875,-4.8769083526077974,-34.855252759827692
P0_LARGER_PADDING,2,F4,0.328125,-4.7790953248373089,-34.79809017930539
P0_LARGER_PADDING,2,F4,0.33203125,-4.5761620731110861,-34.584552003835654
P0_LARGER_PADDING,2,F4,0.3359375,-4.2700698496805449,-34.0728295333194
P0_LARGER_PADDING,2,F4,0.33984375,-3.8932452976468372,-33.233145916092496
P0_LARGER_PADDING,2,F4,0.34375,-3.5440102551224717,-32.238808296203779
P0_LARGER_PADDING,2,F4,0.34765625,-3.4090017549427571,-31.486663534983307
P0_LARGER_PADDING,2,F4,0.3515625,-3.7387210597895537,-31.506372822344971
P0_LARGER_PADDING,2,F4,0.35546875,-4.7606948722133433,-32.761308148452073
P0_LARGER_PADDING,2,F4,0.359375,-6.5559659801761425,-35.404904903841121
P0_LARGER_PADDING,2,F4,0.36328125,-8.966620393765659,-39.11727704416127
P0_LARGER_PADDING,2,F4,0.3671875,-11.607860049807421,-43.152695067928889
P0_LARGER_PADDING,2,F4,0.37109375,-14.00405984730263,-46.623163280659597
P0_LARGER_PADDING,2,F4,0.375,-15.782902509303563,-48.874377292263716
P0_LARGER_PADDING,2,F4,0.37890625,-16.817126532663096,-49.73121824590757
P0_LARGER_PADDING,2,F4,0.3828125,-17.240299833095676,-49.486389296332078
P0_LARGER_PADDING,2,F4,0.38671875,-17.344860704959213,-48.68226475450377
P0_LARGER_PADDING,2,F4,0.390625,-17.431887748400282,-47.839612550286567
P0_LARGER_PADDING,2,F4,0.39453125,-17.691424997123175,-47.271552440910931
P0_LARGER_PADDING,2,F4,0.3984375,-18.158909543267196,-47.040903416996478
P0_LARGER_PADDING,2,F4,0.40234375,-18.745729099105219,-47.036464348511132
P0_LARGER_PADDING,2,F4,0.40625,-19.30988655904779,-47.093955966658271
P0_LARGER_PADDING,2,F4,0.41015625,-19.728874781775325,-47.085279785650258
P0_LARGER_PADDING,2,F4,0.4140625,-19.95048393067929,-46.939381635049415
P0_LARGER_PADDING,2,F4,0.41796875,-20.010747342035053,-46.611081187675936
P0_LARGER_PADDING,2,F4,0.421875,-20.015338955544895,-46.047361371378933
P0_LARGER_PADDING,2,F4,0.42578125,-20.086516489233176,-45.197825315230673
P0_LARGER_PADDING,2,F4,0.4296875,-20.287910093396629,-44.083770198321922
P0_LARGER_PADDING,2,F4,0.43359375,-20.553980480817547,-42.895590462505389
P0_LARGER_PADDING,2,F4,0.4375,-20.662455885948969,-42.050218994569555
P0_LARGER_PADDING,2,F4,0.44140625,-20.283840030872344,-42.132447992451112
P0_LARGER_PADDING,2,F4,0.4453125,-19.112213547689095,-43.688216462580002
P0_LARGER_PADDING,2,F4,0.44921875,-17.031111612262226,-46.931558784698758
P0_LARGER_PADDING,2,F4,0.453125,-14.224860063018511,-51.521102008671861
P0_LARGER_PADDING,2,F4,0.45703125,-11.150827970799277,-56.574001011096939
P0_LARGER_PADDING,2,F4,0.4609375,-8.3623754263470627,-60.963935341295155
P0_LARGER_PADDING,2,F4,0.46484375,-6.274533185636578,-63.760001192693835
P0_LARGER_PADDING,2,F4,0.46875,-5.0076343225486788,-64.565105346994102
P0_LARGER_PADDING,2,F4,0.47265625,-4.3858345859069221,-63.59486398504113
P0_LARGER_PADDING,2,F4,0.4765625,-4.0627311751004367,-61.51214862735047
P0_LARGER_PADDING,2,F4,0.48046875,-3.6828467000663352,-59.145932183547373
P0_LARGER_PADDING,2,F4,0.484375,-2.9979794274405638,-57.222787620364784
P0_LARGER_PADDING,2,F4,0.48828125,-1.9112502441090999,-56.177524452840174
P0_LARGER_PADDING,2,F4,0.4921875,-0.47024791687766765,-56.054484237457537
P0_LARGER_PADDING,2,F4,0.49609375,1.157691418705264,-56.494236569228278
P0_LARGER_PADDING,2,F4,0.5,2.7174592112016267,-56.812932200627543
P0_LARGER_PADDING,2,F4,0.50390625,3.9206233343699441,-56.190243264822826
P0_LARGER_PADDING,2,F4,0.5078125,4.5372411715221777,-53.954395983056287
P0_LARGER_PADDING,2,F4,0.51171875,4.5084221150104629,-49.885920856797199
P0_LARGER_PADDING,2,F4,0.515625,4.0227442810875846,-44.39572317202618
P0_LARGER_PADDING,2,F4,0.51953125,3.490185282628401,-38.439899209282743
P0_LARGER_PADDING,2,F4,0.5234375,3.3970727746632994,-33.160312618670723
P0_LARGER_PADDING,2,F4,0.52734375,4.1097710394429914,-29.424012337332972
P0_LARGER_PADDING,2,F4,0.53125,5.7389259055688635,-27.516852168713875
P0_LARGER_PADDING,2,F4,0.53515625,8.1349025533788328,-27.138698641278367
P0_LARGER_PADDING,2,F4,0.5390625,10.997866448133045,-27.647487991082031
P0_LARGER_PADDING,2,F4,0.54296875,14.026130467304615,-28.376701825379641
P0_LARGER_PADDING,2,F4,0.546875,17.025239058633407,-28.868116120295365
P0_LARGER_PADDING,2,F4,0.55078125,19.939758815724169,-28.9555245746342
P0_LARGER_PADDING,2,F4,0.5546875,22.816518802616105,-28.718863998812601
P0_LARGER_PADDING,2,F4,0.55859375,25.736574737278445,-28.366793004128525
P0_LARGER_PADDING,2,F4,0.5625,28.754988080484313,-28.109363418516331
P0_LARGER_PADDING,2,F4,0.56640625,31.870572327573786,-28.065598543562452
P0_LARGER_PADDING,2,F4,0.5703125,35.026588873719533,-28.222076890171699
P0_LARGER_PADDING,2,F4,0.57421875,38.130086128079782,-28.435567442435111
P0_LARGER_PADDING,2,F4,0.578125,41.078006566991931,-28.473298290662733
P0_LARGER_PADDING,2,F4,0.58203125,43.788262783075837,-28.098161064219486
P0_LARGER_PADDING,2,F4,0.5859375,46.239935797667457,-27.199567159398747
P0_LARGER_PADDING,2,F4,0.58984375,48.516913573149182,-25.930829598953331
P0_LARGER_PADDING,2,F4,0.59375,50.828925774011743,-24.771388345123682
P0_LARGER_PADDING,2,F4,0.59765625,53.474416001480222,-24.433164583642373
P0_LARGER_PADDING,2,F4,0.6015625,56.730199687272652,-25.595405869812893
P0_LARGER_PADDING,2,F4,0.60546875,60.701738246877767,-28.560595746915631
P0_LARGER_PADDING,2,F4,0.609375,65.216555184753005,-33.016129088183497
P0_LARGER_PADDING,2,F4,0.61328125,69.846412423430934,-38.079877449285689
P0_LARGER_PADDING,2,F4,0.6171875,74.074261321502917,-42.656118850293119
P0_LARGER_PADDING,2,F4,0.62109375,77.517920057663574,-45.912005853129436
P0_LARGER_PADDING,2,F4,0.625,80.075669687007576,-47.589176116503509
P0_LARGER_PADDING,2,F4,0.62890625,81.917820969986508,-47.98951480763607
P0_LARGER_PADDING,2,F4,0.6328125,83.356077798146416,-47.704235203102677
P0_LARGER_PADDING,2,F4,0.63671875,84.686008689841145,-47.292929792744907
P0_LARGER_PADDING,2,F4,0.640625,86.084878579701737,-47.087622614379136
P0_LARGER_PADDING,2,F4,0.64453125,87.592037262708828,-47.172665967878416
P0_LARGER_PADDING,2,F4,0.6484375,89.149779108763454,-47.485000819436408
P0_LARGER_PADDING,2,F4,0.65234375,90.663889829396339,-47.939366007292151
P0_LARGER_PADDING,2,F4,0.65625,92.052371370906613,-48.50020166065778
P0_LARGER_PADDING,2,F4,0.66015625,93.270100463385475,-49.173461911970719
P0_LARGER_PADDING,2,F4,0.6640625,94.310660497840047,-49.950760492554608
P0_LARGER_PADDING,2,F4,0.66796875,95.191762337392333,-50.767655662959882
P0_LARGER_PADDING,2,F4,0.671875,95.933627523552957,-51.515539286581301
P0_LARGER_PADDING,2,F4,0.67578125,96.543032862923951,-52.096785891800565
P0_LARGER_PADDING,2,F4,0.6796875,97.014935473965011,-52.481669650253821
P0_LARGER_PADDING,2,F4,0.68359375,97.3538471902053,-52.731342530035221
P0_LARGER_PADDING,2,F4,0.6875,97.600640519409382,-52.976330130699111
P0_LARGER_PADDING,2,F4,0.69140625,97.838688780153163,-53.360843275879176
P0_LARGER_PADDING,2,F4,0.6953125,98.159796308394391,-53.971447755581565
P0_LARGER_PADDING,2,F4,0.69921875,98.597102700252776,-54.76988213137534
P0_LARGER_PADDING,2,F4,0.703125,99.062589741859796,-55.552162391419657
P0_LARGER_PADDING,2,F4,0.70703125,99.337685141566169,-55.961615747366608
P0_LARGER_PADDING,2,F4,0.7109375,99.145339742927746,-55.58296802906851
P0_LARGER_PADDING,2,F4,0.71484375,98.28800959261298,-54.118022691680707
P0_LARGER_PADDING,2,F4,0.71875,96.786912392902877,-51.579765993861315
P0_LARGER_PADDING,2,F4,0.72265625,94.930333538029174,-48.374912507841941
P0_LARGER_PADDING,2,F4,0.7265625,93.167056965311133,-45.159700774002914
P0_LARGER_PADDING,2,F4,0.73046875,91.879220294890601,-42.504408393927406
P0_LARGER_PADDING,2,F4,0.734375,91.178385178673864,-40.591500307786916
P0_LARGER_PADDING,2,F4,0.73828125,90.875268273158866,-39.188186264389316
P0_LARGER_PADDING,2,F4,0.7421875,90.639388953094567,-37.90653289853941
P0_LARGER_PADDING,2,F4,0.74609375,90.212447782295442,-36.515810023254247
P0_LARGER_PADDING,2,F4,0.75,89.522662400473052,-35.065715780192406
P0_LARGER_PADDING,2,F4,0.75390625,88.661132068905587,-33.785128005650108
P0_LARGER_PADDING,2,F4,0.7578125,87.786825172366378,-32.893311406533499
P0_LARGER_PADDING,2,F4,0.76171875,87.039303425518,-32.468157691462665
P0_LARGER_PADDING,2,F4,0.765625,86.493728214890538,-32.426970380855266
P0_LARGER_PADDING,2,F4,0.76953125,86.154789273155018,-32.592451972699891
P0_LARGER_PADDING,2,F4,0.7734375,85.974423823752346,-32.781283425014934
P0_LARGER_PADDING,2,F4,0.77734375,85.880323502558667,-32.864938743607965
P0_LARGER_PADDING,2,F4,0.78125,85.805352643536537,-32.789994613064195
P0_LARGER_PADDING,2,F4,0.78515625,85.709129815442083,-32.572930568405823
P0_LARGER_PADDING,2,F4,0.7890625,85.58518431619413,-32.283320309835815
P0_LARGER_PADDING,2,F4,0.79296875,85.45212384361966,-32.016091432086526
P0_LARGER_PADDING,2,F4,0.796875,85.333415655506087,-31.853991524764652
