task,condition,channel,method,time_s,mean,ci_low,ci_high
1,-1,Fz,P0,-0.19921875,0.13953744460107886,-1.5624010792335434,1.7454865087263489
1,-1,Fz,P0,-0.1953125,-0.20387317375597028,-1.8679971018363475,1.5778028119590053
1,-1,Fz,P0,-0.19140625,-0.50920430754026658,-2.2588894863201809,1.3959826517481719
1,-1,Fz,P0,-0.1875,-0.71102084225098017,-2.4509762190897297,1.2303193873059881
1,-1,Fz,P0,-0.18359375,-0.73978632408370626,-2.4578957985213341,1.297417766314146
1,-1,Fz,P0,-0.1796875,-0.55011290087520037,-2.3489859189952953,1.4284194375784474
1,-1,Fz,P0,-0.17578125,-0.15565878389497345,-2.1310170938473187,1.7988108486215399
1,-1,Fz,P0,-0.171875,0.35505038398144939,-1.7197330637546206,2.3134585062008814
1,-1,Fz,P0,-0.16796875,0.83909560515129666,-1.3454620012372358,2.8573075118470506
1,-1,Fz,P0,-0.1640625,1.1517467774579433,-1.1276136245414135,3.1924668533761196
1,-1,Fz,P0,-0.16015625,1.2059591061955388,-1.0954250154917242,3.328196969885945
1,-1,Fz,P0,-0.15625,1.0061280595363986,-1.1681977655905469,3.110227752808993
1,-1,Fz,P0,-0.15234375,0.63612690234932345,-1.4404711386330091,2.6300581767318021
1,-1,Fz,P0,-0.1484375,0.20997552404228306,-1.7771480453094355,2.1240643736296776
1,-1,Fz,P0,-0.14453125,-0.18168413775617562,-2.0349913382543559,1.5601900783981009
1,-1,Fz,P0,-0.140625,-0.49684773525305198,-2.5101057102819699,1.1224386077269333
1,-1,Fz,P0,-0.13671875,-0.73296525542458835,-2.9090539373880095,0.87778335992983525
1,-1,Fz,P0,-0.1328125,-0.90274426995949264,-3.1809000665455458,0.76384068967984187
1,-1,Fz,P0,-0.12890625,-1.0163671618526398,-3.2838127573126865,0.7195655610981988
1,-1,Fz,P0,-0.125,-1.0754131777005547,-3.2831081303423995,0.78739457134165936
1,-1,Fz,P0,-0.12109375,-1.0712778547397601,-3.1498259321871167,0.85994602490096617
1,-1,Fz,P0,-0.1171875,-0.98286750697270686,-2.9821239934813004,1.1936435479285834
1,-1,Fz,P0,-0.11328125,-0.77772796936472099,-2.6303053397190985,1.6989392059258945
1,-1,Fz,P0,-0.109375,-0.42465631604129789,-2.1756807294854439,1.9985481458783925
1,-1,Fz,P0,-0.10546875,0.081780720493467948,-1.6006369406843117,2.4825243604537648
1,-1,Fz,P0,-0.1015625,0.69776015156345272,-1.0599424059674172,3.0802811749023689
1,-1,Fz,P0,-0.09765625,1.3268052167029487,-0.67306956045664046,3.684284176129955
1,-1,Fz,P0,-0.09375,1.8461173658614993,-0.36850550529442089,4.443011482997596
1,-1,Fz,P0,-0.08984375,2.1523974253611624,-0.097707360307917934,4.752587791700396
1,-1,Fz,P0,-0.0859375,2.2016712194043841,0.19651248504755178,4.3310441322429192
1,-1,Fz,P0,-0.08203125,2.020448545775682,0.48915712172062148,3.8475569119023465
1,-1,Fz,P0,-0.078125,1.6858959241565383,0.42105408441727493,3.4612043566738788
1,-1,Fz,P0,-0.07421875,1.2927260851652318,-0.089169984732074298,3.2442819647516639
1,-1,Fz,P0,-0.0703125,0.92564135087790433,-0.69001737087494963,3.1228612996809435
1,-1,Fz,P0,-0.06640625,0.64190955019135065,-1.1602291121143273,3.0440670948875002
1,-1,Fz,P0,-0.0625,0.45981884480167423,-1.4394064592183247,2.9264936633419261
1,-1,Fz,P0,-0.05859375,0.35500157528909537,-1.7583398201465372,2.9376294991453529
1,-1,Fz,P0,-0.0546875,0.27402117343426241,-2.0247010810007224,2.9029944061432857
1,-1,Fz,P0,-0.05078125,0.16574194800968295,-2.0950417138070576,2.8190368321963368
1,-1,Fz,P0,-0.046875,0.011523104847861471,-2.1007092035932309,2.6087911513015261
1,-1,Fz,P0,-0.04296875,-0.16972451205099606,-2.1228166966634672,2.2699881979343464
1,-1,Fz,P0,-0.0390625,-0.34527237942955863,-2.2644100710816146,1.8475483759124265
1,-1,Fz,P0,-0.03515625,-0.49935968488559868,-2.3587487727336618,1.5000676724646465
1,-1,Fz,P0,-0.03125,-0.64506452524201541,-2.3728647375798935,1.1119117285792852
1,-1,Fz,P0,-0.02734375,-0.80999893179786742,-2.5703001992067191,0.86516424360830768
1,-1,Fz,P0,-0.0234375,-1.0100235700776694,-2.6550810924016139,0.54623102953114022
1,-1,Fz,P0,-0.01953125,-1.232156679440213,-2.7468024751745608,0.29387004559345004
1,-1,Fz,P0,-0.015625,-1.4393784948397268,-3.0029057385176259,0.13490244179719674
1,-1,Fz,P0,-0.01171875,-1.5940629083369782,-3.2357747636983167,0.096435284205135391
1,-1,Fz,P0,-0.0078125,-1.6826923645287888,-3.4911897103812626,0.34353657191561499
1,-1,Fz,P0,-0.00390625,-1.722938237156076,-3.735973042470341,0.5660008168825309
1,-1,Fz,P0,0,-1.7485566540414175,-4.0206066554036965,0.93866463108824483
1,-1,Fz,P0,0.00390625,-1.7848648295131235,-4.3461032380547771,1.1955914887259527
1,-1,Fz,P0,0.0078125,-1.8311087090841045,-4.5060781650664463,1.2531624300764834
1,-1,Fz,P0,0.01171875,-1.8557838296192428,-4.495105993227039,1.0528270873305781
1,-1,Fz,P0,0.015625,-1.8014267867480989,-4.2788899895412138,0.9069507807827909
1,-1,Fz,P0,0.01953125,-1.5969075403520927,-4.124125519274533,0.87782096844234625
1,-1,Fz,P0,0.0234375,-1.1845124013117967,-3.7405225936950837,1.2791491689046197
1,-1,Fz,P0,0.02734375,-0.57295096102182275,-3.4855809142416967,2.568126442210998
1,-1,Fz,P0,0.03125,0.088725694104524161,-3.836443298362755,4.5431400732219238
1,-1,Fz,P0,0.03515625,0.45774676818609183,-4.4761093731253894,6.1079707830580521
1,-1,Fz,P0,0.0390625,0.033788946527420316,-5.0006481810002006,5.5215762056455482
1,-1,Fz,P0,0.04296875,-1.6705468958956016,-5.5334690227149759,1.9616815740163938
1,-1,Fz,P0,0.046875,-4.8671299314408092,-10.621764521662998,-0.44358929790063628
1,-1,Fz,P0,0.05078125,-9.2798933574184108,-22.999311940561011,-0.91376364930146114
1,-1,Fz,P0,0.0546875,-14.148497849524075,-38.05674900941284,-1.2070832002813126
1,-1,Fz,P0,0.05859375,-18.501709301729658,-51.628773941749039,-1.6883292185840315
1,-1,Fz,P0,0.0625,-21.56487840285963,-60.862486860672085,-1.9305451766103359
1,-1,Fz,P0,0.06640625,-23.061363895349842,-65.401996739909293,-1.928189810978904
1,-1,Fz,P0,0.0703125,-23.247312542483414,-66.018678586034227,-1.7388506223673748
1,-1,Fz,P0,0.07421875,-22.703330181907145,-64.385704061555074,-1.5225669935536279
1,-1,Fz,P0,0.078125,-22.037024350981206,-62.499607143639921,-1.4563758003598659
1,-1,Fz,P0,0.08203125,-21.654403009932949,-61.226734330320632,-1.3965447212386652
1,-1,Fz,P0,0.0859375,-21.676507519362954,-60.921957746231499,-1.4276997135495897
1,-1,Fz,P0,0.08984375,-21.988863827228229,-61.332678501310397,-1.439622674148314
1,-1,Fz,P0,0.09375,-22.363882995185094,-61.853716993995974,-1.4779734005462266
1,-1,Fz,P0,0.09765625,-22.591552997457782,-62.111318696439696,-1.6552959742999502
1,-1,Fz,P0,0.1015625,-22.570394750768841,-61.914353781759011,-1.9230832972026142
1,-1,Fz,P0,0.10546875,-22.334380848491183,-61.348633455717554,-2.0658627116014885
1,-1,Fz,P0,0.109375,-22.017512478681574,-60.693921829104987,-1.9031373201590476
1,-1,Fz,P0,0.11328125,-21.77994731745413,-60.255448993004414,-1.897521957896698
1,-1,Fz,P0,0.1171875,-21.731106244910961,-60.21875308923304,-1.9408270293470962
1,-1,Fz,P0,0.12109375,-21.883457977289417,-60.665423139070285,-2.0499970543294697
1,-1,Fz,P0,0.125,-22.155708548999236,-61.239414824414915,-2.2075272741601348
1,-1,Fz,P0,0.12890625,-22.419443692336092,-61.728322977907986,-2.0867857167968125
1,-1,Fz,P0,0.1328125,-22.561069705864753,-62.014821106806863,-2.1747714008628409
1,-1,Fz,P0,0.13671875,-22.526284115265625,-61.990087627118271,-2.0715732876159998
1,-1,Fz,P0,0.140625,-22.330365138714779,-61.513571902087584,-1.8315731801798725
1,-1,Fz,P0,0.14453125,-22.040380298837409,-60.824341885315135,-1.51624414979126
1,-1,Fz,P0,0.1484375,-21.746093329483564,-60.349660428101629,-1.238729765438388
1,-1,Fz,P0,0.15234375,-21.530107390257815,-59.997348532088211,-1.1762460632240546
1,-1,Fz,P0,0.15625,-21.439490662443703,-59.987175071669,-0.97905613205223119
1,-1,Fz,P0,0.16015625,-21.464878890841995,-60.085152598132872,-0.99558490906264163
1,-1,Fz,P0,0.1640625,-21.541213826030834,-60.146037720169232,-1.1362301965921477
1,-1,Fz,P0,0.16796875,-21.578928421279514,-60.139650773353644,-1.2439417503684647
1,-1,Fz,P0,0.171875,-21.513937941004134,-60.193813533873602,-1.0420671106789043
1,-1,Fz,P0,0.17578125,-21.347247502069283,-60.164080670923475,-0.58348834459336507
1,-1,Fz,P0,0.1796875,-21.147605072985179,-59.99563862161073,-0.18973660633105352
1,-1,Fz,P0,0.18359375,-21.01318351395992,-59.799371636474099,0.31044644450322201
1,-1,Fz,P0,0.1875,-21.014424895526783,-59.708139539023726,0.45019836075234632
1,-1,Fz,P0,0.19140625,-21.15134648577704,-59.700003994691073,0.3743694702207328
1,-1,Fz,P0,0.1953125,-21.348108105645689,-59.685566946689939,0.22216659128815008
1,-1,Fz,P0,0.19921875,-21.485305150017592,-59.579042489014299,-0.03762450352811289
1,-1,Fz,P0,0.203125,-21.453171407691165,-59.385381654786762,-0.15028281161584736
1,-1,Fz,P0,0.20703125,-21.204770174193118,-58.93590111650775,-0.15961443589095606
1,-1,Fz,P0,0.2109375,-20.791657270910438,-58.248788391602652,0.18810133370618543
1,-1,Fz,P0,0.21484375,-20.367155456884841,-57.774447456175885,0.78220749342173268
1,-1,Fz,P0,0.21875,-20.145975491551535,-57.411901523543229,0.78747688301816698
1,-1,Fz,P0,0.22265625,-20.322837011642065,-57.466742584047012,0.18350445098872128
1,-1,Fz,P0,0.2265625,-20.979152692706339,-57.640787802853836,-1.1966418153044163
1,-1,Fz,P0,0.23046875,-22.030589065676626,-57.412871781196124,-3.0384851478338075
1,-1,Fz,P0,0.234375,-23.262419710766114,-57.939185928329771,-3.4257329378075898
1,-1,Fz,P0,0.23828125,-24.445167987861257,-58.502849337687998,-3.5899600233882452
1,-1,Fz,P0,0.2421875,-25.446792522771354,-59.869500201804179,-3.9129046134628966
1,-1,Fz,P0,0.24609375,-26.247710040242065,-60.465711727545603,-4.1440488908947044
1,-1,Fz,P0,0.25,-26.872301854720941,-60.725984112530568,-4.0963208188393274
1,-1,Fz,P0,0.25390625,-27.358536426467694,-60.440156401561765,-4.2583980711558178
1,-1,Fz,P0,0.2578125,-27.823999287645705,-60.15831188009092,-4.5785602163271744
1,-1,Fz,P0,0.26171875,-28.511018083339476,-60.959062732141206,-4.5397197961826246
1,-1,Fz,P0,0.265625,-29.669747480408859,-62.953165925971099,-4.3046023123385186
1,-1,Fz,P0,0.26953125,-31.338616369007152,-65.615839567654575,-4.0580084199053665
1,-1,Fz,P0,0.2734375,-33.240536150293138,-70.579401979191744,-3.6519169060344021
1,-1,Fz,P0,0.27734375,-34.910584021054227,-74.091718912670586,-3.1285118972981691
1,-1,Fz,P0,0.28125,-35.946361115189596,-79.002512049304826,-2.803830511105339
1,-1,Fz,P0,0.28515625,-36.190941202647821,-81.219735500536515,-2.5720458493902147
1,-1,Fz,P0,0.2890625,-35.757195905740865,-81.141481195091814,-2.2875114468169473
1,-1,Fz,P0,0.29296875,-34.928761491428787,-79.698228364052255,-1.6443815950301959
1,-1,Fz,P0,0.296875,-34.021344189930389,-78.063307270920703,-1.0203959269554475
1,-1,Fz,P0,0.30078125,-33.269923962182794,-76.969513908370672,-0.45872630182592189
1,-1,Fz,P0,0.3046875,-32.77261843975905,-76.345366265554617,-0.090403117276770348
1,-1,Fz,P0,0.30859375,-32.496034670463217,-76.002581225062016,0.32140888972612186
1,-1,Fz,P0,0.3125,-32.328839379318779,-75.859991788463262,0.66605018216020762
1,-1,Fz,P0,0.31640625,-32.155188269644043,-75.688064767875147,0.92904372165784443
1,-1,Fz,P0,0.3203125,-31.912543043470642,-75.36933126199763,1.1932073176757041
1,-1,Fz,P0,0.32421875,-31.608262012022102,-74.906419516114909,1.4777486287298396
1,-1,Fz,P0,0.328125,-31.294495848443301,-74.377682840973307,1.8069830418794759
1,-1,Fz,P0,0.33203125,-31.025035958176975,-73.879686607599297,2.0768013202925988
1,-1,Fz,P0,0.3359375,-30.823890157295615,-73.482199338209711,2.2897721851320383
1,-1,Fz,P0,0.33984375,-30.681468592391422,-73.205109242164141,2.5011181073180095
1,-1,Fz,P0,0.34375,-30.573264253908661,-73.018742030640112,2.5204111020828588
1,-1,Fz,P0,0.34765625,-30.483280814857135,-72.865262897491434,2.6820588588723302
1,-1,Fz,P0,0.3515625,-30.416589563725555,-72.692718890861855,2.9066667337827545
1,-1,Fz,P0,0.35546875,-30.396616534493841,-72.486160008564426,3.0487897365102254
1,-1,Fz,P0,0.359375,-30.451818631960528,-72.278780731784323,2.9972740573470142
1,-1,Fz,P0,0.36328125,-30.598041846785318,-72.043393928963383,2.6504335691081011
1,-1,Fz,P0,0.3671875,-30.822885692680178,-71.810039010129145,2.0129627333012734
1,-1,Fz,P0,0.37109375,-31.0822860923899,-71.748515038528637,1.2558300781449883
1,-1,Fz,P0,0.375,-31.319143253173337,-71.834633024805811,0.59364419765976018
1,-1,Fz,P0,0.37890625,-31.498692688019585,-72.026870272127894,0.20237200945919448
1,-1,Fz,P0,0.3828125,-31.635539267640798,-72.289556525245317,-0.082109322066015483
1,-1,Fz,P0,0.38671875,-31.787372159683201,-72.629597632469867,-0.32074077874819862
1,-1,Fz,P0,0.390625,-32.016551284036943,-73.039763724224258,-0.72785085791177595
1,-1,Fz,P0,0.39453125,-32.348479859269425,-73.493508365321318,-1.2119250770505035
1,-1,Fz,P0,0.3984375,-32.756901735591178,-73.934572920799297,-1.8418034602272653
1,-1,Fz,P0,0.40234375,-33.18176721545656,-74.289422804035866,-2.3583664137357725
1,-1,Fz,P0,0.40625,-33.56212998338539,-74.501902650234499,-2.8628197730840688
1,-1,Fz,P0,0.41015625,-33.864342446608596,-74.561196947479985,-3.1615614260490559
1,-1,Fz,P0,0.4140625,-34.096290957670369,-74.524941316217564,-3.4228875201552831
1,-1,Fz,P0,0.41796875,-34.304128627351652,-74.460398485743553,-3.660768370261736
1,-1,Fz,P0,0.421875,-34.549461714537856,-74.459554800737934,-4.0139576174753699
1,-1,Fz,P0,0.42578125,-34.873962882396661,-74.586843968089198,-4.4538469602709778
1,-1,Fz,P0,0.4296875,-35.271758376590618,-74.844654967469097,-4.9885048762760631
1,-1,Fz,P0,0.43359375,-35.689423755449091,-75.185857729698611,-5.5788173490669815
1,-1,Fz,P0,0.4375,-36.053228730675905,-75.525602514652874,-6.080246027252822
1,-1,Fz,P0,0.44140625,-36.30254305928154,-75.779341269461483,-6.4168242249857856
1,-1,Fz,P0,0.4453125,-36.408150004401421,-75.891747278400089,-6.6452666457603504
1,-1,Fz,P0,0.44921875,-36.371704778598378,-75.889034728887651,-6.7836101663621493
1,-1,Fz,P0,0.453125,-36.217100073031297,-75.555336671478273,-6.8318379884199345
1,-1,Fz,P0,0.45703125,-35.983102312743917,-74.785651973581679,-6.8722875986382146
1,-1,Fz,P0,0.4609375,-35.715270787712392,-73.918774320279894,-6.9792211132135238
1,-1,Fz,P0,0.46484375,-35.449543265545806,-73.112905241239758,-7.0625783056708373
1,-1,Fz,P0,0.46875,-35.18889735065801,-72.512818307954149,-6.9770108222134315
1,-1,Fz,P0,0.47265625,-34.889926711571952,-72.145730810378041,-6.6475657864818345
1,-1,Fz,P0,0.4765625,-34.478709745379035,-71.892548376149009,-6.1845280590443696
1,-1,Fz,P0,0.48046875,-33.89562579142703,-71.636922684517657,-5.5611029496142566
1,-1,Fz,P0,0.484375,-33.141888970923191,-71.264665859035645,-4.6595731807308649
1,-1,Fz,P0,0.48828125,-32.293183445385374,-70.73786840679513,-3.7728532813390538
1,-1,Fz,P0,0.4921875,-31.467079187447094,-70.133242344712997,-2.7836586381135153
1,-1,Fz,P0,0.49609375,-30.763257998754437,-69.662305193514882,-1.8907612341093489
1,-1,Fz,P0,0.5,-30.214328620557271,-69.431840939006918,-1.4357290849907698
1,-1,Fz,P0,0.50390625,-29.778800289944328,-69.226922749736815,-1.0088945387279451
1,-1,Fz,P0,0.5078125,-29.381067274014868,-68.889315202645619,-0.48080933229138373
1,-1,Fz,P0,0.51171875,-28.971437973609948,-68.513272782871965,-0.071136308649371163
1,-1,Fz,P0,0.515625,-28.563238742998475,-68.127603902217771,0.3942743322408907
1,-1,Fz,P0,0.51953125,-28.218235045649706,-67.80829308894333,0.83408305146680795
1,-1,Fz,P0,0.5234375,-27.989874145021808,-67.618526096547086,1.106886407432905
1,-1,Fz,P0,0.52734375,-27.868705992066396,-67.518879307233149,1.2385562104848176
1,-1,Fz,P0,0.53125,-27.775889792242182,-67.388701129680541,1.3017118379381656
1,-1,Fz,P0,0.53515625,-27.613560984701039,-67.090132865832516,1.4398372131622039
1,-1,Fz,P0,0.5390625,-27.333889162164656,-66.555962289801215,1.6330273501214749
1,-1,Fz,P0,0.54296875,-26.972082198007662,-65.844686488855956,1.9709278059622515
1,-1,Fz,P0,0.546875,-26.617513521827963,-65.099688428832039,2.0596221126472494
1,-1,Fz,P0,0.55078125,-26.347219818074127,-64.265080866359284,1.9631836532795848
1,-1,Fz,P0,0.5546875,-26.174122734048797,-63.50931131570136,1.9264670124192929
1,-1,Fz,P0,0.55859375,-26.045192089718199,-62.918199175033145,2.2512164071881093
1,-1,Fz,P0,0.5625,-25.881295909881725,-62.440494926277772,2.4272121148723991
1,-1,Fz,P0,0.56640625,-25.622595344977093,-61.975895008012884,2.6830618075514119
1,-1,Fz,P0,0.5703125,-25.251818408157494,-61.460418563047654,3.033260997185633
1,-1,Fz,P0,0.57421875,-24.793777116388881,-60.860025580847925,3.395065633618692
1,-1,Fz,P0,0.578125,-24.303060227549853,-60.166859382863223,3.6281039930926342
1,-1,Fz,P0,0.58203125,-23.846765067971216,-59.396148558718167,3.7113553662511354
1,-1,Fz,P0,0.5859375,-23.48203271494971,-58.585956415039604,3.7506185384053321
1,-1,Fz,P0,0.58984375,-23.231874113124633,-57.855187047577552,3.6798178795075809
1,-1,Fz,P0,0.59375,-23.07141952658781,-57.277077941298415,3.6702705944548208
1,-1,Fz,P0,0.59765625,-22.936003918290769,-56.853216142179967,3.6448944378119497
1,-1,Fz,P0,0.6015625,-22.749232572524967,-56.546845643960516,3.6281759301383327
1,-1,Fz,P0,0.60546875,-22.455911501478028,-56.285212302643849,4.0328139019085159
1,-1,Fz,P0,0.609375,-22.043876171295757,-55.995059015278947,4.6218595525676296
1,-1,Fz,P0,0.61328125,-21.547662723247459,-55.62929633205615,5.1029133225822338
1,-1,Fz,P0,0.6171875,-21.034781679884034,-55.173497727796175,5.5389846462608787
1,-1,Fz,P0,0.62109375,-20.578873756504027,-54.633238650969474,5.7321831757665267
1,-1,Fz,P0,0.625,-20.22782666080392,-54.015315505634526,5.6816349939511159
1,-1,Fz,P0,0.62890625,-19.979707781559444,-53.318788428690446,5.4032386134762289
1,-1,Fz,P0,0.6328125,-19.778996010459423,-52.5853172306986,5.0766520493706171
1,-1,Fz,P0,0.63671875,-19.536323103358018,-51.891272060010117,4.8911436243176931
1,-1,Fz,P0,0.640625,-19.162826849329491,-51.140859050324053,5.0147140201178075
1,-1,Fz,P0,0.64453125,-18.604847931607281,-50.315233929426384,5.5341592725621247
1,-1,Fz,P0,0.6484375,-17.866756826867036,-49.372468421748117,6.4208878835259009
1,-1,Fz,P0,0.65234375,-17.012995746387578,-48.268905924693676,7.5245694774776783
1,-1,Fz,P0,0.65625,-16.144965149257455,-47.338688568923537,8.6065743514742561
1,-1,Fz,P0,0.66015625,-15.35915782172474,-46.645228253018615,9.6563882680761459
1,-1,Fz,P0,0.6640625,-14.706290250725077,-45.79656811113999,10.585170597225128
1,-1,Fz,P0,0.66796875,-14.174815864374278,-45.080861032369185,11.337957971704046
1,-1,Fz,P0,0.671875,-13.709548201927403,-44.445599329437883,11.731154778093506
1,-1,Fz,P0,0.67578125,-13.253906083585479,-43.785052997872889,12.080975313673081
1,-1,Fz,P0,0.6796875,-12.787848009691981,-43.184815138669272,12.578528788639685
1,-1,Fz,P0,0.68359375,-12.336462940598615,-42.505224402090313,13.212188342990931
1,-1,Fz,P0,0.6875,-11.946280282080069,-42.270092106676351,13.602966206182257
1,-1,Fz,P0,0.69140625,-11.650299383469875,-41.891798707199236,13.760545936046633
1,-1,Fz,P0,0.6953125,-11.448369103983866,-40.9279655986861,13.785281748791736
1,-1,Fz,P0,0.69921875,-11.313439851940011,-40.43080050490201,13.672739903018357
1,-1,Fz,P0,0.703125,-11.212189683841826,-39.829211575670136,13.310587685057428
1,-1,Fz,P0,0.70703125,-11.119589256744197,-39.370066933057807,12.653509917362593
1,-1,Fz,P0,0.7109375,-11.01653075493846,-38.949375216107526,12.389450267726808
1,-1,Fz,P0,0.71484375,-10.877343370778389,-38.466948198711378,12.205380079026561
1,-1,Fz,P0,0.71875,-10.664623124779625,-37.71013613160634,11.830640386769678
1,-1,Fz,P0,0.72265625,-10.343718568335879,-36.888301038787233,11.39842714169891
1,-1,Fz,P0,0.7265625,-9.911349150734674,-36.163038294677804,11.537049434073881
1,-1,Fz,P0,0.73046875,-9.4157475316278649,-35.573244304885002,12.055877721214275
1,-1,Fz,P0,0.734375,-8.945787246877293,-35.122630757658641,12.325089966893612
1,-1,Fz,P0,0.73828125,-8.5884464505664262,-34.919736015147485,12.659205775631087
1,-1,Fz,P0,0.7421875,-8.3817227868529756,-34.978403659264991,12.963864263605707
1,-1,Fz,P0,0.74609375,-8.2980110200249619,-34.962197926292781,12.95385851809014
1,-1,Fz,P0,0.75,-8.270636114746166,-34.710933987710028,12.725067313818133
1,-1,Fz,P0,0.75390625,-8.242453596699745,-34.186349733194305,12.39090723671276
1,-1,Fz,P0,0.7578125,-8.2008685204380676,-33.671073320185734,12.158275812589082
1,-1,Fz,P0,0.76171875,-8.1787854353488765,-33.170779690537067,11.910169680917582
1,-1,Fz,P0,0.765625,-8.2273563434901948,-32.810439959992515,11.549812972640634
1,-1,Fz,P0,0.76953125,-8.38120732634642,-32.483229530956962,11.24431523004154
1,-1,Fz,P0,0.7734375,-8.6364276136448446,-32.346368194639261,10.994127083675494
1,-1,Fz,P0,0.77734375,-8.953565905512507,-32.431411230324521,10.787292901886911
1,-1,Fz,P0,0.78125,-9.2845630986939423,-32.701626350899751,10.426219157729573
1,-1,Fz,P0,0.78515625,-9.6064922993433317,-33.235826691374342,10.127351225474573
1,-1,Fz,P0,0.7890625,-9.9379138311530291,-33.922166261646368,9.8561399085292933
1,-1,Fz,P0,0.79296875,-10.324881002775207,-34.781766639884175,9.6639462342159348
1,-1,Fz,P0,0.796875,-10.80620663592118,-35.546919629770777,9.451725538993669
1,-1,F3,P0,-0.19921875,-0.070180489462729853,-2.9200677621769939,3.1240463249833383
1,-1,F3,P0,-0.1953125,-0.45302970503729467,-3.1048135003196471,2.8663448447836637
1,-1,F3,P0,-0.19140625,-0.7779177289228465,-3.4877233486102139,2.5285149097917889
1,-1,F3,P0,-0.1875,-0.98180457295271639,-3.671120593195484,2.1995868829860701
1,-1,F3,P0,-0.18359375,-1.0053325871522143,-3.7131738776031744,1.9467480689547714
1,-1,F3,P0,-0.1796875,-0.81562231698862753,-3.4830404708543012,1.8845722046590492
1,-1,F3,P0,-0.17578125,-0.43545624646957526,-3.285304371923917,2.2914617684357479
1,-1,F3,P0,-0.171875,0.039838840953801635,-2.6599022306639757,2.5580638970945433
1,-1,F3,P0,-0.16796875,0.46144302160247996,-2.2057913231723831,2.9513391226162238
1,-1,F3,P0,-0.1640625,0.68593360404772274,-1.9145899603796415,3.087507232926292
1,-1,F3,P0,-0.16015625,0.64412500546611273,-1.5440441832671967,2.8350294564928249
1,-1,F3,P0,-0.15625,0.37437395057272782,-1.6630706235964055,2.4960782502776855
1,-1,F3,P0,-0.15234375,-0.0037721727818919525,-2.0306501951363725,2.228884715701986
1,-1,F3,P0,-0.1484375,-0.35757550878276623,-2.2580939420245483,1.8934448583931425
1,-1,F3,P0,-0.14453125,-0.6049814887167172,-2.5497858234699535,1.4445520732872319
1,-1,F3,P0,-0.140625,-0.73675964429695995,-2.4418685269428653,1.0322352237795889
1,-1,F3,P0,-0.13671875,-0.79369681775680156,-2.3853052651481614,0.76587270695341803
1,-1,F3,P0,-0.1328125,-0.82485051889638272,-2.3906042693639984,0.59074060747848078
1,-1,F3,P0,-0.12890625,-0.85487134737885173,-2.3121482547576568,0.5153141809163353
1,-1,F3,P0,-0.125,-0.87158020728813312,-2.271756390081666,0.49576568334565729
1,-1,F3,P0,-0.12109375,-0.83138289156183443,-2.1764624953000014,0.62907184974414165
1,-1,F3,P0,-0.1171875,-0.67695669779369338,-2.0006113208980008,0.92906837979785484
1,-1,F3,P0,-0.11328125,-0.36128426067041719,-1.7832053752083621,1.4738351934169898
1,-1,F3,P0,-0.109375,0.13001218560468245,-1.4225146981108336,2.1562569668029012
1,-1,F3,P0,-0.10546875,0.76600650562308426,-0.85132084122830587,2.9115804797012119
1,-1,F3,P0,-0.1015625,1.4705624867899938,-0.19609596981898866,3.6923939268653485
1,-1,F3,P0,-0.09765625,2.1335755271609429,-0.00079880320291025354,4.5624735781894961
1,-1,F3,P0,-0.09375,2.6322077698084132,-0.10849377607169204,5.4033005106792045
1,-1,F3,P0,-0.08984375,2.8620493784705769,-0.19146898794343478,5.6083087969603653
1,-1,F3,P0,-0.0859375,2.7719927903720931,-0.24816307999796369,5.4076765602075927
1,-1,F3,P0,-0.08203125,2.3875728020670124,-0.10503797109912533,4.6782806292332921
1,-1,F3,P0,-0.078125,1.8088441876099224,-0.20699513299282352,3.691857856479555
1,-1,F3,P0,-0.07421875,1.1811766183688985,-0.40456431141361981,2.8838656162870726
1,-1,F3,P0,-0.0703125,0.64834391471181241,-0.96801751646764644,2.2760162625618596
1,-1,F3,P0,-0.06640625,0.30294137513333086,-1.2495266349491698,1.9697654957360129
1,-1,F3,P0,-0.0625,0.15406312599727032,-1.4802525705682272,1.858440045246283
1,-1,F3,P0,-0.05859375,0.13227387182914355,-1.7473214097373773,1.9454571741403692
1,-1,F3,P0,-0.0546875,0.13614463200214239,-1.8708199055527097,2.096417865163184
1,-1,F3,P0,-0.05078125,0.094964484781026787,-1.857442112320185,1.9443016088706475
1,-1,F3,P0,-0.046875,0.0034747917639860334,-1.7188079644118783,1.5590995116910129
1,-1,F3,P0,-0.04296875,-0.097596864530768088,-1.6053986133577889,1.2201361440573086
1,-1,F3,P0,-0.0390625,-0.17594460615112847,-1.6865236702810575,1.1564717840198007
1,-1,F3,P0,-0.03515625,-0.24793369967714846,-1.9397453453940532,1.217638161402846
1,-1,F3,P0,-0.03125,-0.3710619896180487,-2.513435781532781,1.4032948710316033
1,-1,F3,P0,-0.02734375,-0.59778439339102118,-3.0239313762190876,1.5610886077888471
1,-1,F3,P0,-0.0234375,-0.9285853554726099,-3.4637903701224979,1.4894533753244872
1,-1,F3,P0,-0.01953125,-1.2981378249358237,-3.8500649911836677,1.1818713809607415
1,-1,F3,P0,-0.015625,-1.6035264602062036,-4.0519848165065202,0.59276455536408945
1,-1,F3,P0,-0.01171875,-1.7567461081213129,-4.0939930610858095,0.19271405187468557
1,-1,F3,P0,-0.0078125,-1.7287542112505674,-3.9930021338950326,0.2345344772987708
1,-1,F3,P0,-0.00390625,-1.5587941544720898,-3.8265365806302283,0.5264386714685354
1,-1,F3,P0,0,-1.3276201381511765,-3.9329435931635133,1.4199925924714876
1,-1,F3,P0,0.00390625,-1.1168540494672996,-4.1108369338280948,2.3525898804916867
1,-1,F3,P0,0.0078125,-0.98049007783993813,-4.5055196981315317,3.1933056708207355
1,-1,F3,P0,0.01171875,-0.93979407282790395,-4.7475154911048998,3.6137073372710331
1,-1,F3,P0,0.015625,-0.99444219909843101,-4.9083997494150893,3.4131031189879395
1,-1,F3,P0,0.01953125,-1.1333451388320355,-4.9569334342495326,2.8098241700294566
1,-1,F3,P0,0.0234375,-1.3338441471179696,-5.0928857224730919,2.2090168028645452
1,-1,F3,P0,0.02734375,-1.5547167921951783,-5.1565651441107807,1.7160602103525209
1,-1,F3,P0,0.03125,-1.7398730322767206,-5.3944597219545347,1.4669606282417684
1,-1,F3,P0,0.03515625,-1.8396811410364506,-5.494691784034984,1.4445656551340826
1,-1,F3,P0,0.0390625,-1.836288336040655,-5.6731072709568249,1.7070605833633348
1,-1,F3,P0,0.04296875,-1.7535836803766869,-5.8035079344557614,2.043008223251467
1,-1,F3,P0,0.046875,-1.6452946661092351,-5.9505058382128198,2.4594927421709931
1,-1,F3,P0,0.05078125,-1.5696958608564291,-6.1651711763523265,2.8185669249005594
1,-1,F3,P0,0.0546875,-1.5658630043622777,-6.6072226747656462,3.0548673158212383
1,-1,F3,P0,0.05859375,-1.643407617141885,-6.9687393151056787,3.3313193499572114
1,-1,F3,P0,0.0625,-1.7880617886293446,-7.494251507237407,3.5583130497065945
1,-1,F3,P0,0.06640625,-1.9758308290398583,-7.8764638147753869,3.5785883096124267
1,-1,F3,P0,0.0703125,-2.1855338617240112,-8.0636508573334673,3.4565748955472473
1,-1,F3,P0,0.07421875,-2.4047266495878459,-8.2797375731575631,3.4488575426418517
1,-1,F3,P0,0.078125,-2.630350161904579,-8.294630439853254,3.3172201882086334
1,-1,F3,P0,0.08203125,-2.8649215002048254,-8.2833559722684758,2.9355828767790548
1,-1,F3,P0,0.0859375,-3.1054697254000452,-8.5039895114076476,2.4985120710514908
1,-1,F3,P0,0.08984375,-3.3276274712303087,-8.8599610714456727,2.287242561245884
1,-1,F3,P0,0.09375,-3.4799425664015122,-9.062868809931139,2.2658165219393807
1,-1,F3,P0,0.09765625,-3.5043096848998849,-9.3053869205608208,2.6651494100745579
1,-1,F3,P0,0.1015625,-3.3771153233006763,-9.5682147180246844,3.1215220379611517
1,-1,F3,P0,0.10546875,-3.1412414732167067,-9.8231369455942161,3.6903011596785618
1,-1,F3,P0,0.109375,-2.89911209282308,-9.9498066460388177,4.2469400507336328
1,-1,F3,P0,0.11328125,-2.7646935805692574,-10.197437299219711,4.5705033645076325
1,-1,F3,P0,0.1171875,-2.8047246022488537,-10.373034242534885,4.6248391765162618
1,-1,F3,P0,0.12109375,-3.0089931426167218,-10.458747515253075,4.4310481419307619
1,-1,F3,P0,0.125,-3.306271238213045,-10.938448139338723,4.232225513923944
1,-1,F3,P0,0.12890625,-3.6065387706279095,-11.264268542263025,3.9083840367480112
1,-1,F3,P0,0.1328125,-3.8358084737272704,-11.391952165693375,3.6499501828670988
1,-1,F3,P0,0.13671875,-3.9477923387931031,-11.470927748886739,3.5902957371399276
1,-1,F3,P0,0.140625,-3.922524628151939,-11.550651202490716,3.7802765331235704
1,-1,F3,P0,0.14453125,-3.7686246788796951,-11.510489998747634,4.2372662636237104
1,-1,F3,P0,0.1484375,-3.5307719240901205,-11.562742467787091,4.6944245093614745
1,-1,F3,P0,0.15234375,-3.2864237305280293,-11.552646827886292,5.1647214973592961
1,-1,F3,P0,0.15625,-3.1179017445635511,-11.516144103026553,5.5187802148579417
1,-1,F3,P0,0.16015625,-3.0705281529253474,-11.695508460675857,5.6030105515915221
1,-1,F3,P0,0.1640625,-3.129149944763117,-11.848326091039583,5.4809336457952194
1,-1,F3,P0,0.16796875,-3.2361843039239866,-11.882547659013056,5.1673590589372527
1,-1,F3,P0,0.171875,-3.33963139557651,-11.90739656448075,5.0599786335767556
1,-1,F3,P0,0.17578125,-3.433576357035975,-12.190714364352722,5.0941072955171665
1,-1,F3,P0,0.1796875,-3.5600696526887416,-12.428655742418284,5.1975185675019926
1,-1,F3,P0,0.18359375,-3.7718703288071143,-12.93366979424697,5.2821444179081514
1,-1,F3,P0,0.1875,-4.0851546817333677,-13.546290897829236,5.4662125613976817
1,-1,F3,P0,0.19140625,-4.4582518506812816,-14.117790440514293,5.6242701441718914
1,-1,F3,P0,0.1953125,-4.8114849660882086,-14.794032388447754,5.5132173133973277
1,-1,F3,P0,0.19921875,-5.0713024603548833,-15.243154280863886,5.4386331036103011
1,-1,F3,P0,0.203125,-5.2058154616608023,-15.613453351088934,5.4617701373023291
1,-1,F3,P0,0.20703125,-5.2298682041685565,-15.837484389357581,5.5720348923328071
1,-1,F3,P0,0.2109375,-5.1828403474579234,-16.026280089415032,5.6419266061352715
1,-1,F3,P0,0.21484375,-5.0994555806539887,-16.175592559175932,5.6470259318223333
1,-1,F3,P0,0.21875,-4.9925570370043406,-16.211716134667292,5.7756061894194852
1,-1,F3,P0,0.22265625,-4.8545919004038849,-16.061144063215874,6.0328694463892072
1,-1,F3,P0,0.2265625,-4.6739644636923128,-15.738914117381338,6.4131983827395898
1,-1,F3,P0,0.23046875,-4.4569694096570602,-15.445550455808693,6.7980100777344683
1,-1,F3,P0,0.234375,-4.2424716119553478,-15.280033908568482,7.2337028972314954
1,-1,F3,P0,0.23828125,-4.0963178791377457,-15.332465099589324,7.6252732101130629
1,-1,F3,P0,0.2421875,-4.0819704050854444,-15.628008958001717,7.8003059955742557
1,-1,F3,P0,0.24609375,-4.2209269943786349,-15.753745661119547,7.7204842826941604
1,-1,F3,P0,0.25,-4.4670063263369313,-15.903917954611819,7.5338352538490305
1,-1,F3,P0,0.25390625,-4.7126675812882883,-15.975702490540527,7.3408045360731595
1,-1,F3,P0,0.2578125,-4.8284634561258919,-15.772617586359797,7.3169917671601201
1,-1,F3,P0,0.26171875,-4.7191361761208981,-15.548504072784828,7.3646979504825953
1,-1,F3,P0,0.265625,-4.368965637332316,-15.201455635776064,7.7065582312926084
1,-1,F3,P0,0.26953125,-3.8508908946444063,-14.475513138024514,8.3120984133574396
1,-1,F3,P0,0.2734375,-3.2913620805353454,-14.058092866230961,9.0181288273495586
1,-1,F3,P0,0.27734375,-2.8086014237930503,-13.71988651969543,9.6859314134017289
1,-1,F3,P0,0.28125,-2.4602752490867887,-13.564770993211241,9.9007585201194637
1,-1,F3,P0,0.28515625,-2.2321923065205711,-13.621878116574846,10.05697849014615
1,-1,F3,P0,0.2890625,-2.0713795076675421,-13.701727622120693,10.03162887215243
1,-1,F3,P0,0.29296875,-1.9354793179277396,-13.678071017904049,10.164926919072611
1,-1,F3,P0,0.296875,-1.8220025916234066,-13.802889765709342,10.088387134421712
1,-1,F3,P0,0.30078125,-1.760561854125575,-13.865894502582243,10.258110642538908
1,-1,F3,P0,0.3046875,-1.7796818212996195,-13.946462881063461,10.433949075853286
1,-1,F3,P0,0.30859375,-1.8751941860849157,-14.092953458098131,10.456093300075404
1,-1,F3,P0,0.3125,-2.0026055462057308,-14.244066510588432,10.449280188336562
1,-1,F3,P0,0.31640625,-2.0981213455182024,-14.346428037845282,10.490031229511585
1,-1,F3,P0,0.3203125,-2.1141093947888958,-14.4373876557164,10.639103204640769
1,-1,F3,P0,0.32421875,-2.0459534040542589,-14.487508517194932,10.798958463582846
1,-1,F3,P0,0.328125,-1.9333464489115577,-14.477939042768384,10.992559868110405
1,-1,F3,P0,0.33203125,-1.8352890062680352,-14.438407011179693,11.095147068634313
1,-1,F3,P0,0.3359375,-1.7945606332515804,-14.480158429434207,11.077348346754903
1,-1,F3,P0,0.33984375,-1.8144766891319137,-14.561430259079138,11.037110118545394
1,-1,F3,P0,0.34375,-1.8627055281763034,-14.564519194429431,10.976350910419331
1,-1,F3,P0,0.34765625,-1.8986078057759275,-14.544251790874741,10.949644734506805
1,-1,F3,P0,0.3515625,-1.9051189453128352,-14.591674963521532,10.980969393515769
1,-1,F3,P0,0.35546875,-1.9035230953035314,-14.684543215116859,11.017672853310849
1,-1,F3,P0,0.359375,-1.9403390213663489,-14.852592102339329,10.990254327095458
1,-1,F3,P0,0.36328125,-2.0537012414930058,-15.09890631923726,10.837828533411288
1,-1,F3,P0,0.3671875,-2.2419083080977074,-15.211823642152833,10.363081391289063
1,-1,F3,P0,0.37109375,-2.4591477736293674,-15.38308782549603,9.9679904106308594
1,-1,F3,P0,0.375,-2.6474423516960885,-15.690575457608887,9.6497469655519481
1,-1,F3,P0,0.37890625,-2.7853923662357518,-15.621806707497363,9.4445975059331033
1,-1,F3,P0,0.3828125,-2.9148033890634188,-15.577027052179639,9.364822739533146
1,-1,F3,P0,0.38671875,-3.1186908949972438,-15.704930599482143,9.2275162344578519
1,-1,F3,P0,0.390625,-3.4641647408886467,-15.970809272094824,8.858628952001526
1,-1,F3,P0,0.39453125,-3.9554835488532922,-16.415315997211877,8.3684769507801935
1,-1,F3,P0,0.3984375,-4.5338049285345541,-17.097100591115176,7.9461515903153428
1,-1,F3,P0,0.40234375,-5.1189185952035894,-17.906495759904395,7.5868507290476739
1,-1,F3,P0,0.40625,-5.6565418596294563,-18.837215254595439,7.1131251010149983
1,-1,F3,P0,0.41015625,-6.1405775545300942,-19.477186064729931,6.6476670896429439
1,-1,F3,P0,0.4140625,-6.6060311019187248,-19.764767275351403,6.0027524025964141
1,-1,F3,P0,0.41796875,-7.1030131561685206,-20.11931543117884,5.2205224202973017
1,-1,F3,P0,0.421875,-7.6628500164475559,-20.336761141863573,4.3180207243983659
1,-1,F3,P0,0.42578125,-8.2704779419238026,-20.352712643550188,3.3729625654726303
1,-1,F3,P0,0.4296875,-8.8613231283122627,-20.337621764613552,2.5104185892356994
1,-1,F3,P0,0.43359375,-9.3497197893638369,-20.679660101447208,1.890410655501733
1,-1,F3,P0,0.4375,-9.6724070589677762,-20.995291317721826,1.6099000280511868
1,-1,F3,P0,0.44140625,-9.8184476381897543,-21.239128974589665,1.7328848980922666
1,-1,F3,P0,0.4453125,-9.8289240457860547,-21.435267055458603,2.062531895446106
1,-1,F3,P0,0.44921875,-9.7722710936356005,-21.588501325454832,2.4567530457933184
1,-1,F3,P0,0.453125,-9.7131895874998175,-21.703290064658074,2.7672151309604351
1,-1,F3,P0,0.45703125,-9.6896677290435829,-21.764770331855051,2.8636003122704423
1,-1,F3,P0,0.4609375,-9.7027863430122245,-21.821972244512818,2.8404822256429791
1,-1,F3,P0,0.46484375,-9.7167997813652889,-21.816290450388554,2.7814266909892251
1,-1,F3,P0,0.46875,-9.6668089308322411,-21.750160474627155,2.9180933655732861
1,-1,F3,P0,0.47265625,-9.4768608858711758,-21.518045076183128,3.1937546228753173
1,-1,F3,P0,0.4765625,-9.0919832119937816,-21.146437243078648,3.6503589488788259
1,-1,F3,P0,0.48046875,-8.5147664555918503,-20.704601490690891,4.3465064539106057
1,-1,F3,P0,0.484375,-7.8224530589000327,-20.203460552560252,4.9905697721640463
1,-1,F3,P0,0.48828125,-7.1454190122218364,-19.582702417163173,5.7821011354611809
1,-1,F3,P0,0.4921875,-6.6128419267663476,-19.099155848788762,6.369146682565936
1,-1,F3,P0,0.49609375,-6.2943676235794408,-18.853477427140607,6.6964851494099218
1,-1,F3,P0,0.5,-6.1700640430778702,-18.791417555522006,6.7561254948109619
1,-1,F3,P0,0.50390625,-6.1452985228789005,-18.896106891754322,6.6459382524688815
1,-1,F3,P0,0.5078125,-6.1031777997392638,-18.936009904823464,6.7890707066112865
1,-1,F3,P0,0.51171875,-5.9666820014100228,-18.991223682821346,7.1560491755639672
1,-1,F3,P0,0.515625,-5.7355542511686579,-18.874645240804981,7.6440311043701588
1,-1,F3,P0,0.51953125,-5.4750088569186346,-18.791340615906201,8.0279283843734213
1,-1,F3,P0,0.5234375,-5.261957785229348,-18.622910421696243,8.2958403690597695
1,-1,F3,P0,0.52734375,-5.1256962392006056,-18.287372197619995,8.4771017652398246
1,-1,F3,P0,0.53125,-5.0293672082890968,-18.126901750200592,8.4482859474793379
1,-1,F3,P0,0.53515625,-4.90933966596182,-18.000105825130039,8.491904964490832
1,-1,F3,P0,0.5390625,-4.7398101415602811,-17.762542262867321,8.6874127222106026
1,-1,F3,P0,0.54296875,-4.5656564858253708,-17.482682008290261,8.8513169808524204
1,-1,F3,P0,0.546875,-4.4740848224198713,-17.401512545942385,8.7162320728784373
1,-1,F3,P0,0.55078125,-4.5291562761115305,-17.421752742071639,8.4969637136290004
1,-1,F3,P0,0.5546875,-4.7219893356753673,-17.380604515878648,7.926507165666572
1,-1,F3,P0,0.55859375,-4.9704690918110073,-17.460185968832484,7.6261105807722522
1,-1,F3,P0,0.5625,-5.1601205511598467,-17.773744037865249,7.5436081787889799
1,-1,F3,P0,0.56640625,-5.1930739861737036,-17.662108353167017,7.4974756481644249
1,-1,F3,P0,0.5703125,-5.0197632057883252,-17.408391245709861,7.7290152687027236
1,-1,F3,P0,0.57421875,-4.6500677366568244,-17.176528869891015,8.2354678650915609
1,-1,F3,P0,0.578125,-4.1518827692570044,-17.050632667799274,8.9229220951909909
1,-1,F3,P0,0.58203125,-3.6389687059586193,-16.767672085192899,9.5194261241114013
1,-1,F3,P0,0.5859375,-3.2410573978700175,-16.711283873417702,10.145193898665456
1,-1,F3,P0,0.58984375,-3.0554269215272325,-16.738142986693074,10.391476475768055
1,-1,F3,P0,0.59375,-3.0995695108519392,-16.693415223550428,10.351114719682014
1,-1,F3,P0,0.59765625,-3.2960548740188909,-16.69889167282544,9.740865785858734
1,-1,F3,P0,0.6015625,-3.5040435256915132,-16.73904178687301,9.1110654917403409
1,-1,F3,P0,0.60546875,-3.5798857983242205,-16.556465037124898,8.823736699650274
1,-1,F3,P0,0.609375,-3.4330847515819558,-16.099459560761684,8.9661370360090871
1,-1,F3,P0,0.61328125,-3.0538850780730815,-15.541792059921441,9.2578146106240027
1,-1,F3,P0,0.6171875,-2.5076494995518259,-15.060078794556659,9.6872640055514321
1,-1,F3,P0,0.62109375,-1.9030034923016848,-14.460295210752692,10.261977091785941
1,-1,F3,P0,0.625,-1.3462340632252587,-14.158478235918691,10.93557829241912
1,-1,F3,P0,0.62890625,-0.89909584685976907,-14.093486277745209,11.56181316587235
1,-1,F3,P0,0.6328125,-0.55797599564652078,-13.623899832266158,11.971006771295865
1,-1,F3,P0,0.63671875,-0.26294402107852333,-13.317405220005895,12.349562064150186
1,-1,F3,P0,0.640625,0.070423311461772151,-12.839986330790552,12.539778741410796
1,-1,F3,P0,0.64453125,0.51297588580329723,-12.558159733463732,12.990726290030068
1,-1,F3,P0,0.6484375,1.092984984816723,-11.887828775652638,13.488959509548261
1,-1,F3,P0,0.65234375,1.7861784911145873,-10.944904545156355,14.014313565252367
1,-1,F3,P0,0.65625,2.5290601157065851,-9.8923423178339487,14.688013608483466
1,-1,F3,P0,0.66015625,3.2504212596029838,-9.0063413104657144,15.564570487004589
1,-1,F3,P0,0.6640625,3.9043677740979574,-8.4628228367175087,16.142759346399767
1,-1,F3,P0,0.66796875,4.4841356067216918,-7.8513349787775226,16.578422285038148
1,-1,F3,P0,0.671875,5.0069459772837002,-7.4638021215478112,17.063882920310167
1,-1,F3,P0,0.67578125,5.4815182313892201,-7.0042022060822493,17.973260446203003
1,-1,F3,P0,0.6796875,5.8856471474589389,-6.8591724180011955,18.302279128338562
1,-1,F3,P0,0.68359375,6.1754741267556899,-6.6291784940011294,18.545257192479745
1,-1,F3,P0,0.6875,6.3218189182518483,-6.5569009484322756,18.727387519400057
1,-1,F3,P0,0.69140625,6.3445451282430954,-6.799444040968849,18.856424389368179
1,-1,F3,P0,0.6953125,6.3159162389827053,-6.9505497166483057,18.68300407491591
1,-1,F3,P0,0.69921875,6.3280706164954248,-6.8154952766687265,18.594513203825958
1,-1,F3,P0,0.703125,6.447607931811751,-6.4212295135221238,18.893447990625315
1,-1,F3,P0,0.70703125,6.689627304440342,-5.7619176532867753,19.133974435187614
1,-1,F3,P0,0.7109375,7.0270819273871084,-4.9577584333811968,19.272089619561115
1,-1,F3,P0,0.71484375,7.4232699914139797,-4.2961852156401124,19.407248026253562
1,-1,F3,P0,0.71875,7.8592401007826309,-3.3572759143736359,20.039781252251142
1,-1,F3,P0,0.72265625,8.3346956547393507,-2.3756994143700574,20.354877667736844
1,-1,F3,P0,0.7265625,8.8428845726832783,-1.6846678189640529,20.292747868662705
1,-1,F3,P0,0.73046875,9.3415863425450798,-0.90224322468299478,20.455857905594378
1,-1,F3,P0,0.734375,9.7492885447672109,-0.90534598284413892,20.895369154315837
1,-1,F3,P0,0.73828125,9.9793620476032849,-0.87769700202061363,21.105170462538016
1,-1,F3,P0,0.7421875,9.9925896028220826,-0.86829639446020745,21.006477968119036
1,-1,F3,P0,0.74609375,9.8269298142387242,-0.82059582843105527,21.206119631720441
1,-1,F3,P0,0.75,9.5778975494976848,-0.63277781636156338,21.030681955798773
1,-1,F3,P0,0.75390625,9.3434859890071724,-0.42800623017388562,20.91374616924319
1,-1,F3,P0,0.7578125,9.1744084357193358,-0.10302996583420651,20.133686582226794
1,-1,F3,P0,0.76171875,9.0599826108066441,0.15147974790940016,19.575110952781412
1,-1,F3,P0,0.765625,8.9499038665823658,0.25279681228143475,19.149037567115581
1,-1,F3,P0,0.76953125,8.7921856866808756,0.30437600503076112,18.789085576723927
1,-1,F3,P0,0.7734375,8.5645519857551164,0.22862318742909599,18.33738806177136
1,-1,F3,P0,0.77734375,8.2826172949160419,0.048705662804284962,17.906870598330045
1,-1,F3,P0,0.78125,7.9815415234713285,-0.13945348199773949,17.391264552608433
1,-1,F3,P0,0.78515625,7.685865205838379,-0.55514604697400005,16.894347230614045
1,-1,F3,P0,0.7890625,7.3910080033863279,-0.56039339408432398,16.492365446039464
1,-1,F3,P0,0.79296875,7.0694604558231182,-0.83188231407895141,16.276206451245116
1,-1,F3,P0,0.796875,6.6941970289308825,-1.0416311408898302,16.256928648491851
1,-1,F4,P0,-0.19921875,-0.83084546944648863,-5.753004439081896,3.404828127024047
1,-1,F4,P0,-0.1953125,-1.1001662055009469,-5.796894815437577,2.9501481818989994
1,-1,F4,P0,-0.19140625,-1.3103967578847466,-5.8184572264510779,2.6331496183856875
1,-1,F4,P0,-0.1875,-1.4094163900296925,-5.8418512899082584,2.3484130253847497
1,-1,F4,P0,-0.18359375,-1.3358071531683813,-5.5391421849953959,2.3135064315275531
1,-1,F4,P0,-0.1796875,-1.0498007856116303,-5.0453108222865231,2.4809420552617785
1,-1,F4,P0,-0.17578125,-0.56938895931686861,-4.4073383465717155,2.8617778234565927
1,-1,F4,P0,-0.171875,0.013082154266494261,-3.8174264240125995,3.3174421620713592
1,-1,F4,P0,-0.16796875,0.55068774110167673,-3.1478267027562774,3.7698544317606109
1,-1,F4,P0,-0.1640625,0.89476366408772523,-2.4941989828275379,3.8998140490230333
1,-1,F4,P0,-0.16015625,0.95673882460398441,-2.3125862033105622,3.7762502390739336
1,-1,F4,P0,-0.15625,0.74501822329319223,-2.2809964752439034,3.4789136900801094
1,-1,F4,P0,-0.15234375,0.3532840474724524,-2.5687942016231968,3.0809467107953172
1,-1,F4,P0,-0.1484375,-0.093003308534668719,-2.8831955955554651,2.4051095920488055
1,-1,F4,P0,-0.14453125,-0.49528388884081082,-3.0729303908351908,1.7900249546122433
1,-1,F4,P0,-0.140625,-0.80844348037050584,-3.1094656873021687,1.3551281345681103
1,-1,F4,P0,-0.13671875,-1.0286475621294873,-3.0438753100101752,0.95129454309133377
1,-1,F4,P0,-0.1328125,-1.1664678292940955,-2.9073096987165883,0.58247057200974173
1,-1,F4,P0,-0.12890625,-1.2307635743718348,-2.7367817286590821,0.24212121300565403
1,-1,F4,P0,-0.125,-1.2273590885664221,-2.5983465824788881,0.14637123842060631
1,-1,F4,P0,-0.12109375,-1.1603809550720714,-2.4804004022317203,0.33227074353415537
1,-1,F4,P0,-0.1171875,-1.0279127269226873,-2.6016693053833349,0.85017763491231679
1,-1,F4,P0,-0.11328125,-0.81717822831919085,-2.5952142543687633,1.2729666054120843
1,-1,F4,P0,-0.109375,-0.50975470148278557,-2.4250513447199702,1.7831657333702358
1,-1,F4,P0,-0.10546875,-0.098859834149223863,-1.9567082237808011,2.3548501627680261
1,-1,F4,P0,-0.1015625,0.3915067849286567,-1.5391644537800031,2.9808811152308956
1,-1,F4,P0,-0.09765625,0.90018713155872043,-1.2766443764672288,3.6147180707715392
1,-1,F4,P0,-0.09375,1.3435648152802557,-1.0618999292345537,4.0307735936081288
1,-1,F4,P0,-0.08984375,1.6464076469998485,-0.86083113747063045,4.2772566619590808
1,-1,F4,P0,-0.0859375,1.77124913538603,-0.57832810031391746,4.3111004384037974
1,-1,F4,P0,-0.08203125,1.7279630901468226,-0.15690586929250977,3.8927038836676657
1,-1,F4,P0,-0.078125,1.5611892263041138,0.08175634008654202,3.2715882966701604
1,-1,F4,P0,-0.07421875,1.330942179686275,-0.088832282830288128,2.7101584767405806
1,-1,F4,P0,-0.0703125,1.0996633745421878,-0.32713475155214672,2.4560857217632495
1,-1,F4,P0,-0.06640625,0.92106340948056331,-0.57501065161339504,2.3612456209902488
1,-1,F4,P0,-0.0625,0.82060463733827427,-0.93169042427337911,2.4845684301331779
1,-1,F4,P0,-0.05859375,0.77613995496172983,-1.3097031850593328,2.8334670982268837
1,-1,F4,P0,-0.0546875,0.72371906732119451,-1.4350272907489425,3.0123590290730626
1,-1,F4,P0,-0.05078125,0.59816681677282668,-1.7052179889603283,3.1419826943083322
1,-1,F4,P0,-0.046875,0.38242252223320661,-1.8655236199090111,3.0413962821172515
1,-1,F4,P0,-0.04296875,0.12525291504436914,-2.2011967224599771,2.7595337636971369
1,-1,F4,P0,-0.0390625,-0.088349059751683751,-2.5051296172922695,2.7919115349549601
1,-1,F4,P0,-0.03515625,-0.1914931179393447,-2.9601662425769457,3.0423586164151972
1,-1,F4,P0,-0.03125,-0.17531817591501295,-3.5087568290762223,3.518608624833039
1,-1,F4,P0,-0.02734375,-0.090388747609126435,-3.8698619997861154,4.1288981031464749
1,-1,F4,P0,-0.0234375,-0.014640593069228712,-4.2068746329394946,4.566781548825765
1,-1,F4,P0,-0.01953125,-0.012945411504441744,-4.2118249431434238,4.8142528430552609
1,-1,F4,P0,-0.015625,-0.11301599258219615,-4.1770317822986209,4.5963146391424123
1,-1,F4,P0,-0.01171875,-0.30546918004491203,-4.3520156107779133,4.3203351459745818
1,-1,F4,P0,-0.0078125,-0.55637432804386622,-4.5945353777585263,4.2685028807561194
1,-1,F4,P0,-0.00390625,-0.81574585733826199,-5.0632317688593984,4.3642383580353474
1,-1,F4,P0,0,-1.0193500731135567,-5.685384064265917,4.6795188072969607
1,-1,F4,P0,0.00390625,-1.096156074157834,-6.1465873973514675,5.2627258299743662
1,-1,F4,P0,0.0078125,-0.99078857916115715,-6.4146296816177362,5.9499689662857564
1,-1,F4,P0,0.01171875,-0.69341750511269451,-6.2876071833807439,6.5284330242050261
1,-1,F4,P0,0.015625,-0.25746053477870007,-5.9345554444913953,7.0436994143118516
1,-1,F4,P0,0.01953125,0.21132160486129745,-5.5564254193796092,7.3860912420013181
1,-1,F4,P0,0.0234375,0.59471173756503559,-5.304284522253611,7.5271280313634579
1,-1,F4,P0,0.02734375,0.81108151701794795,-5.2068011744871932,7.7074455149766914
1,-1,F4,P0,0.03125,0.84423533712627929,-5.3485029215208568,8.0011496282973305
1,-1,F4,P0,0.03515625,0.73597261956313387,-5.8306717244317747,8.4046240447451197
1,-1,F4,P0,0.0390625,0.55316484333345706,-6.2979412023813914,8.8417872361569518
1,-1,F4,P0,0.04296875,0.35551316970338748,-6.7077175778530718,9.1383980143601207
1,-1,F4,P0,0.046875,0.18246308094743854,-6.9850251538214039,9.0104036076862233
1,-1,F4,P0,0.05078125,0.058879064466065778,-7.1553061635495814,8.7883028497593045
1,-1,F4,P0,0.0546875,0.005966914133167492,-7.3686217746814346,8.6578847323034829
1,-1,F4,P0,0.05859375,0.04346528400279679,-7.5312897740887967,8.8736784863218983
1,-1,F4,P0,0.0625,0.17884302896083615,-7.746755684395799,9.3559925804405086
1,-1,F4,P0,0.06640625,0.3919255275003744,-7.8366035243680594,9.9339217764832082
1,-1,F4,P0,0.0703125,0.62970313917463228,-7.8609615827939754,10.475279858592808
1,-1,F4,P0,0.07421875,0.82009262068069211,-7.9471612304662829,10.862438326756306
1,-1,F4,P0,0.078125,0.89975585712617823,-7.7997472562563557,11.158994156486246
1,-1,F4,P0,0.08203125,0.8421093480147579,-7.9470434183442658,11.269847606052739
1,-1,F4,P0,0.0859375,0.67332078523553152,-8.3035963393990837,11.377527816949483
1,-1,F4,P0,0.08984375,0.46972001816259751,-8.7235280745693764,11.642081082339274
1,-1,F4,P0,0.09375,0.33344141860872817,-9.2238366451892588,12.078436239663842
1,-1,F4,P0,0.09765625,0.34933128180397854,-9.7402570506740656,12.703483769086862
1,-1,F4,P0,0.1015625,0.53943301399452548,-10.023284202967297,13.227579430189584
1,-1,F4,P0,0.10546875,0.84109994959932033,-10.122672951960478,13.804203186521942
1,-1,F4,P0,0.109375,1.1269914226778552,-10.226899154710482,14.304802731960317
1,-1,F4,P0,0.11328125,1.2622051845385627,-10.167812121440491,14.591430087558591
1,-1,F4,P0,0.1171875,1.1716844972345388,-10.407157607321201,14.462319148961246
1,-1,F4,P0,0.12109375,0.88286277600227647,-10.750843957426202,14.013886650077707
1,-1,F4,P0,0.125,0.51847322998055734,-11.089862071834066,13.486133273159775
1,-1,F4,P0,0.12890625,0.24024525513423878,-11.175673423775267,13.202750835258161
1,-1,F4,P0,0.1328125,0.17338864783657199,-11.125963752858834,13.171775569409286
1,-1,F4,P0,0.13671875,0.35341494589511552,-10.968544934387197,13.427378616736322
1,-1,F4,P0,0.140625,0.72010274369922633,-10.6464623457905,14.021071802438296
1,-1,F4,P0,0.14453125,1.1523698826022666,-10.460316231538739,14.936635893917696
1,-1,F4,P0,0.1484375,1.5190120533584366,-10.468643033887025,15.446587825691015
1,-1,F4,P0,0.15234375,1.723981506012477,-10.650875001148862,15.715190301055008
1,-1,F4,P0,0.15625,1.7364896328254118,-10.927832547444353,15.758734163683
1,-1,F4,P0,0.16015625,1.5998552901661258,-11.212545421325569,15.571494239709821
1,-1,F4,P0,0.1640625,1.412577775115941,-11.57290491876093,15.28032183548766
1,-1,F4,P0,0.16796875,1.2835029324643463,-11.763901961168168,15.07376062145037
1,-1,F4,P0,0.171875,1.2799187040557674,-11.75758379224416,15.098065132145468
1,-1,F4,P0,0.17578125,1.3970613534774152,-11.663872793392381,15.371879043726686
1,-1,F4,P0,0.1796875,1.5668483518826239,-11.553804183146569,15.794253506089451
1,-1,F4,P0,0.18359375,1.6993730461534957,-11.307177830212769,16.225316701190007
1,-1,F4,P0,0.1875,1.7322127591614656,-11.030032664138645,16.398198676623689
1,-1,F4,P0,0.19140625,1.6610348412028695,-11.067032772730382,16.340067795258161
1,-1,F4,P0,0.1953125,1.5373998562664695,-11.016277200566263,16.033441629320471
1,-1,F4,P0,0.19921875,1.438137689215274,-10.932503493010381,15.684431221573718
1,-1,F4,P0,0.203125,1.4256857916632015,-11.113060307472981,15.570266105189626
1,-1,F4,P0,0.20703125,1.520617395891674,-11.288964329755089,15.583888362170692
1,-1,F4,P0,0.2109375,1.6961029756187069,-11.382573512531842,15.651432948177062
1,-1,F4,P0,0.21484375,1.8912446933178491,-11.271632701035267,15.706896015123647
1,-1,F4,P0,0.21875,2.035128897165678,-11.165076169508096,15.780252811374655
1,-1,F4,P0,0.22265625,2.0725263064528425,-11.135904335002358,15.751344956453758
1,-1,F4,P0,0.2265625,1.9810532489298971,-11.154185368161043,15.547367177978744
1,-1,F4,P0,0.23046875,1.7727319141477105,-11.35193364375275,15.238734322951968
1,-1,F4,P0,0.234375,1.4829454357691672,-11.697581902226863,14.881234555791741
1,-1,F4,P0,0.23828125,1.1578250821922682,-12.056112597136382,14.530209163158183
1,-1,F4,P0,0.2421875,0.84765187514615747,-12.267061670377798,14.192674216107559
1,-1,F4,P0,0.24609375,0.60361557144725908,-12.497613609881055,13.9070916236731
1,-1,F4,P0,0.25,0.47122640943795119,-12.690063347127204,13.814958805320058
1,-1,F4,P0,0.25390625,0.47946021617532653,-12.633570918962914,13.784646424124185
1,-1,F4,P0,0.2578125,0.63123430346638376,-12.32406668410696,13.871377240159909
1,-1,F4,P0,0.26171875,0.90059163478559723,-11.977698410629477,14.101747849235142
1,-1,F4,P0,0.265625,1.2384256493638266,-11.095535458559649,14.402242274760019
1,-1,F4,P0,0.26953125,1.5867097713591916,-10.273066087552134,14.68399318436523
1,-1,F4,P0,0.2734375,1.8986529977958335,-9.4534791240795979,14.880690786322234
1,-1,F4,P0,0.27734375,2.1568438486921546,-8.9613988143271985,14.970922431482396
1,-1,F4,P0,0.28125,2.3787419711251436,-8.7936054076687604,14.99243520355129
1,-1,F4,P0,0.28515625,2.6042877947649874,-8.7077100327654886,15.027050088325563
1,-1,F4,P0,0.2890625,2.8708878990465827,-8.5041271676691856,15.050674014786885
1,-1,F4,P0,0.29296875,3.1890411353454398,-8.4250911165536824,15.083564060897432
1,-1,F4,P0,0.296875,3.5327532893731051,-8.2982188581070098,15.306893909461831
1,-1,F4,P0,0.30078125,3.8519164928968967,-8.2482553672141172,15.510472904444839
1,-1,F4,P0,0.3046875,4.1010862470096301,-8.1384631917289294,15.483891524957818
1,-1,F4,P0,0.30859375,4.2668276370064948,-7.8721347603041032,15.467052014641016
1,-1,F4,P0,0.3125,4.3738802878583956,-7.7222536747435244,15.523567013875372
1,-1,F4,P0,0.31640625,4.4646279026053497,-7.7007145631947251,15.593868932382204
1,-1,F4,P0,0.3203125,4.568091802634636,-7.7859701118102338,15.805217104435355
1,-1,F4,P0,0.32421875,4.683408472365004,-7.8934412409475412,15.924652494635694
1,-1,F4,P0,0.328125,4.7880887385976054,-8.0480672030747868,16.091404409488298
1,-1,F4,P0,0.33203125,4.8583599221471987,-8.1488689828842471,16.14983803605023
1,-1,F4,P0,0.3359375,4.8815801034030217,-8.0094426305682944,15.991182195603267
1,-1,F4,P0,0.33984375,4.8535960686107469,-7.8995250173248364,15.849364358320642
1,-1,F4,P0,0.34375,4.7696660357859582,-7.8226961704707687,15.819544650511119
1,-1,F4,P0,0.34765625,4.6203919745222395,-7.7969089922765358,15.593152056167762
1,-1,F4,P0,0.3515625,4.3956344756220052,-7.7542225753228005,15.389112250247452
1,-1,F4,P0,0.35546875,4.0911941685932467,-8.0381224171884806,15.055511970050219
1,-1,F4,P0,0.359375,3.7124733024239767,-8.5255604094083743,14.815171899869142
1,-1,F4,P0,0.36328125,3.2746215352648589,-9.1747416765691643,14.496518677329762
1,-1,F4,P0,0.3671875,2.8018634516593073,-9.6608585410692829,14.056977532605144
1,-1,F4,P0,0.37109375,2.3246618454090027,-9.9749763477400197,13.451492235630298
1,-1,F4,P0,0.375,1.8693653842023372,-10.156465118559529,12.865045646674972
1,-1,F4,P0,0.37890625,1.4421780622299891,-10.252551040816986,12.259428245992458
1,-1,F4,P0,0.3828125,1.0217387108694833,-10.33528008625346,11.546841157862755
1,-1,F4,P0,0.38671875,0.57299573672290871,-10.243261069153217,10.831087306580292
1,-1,F4,P0,0.390625,0.0757718759064442,-10.31701543163685,10.05244647506092
1,-1,F4,P0,0.39453125,-0.45484709681349195,-10.940475192091325,9.2031325802328432
1,-1,F4,P0,0.3984375,-0.97316150298335546,-11.441881905822955,8.4509734058610686
1,-1,F4,P0,0.40234375,-1.4272273606924495,-12.183851974692322,8.0091368728304531
1,-1,F4,P0,0.40625,-1.7834131633060555,-12.814038461072384,7.7611557339800941
1,-1,F4,P0,0.41015625,-2.0383412636658846,-13.287880782799398,7.6589199616208878
1,-1,F4,P0,0.4140625,-2.2195872145217277,-13.599108319349853,7.5813858418787916
1,-1,F4,P0,0.41796875,-2.3792390025418721,-13.714847412681067,7.4061446556269459
1,-1,F4,P0,0.421875,-2.5787582336052335,-13.786884711106874,6.889300438295634
1,-1,F4,P0,0.42578125,-2.8656490007882165,-13.748023020883942,6.4016105443821045
1,-1,F4,P0,0.4296875,-3.2529754684300412,-13.596455120164793,5.8871487214225811
1,-1,F4,P0,0.43359375,-3.7155806051623372,-13.878913453492395,5.6631599825950119
1,-1,F4,P0,0.4375,-4.204376220315563,-14.103753464947319,5.3338939604373277
1,-1,F4,P0,0.44140625,-4.6661068954512874,-14.394118668474645,4.7993562486551529
1,-1,F4,P0,0.4453125,-5.0567550367478882,-14.691178515473817,4.3974641353259001
1,-1,F4,P0,0.44921875,-5.3482421622381864,-15.06754739383272,4.2445963957867718
1,-1,F4,P0,0.453125,-5.5333446910820179,-15.021107175497219,4.0291112898542147
1,-1,F4,P0,0.45703125,-5.627748982998714,-15.024840866124896,3.8761140104598542
1,-1,F4,P0,0.4609375,-5.6626848624017407,-14.87936451758673,3.5613476247257223
1,-1,F4,P0,0.46484375,-5.666286329470327,-14.677118512612836,3.18228767840503
1,-1,F4,P0,0.46875,-5.6422636093824874,-14.213338831659721,2.9840171192022025
1,-1,F4,P0,0.47265625,-5.5606256562116059,-13.746259606762724,2.8845423030954382
1,-1,F4,P0,0.4765625,-5.3715812977339432,-13.449335814202151,3.0909762463632484
1,-1,F4,P0,0.48046875,-5.0397871046487941,-13.036383795589026,3.5022497141072697
1,-1,F4,P0,0.484375,-4.578628781527315,-12.529646285353497,3.9092206950767006
1,-1,F4,P0,0.48828125,-4.0583075987376889,-11.945259449563052,4.1317288984210192
1,-1,F4,P0,0.4921875,-3.5762999822994614,-11.413279857813921,4.4128816955004115
1,-1,F4,P0,0.49609375,-3.2048226735506513,-11.015779391002891,4.4659462611108323
1,-1,F4,P0,0.5,-2.9480064607003511,-10.810209799456105,4.5452359285206168
1,-1,F4,P0,0.50390625,-2.7388850684478094,-10.554678787151042,4.6723949067952937
1,-1,F4,P0,0.5078125,-2.4829453498808234,-10.072581572841207,4.7770683582726097
1,-1,F4,P0,0.51171875,-2.1229641234052652,-9.5980259749787198,5.2248504876986326
1,-1,F4,P0,0.515625,-1.6808534926492364,-9.2053721645010977,5.7587024985048805
1,-1,F4,P0,0.51953125,-1.24450990507967,-8.8684143042658654,6.417866141606325
1,-1,F4,P0,0.5234375,-0.9068984231436682,-8.6779021384067168,7.0073832339899171
1,-1,F4,P0,0.52734375,-0.70164239720859967,-8.6373133766367509,7.1573313460507624
1,-1,F4,P0,0.53125,-0.58318159975253547,-8.6081477341815908,7.2177927080581661
1,-1,F4,P0,0.53515625,-0.46491712165168936,-8.437531230092242,7.2692415976479721
1,-1,F4,P0,0.5390625,-0.28333851692646433,-8.0166302176843054,7.2821385958951188
1,-1,F4,P0,0.54296875,-0.037874066062389536,-7.3620964502898829,7.4372824239621282
1,-1,F4,P0,0.546875,0.22063312819931954,-6.9582182055929058,7.518816575401873
1,-1,F4,P0,0.55078125,0.43723425777983821,-6.9922026672269384,7.5747458884425347
1,-1,F4,P0,0.5546875,0.59536911583791108,-6.6473788364560633,7.4029250846021899
1,-1,F4,P0,0.55859375,0.72559386918891333,-6.4032303071352326,7.2696707526634059
1,-1,F4,P0,0.5625,0.88392918106982898,-6.236111777390505,7.1845051696041589
1,-1,F4,P0,0.56640625,1.1227313111615598,-6.0479457758750002,7.2235800766569431
1,-1,F4,P0,0.5703125,1.4699936710397188,-5.6477524342552448,7.5820162996476936
1,-1,F4,P0,0.57421875,1.917804880571234,-5.0248176219909038,8.2096052659004108
1,-1,F4,P0,0.578125,2.4182756033837864,-4.4979352168384512,8.7554366439621063
1,-1,F4,P0,0.58203125,2.8926841805522017,-4.3199404144126614,9.407005512334317
1,-1,F4,P0,0.5859375,3.2599712057344847,-3.6110178343651431,9.7222104187094409
1,-1,F4,P0,0.58984375,3.4769045425990708,-3.2753416311311963,10.043820861105324
1,-1,F4,P0,0.59375,3.5661235761206114,-3.3019041691879698,10.225685495589358
1,-1,F4,P0,0.59765625,3.6097014748387477,-3.2831979728871179,10.254786352951715
1,-1,F4,P0,0.6015625,3.7093050853880283,-3.1463884664363082,10.191357565647767
1,-1,F4,P0,0.60546875,3.9386409812874672,-2.6751971586404215,10.263069154140618
1,-1,F4,P0,0.609375,4.3158878394374538,-2.247393528388788,10.57790109180273
1,-1,F4,P0,0.61328125,4.8051677998528115,-1.7262233876898918,11.119572087406988
1,-1,F4,P0,0.6171875,5.3389643509196176,-1.4758426764638497,11.724263171364857
1,-1,F4,P0,0.62109375,5.8497378017216572,-1.4643576221683621,12.486690739357588
1,-1,F4,P0,0.625,6.3006223457006909,-1.3640917300568112,13.016378562679753
1,-1,F4,P0,0.62890625,6.7036392909893276,-1.1319793110137883,13.66141840865259
1,-1,F4,P0,0.6328125,7.1149084387523649,-1.2819262116099106,14.779287404227624
1,-1,F4,P0,0.63671875,7.6071783695379631,-0.99375536607478632,15.614266312496921
1,-1,F4,P0,0.640625,8.2338198699602891,-0.50915170978481239,16.448226671681955
1,-1,F4,P0,0.64453125,9.0018982225162993,-0.090677247978369721,17.422780082578729
1,-1,F4,P0,0.6484375,9.864697649332026,0.73046523035211253,18.373083840608704
1,-1,F4,P0,0.65234375,10.736783788718149,1.6925271861076121,19.20715870494406
1,-1,F4,P0,0.65625,11.529255699245212,2.6677714479725032,19.856084645446838
1,-1,F4,P0,0.66015625,12.192628313365702,3.352715950704475,20.630327976730513
1,-1,F4,P0,0.6640625,12.744213708166052,3.6903278486783737,21.504523522995541
1,-1,F4,P0,0.66796875,13.260594353405262,4.1010469335199593,22.307743440585863
1,-1,F4,P0,0.671875,13.836233072871254,4.5921946719832496,23.250557072242962
1,-1,F4,P0,0.67578125,14.530746330861756,4.8155069516818756,24.234742836482166
1,-1,F4,P0,0.6796875,15.334290970007819,5.4215851409799845,25.243047965919235
1,-1,F4,P0,0.68359375,16.170293820973725,6.1889511534973138,26.28320117257039
1,-1,F4,P0,0.6875,16.933904620088175,6.8783610980344676,27.050354784485986
1,-1,F4,P0,0.69140625,17.543583428701137,7.4086390245777292,28.028201659404392
1,-1,F4,P0,0.6953125,17.974947972561026,7.8916024775824765,29.039807023426125
1,-1,F4,P0,0.69921875,18.258090823870731,8.1807601857473813,29.842152034850933
1,-1,F4,P0,0.703125,18.445271651422161,8.4963766674980619,30.367406322487916
1,-1,F4,P0,0.70703125,18.576114788055438,9.0194286795819725,30.213498710127094
1,-1,F4,P0,0.7109375,18.665853613932271,9.627110688417142,29.866072868931614
1,-1,F4,P0,0.71484375,18.720037638190366,10.004021713184082,29.740937791111193
1,-1,F4,P0,0.71875,18.755467798865759,10.159521905986901,29.828899454108647
1,-1,F4,P0,0.72265625,18.802628760474434,10.121639405189606,29.73513190368686
1,-1,F4,P0,0.7265625,18.883769212737036,9.8695012934041202,29.701545197448851
1,-1,F4,P0,0.73046875,18.98635590095617,10.096041368570264,29.860390122533495
1,-1,F4,P0,0.734375,19.059909108983138,10.241007277683494,29.994333903167092
1,-1,F4,P0,0.73828125,19.04566250933647,10.376878252333748,30.144536356692679
1,-1,F4,P0,0.7421875,18.918524812480573,10.420417127200254,29.943528760062211
1,-1,F4,P0,0.74609375,18.707228077597591,10.165350790394079,29.650402461961107
1,-1,F4,P0,0.75,18.475283006611754,10.11011232030754,29.873021305726308
1,-1,F4,P0,0.75390625,18.277826377891053,10.073694439321283,29.782304983074297
1,-1,F4,P0,0.7578125,18.12767258731893,9.9507266778186718,29.498135177586885
1,-1,F4,P0,0.76171875,17.992750430006858,9.6322130130353045,29.08139186333349
1,-1,F4,P0,0.765625,17.821189734189851,9.631215637387994,28.649847267718375
1,-1,F4,P0,0.76953125,17.574335494861209,9.6162108743122321,28.33971515797024
1,-1,F4,P0,0.7734375,17.248502542799766,9.5091135282945221,27.564763541007732
1,-1,F4,P0,0.77734375,16.87410496520566,9.3093511502038506,26.780739172958228
1,-1,F4,P0,0.78125,16.491666662808171,9.21108106288324,25.962346649836903
1,-1,F4,P0,0.78515625,16.118480575525695,9.2012956731184996,25.150029846115999
1,-1,F4,P0,0.7890625,15.72896286145833,8.9177218894123165,24.776681300886739
1,-1,F4,P0,0.79296875,15.26480573639245,8.4458477213867127,24.30152495802233
1,-1,F4,P0,0.796875,14.669859407278205,7.9852794707448531,23.770537605702934
1,1,Fz,P0,-0.19921875,-0.11697312150302742,-6.646991162637363,5.981197105379537
1,1,Fz,P0,-0.1953125,0.34027021444041544,-6.0095152496872872,6.2287481526382749
1,1,Fz,P0,-0.19140625,0.82564676175727181,-5.1671869836630036,6.4735496995258162
1,1,Fz,P0,-0.1875,1.2489994232505841,-4.1858948896051329,6.7218120981322249
1,1,Fz,P0,-0.18359375,1.5361904954673387,-3.5103591140048622,6.6348855118371137
1,1,Fz,P0,-0.1796875,1.6533129094340129,-2.9711630521416348,6.2358524587725812
1,1,Fz,P0,-0.17578125,1.614335511034547,-2.5915792973835017,5.6624155857489189
1,1,Fz,P0,-0.171875,1.4664095132205583,-2.4765154019127338,4.9474702544218125
1,1,Fz,P0,-0.16796875,1.2641465984169407,-2.291051619924958,4.1905547469258906
1,1,Fz,P0,-0.1640625,1.0504142535007244,-2.2151985312024287,3.5618834194883466
1,1,Fz,P0,-0.16015625,0.85191587236366173,-2.2811761898041736,3.1712326991444635
1,1,Fz,P0,-0.15625,0.6840794001564654,-2.0940253221963356,2.9085681759247843
1,1,Fz,P0,-0.15234375,0.55347331680934775,-2.0665649701388942,2.6816537041573802
1,1,Fz,P0,-0.1484375,0.45180732715373617,-2.0256963150751921,2.6324508090946619
1,1,Fz,P0,-0.14453125,0.34921166819207744,-1.9996471082484049,2.5537843830453717
1,1,Fz,P0,-0.140625,0.20144265962701147,-2.1796363732539117,2.5249974471044054
1,1,Fz,P0,-0.13671875,-0.02553129197231311,-2.4065077366001817,2.2741742818719692
1,1,Fz,P0,-0.1328125,-0.32964864221973478,-2.5879207344467958,1.8146695672461564
1,1,Fz,P0,-0.12890625,-0.66707410241220699,-2.6739965261423104,1.2664799646542579
1,1,Fz,P0,-0.125,-0.97256113776168041,-2.5122860645053819,0.58637614751808653
1,1,Fz,P0,-0.12109375,-1.1911116017455585,-2.4496193643750961,0.057910713915869785
1,1,Fz,P0,-0.1171875,-1.299220579911446,-2.3035859484196903,-0.25889627936856813
1,1,Fz,P0,-0.11328125,-1.3038087422161431,-2.3769957552645713,-0.25348180250287078
1,1,Fz,P0,-0.109375,-1.2239764610342252,-2.4596678622659849,-0.01303427814541851
1,1,Fz,P0,-0.10546875,-1.0728839093856961,-2.4691627217935004,0.32269346943569166
1,1,Fz,P0,-0.1015625,-0.85554747466993053,-2.3313548404211115,0.65828410538318238
1,1,Fz,P0,-0.09765625,-0.5832904161511886,-2.0865822740622075,0.89258365707498188
1,1,Fz,P0,-0.09375,-0.28952355460663615,-1.5401563730695131,1.062804044205343
1,1,Fz,P0,-0.08984375,-0.029342726345094296,-1.2086551605920097,1.2446098011672693
1,1,Fz,P0,-0.0859375,0.14103740855183866,-0.97897560963645203,1.408976497478434
1,1,Fz,P0,-0.08203125,0.19191488902985143,-1.0407669608983818,1.6195482757833801
1,1,Fz,P0,-0.078125,0.1354330796502628,-1.2443879525410304,1.7802166053974484
1,1,Fz,P0,-0.07421875,0.019275700172133165,-1.5360663723257864,1.8832124777055239
1,1,Fz,P0,-0.0703125,-0.093499974803378919,-1.6550156530748847,2.0114070583752905
1,1,Fz,P0,-0.06640625,-0.14398686967901073,-1.8639770004885239,2.1963895223136833
1,1,Fz,P0,-0.0625,-0.090710991313739164,-1.8092000176606837,2.4400395806012121
1,1,Fz,P0,-0.05859375,0.079164055133132544,-1.8417672997813148,2.8323725083515825
1,1,Fz,P0,-0.0546875,0.33907040526127114,-1.7875282596407385,3.1917038692350355
1,1,Fz,P0,-0.05078125,0.61960340307366168,-1.8088305477886248,3.6963609939160933
1,1,Fz,P0,-0.046875,0.82125254653002355,-2.0754562619755723,4.2612935132327312
1,1,Fz,P0,-0.04296875,0.84537954280978522,-2.3930826429588352,4.6566621851783561
1,1,Fz,P0,-0.0390625,0.63507779486815141,-2.9881308748294289,4.6161998773859931
1,1,Fz,P0,-0.03515625,0.20809009209469051,-3.6825640912249598,4.4109811291641021
1,1,Fz,P0,-0.03125,-0.33831601478450923,-4.5225773233098847,3.9836420626918385
1,1,Fz,P0,-0.02734375,-0.85950115203573796,-5.4055125867127636,3.7148830169733253
1,1,Fz,P0,-0.0234375,-1.2206436031433381,-6.0768571033665166,3.5488620761791307
1,1,Fz,P0,-0.01953125,-1.3512761629799948,-6.3759653082059753,3.5257569006307046
1,1,Fz,P0,-0.015625,-1.2711166609886113,-6.5131606701291078,3.7130125369899907
1,1,Fz,P0,-0.01171875,-1.0766147442375928,-6.5263500439750421,4.2003133378402442
1,1,Fz,P0,-0.0078125,-0.89507332032697118,-6.5736699939208068,4.6604977702066037
1,1,Fz,P0,-0.00390625,-0.82572158577172639,-6.440649183086574,4.9434531982245762
1,1,Fz,P0,0,-0.89343367920009908,-6.6069249816719591,5.3054599481949714
1,1,Fz,P0,0.00390625,-1.0379386253237139,-6.8248515759057256,5.3953253664920231
1,1,Fz,P0,0.0078125,-1.1453500499750604,-6.9794919491988683,5.5001712828056153
1,1,Fz,P0,0.01171875,-1.1052172022809501,-7.1542889947577581,5.8583480250417734
1,1,Fz,P0,0.015625,-0.86255162258234264,-7.1672956514462332,6.1253705327185264
1,1,Fz,P0,0.01953125,-0.44145627836858931,-6.8179716141201032,6.6733792771985811
1,1,Fz,P0,0.0234375,0.064830593479712248,-6.5155604131238922,7.3687199190608732
1,1,Fz,P0,0.02734375,0.52914878673696264,-6.3100397129777672,8.0591084738092391
1,1,Fz,P0,0.03125,0.83599474997744316,-6.2141141136108766,8.5412202566611715
1,1,Fz,P0,0.03515625,0.91952534963766919,-6.3894067565470118,8.9239560939688136
1,1,Fz,P0,0.0390625,0.77954839270571774,-6.8553807367755839,9.3399527864256271
1,1,Fz,P0,0.04296875,0.47248514639655231,-7.3105427067557933,9.5164626603214693
1,1,Fz,P0,0.046875,0.085536855400221046,-7.8883002835917289,9.7911864206210595
1,1,Fz,P0,0.05078125,-0.29414806459958781,-8.3942372104237855,9.5419091585171589
1,1,Fz,P0,0.0546875,-0.6052286887761088,-8.962147982972235,9.510564044273675
1,1,Fz,P0,0.05859375,-0.82442982840031187,-9.3310645322919488,9.543260769748537
1,1,Fz,P0,0.0625,-0.960283575865023,-9.7183487220077538,9.7640735238191141
1,1,Fz,P0,0.06640625,-1.0330283567814802,-9.9959293177996074,10.013624783651945
1,1,Fz,P0,0.0703125,-1.0560257692787429,-10.253394199354528,10.124328330358885
1,1,Fz,P0,0.07421875,-1.0325371188835264,-10.460964835414138,10.158123182114604
1,1,Fz,P0,0.078125,-0.96617486779765094,-10.540978057046091,10.232483881073474
1,1,Fz,P0,0.08203125,-0.87074891379651886,-10.669316780755121,10.359643889422141
1,1,Fz,P0,0.0859375,-0.7698098424316705,-10.688601496059988,10.633057662804903
1,1,Fz,P0,0.08984375,-0.68966388243315757,-10.571729428345154,10.863947309926893
1,1,Fz,P0,0.09375,-0.6545089815963665,-10.577264590311239,10.959563319845229
1,1,Fz,P0,0.09765625,-0.68607523309698148,-10.559700078901702,11.018505564790368
1,1,Fz,P0,0.1015625,-0.80344034638696293,-10.75204167729815,11.147868992445808
1,1,Fz,P0,0.10546875,-1.0183084942748377,-11.19228563621642,11.236267757634632
1,1,Fz,P0,0.109375,-1.325793158914174,-11.707859688603827,11.212245164109374
1,1,Fz,P0,0.11328125,-1.6967785451115758,-12.336982943047586,11.135560942310821
1,1,Fz,P0,0.1171875,-2.0799228835888997,-12.96523913654759,11.016733162841733
1,1,Fz,P0,0.12109375,-2.4156843417180855,-13.789442921467149,10.768190339885427
1,1,Fz,P0,0.125,-2.6557663915821781,-14.375097674860255,10.823842410435272
1,1,Fz,P0,0.12890625,-2.7778843107828979,-14.703065677263341,11.00881765390319
1,1,Fz,P0,0.1328125,-2.7901915884503095,-14.79707597382872,11.166234907190567
1,1,Fz,P0,0.13671875,-2.7265680419699487,-14.751503767417166,11.255284350423757
1,1,Fz,P0,0.140625,-2.6376031290783399,-14.792629699723113,11.676900992377917
1,1,Fz,P0,0.14453125,-2.5810956208090663,-14.629205036846011,11.797014656607178
1,1,Fz,P0,0.1484375,-2.6117633151080697,-14.612861488461244,11.763066408831795
1,1,Fz,P0,0.15234375,-2.7666207082223764,-14.837127770951787,11.452896791811153
1,1,Fz,P0,0.15625,-3.0452188260747945,-15.094354711470439,11.158338042750014
1,1,Fz,P0,0.16015625,-3.3925679903668349,-15.463889243952792,10.765917195932444
1,1,Fz,P0,0.1640625,-3.6992729146014995,-15.816808994224782,10.413994928597207
1,1,Fz,P0,0.16796875,-3.8297744091242336,-15.928438313653716,10.208162535810876
1,1,Fz,P0,0.171875,-3.6744819716609616,-15.712036953071536,10.333157991676867
1,1,Fz,P0,0.17578125,-3.2033880607880669,-15.271738219976536,10.749227600522442
1,1,Fz,P0,0.1796875,-2.4917698253507541,-14.465020473721545,11.371674279569065
1,1,Fz,P0,0.18359375,-1.7012695225491699,-13.618263243096919,12.052944268846845
1,1,Fz,P0,0.1875,-1.0239208712464458,-12.912716885047123,12.490824048680876
1,1,Fz,P0,0.19140625,-0.61495099738013015,-12.625951211232884,12.821010956409209
1,1,Fz,P0,0.1953125,-0.54269907972186182,-12.508814225940867,13.103554977225274
1,1,Fz,P0,0.19921875,-0.77379049311833736,-13.04298919238566,13.051182873785223
1,1,Fz,P0,0.203125,-1.1958677591466558,-13.798882514961983,12.915373782087293
1,1,Fz,P0,0.20703125,-1.6643245431772746,-14.408113281340842,12.866416102356153
1,1,Fz,P0,0.2109375,-2.0503933747573182,-14.812863003357847,12.665677579695174
1,1,Fz,P0,0.21484375,-2.2719730183777478,-14.996628099489199,12.713746452899631
1,1,Fz,P0,0.21875,-2.3023661813940683,-15.012660017218417,12.805194033249611
1,1,Fz,P0,0.22265625,-2.162998827976685,-15.038436163597982,12.931644179525399
1,1,Fz,P0,0.2265625,-1.907799922467968,-14.977472306685593,13.295555254941336
1,1,Fz,P0,0.23046875,-1.6051809790566978,-14.892251208221314,13.837742482832111
1,1,Fz,P0,0.234375,-1.3234752376356071,-14.84455599643805,14.2711697876797
1,1,Fz,P0,0.23828125,-1.1230355412526165,-14.856493183885428,14.635298450983212
1,1,Fz,P0,0.2421875,-1.0503344687788192,-14.870839922889116,15.054492704237475
1,1,Fz,P0,0.24609375,-1.1250086104606289,-14.988656491727424,15.442992095652009
1,1,Fz,P0,0.25,-1.3195365355110462,-15.341048806587651,15.329897426738613
1,1,Fz,P0,0.25390625,-1.5474606521607321,-15.753783378875529,14.982728054822859
1,1,Fz,P0,0.2578125,-1.6809393430025794,-15.90014411094743,14.425458627666382
1,1,Fz,P0,0.26171875,-1.601229096247863,-15.684081390998053,14.09429142205866
1,1,Fz,P0,0.265625,-1.2585965204810692,-15.09890571794822,14.086585175990177
1,1,Fz,P0,0.26953125,-0.70545513127595194,-14.446803309134632,14.395484270320441
1,1,Fz,P0,0.2734375,-0.080098243177078643,-13.682816876383862,14.928230108682552
1,1,Fz,P0,0.27734375,0.45281001020190459,-13.249235731569259,15.556360282676609
1,1,Fz,P0,0.28125,0.77548967759803766,-13.043205313202149,15.939994290119236
1,1,Fz,P0,0.28515625,0.86871203822677356,-12.841747438817659,16.013140585026051
1,1,Fz,P0,0.2890625,0.8180796099665385,-12.574533331341526,15.735889946899389
1,1,Fz,P0,0.29296875,0.77344742840760561,-12.581700497321807,15.448870418324649
1,1,Fz,P0,0.296875,0.88247336540948229,-12.165666297484357,15.127655694396196
1,1,Fz,P0,0.30078125,1.2300723571840011,-11.450890693926732,15.336250825048623
1,1,Fz,P0,0.3046875,1.809543059522837,-10.557275092230164,15.729943452392121
1,1,Fz,P0,0.30859375,2.533379705574256,-9.6975469313857516,16.376182611629787
1,1,Fz,P0,0.3125,3.2726193024570325,-8.897319095122679,17.280381168005313
1,1,Fz,P0,0.31640625,3.9029080463002743,-8.3853905777353202,18.05260346546649
1,1,Fz,P0,0.3203125,4.3384019848191571,-8.0582085517559232,18.756765947679867
1,1,Fz,P0,0.32421875,4.5470544024027859,-7.9749029398035445,19.125432754971538
1,1,Fz,P0,0.328125,4.5511958420798475,-8.1111248596376253,19.305804696143792
1,1,Fz,P0,0.33203125,4.4177034488416176,-8.4339752810489497,19.46537785766462
1,1,Fz,P0,0.3359375,4.237557583226625,-8.8081346716182569,19.648423572732288
1,1,Fz,P0,0.33984375,4.0962187498575178,-9.0591842529749123,19.617947146999473
1,1,Fz,P0,0.34375,4.0446149988036408,-9.2818009884866779,19.698154522982765
1,1,Fz,P0,0.34765625,4.0841962683972426,-9.2692432786505901,19.892828614377638
1,1,Fz,P0,0.3515625,4.1719877432719699,-9.0598587717782646,20.339015197561359
1,1,Fz,P0,0.35546875,4.2405660421504594,-8.8756461955239558,20.457997725842763
1,1,Fz,P0,0.359375,4.2233506996577361,-9.0735975285613115,20.476976085731948
1,1,Fz,P0,0.36328125,4.0767916434715321,-9.632204246528568,20.453505843371904
1,1,Fz,P0,0.3671875,3.7920658124787257,-10.127953280463299,20.392369825278731
1,1,Fz,P0,0.37109375,3.3907551612463771,-10.753563722002841,20.100404928705277
1,1,Fz,P0,0.375,2.9065480819956484,-11.40609109079992,19.821848613600455
1,1,Fz,P0,0.37890625,2.3653125384571885,-12.123061410693762,19.545781367183569
1,1,Fz,P0,0.3828125,1.7785225691077822,-12.854037344917733,19.11036908603165
1,1,Fz,P0,0.38671875,1.1549509530749493,-13.639515497780854,18.55781767980314
1,1,Fz,P0,0.390625,0.52020153721286244,-14.497908412476505,18.008246458703852
1,1,Fz,P0,0.39453125,-0.074014303095263023,-14.879892545328925,17.474041942653855
1,1,Fz,P0,0.3984375,-0.56244456504139417,-15.311943742734311,17.042725135580536
1,1,Fz,P0,0.40234375,-0.89672391548233499,-15.643850024374801,16.653999381639551
1,1,Fz,P0,0.40625,-1.0766367037128739,-15.767654010455979,16.317859845995446
1,1,Fz,P0,0.41015625,-1.1629146532675334,-15.720961820808613,16.144743328545566
1,1,Fz,P0,0.4140625,-1.260989990527513,-15.790657446353885,15.855979214517362
1,1,Fz,P0,0.41796875,-1.4799947885690812,-15.996457502360363,15.341947863045847
1,1,Fz,P0,0.421875,-1.8852904712060847,-16.447956077013387,14.714932859805453
1,1,Fz,P0,0.42578125,-2.4676844097331938,-17.013738644158384,14.237005189960797
1,1,Fz,P0,0.4296875,-3.1440995144175892,-17.740424550294222,13.886826054319517
1,1,Fz,P0,0.43359375,-3.7882770557133116,-18.705633261007151,13.675505503428315
1,1,Fz,P0,0.4375,-4.276450849690888,-19.45782025102169,13.697601676241137
1,1,Fz,P0,0.44140625,-4.5281386440112872,-19.729824653141488,13.658361316726554
1,1,Fz,P0,0.4453125,-4.5270923463603454,-19.771730198216687,13.967118770579454
1,1,Fz,P0,0.44921875,-4.3190016690903459,-19.628856160205395,14.250459719407756
1,1,Fz,P0,0.453125,-3.9933757161982157,-19.321029444539686,14.848850201294191
1,1,Fz,P0,0.45703125,-3.6596762929518394,-18.85912904765383,15.321052232729759
1,1,Fz,P0,0.4609375,-3.4228379356672392,-18.432875489391584,15.660009781487949
1,1,Fz,P0,0.46484375,-3.3585605534382053,-18.11663227432399,15.520618460185364
1,1,Fz,P0,0.46875,-3.4891072943269816,-18.136817649807274,15.259000046474696
1,1,Fz,P0,0.47265625,-3.7643648948091877,-18.59809686981011,14.876299968785398
1,1,Fz,P0,0.4765625,-4.0587168748487974,-18.894392331414487,14.541773534902223
1,1,Fz,P0,0.48046875,-4.1989281046170825,-18.638087766884052,14.426327946361184
1,1,Fz,P0,0.484375,-4.0322243860796547,-18.500985611043948,14.869111620731507
1,1,Fz,P0,0.48828125,-3.52004003447757,-18.284632754196565,15.749086974687367
1,1,Fz,P0,0.4921875,-2.8137625222864919,-17.666808129419664,16.989061215377561
1,1,Fz,P0,0.49609375,-2.2601282931837816,-17.02089209897105,18.074208951988055
1,1,Fz,P0,0.5,-2.308807251929955,-16.628703356464008,17.257225018595975
1,1,Fz,P0,0.50390625,-3.3418199350622562,-16.474961864701918,14.597650056877008
1,1,Fz,P0,0.5078125,-5.4932955333095714,-18.342827802000979,9.7163799851348056
1,1,Fz,P0,0.51171875,-8.5578794307667891,-21.974270964682287,4.4025644833956221
1,1,Fz,P0,0.515625,-12.061935285388124,-27.572349052992386,2.225649552278532
1,1,Fz,P0,0.51953125,-15.469177637547858,-34.702733402970473,1.0204418144798697
1,1,Fz,P0,0.5234375,-18.379931884350949,-40.355432373706826,-0.32204321925750934
1,1,Fz,P0,0.52734375,-20.596140376637926,-46.587046037399091,-0.53250856154013348
1,1,Fz,P0,0.53125,-22.066163995859895,-50.918379980659076,-0.60232906855812796
1,1,Fz,P0,0.53515625,-22.818870008249235,-53.036677064347501,-0.26443666158212625
1,1,Fz,P0,0.5390625,-22.94551905830664,-54.111748350578509,0.28187014186091452
1,1,Fz,P0,0.54296875,-22.598843914008054,-54.047216174511618,0.74400156526398364
1,1,Fz,P0,0.546875,-21.968075699150372,-53.169446324738729,0.98598246181547622
1,1,Fz,P0,0.55078125,-21.232348691300935,-51.891577762324374,1.0608322359248004
1,1,Fz,P0,0.5546875,-20.521018210103492,-50.559073316606565,1.1794185938420703
1,1,Fz,P0,0.55859375,-19.899877011986909,-49.382533882136379,1.2302355662058397
1,1,Fz,P0,0.5625,-19.380996342565339,-48.418457855128644,1.4066109189908338
1,1,Fz,P0,0.56640625,-18.943745497488798,-47.597408246954686,1.5003951227581311
1,1,Fz,P0,0.5703125,-18.557255852293054,-46.790591679923807,1.7749768161053034
1,1,Fz,P0,0.57421875,-18.198462076053382,-45.889651544131432,2.1013602990424336
1,1,Fz,P0,0.578125,-17.860023889266085,-44.993843471565043,2.2808382540776653
1,1,Fz,P0,0.58203125,-17.544990291796427,-44.081384291321591,2.3876552903714234
1,1,Fz,P0,0.5859375,-17.252439018508884,-43.288154502407359,2.610019382364746
1,1,Fz,P0,0.58984375,-16.964013362923701,-42.594761449423785,2.6325506490228476
1,1,Fz,P0,0.59375,-16.640503929510611,-41.935238886342624,2.5183884321533387
1,1,Fz,P0,0.59765625,-16.232608124576203,-41.405143244136539,2.7644203095767339
1,1,Fz,P0,0.6015625,-15.703190535471252,-40.848040580739976,3.5003259303203889
1,1,Fz,P0,0.60546875,-15.050094026356986,-40.266158783248308,4.4641058009973822
1,1,Fz,P0,0.609375,-14.314082043466099,-39.680463286235849,5.3437881937213172
1,1,Fz,P0,0.61328125,-13.563868403337977,-39.093619767004405,6.3373481795479609
1,1,Fz,P0,0.6171875,-12.866220657262094,-38.657529503577415,7.1437321199789743
1,1,Fz,P0,0.62109375,-12.259292328221052,-38.313613662497652,7.8106916976749892
1,1,Fz,P0,0.625,-11.743214929755442,-37.838529934944688,8.5240098673123086
1,1,Fz,P0,0.62890625,-11.289034360310705,-37.260594334082342,9.196413872658745
1,1,Fz,P0,0.6328125,-10.856250073803148,-36.730094453926469,9.9063178534161622
1,1,Fz,P0,0.63671875,-10.407796511908241,-36.162541441335144,10.594985304917202
1,1,Fz,P0,0.640625,-9.9182616904740257,-35.434841614529425,11.172697019438493
1,1,Fz,P0,0.64453125,-9.3780545120764707,-34.542406183326882,11.727959537279199
1,1,Fz,P0,0.6484375,-8.7963801680760287,-33.606430454007807,12.312360557105746
1,1,Fz,P0,0.65234375,-8.2011121944512269,-32.863444774157223,12.638458361880829
1,1,Fz,P0,0.65625,-7.6306050297664907,-32.323251262406693,13.13082047988641
1,1,Fz,P0,0.66015625,-7.1164019147432374,-31.791837236017862,13.142972578744253
1,1,Fz,P0,0.6640625,-6.666182498609138,-30.984356417759155,13.516983290760223
1,1,Fz,P0,0.66796875,-6.2628039572156267,-30.350555574409466,13.801531211007202
1,1,Fz,P0,0.671875,-5.8851615226335063,-30.078114609752415,14.225855376425711
1,1,Fz,P0,0.67578125,-5.5350148675104762,-29.786663652429162,14.552899644050891
1,1,Fz,P0,0.6796875,-5.2451014244930043,-29.590600955274816,14.935465883278718
1,1,Fz,P0,0.68359375,-5.0601923470512542,-29.573767869305986,15.18429626387127
1,1,Fz,P0,0.6875,-5.0063197763877669,-29.646802107656395,15.092000939089187
1,1,Fz,P0,0.69140625,-5.0702326130468007,-29.815958021216804,14.746258378733259
1,1,Fz,P0,0.6953125,-5.2000136207230767,-29.866463841703158,14.269745050669915
1,1,Fz,P0,0.69921875,-5.3236955776964754,-29.775593240326756,13.822299190480727
1,1,Fz,P0,0.703125,-5.3747124963513642,-29.427513077310362,13.493585299460435
1,1,Fz,P0,0.70703125,-5.310716906998028,-28.826058454115376,13.328582891204471
1,1,Fz,P0,0.7109375,-5.1161158207149988,-28.040298323602681,13.276088327826391
1,1,Fz,P0,0.71484375,-4.7904388614712285,-27.218807256902462,13.226704957778344
1,1,Fz,P0,0.71875,-4.337180095945171,-26.318025915935955,13.124362427914253
1,1,Fz,P0,0.72265625,-3.7662013074340277,-25.328915774183141,13.259778673997353
1,1,Fz,P0,0.7265625,-3.1050027699961804,-24.398385229898835,13.60640211370619
1,1,Fz,P0,0.73046875,-2.4004218642448976,-23.348630520754167,13.747981094884533
1,1,Fz,P0,0.734375,-1.7015813302137932,-22.207889622782798,13.982691910647262
1,1,Fz,P0,0.73828125,-1.0377215482357955,-21.248944104267469,14.363623474630755
1,1,Fz,P0,0.7421875,-0.41317426699456949,-20.49762514501866,14.892208761194041
1,1,Fz,P0,0.74609375,0.17533767100419792,-19.649427183054698,15.218676476372313
1,1,Fz,P0,0.75,0.71819668690958161,-18.772258249923269,15.400799631281547
1,1,Fz,P0,0.75390625,1.1930100973294879,-18.286353837175778,15.358538652084313
1,1,Fz,P0,0.7578125,1.5884701263209111,-18.068121156446352,15.786715555087724
1,1,Fz,P0,0.76171875,1.9294005027611378,-17.891068362634591,16.276820794903788
1,1,Fz,P0,0.765625,2.2752364374531826,-17.51448683270165,16.727861651936642
1,1,Fz,P0,0.76953125,2.6857406625220102,-17.233446522513354,17.251800067169544
1,1,Fz,P0,0.7734375,3.1777446519994421,-17.186279162604357,18.077041711693344
1,1,Fz,P0,0.77734375,3.7082654351485758,-17.158003602051334,19.033509370185751
1,1,Fz,P0,0.78125,4.2009576538135427,-17.187999804530062,19.763018340883303
1,1,Fz,P0,0.78515625,4.5988805165338338,-17.321418358923573,20.385878638234342
1,1,Fz,P0,0.7890625,4.9044417657703292,-17.377402657965515,21.029895249640173
1,1,Fz,P0,0.79296875,5.17496052758099,-17.169409303516577,21.419824280593499
1,1,Fz,P0,0.796875,5.4750018759620538,-16.52620406873638,21.662544957091004
1,1,F3,P0,-0.19921875,-0.33681218982215849,-4.7087973663921323,3.6948085018333727
1,1,F3,P0,-0.1953125,-0.043348525223586794,-3.9573062383875754,3.5788010961550207
1,1,F3,P0,-0.19140625,0.20574753498368473,-3.2851950492762563,3.5313244739894873
1,1,F3,P0,-0.1875,0.36186859401622823,-2.7405553385393362,3.4061386338902429
1,1,F3,P0,-0.18359375,0.39803032388070336,-2.3761251750527834,3.1826880597115452
1,1,F3,P0,-0.1796875,0.3241680393609872,-2.2147283253455581,2.8611389723874812
1,1,F3,P0,-0.17578125,0.18316491091457637,-2.2115167129905906,2.6624617947454197
1,1,F3,P0,-0.171875,0.025100260086996562,-2.4130943137992316,2.4870621495829588
1,1,F3,P0,-0.16796875,-0.11964562076404477,-2.5971736712114639,2.3638540904784677
1,1,F3,P0,-0.1640625,-0.24588895009773673,-2.6913278594002938,2.3133920479696801
1,1,F3,P0,-0.16015625,-0.35647398313114348,-2.9623640208126241,2.2166249580154695
1,1,F3,P0,-0.15625,-0.44270118209932108,-3.1256121929895322,2.0226592841988076
1,1,F3,P0,-0.15234375,-0.48428288257855923,-2.9831887148644749,1.9043133387697295
1,1,F3,P0,-0.1484375,-0.47086820337350704,-2.7627508149369571,1.7124678737200298
1,1,F3,P0,-0.14453125,-0.42354522083703489,-2.3561551126332119,1.4474203906209979
1,1,F3,P0,-0.140625,-0.39212455807311675,-1.9801764960341939,1.3960366261500712
1,1,F3,P0,-0.13671875,-0.4269909186580142,-1.8521625343414811,1.3534742294165814
1,1,F3,P0,-0.1328125,-0.54879662432148624,-1.9004469090975984,1.0257869150091763
1,1,F3,P0,-0.12890625,-0.74008848356051837,-1.9225628725070145,0.60802664768363046
1,1,F3,P0,-0.125,-0.96120320360020095,-1.9304484702887927,0.14827173179882458
1,1,F3,P0,-0.12109375,-1.1721525982289933,-1.9217452552596721,-0.37883889916444174
1,1,F3,P0,-0.1171875,-1.3422020016039444,-2.0876522811279199,-0.63794638695556904
1,1,F3,P0,-0.11328125,-1.4445966405555697,-2.342428572456003,-0.5511058816218235
1,1,F3,P0,-0.109375,-1.4471377668910965,-2.6064177872862175,-0.27687852879015096
1,1,F3,P0,-0.10546875,-1.3114861274330905,-2.6290441599270631,-0.075683637688870029
1,1,F3,P0,-0.1015625,-1.0077503393156189,-2.3110449056269808,0.33996051549843209
1,1,F3,P0,-0.09765625,-0.53941230634096859,-1.8913171520369714,0.70033658708249047
1,1,F3,P0,-0.09375,0.037600307165591158,-1.3372104559402238,1.2887404515015106
1,1,F3,P0,-0.08984375,0.61915664383436531,-0.84403934636172684,2.0135498716437121
1,1,F3,P0,-0.0859375,1.0849161412347748,-0.33953433098991587,2.5625873961998908
1,1,F3,P0,-0.08203125,1.3434313364131156,-0.17212733097455094,2.9459160751006359
1,1,F3,P0,-0.078125,1.3656490603993052,-0.14741443367870122,3.0866699548079892
1,1,F3,P0,-0.07421875,1.1904233099014867,-0.55576346960202938,3.0784907389864005
1,1,F3,P0,-0.0703125,0.90520300363118811,-0.96393672823212317,3.0188879355580944
1,1,F3,P0,-0.06640625,0.61661847375690149,-1.2894685890725039,2.9120941229112884
1,1,F3,P0,-0.0625,0.42142919226089504,-1.5681773555904686,2.8822174004299526
1,1,F3,P0,-0.05859375,0.3809775688107484,-1.5850952937344158,2.7408554396834868
1,1,F3,P0,-0.0546875,0.50251860439577489,-1.3811057349001703,2.5632971678511463
1,1,F3,P0,-0.05078125,0.73320473647440942,-1.0857523364560475,2.5627734649783758
1,1,F3,P0,-0.046875,0.97151378661952448,-0.84768388187847721,2.9433493186900161
1,1,F3,P0,-0.04296875,1.0979926905765001,-0.8328852822395314,3.2168028153413082
1,1,F3,P0,-0.0390625,1.020701382849702,-1.1083519481484958,3.1573074911250103
1,1,F3,P0,-0.03515625,0.71924543197475366,-1.6360263351332895,2.8735322490603799
1,1,F3,P0,-0.03125,0.26396216364201047,-2.0492535734023209,2.5914591479326456
1,1,F3,P0,-0.02734375,-0.20497005022088971,-2.7000818883129241,2.2656454442109037
1,1,F3,P0,-0.0234375,-0.53215445863618094,-3.1769601216533454,2.0167808653872057
1,1,F3,P0,-0.01953125,-0.6095294679257266,-3.1395180770951874,1.9134995108292696
1,1,F3,P0,-0.015625,-0.41749205128458705,-2.8624421379450604,2.284761201185769
1,1,F3,P0,-0.01171875,-0.027395366940705691,-2.4654479062057768,2.6386787752258796
1,1,F3,P0,-0.0078125,0.43403278556473307,-1.8810751940453987,2.9283750076441781
1,1,F3,P0,-0.00390625,0.84239343876882289,-1.5403154432693171,3.1185280982496444
1,1,F3,P0,0,1.1293908278462197,-1.3314769229843126,3.2510206337610295
1,1,F3,P0,0.00390625,1.3064886920476526,-1.3671006988258931,3.3871827870842468
1,1,F3,P0,0.0078125,1.4474261276986027,-1.3941782216565055,3.702789887576869
1,1,F3,P0,0.01171875,1.6425006467671184,-1.3866922958867451,4.1939672872498912
1,1,F3,P0,0.015625,1.9509109824667519,-1.2600535528536778,4.673107036926976
1,1,F3,P0,0.01953125,2.3714606298666543,-0.97090027443204452,5.2702937882647305
1,1,F3,P0,0.0234375,2.8398294750271584,-0.66310141038256198,5.9438321175763269
1,1,F3,P0,0.02734375,3.2537076653477226,-0.31427827121074153,6.4018723733380334
1,1,F3,P0,0.03125,3.5182219362484428,-0.088580100971260997,6.6637966457490885
1,1,F3,P0,0.03515625,3.5897329267697704,-0.019024488572966292,6.8678125510633761
1,1,F3,P0,0.0390625,3.492000239125618,-0.11574550836225313,6.8849208087867382
1,1,F3,P0,0.04296875,3.2963007375570323,-0.38281056730965596,6.7431445845475677
1,1,F3,P0,0.046875,3.0818289714436071,-0.71047809346302337,6.6227022267724678
1,1,F3,P0,0.05078125,2.902028282408688,-1.2296825177888804,6.7349415103491381
1,1,F3,P0,0.0546875,2.7727063441874633,-1.607401944550497,6.8417097885549421
1,1,F3,P0,0.05859375,2.6817866275219333,-1.9475528611346553,7.0074300268730587
1,1,F3,P0,0.0625,2.6097406939793819,-2.3134197462699664,7.1262909414408897
1,1,F3,P0,0.06640625,2.547123057583927,-2.4314859342524167,7.3352350266129829
1,1,F3,P0,0.0703125,2.4993898712057412,-2.5595183482782669,7.4462674688920751
1,1,F3,P0,0.07421875,2.4772927029603657,-2.5168206969144546,7.5403278978078223
1,1,F3,P0,0.078125,2.4811766315390851,-2.4855323872790223,7.6961103202645962
1,1,F3,P0,0.08203125,2.4927170844191013,-2.6083184248729774,7.7814824340144746
1,1,F3,P0,0.0859375,2.481766303625025,-2.6320421405989665,7.8974587994426129
1,1,F3,P0,0.08984375,2.4235969876461603,-2.77415137478136,7.7986240873677417
1,1,F3,P0,0.09375,2.3136658327167727,-2.8750484719599418,7.8704079251227324
1,1,F3,P0,0.09765625,2.1682922865037657,-2.964488853794979,7.7928299486278281
1,1,F3,P0,0.1015625,2.0096788626398925,-2.9390014314848982,7.802787160440686
1,1,F3,P0,0.10546875,1.8469069749859859,-3.1665690263603645,7.6632089467457867
1,1,F3,P0,0.109375,1.6690775156596345,-3.4164414258777591,7.5134089647057332
1,1,F3,P0,0.11328125,1.4559711198686938,-3.6486854005344531,7.3666137413710073
1,1,F3,P0,0.1171875,1.1962376115713216,-3.8446884537864467,7.3107695814184801
1,1,F3,P0,0.12109375,0.89938316227800275,-4.0639382698264219,7.194699065758603
1,1,F3,P0,0.125,0.59639230177574054,-4.750304185309929,7.1598427568859098
1,1,F3,P0,0.12890625,0.33195776379326369,-5.3029856066257706,7.1309186215713884
1,1,F3,P0,0.1328125,0.15195757430263523,-5.7846189394303398,7.1660469983715886
1,1,F3,P0,0.13671875,0.087750253174684906,-6.053947642545908,7.2726778950315092
1,1,F3,P0,0.140625,0.13959526427500485,-6.1074118659032655,7.4561369608192294
1,1,F3,P0,0.14453125,0.26501850387127623,-5.986737576901513,7.7360720970465833
1,1,F3,P0,0.1484375,0.38160296582842007,-5.9320070306050843,8.0275910776872905
1,1,F3,P0,0.15234375,0.39230193561818044,-5.9802877658509503,8.1687015123272086
1,1,F3,P0,0.15625,0.22963850053376436,-6.2069933162169608,8.2724746020137534
1,1,F3,P0,0.16015625,-0.1013295724999666,-6.6711194214077443,8.0623270591327731
1,1,F3,P0,0.1640625,-0.50721028738554297,-7.1603529313063614,7.9371306159991599
1,1,F3,P0,0.16796875,-0.83203344400109824,-7.8533270008941143,7.7844074783029065
1,1,F3,P0,0.171875,-0.91831799176195072,-7.9805054290373212,7.8389454549013982
1,1,F3,P0,0.17578125,-0.67860808052415256,-7.7804461272805527,8.180373263656616
1,1,F3,P0,0.1796875,-0.1445842013364024,-7.1772256275855355,8.7079142561362595
1,1,F3,P0,0.18359375,0.53106605970307008,-6.4354231240966273,9.1963344128325843
1,1,F3,P0,0.1875,1.1243142127097661,-5.7640140528615884,9.4532879651127679
1,1,F3,P0,0.19140625,1.4232433962363467,-5.3566201887424487,9.3763886162231955
1,1,F3,P0,0.1953125,1.3116832734288753,-5.2031679365691348,9.0112755331517338
1,1,F3,P0,0.19921875,0.81519109743551954,-5.435967393218343,8.4657864610161671
1,1,F3,P0,0.203125,0.085952346742253133,-6.013229026681544,7.8282989674202428
1,1,F3,P0,0.20703125,-0.66514048437150086,-6.934504266296929,7.3363937154776684
1,1,F3,P0,0.2109375,-1.2512207006299267,-7.5551423000812354,7.135330502366215
1,1,F3,P0,0.21484375,-1.5652460531888361,-8.0916686552736792,7.093726925406342
1,1,F3,P0,0.21875,-1.5916552445263243,-8.3564190290231277,7.2433402901412522
1,1,F3,P0,0.22265625,-1.3853393314866083,-8.2103325963689322,7.5406636371543394
1,1,F3,P0,0.2265625,-1.0399394419038901,-7.8789092759673895,7.8770967756253896
1,1,F3,P0,0.23046875,-0.66094001809465552,-7.5728476419617285,8.1380759520581734
1,1,F3,P0,0.234375,-0.34813158827901514,-7.3976073454482343,8.4042557013525503
1,1,F3,P0,0.23828125,-0.18401791648341831,-7.3160418673838894,8.6621916724091594
1,1,F3,P0,0.2421875,-0.22123281511358095,-7.3180154493598337,8.8526648659175269
1,1,F3,P0,0.24609375,-0.46455671412533356,-7.5625134995369443,9.0179264237700583
1,1,F3,P0,0.25,-0.85282406048679182,-8.0770962661203765,9.140558315307862
1,1,F3,P0,0.25390625,-1.2578260075183374,-8.6702175713069281,9.0542735255686111
1,1,F3,P0,0.2578125,-1.5177569784945621,-9.0453915986301752,8.7711482185864007
1,1,F3,P0,0.26171875,-1.5027852845000542,-9.0781177501825319,8.7070796684239848
1,1,F3,P0,0.265625,-1.1817129382915104,-8.8027540479856086,8.8811925317625349
1,1,F3,P0,0.26953125,-0.6474561325697421,-8.2879695442916468,9.2675393747562804
1,1,F3,P0,0.2734375,-0.07943541542394196,-7.623200283735545,9.7265027354376592
1,1,F3,P0,0.27734375,0.33987636423516188,-7.3156937625427201,10.310593990828906
1,1,F3,P0,0.28125,0.50793504185849048,-7.3658891197904284,10.731946615740197
1,1,F3,P0,0.28515625,0.44015975705784549,-7.6775232707097318,11.074609212984294
1,1,F3,P0,0.2890625,0.24824271918393798,-7.9899330592256792,11.236102140595122
1,1,F3,P0,0.29296875,0.078874890834677858,-8.3088885871904594,11.269158881869132
1,1,F3,P0,0.296875,0.049957865094286902,-8.2951192445891557,11.074867867273435
1,1,F3,P0,0.30078125,0.21323784842017707,-8.2096982199116884,11.115631798781488
1,1,F3,P0,0.3046875,0.5498976909677642,-8.2217633300500363,11.536902402055659
1,1,F3,P0,0.30859375,0.98717071979005433,-7.8727062530491434,12.329200768129368
1,1,F3,P0,0.3125,1.4214140980137,-7.3116118575167439,13.058086805119675
1,1,F3,P0,0.31640625,1.742905095387121,-7.1433778122713436,13.770814398195158
1,1,F3,P0,0.3203125,1.8653080411434921,-7.0727167407039095,14.063899215619365
1,1,F3,P0,0.32421875,1.7581657468332366,-7.0655027344712451,14.047620364171244
1,1,F3,P0,0.328125,1.4685319877686724,-7.3061025183178314,13.84697180362739
1,1,F3,P0,0.33203125,1.1124323939267098,-7.4535523035722262,13.505043309140749
1,1,F3,P0,0.3359375,0.82954529787276576,-7.8087655637445863,13.122683678799318
1,1,F3,P0,0.33984375,0.72065535727787722,-8.0338960198384264,13.001826981693956
1,1,F3,P0,0.34375,0.80413432170576882,-7.9601841679477872,13.25441000199641
1,1,F3,P0,0.34765625,1.0156508353094771,-7.7870936248837817,13.642302208401968
1,1,F3,P0,0.3515625,1.2449945844726209,-7.6800968755965746,13.973145968825229
1,1,F3,P0,0.35546875,1.3847569131020947,-7.6225532047564712,14.062415322298795
1,1,F3,P0,0.359375,1.369180540336397,-7.7857340282969938,13.908314247687283
1,1,F3,P0,0.36328125,1.1927972363812358,-8.0596646245628172,13.687713440613575
1,1,F3,P0,0.3671875,0.90371801066913904,-8.6028038598666807,13.592837443746749
1,1,F3,P0,0.37109375,0.57121087780693636,-9.3947880732124744,13.521871913377788
1,1,F3,P0,0.375,0.24106528416944614,-9.9625601486096027,13.459904648950388
1,1,F3,P0,0.37890625,-0.093074434432777048,-10.617522184392179,13.324783285778423
1,1,F3,P0,0.3828125,-0.47881843423716219,-11.087733320112608,13.013290383034827
1,1,F3,P0,0.38671875,-0.95907242051810282,-11.602802830879094,12.471778089935555
1,1,F3,P0,0.390625,-1.5243196990827472,-11.937515783787138,11.814704449459944
1,1,F3,P0,0.39453125,-2.099373353942017,-12.574889316570808,11.197223612827862
1,1,F3,P0,0.3984375,-2.5760583527192047,-12.950149125917697,10.494043894809973
1,1,F3,P0,0.40234375,-2.8730250232656753,-13.180235519028988,10.008549247730485
1,1,F3,P0,0.40625,-2.9887720719804589,-13.200052865300687,9.5975939963224981
1,1,F3,P0,0.41015625,-3.0178057049486009,-13.149087020293761,9.0254947599808624
1,1,F3,P0,0.4140625,-3.1175716614343227,-13.087433586205002,8.5004382931204301
1,1,F3,P0,0.41796875,-3.4390950556770412,-13.396082778149419,7.7357110024921276
1,1,F3,P0,0.421875,-4.0554541078020794,-14.176251170396592,7.0357672421248427
1,1,F3,P0,0.42578125,-4.9245613413500022,-15.236575669962336,6.1943617456750211
1,1,F3,P0,0.4296875,-5.9033456914634739,-16.358885677496822,5.5089039310255101
1,1,F3,P0,0.43359375,-6.8032070035149905,-17.325030468033866,5.1401298203017012
1,1,F3,P0,0.4375,-7.4585123554817025,-17.935943710781565,4.9984001313833781
1,1,F3,P0,0.44140625,-7.7781988865135903,-17.978890153960382,5.0964858256692054
1,1,F3,P0,0.4453125,-7.7631217706868751,-17.727682855702756,5.2476041215562681
1,1,F3,P0,0.44921875,-7.4904367402233474,-17.384993705319719,5.415190732174219
1,1,F3,P0,0.453125,-7.0789006391357123,-17.00248971788519,5.7874400419451124
1,1,F3,P0,0.45703125,-6.6493768220769809,-16.665828892347356,6.225362115828835
1,1,F3,P0,0.4609375,-6.2907749599564866,-16.256838396846252,6.5138564313257996
1,1,F3,P0,0.46484375,-6.0414931966428451,-15.833056892097748,6.5251667337512993
1,1,F3,P0,0.46875,-5.8941374796914632,-15.581520994123853,6.3644707649896644
1,1,F3,P0,0.47265625,-5.8192405253252666,-15.381636999585323,6.2706704666758517
1,1,F3,P0,0.4765625,-5.7908201358998523,-15.147511663696834,6.37423231836926
1,1,F3,P0,0.48046875,-5.7974683471932167,-15.083952433279697,6.6070632306157213
1,1,F3,P0,0.484375,-5.8363327579841995,-15.000804985029296,6.6895067075242558
1,1,F3,P0,0.48828125,-5.8996641321695851,-14.911045640971436,6.6108256382699881
1,1,F3,P0,0.4921875,-5.9656101620690567,-14.972435248103316,6.470869785067463
1,1,F3,P0,0.49609375,-6.0007391490119257,-14.993688787047711,6.3053009923021834
1,1,F3,P0,0.5,-5.9772855638467721,-14.888740464343156,6.1885944887231368
1,1,F3,P0,0.50390625,-5.8998794927610296,-14.649391418319844,6.1645127999241982
1,1,F3,P0,0.5078125,-5.8224055072504033,-14.406466510274806,6.0291120970266023
1,1,F3,P0,0.51171875,-5.8309051839389321,-14.385554788914215,5.7785469444055551
1,1,F3,P0,0.515625,-5.9909011070528626,-14.300070048260507,5.5819300143386466
1,1,F3,P0,0.51953125,-6.2937244349083938,-14.549714545196569,5.3149249190341648
1,1,F3,P0,0.5234375,-6.6462386774094249,-14.988962523558166,4.8729277001743156
1,1,F3,P0,0.52734375,-6.9154945246523756,-15.347357769183715,4.3572973162150888
1,1,F3,P0,0.53125,-6.9965999365078764,-15.573031061676602,3.8840201508778174
1,1,F3,P0,0.53515625,-6.8587462436552036,-15.485369674661525,3.5911772706707117
1,1,F3,P0,0.5390625,-6.5450543497347047,-15.093861029548304,3.9131275658760565
1,1,F3,P0,0.54296875,-6.1336921437438194,-14.852966695433736,4.6007029680781928
1,1,F3,P0,0.546875,-5.6899540163758227,-14.532753222325837,5.2603213040124794
1,1,F3,P0,0.55078125,-5.2410613015562406,-14.129704970774013,5.8576259930947874
1,1,F3,P0,0.5546875,-4.7858437716807343,-13.629526690514448,6.4343806443709113
1,1,F3,P0,0.55859375,-4.3235180916959672,-13.074610814461549,6.9406946488299308
1,1,F3,P0,0.5625,-3.8727610352145789,-12.46225079393262,7.2895165488001821
1,1,F3,P0,0.56640625,-3.4657270319683766,-12.075032928577743,7.6637499670858471
1,1,F3,P0,0.5703125,-3.126865123430389,-11.861241228761964,8.0331540022580654
1,1,F3,P0,0.57421875,-2.8574513278765203,-11.681130373784441,8.3276383170468904
1,1,F3,P0,0.578125,-2.6367864690185709,-11.645952084270027,8.3372530850902198
1,1,F3,P0,0.58203125,-2.4361406916859845,-11.702333464604868,8.3856507860875666
1,1,F3,P0,0.5859375,-2.2347514838262956,-11.738107546239339,8.7118753695437778
1,1,F3,P0,0.58984375,-2.0267216361126241,-11.445623256175946,9.0224546118323055
1,1,F3,P0,0.59375,-1.8122525939162095,-11.11085412714638,9.541025886317005
1,1,F3,P0,0.59765625,-1.5793652319453484,-10.888359773344202,9.925295612334553
1,1,F3,P0,0.6015625,-1.2944611939662967,-10.63995132610582,10.189289826757385
1,1,F3,P0,0.60546875,-0.91473604429638911,-10.319831393837086,10.402323669205419
1,1,F3,P0,0.609375,-0.41452132329671437,-9.7582701831233472,10.699126320843915
1,1,F3,P0,0.61328125,0.19561412736432782,-9.1175448612153307,11.219529864449344
1,1,F3,P0,0.6171875,0.87076381417894744,-8.5413671449146555,11.514026999297252
1,1,F3,P0,0.62109375,1.5513577485966334,-7.9006021603555912,12.140218360298714
1,1,F3,P0,0.625,2.1867204216777734,-7.4056180027839531,12.787184418718999
1,1,F3,P0,0.62890625,2.7495412386138107,-7.1380751263029358,13.411380831166674
1,1,F3,P0,0.6328125,3.236691570507789,-7.0443208955486547,14.113096067263434
1,1,F3,P0,0.63671875,3.659945468980359,-6.9999006676813655,15.133512394689971
1,1,F3,P0,0.640625,4.0333654754374768,-7.0000741263411452,15.646326659800492
1,1,F3,P0,0.64453125,4.3636833148081244,-6.8389722869549274,16.416557695370162
1,1,F3,P0,0.6484375,4.6478307105585133,-6.4365512764936179,16.924220432882855
1,1,F3,P0,0.65234375,4.8781843528964819,-5.9145726103717493,17.13137341940871
1,1,F3,P0,0.65625,5.0530832124315888,-5.5795504225040045,17.136959504447304
1,1,F3,P0,0.66015625,5.1882743659853201,-5.2585750090116079,17.012857378524579
1,1,F3,P0,0.6640625,5.3211546214026839,-5.0169397456887186,17.047655264144378
1,1,F3,P0,0.66796875,5.497759481128119,-4.7016135653970208,17.379838452387023
1,1,F3,P0,0.671875,5.7430071540154364,-4.5839796484789819,17.861699228116255
1,1,F3,P0,0.67578125,6.0338301749442742,-4.4636998264970744,18.262221610932869
1,1,F3,P0,0.6796875,6.3001325616105088,-4.2923477049077068,18.291993245593915
1,1,F3,P0,0.68359375,6.4591210677467767,-4.1336412100738675,18.080455663194488
1,1,F3,P0,0.6875,6.4623933297988767,-3.8500603906606536,17.758083092627416
1,1,F3,P0,0.69140625,6.3262181569634715,-3.4754782829781785,17.310164430988319
1,1,F3,P0,0.6953125,6.1277337460505228,-3.0493327921995657,16.605797663304593
1,1,F3,P0,0.69921875,5.9706620839270119,-2.919351559726608,15.91032099364566
1,1,F3,P0,0.703125,5.940802770992943,-2.9298212698580053,15.805952416628022
1,1,F3,P0,0.70703125,6.0760197830128853,-2.6363339052109191,15.9877823852867
1,1,F3,P0,0.7109375,6.3639668415836228,-2.1804782655488597,16.338336377693352
1,1,F3,P0,0.71484375,6.7607194597059799,-1.5750031868998231,16.706913690104216
1,1,F3,P0,0.71875,7.2124692070355803,-0.93169462046760632,17.001203447817346
1,1,F3,P0,0.72265625,7.6699111452572888,-0.17230865830212824,17.046149299331319
1,1,F3,P0,0.7265625,8.0992487074910162,0.53998379983731337,16.943791126389996
1,1,F3,P0,0.73046875,8.4955850310436372,1.0628183534123634,16.991209308013772
1,1,F3,P0,0.734375,8.8913719409416583,1.5681340666702432,17.386206503680253
1,1,F3,P0,0.73828125,9.343608531266419,2.0035235512175062,17.757915251257089
1,1,F3,P0,0.7421875,9.8959826093773149,2.4390046393914324,18.29616486785595
1,1,F3,P0,0.74609375,10.538041137149881,3.2091198510373724,19.087399612630715
1,1,F3,P0,0.75,11.195914369512041,3.7659484598544908,20.123789931034665
1,1,F3,P0,0.75390625,11.771304649130133,4.2862372477388693,20.971345944326732
1,1,F3,P0,0.7578125,12.207902517593203,4.535874367649261,22.049736081594236
1,1,F3,P0,0.76171875,12.536704270199765,4.8412052692044449,22.94691103915423
1,1,F3,P0,0.765625,12.859865433254271,4.771755347618754,23.615745787261677
1,1,F3,P0,0.76953125,13.276835458417256,4.7446916738592373,24.249967822818011
1,1,F3,P0,0.7734375,13.804492375618906,4.9531086599096144,24.921238902257979
1,1,F3,P0,0.77734375,14.353188737111337,5.3090710891001853,25.576183315114385
1,1,F3,P0,0.78125,14.780669878049144,5.8579727747043187,25.765100232894866
1,1,F3,P0,0.78515625,14.987586857963297,5.81467102356791,25.510766178437834
1,1,F3,P0,0.7890625,14.988379301745198,5.7656635589842136,25.341274159609835
1,1,F3,P0,0.79296875,14.909714211200983,5.8054185031664698,25.11561988973067
1,1,F3,P0,0.796875,14.918194117510369,5.6576289914682478,25.094114020428965
1,1,F4,P0,-0.19921875,0.25662595738475147,-3.5720197945242367,4.1569702959103525
1,1,F4,P0,-0.1953125,0.65936810467442186,-2.9849666618959207,4.710048425867063
1,1,F4,P0,-0.19140625,1.028310071215738,-2.3885310449848358,4.9192902105104448
1,1,F4,P0,-0.1875,1.3138413230966581,-2.0221114178615762,4.9691908735324777
1,1,F4,P0,-0.18359375,1.4828308254121181,-1.6999882476027059,4.7949378016122397
1,1,F4,P0,-0.1796875,1.5261864249731758,-1.2752525412011808,4.4163063174726886
1,1,F4,P0,-0.17578125,1.4561832440620011,-1.1830421142868621,3.9326219618842346
1,1,F4,P0,-0.171875,1.2945462988089722,-1.0895519183243554,3.5148286883289859
1,1,F4,P0,-0.16796875,1.0612526133428961,-0.96685176294988973,3.1461993046536301
1,1,F4,P0,-0.1640625,0.77246823358501704,-1.0418622209366664,2.7382950770646701
1,1,F4,P0,-0.16015625,0.44758137980227708,-1.1491512821366685,2.2928734337558332
1,1,F4,P0,-0.15625,0.11784056207334602,-1.5064660886916785,1.8214450861831186
1,1,F4,P0,-0.15234375,-0.17454032340824427,-1.8138529313260032,1.4405028642009841
1,1,F4,P0,-0.1484375,-0.39382580952374702,-2.0066898267979085,1.155440662509039
1,1,F4,P0,-0.14453125,-0.53632382708532733,-2.1564911059956993,0.98803194959530261
1,1,F4,P0,-0.140625,-0.64102444344519627,-2.1687787542801065,0.82000295405708012
1,1,F4,P0,-0.13671875,-0.76919474334045135,-2.2047090517487673,0.74391629920045488
1,1,F4,P0,-0.1328125,-0.96376625445996866,-2.3815791385489216,0.56970554117652683
1,1,F4,P0,-0.12890625,-1.2185906414085077,-2.6520197656520446,0.2842830988942418
1,1,F4,P0,-0.125,-1.4793840482668981,-2.7819508543825755,-0.11015143720028422
1,1,F4,P0,-0.12109375,-1.6728845304950197,-2.8255218229427381,-0.4965804132466467
1,1,F4,P0,-0.1171875,-1.7425330044919807,-2.6848822560225774,-0.75673020451500894
1,1,F4,P0,-0.11328125,-1.6698146637290392,-2.5317175110425212,-0.86094552100817823
1,1,F4,P0,-0.109375,-1.4747301719608146,-2.3716263924121916,-0.59994425687787845
1,1,F4,P0,-0.10546875,-1.2032500964831976,-2.2521120574570812,-0.25771140525969743
1,1,F4,P0,-0.1015625,-0.91296767140378576,-2.1242274769549816,0.27263572197015062
1,1,F4,P0,-0.09765625,-0.66065520272792788,-1.9876909381504799,0.62207063562225728
1,1,F4,P0,-0.09375,-0.4890283075289773,-1.8687385279921123,0.88879349905896587
1,1,F4,P0,-0.08984375,-0.41349339805159108,-1.8811512313963132,0.94864971100009909
1,1,F4,P0,-0.0859375,-0.41649539504440447,-1.9936043547043922,1.0732285929996426
1,1,F4,P0,-0.08203125,-0.45626041787490768,-2.1206676372110005,1.2617168765671276
1,1,F4,P0,-0.078125,-0.48768932961027622,-2.2574974215920136,1.4220187057126206
1,1,F4,P0,-0.07421875,-0.48340305484593199,-2.3829789549118656,1.5559762875990137
1,1,F4,P0,-0.0703125,-0.44039784306919361,-2.4689223850230149,1.7107775974110295
1,1,F4,P0,-0.06640625,-0.36749662493272789,-2.524994475990658,1.7647429767277705
1,1,F4,P0,-0.0625,-0.26559240485837804,-2.28255896642258,1.8059191813298392
1,1,F4,P0,-0.05859375,-0.12027986252713835,-1.8508278522763435,1.8256168270784001
1,1,F4,P0,-0.0546875,0.084350563403341461,-1.4619028165339831,1.7709070683042698
1,1,F4,P0,-0.05078125,0.3408757774978049,-1.0656971278304461,1.863812810685306
1,1,F4,P0,-0.046875,0.60313394335429549,-0.863719013787134,2.0633365369223005
1,1,F4,P0,-0.04296875,0.7960793445196106,-0.83599664793140527,2.3775969835655255
1,1,F4,P0,-0.0390625,0.85078631675738114,-1.0585599648413719,2.6801670926823387
1,1,F4,P0,-0.03515625,0.7461740878419505,-1.4605382364374724,2.8365762162106996
1,1,F4,P0,-0.03125,0.53058689471442599,-2.0186704330340408,2.8821938869300228
1,1,F4,P0,-0.02734375,0.30639614224183831,-2.6531654787785377,3.0566930510874837
1,1,F4,P0,-0.0234375,0.18393025570648605,-3.0713915806775582,3.1491126697095586
1,1,F4,P0,-0.01953125,0.23001652561756919,-3.2053821266254028,3.2666409673662398
1,1,F4,P0,-0.015625,0.43815607707643306,-3.087377142868966,3.5483577376531446
1,1,F4,P0,-0.01171875,0.73380541520131515,-2.5404324074675055,3.8118262570120418
1,1,F4,P0,-0.0078125,1.0107137056438358,-1.8783807387827547,3.8983029209274149
1,1,F4,P0,-0.00390625,1.1815819825659644,-1.592018902443318,3.817413844057131
1,1,F4,P0,0,1.2205638757767774,-1.6729109818367667,3.7957148392861981
1,1,F4,P0,0.00390625,1.1770364386164744,-1.8070288939836547,3.8982421157966676
1,1,F4,P0,0.0078125,1.1524420388160397,-1.9925667332825843,4.1790229442329263
1,1,F4,P0,0.01171875,1.2517360662188366,-2.0367157684338126,4.4531445621729455
1,1,F4,P0,0.015625,1.5343327170569612,-1.9398155040615621,4.9250610783224387
1,1,F4,P0,0.01953125,1.9865610796806283,-1.8857971233918347,5.66585853767433
1,1,F4,P0,0.0234375,2.5248699113152528,-1.322305901188545,6.6013861241768925
1,1,F4,P0,0.02734375,3.0267962749221451,-0.9484784987639584,7.154708942095227
1,1,F4,P0,0.03125,3.376704442386786,-0.69303909261062147,7.6472729843503053
1,1,F4,P0,0.03515625,3.5067006428997942,-0.53302559583682774,7.8546096735114048
1,1,F4,P0,0.0390625,3.4163364177590192,-0.77481084244762799,7.8903682144138507
1,1,F4,P0,0.04296875,3.1671019973794392,-0.95555869100568946,7.7096515104348553
1,1,F4,P0,0.046875,2.858012663028255,-1.2364249015251521,7.4776300054899449
1,1,F4,P0,0.05078125,2.5907916475831709,-1.9343129163968118,7.3039088867460933
1,1,F4,P0,0.0546875,2.4340829143618707,-2.1928189674240959,7.2927563091662178
1,1,F4,P0,0.05859375,2.40094707937731,-2.4532209300741692,7.5636093813984351
1,1,F4,P0,0.0625,2.453565864188517,-2.6699871718107326,7.9424769251128753
1,1,F4,P0,0.06640625,2.5336190570383388,-2.6258341821220963,8.2457730110650775
1,1,F4,P0,0.0703125,2.5970883445099218,-2.8053412923130936,8.6803684106101517
1,1,F4,P0,0.07421875,2.6310128473295555,-2.7629050586831294,8.9250312766396824
1,1,F4,P0,0.078125,2.6484416991164932,-2.9053841941334664,9.0510095311120775
1,1,F4,P0,0.08203125,2.6731718585902815,-2.9867180793493668,9.0982983439460465
1,1,F4,P0,0.0859375,2.7241414136858628,-3.0160852568165319,9.1687860847052693
1,1,F4,P0,0.08984375,2.8026087542319482,-3.0878082260258934,9.2878308928586986
1,1,F4,P0,0.09375,2.886051271807728,-3.1231763138701103,9.5008722202972784
1,1,F4,P0,0.09765625,2.9344172068229875,-3.1825243647647028,9.7623893162124862
1,1,F4,P0,0.1015625,2.9073857244208949,-3.2135244480870173,10.010528476477182
1,1,F4,P0,0.10546875,2.7820252070241893,-3.3652641510653538,10.082843245232869
1,1,F4,P0,0.109375,2.5604809569411322,-3.6682446829064812,10.12048714479104
1,1,F4,P0,0.11328125,2.2661108962494594,-4.2568177213302167,10.001301002225707
1,1,F4,P0,0.1171875,1.9338484818839823,-4.8217531475948121,9.7168466646980267
1,1,F4,P0,0.12109375,1.6014150309365716,-5.2723439755070114,9.6231634677270588
1,1,F4,P0,0.125,1.3043017153905949,-5.8600329580165864,9.6610680876617288
1,1,F4,P0,0.12890625,1.0728363399056136,-6.2925808215543988,9.5994431729047509
1,1,F4,P0,0.1328125,0.92735654344941398,-6.4926838327311209,9.5368418423770844
1,1,F4,P0,0.13671875,0.86953118008726016,-6.504420459001385,9.435281380327849
1,1,F4,P0,0.140625,0.87308908249952288,-6.3726709257385767,9.2487441878122656
1,1,F4,P0,0.14453125,0.88192415687157388,-6.1962571025714226,9.2499460337208674
1,1,F4,P0,0.1484375,0.82373015121034709,-6.410182997599966,9.3809784488898451
1,1,F4,P0,0.15234375,0.64013243599542102,-6.7980930728303157,9.4714055278814886
1,1,F4,P0,0.15625,0.3217962111698266,-7.2081960741190096,9.4973023300087647
1,1,F4,P0,0.16015625,-0.071414797745358097,-7.8347522710638628,9.2582883746594611
1,1,F4,P0,0.1640625,-0.42097987052708302,-8.3595295745706419,9.1209776625449432
1,1,F4,P0,0.16796875,-0.59187878230920021,-8.7101290122558055,9.2120896166552555
1,1,F4,P0,0.171875,-0.49030055104066728,-8.6228621529494358,9.6525401080411175
1,1,F4,P0,0.17578125,-0.10961098482616846,-8.3374876281546637,10.143926648542543
1,1,F4,P0,0.1796875,0.46058982042057006,-7.8567141718663658,10.59969401618239
1,1,F4,P0,0.18359375,1.0686789921559221,-7.2337270493672756,11.108852002690121
1,1,F4,P0,0.1875,1.5600403569759693,-6.7754660523532815,11.561407740614664
1,1,F4,P0,0.19140625,1.8308104064161737,-6.5682286217820396,11.722122698246388
1,1,F4,P0,0.1953125,1.8546284032222931,-6.3704946233525011,11.600428643456674
1,1,F4,P0,0.19921875,1.6776839339184344,-6.4333654439669639,11.417381472922564
1,1,F4,P0,0.203125,1.3901791199580058,-6.6719578009210805,11.23744246521434
1,1,F4,P0,0.20703125,1.0886950978470658,-7.1037808223126255,11.099507662366195
1,1,F4,P0,0.2109375,0.84495671195048117,-7.3450029703238586,11.034672682608724
1,1,F4,P0,0.21484375,0.69079190399264978,-7.6428221047910858,11.084076771017163
1,1,F4,P0,0.21875,0.61970042356128274,-7.9994433781858509,11.256165254146536
1,1,F4,P0,0.22265625,0.6002707986475555,-8.4422221805280753,11.336310725252332
1,1,F4,P0,0.2265625,0.59638917859590368,-8.8167906861219869,11.518226379535317
1,1,F4,P0,0.23046875,0.58638906145859893,-8.9271285290044258,11.699628653468254
1,1,F4,P0,0.234375,0.56892508991010182,-9.0153146484603877,11.867259142251768
1,1,F4,P0,0.23828125,0.54946357559210435,-9.1595579670625042,12.141668566763748
1,1,F4,P0,0.2421875,0.5196498714943677,-8.9491554829717455,12.205446253998318
1,1,F4,P0,0.24609375,0.45351560241930383,-9.0761398231931487,12.506265220738563
1,1,F4,P0,0.25,0.33177372885934414,-9.3993091641045066,12.753574055121602
1,1,F4,P0,0.25390625,0.17667217310439595,-9.5500808355394593,12.671526141255987
1,1,F4,P0,0.2578125,0.063510123301963622,-9.6560796833912708,12.598945564044543
1,1,F4,P0,0.26171875,0.089558472378289983,-9.4117631472579113,12.649279840178735
1,1,F4,P0,0.265625,0.3154051544497255,-9.1998294246304848,12.885913985239069
1,1,F4,P0,0.26953125,0.71754824376794546,-8.7623156212205284,13.373370345623634
1,1,F4,P0,0.2734375,1.1853738117134125,-8.3022833507297431,13.920957020408721
1,1,F4,P0,0.27734375,1.5679145994381252,-8.0239126321613092,14.656854324670316
1,1,F4,P0,0.28125,1.7467686778010989,-7.9831253281620054,15.166270733757504
1,1,F4,P0,0.28515625,1.6967064165394454,-8.3643955964806143,15.527713086088561
1,1,F4,P0,0.2890625,1.5013341967454212,-8.8580622114173888,15.593896836043783
1,1,F4,P0,0.29296875,1.3155607958746593,-9.1874564331984967,15.487073824641836
1,1,F4,P0,0.296875,1.2952425097947935,-9.2765686320335483,15.308268145596639
1,1,F4,P0,0.30078125,1.5292345345555256,-9.3134847365766635,15.455066040968344
1,1,F4,P0,0.3046875,2.0045582343772019,-9.0846159746644215,15.87159995505727
1,1,F4,P0,0.30859375,2.6179643772528642,-8.5949965781892548,16.43029527081076
1,1,F4,P0,0.3125,3.2244855086957291,-7.9931382975186462,16.96702820684229
1,1,F4,P0,0.31640625,3.6951788323116368,-7.3904233662808352,17.332200660680485
1,1,F4,P0,0.3203125,3.9550014842438714,-6.9023992142914485,17.542722854766762
1,1,F4,P0,0.32421875,3.9900994489336745,-6.5164900213959784,17.593033525946264
1,1,F4,P0,0.328125,3.8352080441353955,-6.5890131073799019,17.36194680999709
1,1,F4,P0,0.33203125,3.5569613334950341,-6.8869051620779151,16.989083757943121
1,1,F4,P0,0.3359375,3.2377514088620507,-7.2111713949866747,16.691568770447859
1,1,F4,P0,0.33984375,2.955616582120689,-7.5026734673066189,16.320634213207967
1,1,F4,P0,0.34375,2.7604980785000963,-7.7472450788006197,16.198048628032815
1,1,F4,P0,0.34765625,2.6568541871675566,-7.8715658755552766,16.228766882148129
1,1,F4,P0,0.3515625,2.6023430868897455,-7.871598362381099,16.329576281620191
1,1,F4,P0,0.35546875,2.5235413986490536,-7.9734913014776856,16.375312407048
1,1,F4,P0,0.359375,2.3432763776811605,-8.2975167569718362,16.228121804436316
1,1,F4,P0,0.36328125,2.0108939879851162,-8.615897562274478,15.875474222958575
1,1,F4,P0,0.3671875,1.5222891868649968,-9.3424047766223826,15.497353911246178
1,1,F4,P0,0.37109375,0.91692684051167028,-10.260265944695984,15.079776680057767
1,1,F4,P0,0.375,0.2522465410916403,-11.072045868099131,14.584612032886916
1,1,F4,P0,0.37890625,-0.42678888945169013,-11.79343882603168,14.019138400477457
1,1,F4,P0,0.3828125,-1.101457443188179,-12.251280875850401,13.332201688691185
1,1,F4,P0,0.38671875,-1.7691926095086981,-12.582674255534959,12.540033441351493
1,1,F4,P0,0.390625,-2.4214678011815307,-13.111406827656921,11.845784480047824
1,1,F4,P0,0.39453125,-3.029227887627151,-13.595915670915442,11.140544500433906
1,1,F4,P0,0.3984375,-3.54830907155708,-13.986557199049075,10.443568504688455
1,1,F4,P0,0.40234375,-3.9429829025045535,-14.299671106495509,9.7705504769886407
1,1,F4,P0,0.40625,-4.2138401619730068,-14.599223229552146,9.1159565979519357
1,1,F4,P0,0.41015625,-4.4121101898188053,-14.718671899495487,8.5078796612736465
1,1,F4,P0,0.4140625,-4.6282514216368176,-14.958429364052645,7.9446282345238206
1,1,F4,P0,0.41796875,-4.9570297994637498,-15.257770335049894,7.2768506507380959
1,1,F4,P0,0.421875,-5.4564990506286337,-15.749388847493909,6.6808005681581042
1,1,F4,P0,0.42578125,-6.1227294426375742,-16.57866745053094,6.1575014483146786
1,1,F4,P0,0.4296875,-6.8919568525594022,-17.512863483437258,5.609993951002564
1,1,F4,P0,0.43359375,-7.6657938827654215,-18.468788554773656,5.2379959902220135
1,1,F4,P0,0.4375,-8.3447771645171489,-19.280326642213801,4.9806780565784701
1,1,F4,P0,0.44140625,-8.8551343371239994,-19.73932829405889,4.793012174724204
1,1,F4,P0,0.4453125,-9.1611442232324922,-20.002036966595707,4.4384217711199225
1,1,F4,P0,0.44921875,-9.2656115544510769,-20.044168522806896,4.2785362298658987
1,1,F4,P0,0.453125,-9.2062859091494804,-20.080156872015685,4.233322423288767
1,1,F4,P0,0.45703125,-9.051719948362857,-19.959361913223919,4.2716327134197138
1,1,F4,P0,0.4609375,-8.8914379203125513,-19.833745863709577,4.3443589801027596
1,1,F4,P0,0.46484375,-8.8144628296974759,-19.711014201142078,4.3792837063738945
1,1,F4,P0,0.46875,-8.8802344372396522,-19.670379703939382,4.3227389481239058
1,1,F4,P0,0.47265625,-9.0952639298315052,-19.772691436065188,4.1506278974037425
1,1,F4,P0,0.4765625,-9.4080754829482647,-20.033947005140256,3.8719579184947737
1,1,F4,P0,0.48046875,-9.7272994977646867,-20.520200157479927,3.5251965845272255
1,1,F4,P0,0.484375,-9.9579005551069919,-20.499671524506567,3.1783276215673828
1,1,F4,P0,0.48828125,-10.039532491608712,-20.219970132615931,3.0371251156982337
1,1,F4,P0,0.4921875,-9.9664793307543338,-19.912015898868557,3.0235883251230882
1,1,F4,P0,0.49609375,-9.7803169423659746,-19.451292596583006,3.0474074816896541
1,1,F4,P0,0.5,-9.5469126386118557,-19.132051595951108,3.1307991694807207
1,1,F4,P0,0.50390625,-9.3364452753710854,-18.774004964105405,3.2791931162971673
1,1,F4,P0,0.5078125,-9.2112053771343394,-18.46828515950169,3.4683136566105843
1,1,F4,P0,0.51171875,-9.2116688173673911,-18.566431366898044,3.6457202611260842
1,1,F4,P0,0.515625,-9.3377020951558194,-19.015461300471181,3.75246320965597
1,1,F4,P0,0.51953125,-9.5387945958764497,-19.379424385865761,3.7543056162914366
1,1,F4,P0,0.5234375,-9.7282008964728668,-19.355724895686798,3.6446684118986705
1,1,F4,P0,0.52734375,-9.8169452890414099,-19.223148576486224,3.4493042833494711
1,1,F4,P0,0.53125,-9.7478083109503881,-19.272215720042329,3.1786396012461848
1,1,F4,P0,0.53515625,-9.512192928188929,-18.967042348591587,2.9892301376189003
1,1,F4,P0,0.5390625,-9.1455397377367813,-18.690396176159211,3.000517626540296
1,1,F4,P0,0.54296875,-8.7066632956380943,-18.319075774518744,3.4571717064978533
1,1,F4,P0,0.546875,-8.2515256310949887,-17.610931051457076,3.9728149658763368
1,1,F4,P0,0.55078125,-7.8140191288310561,-17.055217918916895,4.5239706866308644
1,1,F4,P0,0.5546875,-7.4019676262227918,-16.64574896366106,5.2407266909929877
1,1,F4,P0,0.55859375,-7.0063166634827789,-16.386072939819666,5.8660077150208156
1,1,F4,P0,0.5625,-6.6145869005866302,-16.142449014394334,6.255328153946552
1,1,F4,P0,0.56640625,-6.2217902529823101,-15.800508298964733,6.6242830158386372
1,1,F4,P0,0.5703125,-5.8366708221609152,-15.401127634574674,6.8997778642049736
1,1,F4,P0,0.57421875,-5.4811013907170931,-15.441647047427644,7.0807925403915624
1,1,F4,P0,0.578125,-5.1795252844636872,-15.468060154784043,7.1982282554654811
1,1,F4,P0,0.58203125,-4.9400538315851676,-15.281263182931756,7.3106462238793961
1,1,F4,P0,0.5859375,-4.7363984235615053,-15.185348280241037,7.443614746258679
1,1,F4,P0,0.58984375,-4.5024323876601136,-14.925320888791207,7.6637503763939909
1,1,F4,P0,0.59375,-4.1467531524511427,-14.221999655935582,8.1824463764715389
1,1,F4,P0,0.59765625,-3.5862767403145672,-13.383071392778877,9.0332140357811639
1,1,F4,P0,0.6015625,-2.7872772785538773,-12.898647176805742,10.173601132947292
1,1,F4,P0,0.60546875,-1.7920138138325807,-12.265947861371368,11.289697184002735
1,1,F4,P0,0.609375,-0.70961371629667036,-11.315371221627867,12.312157173865462
1,1,F4,P0,0.61328125,0.33040143307970971,-10.064587973151687,13.174096663832071
1,1,F4,P0,0.6171875,1.2365661431241888,-9.1786795081601174,14.101759869232923
1,1,F4,P0,0.62109375,1.9907785946601511,-8.5787796404848091,14.90324932725618
1,1,F4,P0,0.625,2.6420173157178732,-8.0320412845385309,15.685927806598055
1,1,F4,P0,0.62890625,3.2685282761403776,-7.7927959574214416,16.499353247973534
1,1,F4,P0,0.6328125,3.9367026257909878,-7.3502479282055324,17.40329427700032
1,1,F4,P0,0.63671875,4.6799511598686143,-6.7319399344253776,17.976766250558498
1,1,F4,P0,0.640625,5.4993875684050151,-5.8912679408386976,18.554980966001533
1,1,F4,P0,0.64453125,6.3717761971305578,-4.7242607839028343,19.246461221526413
1,1,F4,P0,0.6484375,7.2537520084186848,-3.6450342141075951,19.968499657593988
1,1,F4,P0,0.65234375,8.0864091490766477,-2.7222885157669281,20.400886022860586
1,1,F4,P0,0.65625,8.8110337117644661,-1.8201931900780113,20.813361279215215
1,1,F4,P0,0.66015625,9.3957605210344415,-0.97032957876171388,21.499301546274584
1,1,F4,P0,0.6640625,9.8547736901537455,-0.44816169496866937,22.010707639841485
1,1,F4,P0,0.66796875,10.23836863879569,0.14090819305125471,22.707804864998685
1,1,F4,P0,0.671875,10.594439423668403,0.39608175444109228,23.024041026699763
1,1,F4,P0,0.67578125,10.930345724707818,0.4122687738243887,23.612070233742624
1,1,F4,P0,0.6796875,11.20643808403411,0.60758529309934184,24.042941979123984
1,1,F4,P0,0.68359375,11.364812900207859,0.71178959200381009,23.834399584278888
1,1,F4,P0,0.6875,11.369293431013359,0.63838218440600092,23.903958477701664
1,1,F4,P0,0.69140625,11.230073057724828,0.74807620628818094,23.675549732898432
1,1,F4,P0,0.6953125,11.003059148078837,0.45365537681958656,23.110644657341282
1,1,F4,P0,0.69921875,10.770067543531781,0.072574335197605755,22.667073519669831
1,1,F4,P0,0.703125,10.612447852651442,-0.21675817930121385,22.585091538974613
1,1,F4,P0,0.70703125,10.590532657735297,-0.44281174421961622,22.824856777880584
1,1,F4,P0,0.7109375,10.737072571276023,-0.43368905866589913,23.250318625872008
1,1,F4,P0,0.71484375,11.062659780395446,-0.019514536193134958,23.724318051476768
1,1,F4,P0,0.71875,11.560292858065955,0.4835959970285586,24.020993121321734
1,1,F4,P0,0.72265625,12.199207331861285,1.4740993427609428,23.939529572764492
1,1,F4,P0,0.7265625,12.916623777039648,2.6814248112784256,24.214133417870205
1,1,F4,P0,0.73046875,13.627492780428309,3.9465358173567853,24.643331624612291
1,1,F4,P0,0.734375,14.257198700207287,4.5718177054779501,24.978188294899926
1,1,F4,P0,0.73828125,14.774566807735374,5.1498172902360704,25.350172934757765
1,1,F4,P0,0.7421875,15.195692591185464,5.3603777512953252,25.796065410768538
1,1,F4,P0,0.74609375,15.554494866531082,5.6310934723748494,25.911941083989756
1,1,F4,P0,0.75,15.86824184978231,5.8647385342700256,26.143511384354372
1,1,F4,P0,0.75390625,16.131357636517883,5.9063351168188385,26.286073395734917
1,1,F4,P0,0.7578125,16.342315564669228,6.2199676801805603,26.551224831207566
1,1,F4,P0,0.76171875,16.534439020077894,6.3738639852494234,26.830600866001884
1,1,F4,P0,0.765625,16.775380439317484,6.4368229348708184,27.426517145394111
1,1,F4,P0,0.76953125,17.128050200402377,6.581379009011763,28.124073757177939
1,1,F4,P0,0.7734375,17.601915146628361,6.5194580040734005,28.963426083903034
1,1,F4,P0,0.77734375,18.135117818986966,6.5063107740340014,29.995009403375761
1,1,F4,P0,0.78125,18.624926878528552,6.6877919564946096,30.820672013132317
1,1,F4,P0,0.78515625,18.98661180576438,6.8270738171968448,31.475770332159215
1,1,F4,P0,0.7890625,19.199161153644145,6.8727580067560536,31.839573855471219
1,1,F4,P0,0.79296875,19.306057672332049,6.9897180069912048,32.085307148388836
1,1,F4,P0,0.796875,19.372487668306231,6.5156272649470051,32.090213315360316
1,-1,Fz,W0,-0.19921875,0.92798928562540584,-0.54868724155351289,2.3344612701394958
1,-1,Fz,W0,-0.1953125,0.75444645771254004,-0.8890468821709997,2.1449948695892811
1,-1,Fz,W0,-0.19140625,0.51977846247376902,-1.1717303349800743,2.0531335382470965
1,-1,Fz,W0,-0.1875,0.28755661482112405,-1.5522848091964887,2.0107853708830761
1,-1,Fz,W0,-0.18359375,0.14442687866373646,-1.7842168362750874,1.856588882665331
1,-1,Fz,W0,-0.1796875,0.16060820432521619,-1.8051107677965708,1.9826435350759075
1,-1,Fz,W0,-0.17578125,0.35311311830404979,-1.5654015892373909,2.2400766577018802
1,-1,Fz,W0,-0.171875,0.67034363279592335,-1.3819096146743792,2.5974524224982076
1,-1,Fz,W0,-0.16796875,1.0066422579941845,-1.234025424629644,2.9944252263403759
1,-1,Fz,W0,-0.1640625,1.2415699813741092,-1.2058433232785311,3.3963488412855534
1,-1,Fz,W0,-0.16015625,1.2872943277494306,-1.1000021535652615,3.465929058969496
1,-1,Fz,W0,-0.15625,1.1220919540151937,-1.2113113593065148,3.317347098643793
1,-1,Fz,W0,-0.15234375,0.79229107876637506,-1.441314831476106,2.8110905824967012
1,-1,Fz,W0,-0.1484375,0.38201725850096102,-1.6025154265912858,2.2035392818989514
1,-1,Fz,W0,-0.14453125,-0.02836567040266123,-1.9506127484311597,1.6457601143067151
1,-1,Fz,W0,-0.140625,-0.38797322435122822,-2.297833443733337,1.2574161096869123
1,-1,Fz,W0,-0.13671875,-0.67534135943372209,-2.6203737193660128,0.98503907058727691
1,-1,Fz,W0,-0.1328125,-0.88469482265532662,-2.8144249174636129,0.78781315226489879
1,-1,Fz,W0,-0.12890625,-1.0146942674353918,-2.8316892398785884,0.74843228665870021
1,-1,Fz,W0,-0.125,-1.0642491662989053,-2.9037662334322238,0.89111266228832253
1,-1,Fz,W0,-0.12109375,-1.0312231576455952,-2.8969493796820793,1.0869254470488923
1,-1,Fz,W0,-0.1171875,-0.91093890675950195,-2.8335827115498868,1.4903429138992095
1,-1,Fz,W0,-0.11328125,-0.69603967070131079,-2.671690123628121,2.009511548254598
1,-1,Fz,W0,-0.109375,-0.38159223559976674,-2.3067217961475439,2.576379212325969
1,-1,Fz,W0,-0.10546875,0.023555639157727876,-1.9738675234781107,2.9838073932882385
1,-1,Fz,W0,-0.1015625,0.4860784865489815,-1.6351087234555104,3.5832043984879194
1,-1,Fz,W0,-0.09765625,0.94996658121598954,-1.3395508078128724,3.9639628248250927
1,-1,Fz,W0,-0.09375,1.3548338787737231,-0.92060749752321569,4.1250261706444897
1,-1,Fz,W0,-0.08984375,1.6586852299617574,-0.43979870833382162,4.3440908976889698
1,-1,Fz,W0,-0.0859375,1.8464586245829004,0.025848273285796204,4.2640988256551058
1,-1,Fz,W0,-0.08203125,1.9184621248584977,0.31621802001220328,4.0629406412912612
1,-1,Fz,W0,-0.078125,1.8732904920981959,0.1605958235488027,3.979662846182598
1,-1,Fz,W0,-0.07421875,1.705731138582975,-0.14401386248078937,3.9699923357240317
1,-1,Fz,W0,-0.0703125,1.4237960762158941,-0.60704554421328705,3.8544055344653283
1,-1,Fz,W0,-0.06640625,1.0670563409898139,-1.0992502742223851,3.6270339915399332
1,-1,Fz,W0,-0.0625,0.70420605123106783,-1.5769211758396813,3.3672820925537579
1,-1,Fz,W0,-0.05859375,0.40575435228894507,-1.9724223389457614,3.2259703537935001
1,-1,Fz,W0,-0.0546875,0.20967287929547179,-2.041468505959303,2.9637531106379296
1,-1,Fz,W0,-0.05078125,0.10311383934525825,-2.1832749042560384,2.8664543044798436
1,-1,Fz,W0,-0.046875,0.030036070128776529,-2.2268719546978577,2.6813992958316297
1,-1,Fz,W0,-0.04296875,-0.082331735363437838,-2.2512770923154291,2.2768312751859554
1,-1,Fz,W0,-0.0390625,-0.29275766464935704,-2.5365677373682853,1.9701971333089439
1,-1,Fz,W0,-0.03515625,-0.62296987954883176,-3.0101357294455631,1.491224231024062
1,-1,Fz,W0,-0.03125,-1.0485738277407779,-3.5554945629097827,0.97484150044369278
1,-1,Fz,W0,-0.02734375,-1.5068072045138026,-4.0362729174890983,0.39177196650681734
1,-1,Fz,W0,-0.0234375,-1.9210553771031098,-4.438284270285803,-0.021548326622622696
1,-1,Fz,W0,-0.01953125,-2.2348150821328963,-4.6631234875694503,-0.29639470957591318
1,-1,Fz,W0,-0.015625,-2.4391171079664478,-4.8751754208169347,-0.71234065744114916
1,-1,Fz,W0,-0.01171875,-2.576245474182207,-4.9240834102076487,-0.9234161767524558
1,-1,Fz,W0,-0.0078125,-2.7133556941030719,-4.9275655038300341,-0.91501257259340618
1,-1,Fz,W0,-0.00390625,-2.8977257898106168,-5.0717904751696725,-0.95345879220421792
1,-1,Fz,W0,0,-3.119580642944165,-5.3038262362664392,-0.97365612072441643
1,-1,Fz,W0,0.00390625,-3.3075746497352276,-5.6219668389112298,-0.91492057613666655
1,-1,Fz,W0,0.0078125,-3.3644315059305008,-5.9459367839316313,-0.78794276124884899
1,-1,Fz,W0,0.01171875,-3.2255865577444016,-6.0438276913254203,-0.52800040094773681
1,-1,Fz,W0,0.015625,-2.9063914206104147,-5.8738696012146114,-0.1267228484743764
1,-1,Fz,W0,0.01953125,-2.5059354110447449,-5.6449244394489018,0.37375689526758799
1,-1,Fz,W0,0.0234375,-2.1610782224551977,-5.4048873896317584,0.9537739075115591
1,-1,Fz,W0,0.02734375,-1.9788163002788386,-5.3769704612247757,1.3386444130127149
1,-1,Fz,W0,0.03125,-1.9912314522161205,-5.4053868850669851,1.5387604277802205
1,-1,Fz,W0,0.03515625,-2.1590244229986117,-5.7912527413173374,1.5759503076789634
1,-1,Fz,W0,0.0390625,-2.4128066324316371,-6.3474663335748325,1.5300071386930929
1,-1,Fz,W0,0.04296875,-2.6980429113208992,-6.9546103824061776,1.4796494621894158
1,-1,Fz,W0,0.046875,-2.9947052851758462,-7.4120705949876129,1.2174772460088834
1,-1,Fz,W0,0.05078125,-3.3052467350742685,-7.8579178503535427,0.87364253900561861
1,-1,Fz,W0,0.0546875,-3.626060774205925,-8.0863888677450042,0.33198058141257636
1,-1,Fz,W0,0.05859375,-3.9272839208398724,-8.422442121303904,-0.026374408838434879
1,-1,Fz,W0,0.0625,-4.159401133496595,-8.6773939113091032,-0.42384335857170469
1,-1,Fz,W0,0.06640625,-4.2845528803937416,-8.5481759770065437,-0.83308071990372423
1,-1,Fz,W0,0.0703125,-4.309329971164539,-8.3560289375111267,-1.1422498970990898
1,-1,Fz,W0,0.07421875,-4.2927655202944308,-8.2231725599926087,-1.3899143694041984
1,-1,Fz,W0,0.078125,-4.3211148606020906,-8.1742390377975731,-1.6097676616581673
1,-1,Fz,W0,0.08203125,-4.4630002210246502,-8.2124818855582209,-1.7527572483337002
1,-1,Fz,W0,0.0859375,-4.7290322893400845,-8.4610154518719742,-1.7478320611648479
1,-1,Fz,W0,0.08984375,-5.0580848893803578,-8.9128233319381494,-1.8205876566323689
1,-1,Fz,W0,0.09375,-5.3414955643953723,-9.1578197191942383,-2.015527574065012
1,-1,Fz,W0,0.09765625,-5.4773673244885561,-9.0430073924809573,-2.2325345581600775
1,-1,Fz,W0,0.1015625,-5.4269885426532909,-8.7144157547689058,-2.3766769648986288
1,-1,Fz,W0,0.10546875,-5.2400543758445775,-8.3295760530854377,-2.3586215265728332
1,-1,Fz,W0,0.109375,-5.0327115271531442,-8.1118253652494996,-2.1652288415502996
1,-1,Fz,W0,0.11328125,-4.9304370801738902,-8.099634477361592,-1.9548693728786855
1,-1,Fz,W0,0.1171875,-5.0066550448321232,-8.5465595213872732,-1.7087211843447878
1,-1,Fz,W0,0.12109375,-5.2485294697514382,-9.0355732066842354,-1.6182685678424937
1,-1,Fz,W0,0.125,-5.5666006154141465,-10.00481591305385,-1.5648471435831766
1,-1,Fz,W0,0.12890625,-5.8424409704371971,-10.879448626633391,-1.5962378448651051
1,-1,Fz,W0,0.1328125,-5.9881029191682869,-11.390143245145028,-1.4362629960561191
1,-1,Fz,W0,0.13671875,-5.9845825408027,-11.709428169484058,-1.2630210137121631
1,-1,Fz,W0,0.140625,-5.8806305712350424,-11.729950671085549,-1.2474800458072852
1,-1,Fz,W0,0.14453125,-5.759813155267298,-11.441764238210485,-1.3449395525583678
1,-1,Fz,W0,0.1484375,-5.7009092107654746,-11.218778263606126,-1.3796606552905895
1,-1,Fz,W0,0.15234375,-5.7503493032837687,-11.141124860598707,-1.5205452997218833
1,-1,Fz,W0,0.15625,-5.9082979075521536,-11.198910439450437,-1.7912560294310185
1,-1,Fz,W0,0.16015625,-6.1257494368238294,-11.527988339981112,-2.1476957156389749
1,-1,Fz,W0,0.1640625,-6.3185412654736801,-11.763610548705614,-2.440074919117782
1,-1,Fz,W0,0.16796875,-6.4032225422411955,-11.861543250259469,-2.631530676368222
1,-1,Fz,W0,0.171875,-6.3416283365179611,-11.794442944870152,-2.5640373490811568
1,-1,Fz,W0,0.17578125,-6.1662400951647456,-11.654415672000255,-2.3023296154691879
1,-1,Fz,W0,0.1796875,-5.9666249081399316,-11.334948105336434,-2.2040051246042891
1,-1,Fz,W0,0.18359375,-5.8426075999341416,-11.085411177453439,-2.0918151186373484
1,-1,Fz,W0,0.1875,-5.8513796298268437,-10.937768848183705,-1.8179996032864327
1,-1,Fz,W0,0.19140625,-5.9790930214452791,-10.875014235017121,-1.849733968287665
1,-1,Fz,W0,0.1953125,-6.1518444534483807,-10.91313041545525,-1.8366661226794729
1,-1,Fz,W0,0.19921875,-6.2763609732023378,-10.882057900206021,-1.8563021943485609
1,-1,Fz,W0,0.203125,-6.2836280557062869,-10.887988856523236,-1.8039507254089895
1,-1,Fz,W0,0.20703125,-6.1519551453499615,-10.69501935199443,-1.6891193760059926
1,-1,Fz,W0,0.2109375,-5.9055224737775154,-10.630321084375371,-1.6192211208017284
1,-1,Fz,W0,0.21484375,-5.6004898678287951,-10.489378675268908,-1.6005427707404711
1,-1,Fz,W0,0.21875,-5.309088277444002,-10.461726424019949,-1.3767407810710768
1,-1,Fz,W0,0.22265625,-5.1012837500847255,-10.376930059085646,-1.1400339369865482
1,-1,Fz,W0,0.2265625,-5.022138004957573,-10.347496040814947,-0.96523722388663225
1,-1,Fz,W0,0.23046875,-5.0730141340446151,-10.485283835204717,-0.90942891626803835
1,-1,Fz,W0,0.234375,-5.210317079944196,-10.588876500657127,-0.86710700439102828
1,-1,Fz,W0,0.23828125,-5.3662210961404604,-10.782027015833874,-0.87739621562670256
1,-1,Fz,W0,0.2421875,-5.4798753387795713,-11.060601556389479,-0.98927535187754989
1,-1,Fz,W0,0.24609375,-5.5197307411409451,-11.189659842230492,-0.98374448671247772
1,-1,Fz,W0,0.25,-5.4845537939913305,-11.11625572993972,-0.91255133296961288
1,-1,Fz,W0,0.25390625,-5.3867459950631869,-11.020215260612551,-0.63426105369504493
1,-1,Fz,W0,0.2578125,-5.2340866564403425,-10.977570341448555,-0.34116225109171328
1,-1,Fz,W0,0.26171875,-5.0249528630443345,-10.581865749668694,-0.03348876066627484
1,-1,Fz,W0,0.265625,-4.7582739181355569,-10.207220400698857,0.54115888230575326
1,-1,Fz,W0,0.26953125,-4.4452789656534089,-9.7136360429559669,0.8091973319892678
1,-1,Fz,W0,0.2734375,-4.109064923912487,-9.0604810719932054,0.82035138269447228
1,-1,Fz,W0,0.27734375,-3.7708861469663821,-8.5563253642522135,1.1632817490370353
1,-1,Fz,W0,0.28125,-3.4354052814456963,-8.2110203849301104,1.2200823326551993
1,-1,Fz,W0,0.28515625,-3.0881017544700313,-7.9934437458672267,1.5369343890364622
1,-1,Fz,W0,0.2890625,-2.70745581658023,-7.9542546859835408,1.9833146013205969
1,-1,Fz,W0,0.29296875,-2.2831044124503825,-7.637865564477063,2.352593411108058
1,-1,Fz,W0,0.296875,-1.8269891045920281,-7.3729848484349594,2.8204833715577502
1,-1,Fz,W0,0.30078125,-1.3690740147572711,-7.0257488539636537,3.1323228507158012
1,-1,Fz,W0,0.3046875,-0.94019541985948907,-6.6649581820839403,3.4912162363742505
1,-1,Fz,W0,0.30859375,-0.55537738536323678,-6.2983324564089385,3.8762904808012553
1,-1,Fz,W0,0.3125,-0.21160969006111982,-5.9518985794275459,4.1803149570120759
1,-1,Fz,W0,0.31640625,0.098777340730260593,-5.6348900104633124,4.395769036154328
1,-1,Fz,W0,0.3203125,0.37325648831433494,-5.2870307823510831,4.5860697650597908
1,-1,Fz,W0,0.32421875,0.59796137347267331,-5.0308697181345199,4.7808559449373975
1,-1,Fz,W0,0.328125,0.76057343320464366,-4.793131848113874,4.8208201733452203
1,-1,Fz,W0,0.33203125,0.86347391839014265,-4.6037134494037995,4.8658136025185392
1,-1,Fz,W0,0.3359375,0.92444388086273777,-4.4994953447190662,4.7470668086751173
1,-1,Fz,W0,0.33984375,0.96405977020679423,-4.5155660835839511,4.6461493283994422
1,-1,Fz,W0,0.34375,0.98871290889622643,-4.5576263387722715,4.6324341516256631
1,-1,Fz,W0,0.34765625,0.98048250360903577,-4.6559953227135304,4.5198706979963079
1,-1,Fz,W0,0.3515625,0.90119414689464161,-4.8128941107894949,4.5556527941406797
1,-1,Fz,W0,0.35546875,0.70952413252737712,-5.0563623330676766,4.5529687320620402
1,-1,Fz,W0,0.359375,0.3819430223227987,-5.3928177166135765,4.4395053932593704
1,-1,Fz,W0,0.36328125,-0.072182991027826493,-5.8356211037871137,4.0359294555966772
1,-1,Fz,W0,0.3671875,-0.60580791248950672,-6.2637331494504291,3.6033545069164798
1,-1,Fz,W0,0.37109375,-1.1424044850364174,-6.9623958317396832,3.1815486872388283
1,-1,Fz,W0,0.375,-1.6005843432334725,-7.5282274676008258,2.5341356157957442
1,-1,Fz,W0,0.37890625,-1.9312013660383798,-7.9558314012079761,2.0483289180483344
1,-1,Fz,W0,0.3828125,-2.1477151753384827,-8.163023055660231,1.9121278610969541
1,-1,Fz,W0,0.38671875,-2.3253180965118574,-8.21907168938505,1.8719298403189155
1,-1,Fz,W0,0.390625,-2.5626496319266581,-8.4780397175736883,1.7435055113839488
1,-1,Fz,W0,0.39453125,-2.9290805873080061,-8.9996123845708844,1.4301931233415295
1,-1,Fz,W0,0.3984375,-3.4314920378962999,-9.7365372177738276,1.0567467283381524
1,-1,Fz,W0,0.40234375,-4.0162558935579291,-10.638334428553829,0.54503527123565776
1,-1,Fz,W0,0.40625,-4.5965928797248994,-11.364836725532818,-0.115893949538852
1,-1,Fz,W0,0.41015625,-5.0882125405977066,-12.03734536891489,-0.53742866635524789
1,-1,Fz,W0,0.4140625,-5.4430799917530237,-12.522289805761542,-0.85456911843550931
1,-1,Fz,W0,0.41796875,-5.6719001746975515,-12.778456023114719,-1.1301604181225242
1,-1,Fz,W0,0.421875,-5.8409634592391351,-12.731560958622298,-1.3598213023502119
1,-1,Fz,W0,0.42578125,-6.0379717486014393,-12.770979080824649,-1.6130208346052188
1,-1,Fz,W0,0.4296875,-6.3253115302169594,-12.69579203047012,-1.8560067132514018
1,-1,Fz,W0,0.43359375,-6.7111218937533819,-12.786174292700524,-2.1383467383863346
1,-1,Fz,W0,0.4375,-7.1518008098809824,-13.064385958863292,-2.5399029282022116
1,-1,Fz,W0,0.44140625,-7.5740057820720672,-13.468863936484615,-2.9110056268706193
1,-1,Fz,W0,0.4453125,-7.8982403985761298,-14.042339293907855,-3.0076692445920705
1,-1,Fz,W0,0.44921875,-8.0589401357454911,-14.52233942878228,-2.9810876392201915
1,-1,Fz,W0,0.453125,-8.0246135747228422,-14.722499254835922,-2.9940256545457169
1,-1,Fz,W0,0.45703125,-7.8149757465119176,-14.532896125577563,-2.7969669586003127
1,-1,Fz,W0,0.4609375,-7.5014076507897043,-14.099415396270132,-2.4776562236210191
1,-1,Fz,W0,0.46484375,-7.1791184186560058,-13.741459647941495,-2.1514193789095941
1,-1,Fz,W0,0.46875,-6.9180803323592972,-13.311124649433701,-1.8334583470430981
1,-1,Fz,W0,0.47265625,-6.7213288476828179,-12.943915472273691,-1.5737526687567345
1,-1,Fz,W0,0.4765625,-6.5220364539164111,-12.682284338685694,-1.3186497313016647
1,-1,Fz,W0,0.48046875,-6.2264216798269434,-12.650152134110659,-1.1923985073486123
1,-1,Fz,W0,0.484375,-5.7751916368243696,-12.644342475432753,-0.54856484943985107
1,-1,Fz,W0,0.48828125,-5.1814115879980678,-12.496489465145636,0.18693549626426151
1,-1,Fz,W0,0.4921875,-4.5206710158357213,-12.288687371499082,0.90996760072956828
1,-1,Fz,W0,0.49609375,-3.8842738875399037,-12.037478203188755,1.481481924171522
1,-1,Fz,W0,0.5,-3.3300116763903231,-11.745276297026162,2.0562358448149132
1,-1,Fz,W0,0.50390625,-2.8628841636434386,-11.432889841401675,2.7407347380119815
1,-1,Fz,W0,0.5078125,-2.4549182774213802,-11.057345431523757,3.3086802607060752
1,-1,Fz,W0,0.51171875,-2.085422983869341,-10.86781734674442,3.7675251745863703
1,-1,Fz,W0,0.515625,-1.7684273101382815,-10.683877997751734,4.2142496999735641
1,-1,Fz,W0,0.51953125,-1.5433770101071203,-10.727890098610516,4.712233654037302
1,-1,Fz,W0,0.5234375,-1.434275940773942,-11.021351834298947,5.0469276505565981
1,-1,Fz,W0,0.52734375,-1.4110200553593517,-11.457995307305117,5.3680935840068011
1,-1,Fz,W0,0.53125,-1.3896946067470768,-11.828104903018064,5.7790380139062973
1,-1,Fz,W0,0.53515625,-1.2786903024177145,-11.942333411390868,5.9508620987301475
1,-1,Fz,W0,0.5390625,-1.0377516285589263,-11.538695114246059,6.2020172653732812
1,-1,Fz,W0,0.54296875,-0.70353757006098083,-10.864434582976617,6.4168091388663626
1,-1,Fz,W0,0.546875,-0.36180619128779529,-10.025818635551381,6.579685161178757
1,-1,Fz,W0,0.55078125,-0.089567458731818525,-9.1847356131532099,6.5342535404845545
1,-1,Fz,W0,0.5546875,0.08845060992572927,-8.4782934905170801,6.4865004544458582
1,-1,Fz,W0,0.55859375,0.20270751732603043,-8.1066836053723765,6.6998729431507824
1,-1,Fz,W0,0.5625,0.31048211329340702,-7.9479535276743514,6.7914253881604507
1,-1,Fz,W0,0.56640625,0.46372604114097876,-8.0040090598644014,7.1273509955780812
1,-1,Fz,W0,0.5703125,0.69052645042219007,-7.9924878336819196,7.8046600680117626
1,-1,Fz,W0,0.57421875,0.98928909450543112,-7.8265641028202504,8.4992062162278366
1,-1,Fz,W0,0.578125,1.3295560709419871,-7.5063260008243411,9.2363852442043584
1,-1,Fz,W0,0.58203125,1.6600434636773018,-7.2894812628604617,9.7639224995049219
1,-1,Fz,W0,0.5859375,1.9277014764369318,-7.1263416961444408,10.205586000000796
1,-1,Fz,W0,0.58984375,2.1037043976292344,-7.2791548045503491,10.697008172525292
1,-1,Fz,W0,0.59375,2.201746267940706,-7.1464047727082054,11.17261908321726
1,-1,Fz,W0,0.59765625,2.2748574111372495,-7.1739808117243129,11.316038947253011
1,-1,Fz,W0,0.6015625,2.3914404923938899,-7.074740042087698,11.269746285113605
1,-1,Fz,W0,0.60546875,2.6056975542797525,-6.9436938603063174,11.335584883280889
1,-1,Fz,W0,0.609375,2.9383821681995088,-6.7852149326579818,11.664880013892965
1,-1,Fz,W0,0.61328125,3.3733622313939611,-6.3383850199817173,12.011439045815553
1,-1,Fz,W0,0.6171875,3.8668045194602536,-5.8496192565626757,12.554391587694747
1,-1,Fz,W0,0.62109375,4.3643271047615473,-5.3912502229346524,13.100843573790739
1,-1,Fz,W0,0.625,4.821618082596359,-4.7012609597995194,13.772257111695509
1,-1,Fz,W0,0.62890625,5.2218152287826731,-4.5231386758925876,14.436970561624751
1,-1,Fz,W0,0.6328125,5.5823594708752973,-4.376779971436024,15.02354693878827
1,-1,Fz,W0,0.63671875,5.9484214893987097,-3.876992747434211,15.790509565848762
1,-1,Fz,W0,0.640625,6.3751348419082561,-3.5655415306570295,16.492219403956163
1,-1,Fz,W0,0.64453125,6.9028388570799102,-3.0002521922405383,17.401109203755659
1,-1,Fz,W0,0.6484375,7.5327205211073149,-2.3437589536185186,18.275571140118732
1,-1,Fz,W0,0.65234375,8.2169324586572259,-1.7499896586633987,19.212255480552667
1,-1,Fz,W0,0.65625,8.8765439018194332,-1.2025299505892622,20.189511263865604
1,-1,Fz,W0,0.66015625,9.4432948375355839,-0.73971598992379595,20.977471080280914
1,-1,Fz,W0,0.6640625,9.8995626696800585,-0.14533163696619136,21.657556364053299
1,-1,Fz,W0,0.66796875,10.288016973216596,0.2313388362141941,22.307440115695382
1,-1,Fz,W0,0.671875,10.683021365272756,0.94442100650202787,22.766588072926698
1,-1,Fz,W0,0.67578125,11.142346657912826,1.679742241511649,23.310035419168592
1,-1,Fz,W0,0.6796875,11.670099554715495,2.2813082891481096,23.740972053160437
1,-1,Fz,W0,0.68359375,12.213284882152019,2.8246647777674752,24.298607444998854
1,-1,Fz,W0,0.6875,12.692147018573513,3.4365179957418022,24.242916024369581
1,-1,Fz,W0,0.69140625,13.042793614774517,3.9840141923829977,24.545437413284731
1,-1,Fz,W0,0.6953125,13.244312073710853,4.5370751709379844,24.147580821742832
1,-1,Fz,W0,0.69921875,13.317008628194525,4.9581288216568744,23.90072347966445
1,-1,Fz,W0,0.703125,13.301997998955981,5.1516827816304591,23.355568236724523
1,-1,Fz,W0,0.70703125,13.244100395168353,5.2555277685046917,22.894326509739134
1,-1,Fz,W0,0.7109375,13.190088009553506,5.2806432936772589,22.790147425972702
1,-1,Fz,W0,0.71484375,13.194539632384556,5.5471828069741855,22.153960861208589
1,-1,Fz,W0,0.71875,13.315632470351876,6.1555545250895385,21.89031268889762
1,-1,Fz,W0,0.72265625,13.591652370730756,6.9217699786825815,21.686674055452293
1,-1,Fz,W0,0.7265625,14.008461237897585,7.6166639404250285,21.708803126059099
1,-1,Fz,W0,0.73046875,14.48276337504544,8.2811901000170405,22.141817389787331
1,-1,Fz,W0,0.734375,14.882343851064052,8.6486200363931953,22.292825432195638
1,-1,Fz,W0,0.73828125,15.08158877354885,8.7191244834080202,22.371848269359848
1,-1,Fz,W0,0.7421875,15.023175226196754,8.7499351494713409,22.304298604027831
1,-1,Fz,W0,0.74609375,14.746693183414859,8.5977765893803912,22.035236341181083
1,-1,Fz,W0,0.75,14.364144578582859,8.4184293273844801,21.496647477018342
1,-1,Fz,W0,0.75390625,13.998469136344639,8.4660794143852929,21.042354041715367
1,-1,Fz,W0,0.7578125,13.724517218356921,8.2872026104205521,20.704289717484976
1,-1,Fz,W0,0.76171875,13.544089867762604,8.2666348525224045,20.499505578086104
1,-1,Fz,W0,0.765625,13.400379890065681,8.3002163345667697,20.267001497312879
1,-1,Fz,W0,0.76953125,13.216953023090374,8.331677238334283,20.077371851153387
1,-1,Fz,W0,0.7734375,12.940091879381516,7.9468034619827375,19.610503851701957
1,-1,Fz,W0,0.77734375,12.56429906048424,7.5592815153683288,18.88600612556279
1,-1,Fz,W0,0.78125,12.127949489819509,7.222847061544285,18.372829100335629
1,-1,Fz,W0,0.78515625,11.682638526279677,6.6745785709350667,17.923683376542566
1,-1,Fz,W0,0.7890625,11.257574323708807,6.329852666030459,17.448224686789249
1,-1,Fz,W0,0.79296875,10.843283740035806,5.4861284833968531,16.96902958226941
1,-1,Fz,W0,0.796875,10.402658576186878,4.6359427522738503,16.535548705283052
1,-1,F3,W0,-0.19921875,0.02433920368971346,-3.1810196546662821,3.1416540884954158
1,-1,F3,W0,-0.1953125,-0.1781527715377039,-2.9926283069512194,2.5536286190500546
1,-1,F3,W0,-0.19140625,-0.44436276249272172,-2.8422825091680721,2.0478092020142875
1,-1,F3,W0,-0.1875,-0.70579860842042452,-2.945191674146427,1.6547388521549229
1,-1,F3,W0,-0.18359375,-0.86722245868136405,-3.1700505976096092,1.4637727503258455
1,-1,F3,W0,-0.1796875,-0.85180288893749156,-3.3671888415024784,1.560261152012955
1,-1,F3,W0,-0.17578125,-0.64196415911538252,-3.494533122858507,1.8869019182659741
1,-1,F3,W0,-0.171875,-0.29401487272939703,-3.2792258484095127,2.2614200717276458
1,-1,F3,W0,-0.16796875,0.082095209716797471,-2.8709219667270793,2.5791141638140256
1,-1,F3,W0,-0.1640625,0.36824488418575152,-2.3705969545442578,2.7538103323844716
1,-1,F3,W0,-0.16015625,0.48609778978780488,-1.9044826145988909,2.6578019404733535
1,-1,F3,W0,-0.15625,0.42323101771306226,-1.9057894776510691,2.4542329410142747
1,-1,F3,W0,-0.15234375,0.22455929489771861,-2.0133946529077185,2.3396205767650731
1,-1,F3,W0,-0.1484375,-0.042504600808287406,-2.1865130201886833,2.0867124340415435
1,-1,F3,W0,-0.14453125,-0.32264269142826507,-2.5390678867057077,1.7504785785359802
1,-1,F3,W0,-0.140625,-0.58392455069512461,-2.7417999914630151,1.3809177847490994
1,-1,F3,W0,-0.13671875,-0.80743620924071702,-2.8524302765332239,0.91655490827612973
1,-1,F3,W0,-0.1328125,-0.97534225021466281,-2.8054251399803718,0.51425044567207956
1,-1,F3,W0,-0.12890625,-1.0693372963298842,-2.5673582636874133,0.33029514527752546
1,-1,F3,W0,-0.125,-1.0733238765954507,-2.4567181251140773,0.39959127761549118
1,-1,F3,W0,-0.12109375,-0.97221934584629177,-2.2357817102079931,0.50498604088862153
1,-1,F3,W0,-0.1171875,-0.74997626320075872,-2.0809256572980841,0.91167211659334024
1,-1,F3,W0,-0.11328125,-0.39457133126024663,-1.8227181439679339,1.4981901935112012
1,-1,F3,W0,-0.109375,0.088704472538043949,-1.434156702902744,2.2408178515458248
1,-1,F3,W0,-0.10546875,0.66273736048765708,-1.0327114868331351,3.1475923201513889
1,-1,F3,W0,-0.1015625,1.2544952748387252,-0.71684014711971433,3.8590321340246767
1,-1,F3,W0,-0.09765625,1.7710379154397982,-0.56275806793625061,4.4777438550049729
1,-1,F3,W0,-0.09375,2.1333552153969468,-0.44997462217017975,5.0247400992636662
1,-1,F3,W0,-0.08984375,2.3087558549096263,-0.30570697151581838,5.2918368035589562
1,-1,F3,W0,-0.0859375,2.317515252020784,-0.021196794954823333,5.1428384263599565
1,-1,F3,W0,-0.08203125,2.2071499794201359,0.1764182840918955,4.5893252426078996
1,-1,F3,W0,-0.078125,2.0150451999064747,0.34868872886601548,4.0682513226682282
1,-1,F3,W0,-0.07421875,1.7505421047202381,0.044625063886148168,3.7028572143821683
1,-1,F3,W0,-0.0703125,1.4097607668883982,-0.4083877681574935,3.2712838455217508
1,-1,F3,W0,-0.06640625,1.0078287163284712,-0.91646709408728855,3.1434274063174334
1,-1,F3,W0,-0.0625,0.59977283224409883,-1.4458401784913233,3.0139653300133933
1,-1,F3,W0,-0.05859375,0.27132223785729281,-1.8515987510764675,2.9006543320151503
1,-1,F3,W0,-0.0546875,0.10220307908724453,-2.0597295378187765,2.6052315691777697
1,-1,F3,W0,-0.05078125,0.12124942901193561,-1.9203260740340908,2.3778054888113274
1,-1,F3,W0,-0.046875,0.27828177757482481,-1.5216120182635537,2.1733226371643339
1,-1,F3,W0,-0.04296875,0.45217232575123917,-1.1635450906941696,2.0127719161022437
1,-1,F3,W0,-0.0390625,0.49768243500718218,-1.2330388816154871,2.030739106997645
1,-1,F3,W0,-0.03515625,0.31118398282004822,-1.5956444681460469,2.0161480853345117
1,-1,F3,W0,-0.03125,-0.11842303867608224,-2.314364660579876,1.7982381837549359
1,-1,F3,W0,-0.02734375,-0.70185612061870761,-2.9967290527272916,1.3230428794048452
1,-1,F3,W0,-0.0234375,-1.2906950735112652,-3.6956323634563728,0.75789078624424544
1,-1,F3,W0,-0.01953125,-1.7471873455070823,-4.1054107788668661,0.28025261254624395
1,-1,F3,W0,-0.015625,-2.0059971250870268,-4.2573312934442678,-0.021087168717176735
1,-1,F3,W0,-0.01171875,-2.0950079326366775,-4.0949843337004213,-0.18090978486687817
1,-1,F3,W0,-0.0078125,-2.1052615932376546,-3.9941928872402257,-0.33509103325821543
1,-1,F3,W0,-0.00390625,-2.1303384454313359,-3.8424225691105205,-0.4865482649033559
1,-1,F3,W0,0,-2.2128407053202785,-3.9347271784244282,-0.70564606788987472
1,-1,F3,W0,0.00390625,-2.3281489620186808,-4.1170028432314867,-0.71046556292685303
1,-1,F3,W0,0.0078125,-2.4114731205923969,-4.3120033132017763,-0.60189488958437631
1,-1,F3,W0,0.01171875,-2.4095784232001272,-4.547369418936813,-0.37281225422156533
1,-1,F3,W0,0.015625,-2.3236373421573062,-4.5721724699780104,-0.13818444771310059
1,-1,F3,W0,0.01953125,-2.2127793977050634,-4.5276652657482508,-0.015408131630207945
1,-1,F3,W0,0.0234375,-2.1541691284881215,-4.4490656689475454,0.19786346030473384
1,-1,F3,W0,0.02734375,-2.1900020553722421,-4.4153038081198481,0.12214094311387923
1,-1,F3,W0,0.03125,-2.3028832442198812,-4.37065388326545,-0.15563478458085808
1,-1,F3,W0,0.03515625,-2.4355827504072436,-4.4584130721171915,-0.39401403516717004
1,-1,F3,W0,0.0390625,-2.5348500296330538,-4.5477826707401992,-0.50691957362322349
1,-1,F3,W0,0.04296875,-2.5857531291271028,-4.598044712114838,-0.48705753052969314
1,-1,F3,W0,0.046875,-2.6170837231302464,-4.7348719257485126,-0.43642273074677157
1,-1,F3,W0,0.05078125,-2.6796870279125149,-4.9875357690108517,-0.31715748426226997
1,-1,F3,W0,0.0546875,-2.8128874514951354,-5.1220452993234042,-0.40399512720834596
1,-1,F3,W0,0.05859375,-3.0183648522398094,-5.5830716454767879,-0.54648787227880335
1,-1,F3,W0,0.0625,-3.2574426898322546,-5.9379389326262606,-0.68572342845833989
1,-1,F3,W0,0.06640625,-3.4751090859059137,-6.3508835876193777,-0.78826913553142886
1,-1,F3,W0,0.0703125,-3.6365816867346199,-6.6561414436484707,-0.79747232943377822
1,-1,F3,W0,0.07421875,-3.7531245960944193,-6.7955862737244921,-0.75167726880009078
1,-1,F3,W0,0.078125,-3.8801099536484891,-6.9215682775384177,-0.87663177862784913
1,-1,F3,W0,0.08203125,-4.0856047104180169,-7.0390728032487573,-1.1300988902753109
1,-1,F3,W0,0.0859375,-4.4040550645850018,-7.2388742314588095,-1.6846711459882842
1,-1,F3,W0,0.08984375,-4.8018276242479141,-7.4791604586911919,-2.2851644060092862
1,-1,F3,W0,0.09375,-5.1807189858597926,-7.7448360505288045,-2.8532062143409922
1,-1,F3,W0,0.09765625,-5.4251819256610254,-8.0228063806777268,-2.9246270332077309
1,-1,F3,W0,0.1015625,-5.4685341559337619,-8.3661133668163714,-2.7647801630218067
1,-1,F3,W0,0.10546875,-5.3366212280312446,-8.7975956775225796,-2.0920513187523833
1,-1,F3,W0,0.109375,-5.1397165631647947,-9.0758422054611447,-1.3946927559059512
1,-1,F3,W0,0.11328125,-5.0164798365888883,-9.3420850574961971,-0.76287748281736034
1,-1,F3,W0,0.1171875,-5.0640119850485243,-9.6396098085235131,-0.4423133260835066
1,-1,F3,W0,0.12109375,-5.2949440868753488,-10.066848847260662,-0.53182922134981891
1,-1,F3,W0,0.125,-5.6418773839948742,-10.2596345017289,-0.85996609958825532
1,-1,F3,W0,0.12890625,-5.9980758231815203,-10.428709749862614,-1.2331418553274311
1,-1,F3,W0,0.1328125,-6.2657716454540413,-10.38251640906144,-1.7229686055565581
1,-1,F3,W0,0.13671875,-6.3886827358649567,-10.271119300412529,-2.1472329507557619
1,-1,F3,W0,0.140625,-6.3620348492568164,-9.9762029394685552,-2.1527599077292314
1,-1,F3,W0,0.14453125,-6.2266478803787129,-9.7415221185194749,-2.0866701040826996
1,-1,F3,W0,0.1484375,-6.0554836984333633,-9.6711563185898779,-2.0333097654164352
1,-1,F3,W0,0.15234375,-5.9331138296969623,-9.6773022581947785,-2.0750120688525437
1,-1,F3,W0,0.15625,-5.9248154839041645,-9.7559713427742878,-2.1466269217517571
1,-1,F3,W0,0.16015625,-6.0443369590779641,-9.952769390693657,-2.299572891245746
1,-1,F3,W0,0.1640625,-6.2445043078376257,-10.222696695380217,-2.3952007391372878
1,-1,F3,W0,0.16796875,-6.4463284039201367,-10.478737218468325,-2.5697120992708404
1,-1,F3,W0,0.171875,-6.5909228982729786,-10.717585029018251,-2.6886979272862339
1,-1,F3,W0,0.17578125,-6.6770295705823965,-10.955141403972339,-2.8076483689573508
1,-1,F3,W0,0.1796875,-6.7576741246665186,-10.997989074490782,-2.8951841257743167
1,-1,F3,W0,0.18359375,-6.9001762785345671,-11.014837723266961,-3.0601471126782318
1,-1,F3,W0,0.1875,-7.1383422386553432,-11.221361840367271,-3.2181847958629666
1,-1,F3,W0,0.19140625,-7.4488349239526199,-11.604857996541783,-3.2652124457047593
1,-1,F3,W0,0.1953125,-7.7655147214541325,-12.276188681576995,-3.2954671838680167
1,-1,F3,W0,0.19921875,-8.0190773499589607,-12.806906856030151,-3.1482115259334988
1,-1,F3,W0,0.203125,-8.173367152790215,-13.284831990490471,-3.0405892170244977
1,-1,F3,W0,0.20703125,-8.2355077835957182,-13.536703852466447,-2.9104243916268899
1,-1,F3,W0,0.2109375,-8.2391370236136563,-13.576675212527325,-2.6313822019582358
1,-1,F3,W0,0.21484375,-8.2193781486820896,-13.596344795586361,-2.4255088211714488
1,-1,F3,W0,0.21875,-8.198291189274908,-13.633334343434395,-2.3638436961708251
1,-1,F3,W0,0.22265625,-8.184413891979613,-13.450233720367072,-2.4856049650510972
1,-1,F3,W0,0.2265625,-8.1784686945705118,-13.443151885195277,-2.6406571967053036
1,-1,F3,W0,0.23046875,-8.1789993382650987,-13.412814484149127,-2.7421467194936255
1,-1,F3,W0,0.234375,-8.1878168576268457,-13.488183176533278,-2.7070599013639769
1,-1,F3,W0,0.23828125,-8.2146483224737228,-13.725615463917006,-2.5349309376664486
1,-1,F3,W0,0.2421875,-8.2756019548948831,-13.871333858398614,-2.3586984621096203
1,-1,F3,W0,0.24609375,-8.3810130662127289,-14.054334665495333,-2.36926167365836
1,-1,F3,W0,0.25,-8.5174656603953789,-14.153344938329132,-2.5313803657192291
1,-1,F3,W0,0.25390625,-8.6378680942945998,-14.131498922879752,-2.7652798959124212
1,-1,F3,W0,0.2578125,-8.6725118243348067,-14.17948482895723,-3.0553066634434267
1,-1,F3,W0,0.26171875,-8.5609371425704506,-14.130936523481614,-3.1663071014125328
1,-1,F3,W0,0.265625,-8.28721837681009,-14.019584601358531,-2.967502528229784
1,-1,F3,W0,0.26953125,-7.8939616093667064,-13.866495359360128,-2.6132084894537218
1,-1,F3,W0,0.2734375,-7.4619583352561518,-13.760388835354014,-2.1323599374956772
1,-1,F3,W0,0.27734375,-7.0671585247149178,-13.555575713167391,-1.2998402922946954
1,-1,F3,W0,0.28125,-6.7450136939813046,-13.458844360209715,-0.83188975607839366
1,-1,F3,W0,0.28515625,-6.4865964213613552,-13.315760240764513,-0.15648543758045397
1,-1,F3,W0,0.2890625,-6.2645675668222749,-13.212832329119175,0.34913027236288691
1,-1,F3,W0,0.29296875,-6.0644486533928372,-13.181668133451621,0.61789424099083079
1,-1,F3,W0,0.296875,-5.8970495191297392,-12.997076283989253,0.88877355967833638
1,-1,F3,W0,0.30078125,-5.7864518655545423,-12.638013552569063,0.98477173230944071
1,-1,F3,W0,0.3046875,-5.7462593300333005,-12.436267046929167,0.99343290174850929
1,-1,F3,W0,0.30859375,-5.7625567643588802,-12.293189861822253,0.96665860178055352
1,-1,F3,W0,0.3125,-5.7954057460825643,-12.356406836516474,1.0020510373014386
1,-1,F3,W0,0.31640625,-5.7983321474041283,-12.641996937728399,1.0763212091018826
1,-1,F3,W0,0.3203125,-5.7437091470769372,-12.792120196632155,1.2114359098823506
1,-1,F3,W0,0.32421875,-5.6375331997799876,-12.899740498245196,1.464846181356797
1,-1,F3,W0,0.328125,-5.5133729168902166,-12.987333933534291,1.7096140406040232
1,-1,F3,W0,0.33203125,-5.4083809326432561,-13.144186602873747,1.929236069204094
1,-1,F3,W0,0.3359375,-5.3364246530923669,-13.195742386283653,2.1359247439986078
1,-1,F3,W0,0.33984375,-5.277839279396348,-13.24383515265216,2.4228710690431456
1,-1,F3,W0,0.34375,-5.1965959176371497,-13.140691092710533,2.4712141593520105
1,-1,F3,W0,0.34765625,-5.0755516115467847,-12.900714250950429,2.5336252616683352
1,-1,F3,W0,0.3515625,-4.9437824587540584,-12.704818776786695,2.5736642326144752
1,-1,F3,W0,0.35546875,-4.8730736716759493,-12.580432230576935,2.7673880950039971
1,-1,F3,W0,0.359375,-4.9419754257402229,-12.621474237170444,2.7246348793487045
1,-1,F3,W0,0.36328125,-5.1877153563798535,-12.948807587106851,2.5480272966910342
1,-1,F3,W0,0.3671875,-5.5746042502882522,-13.479328133638047,2.1294310680135178
1,-1,F3,W0,0.37109375,-6.0007222601144541,-14.173159208489977,1.7041805282768994
1,-1,F3,W0,0.375,-6.3457990191022677,-14.77467214904755,1.3296858320550038
1,-1,F3,W0,0.37890625,-6.537924705413805,-15.036222134897821,1.1676271583929374
1,-1,F3,W0,0.3828125,-6.598986169012635,-15.176819785540792,1.1779558421096894
1,-1,F3,W0,0.38671875,-6.6362530410370422,-15.378496664488432,1.1895547836171345
1,-1,F3,W0,0.390625,-6.7826538820753992,-15.592582966555188,1.1183946474343265
1,-1,F3,W0,0.39453125,-7.12567553474923,-15.888029738803677,0.99091689922322401
1,-1,F3,W0,0.3984375,-7.670190286826478,-16.393618346939533,0.73668438278102055
1,-1,F3,W0,0.40234375,-8.3488275051127481,-17.053748727457226,0.24608196024898182
1,-1,F3,W0,0.40625,-9.0591411039191527,-17.679591083870768,-0.22671721409035736
1,-1,F3,W0,0.41015625,-9.7024664103195075,-18.338231752467802,-0.56195784042430885
1,-1,F3,W0,0.4140625,-10.215251850169288,-19.04971043213525,-0.9698133375996838
1,-1,F3,W0,0.41796875,-10.589144152974624,-19.53219114857453,-1.3944638179246902
1,-1,F3,W0,0.421875,-10.869502835973275,-19.85200264036952,-1.8127269766816114
1,-1,F3,W0,0.42578125,-11.127159226892273,-20.122699218296045,-2.1937199592677143
1,-1,F3,W0,0.4296875,-11.418659694024331,-20.405392302747462,-2.6411056359442311
1,-1,F3,W0,0.43359375,-11.760659686135009,-20.634366783056795,-3.038401609970264
1,-1,F3,W0,0.4375,-12.129851538971259,-20.872918813472669,-3.4298574709732845
1,-1,F3,W0,0.44140625,-12.478586177639,-21.260101723606542,-3.8416181289136992
1,-1,F3,W0,0.4453125,-12.751944148920542,-21.63067479308933,-4.0841649954641346
1,-1,F3,W0,0.44921875,-12.902654835898938,-21.943188016254151,-4.1037871697924757
1,-1,F3,W0,0.453125,-12.906445385278474,-22.031235929413501,-3.9696925661458269
1,-1,F3,W0,0.45703125,-12.774059806500679,-21.956557654666884,-4.0487598190039495
1,-1,F3,W0,0.4609375,-12.54857150031992,-21.954658257592573,-3.6604708090043885
1,-1,F3,W0,0.46484375,-12.281440728838376,-22.16401553259692,-3.2428197649102302
1,-1,F3,W0,0.46875,-11.998256107923757,-22.196466437853132,-2.7492467563396223
1,-1,F3,W0,0.47265625,-11.67998274001665,-21.96869474529656,-2.2715875560889347
1,-1,F3,W0,0.4765625,-11.279584837425642,-21.635623970333061,-1.6537571538027047
1,-1,F3,W0,0.48046875,-10.766376694076945,-21.422846412174962,-0.90836229178659011
1,-1,F3,W0,0.484375,-10.164711026710746,-21.182902353185796,-0.12578859622562588
1,-1,F3,W0,0.48828125,-9.5551087269734474,-20.77786576785314,0.74315513486212936
1,-1,F3,W0,0.4921875,-9.0345539637569257,-20.484706322292208,1.4499752352068795
1,-1,F3,W0,0.49609375,-8.6629701927696932,-20.446538951205188,2.1221065606111127
1,-1,F3,W0,0.5,-8.4309915788458234,-20.664510987537415,2.7054642769874935
1,-1,F3,W0,0.50390625,-8.2682597077118203,-20.758369366192888,3.3386344920271278
1,-1,F3,W0,0.5078125,-8.0862401783793381,-20.828916401178152,3.9591722731480905
1,-1,F3,W0,0.51171875,-7.830014709172584,-20.76796775461079,4.4963525629312304
1,-1,F3,W0,0.515625,-7.5083361705782563,-20.687268554911967,5.0501313544409205
1,-1,F3,W0,0.51953125,-7.1827780416585476,-20.424827610473631,5.5811583137344503
1,-1,F3,W0,0.5234375,-6.9212513132576072,-20.147022748973637,5.9755121823494335
1,-1,F3,W0,0.52734375,-6.7471744750356715,-20.129979612448825,6.1759284762823912
1,-1,F3,W0,0.53125,-6.6236225688471722,-20.248411381338627,6.1859646893482152
1,-1,F3,W0,0.53515625,-6.4874512273012535,-20.278414074537359,6.2286665015023353
1,-1,F3,W0,0.5390625,-6.3059680069884987,-20.321375947037758,6.3587448385250251
1,-1,F3,W0,0.54296875,-6.1071974104017404,-20.274154312061214,6.5058423830598038
1,-1,F3,W0,0.546875,-5.9575403927731587,-20.07811232667083,6.4081641736054413
1,-1,F3,W0,0.55078125,-5.9072489425847508,-19.785099369435045,6.090869187750501
1,-1,F3,W0,0.5546875,-5.9502957971184802,-19.699115490418947,5.9181603192213474
1,-1,F3,W0,0.55859375,-6.0278974952412492,-19.23128225639929,5.6887646371987239
1,-1,F3,W0,0.5625,-6.0648417499118308,-19.537061144099116,5.5462250200289995
1,-1,F3,W0,0.56640625,-6.0053205040473303,-19.666417285312463,5.6599041898980973
1,-1,F3,W0,0.5703125,-5.8265395217685656,-19.610745520650717,6.0170558024547569
1,-1,F3,W0,0.57421875,-5.5337365293464469,-19.439164037589169,6.4517594585156921
1,-1,F3,W0,0.578125,-5.1519821056061543,-19.220671272159876,6.9530124749438427
1,-1,F3,W0,0.58203125,-4.7226678708268732,-19.057109272508495,7.5379917205047011
1,-1,F3,W0,0.5859375,-4.2999014781801561,-18.702031137268783,8.2382234842455428
1,-1,F3,W0,0.58984375,-3.938597864926876,-18.57432972209196,8.7260262793830101
1,-1,F3,W0,0.59375,-3.6741926216360614,-18.322176789268305,9.2789920826130832
1,-1,F3,W0,0.59765625,-3.5040333467950151,-18.211539902257492,9.3606536854161391
1,-1,F3,W0,0.6015625,-3.3821044570141794,-17.997277601823949,9.3358014005979939
1,-1,F3,W0,0.60546875,-3.2316481701692861,-17.666900075898965,9.595811284157584
1,-1,F3,W0,0.609375,-2.9719806776214273,-17.335482607648533,10.171657653371035
1,-1,F3,W0,0.61328125,-2.5502242939424593,-17.120874268335385,10.725427844699983
1,-1,F3,W0,0.6171875,-1.9651865733435974,-16.929869697601873,11.412891738213206
1,-1,F3,W0,0.62109375,-1.2712034578379139,-16.558476708197617,12.228772408945519
1,-1,F3,W0,0.625,-0.55751020741210522,-16.039468832960779,13.233004665802536
1,-1,F3,W0,0.62890625,0.088924853556436673,-15.710023289961908,13.967952585531156
1,-1,F3,W0,0.6328125,0.62015166578347358,-15.557054613959513,14.467581915082112
1,-1,F3,W0,0.63671875,1.0469950070335838,-15.281584299766894,14.751218923972077
1,-1,F3,W0,0.640625,1.433009507539039,-14.732680369214176,15.151734474772073
1,-1,F3,W0,0.64453125,1.8636397095647523,-14.095543343219243,15.469889426020934
1,-1,F3,W0,0.6484375,2.4028950729735494,-13.43800270228931,16.10657115725494
1,-1,F3,W0,0.65234375,3.060699834023739,-12.647566178710971,16.936704817437423
1,-1,F3,W0,0.65625,3.7926408590765748,-11.788138227066554,17.784102398028743
1,-1,F3,W0,0.66015625,4.5326364655032547,-11.041375443642963,18.632122816908296
1,-1,F3,W0,0.6640625,5.232982776672058,-10.195345500313621,19.162942991693043
1,-1,F3,W0,0.66796875,5.880381723350224,-9.6295141228285015,20.018806819146636
1,-1,F3,W0,0.671875,6.4778808355954736,-9.102607330786805,20.881017518255661
1,-1,F3,W0,0.67578125,7.012492506639485,-8.1189587540037245,21.144660991722475
1,-1,F3,W0,0.6796875,7.4406716253826426,-7.6349132715535077,21.420718504598877
1,-1,F3,W0,0.68359375,7.7085376621981503,-8.1129574282459647,21.531210928382709
1,-1,F3,W0,0.6875,7.7940101805702762,-8.2074757718246811,21.914474149312575
1,-1,F3,W0,0.69140625,7.7382136464988012,-7.7958997517640753,22.170397996906793
1,-1,F3,W0,0.6953125,7.6390988484992137,-7.9140677649615387,22.216726861052575
1,-1,F3,W0,0.69921875,7.6077331750500399,-7.9012851230234302,22.403880901249188
1,-1,F3,W0,0.703125,7.7168883947623268,-7.5945861532916705,22.277035335271215
1,-1,F3,W0,0.70703125,7.9779907975356563,-7.4009743889243218,22.564105020092164
1,-1,F3,W0,0.7109375,8.3589792174345714,-6.5511102529676579,23.110435342195299
1,-1,F3,W0,0.71484375,8.8227261559685974,-5.7445208129582683,23.703888392210121
1,-1,F3,W0,0.71875,9.3522726127950353,-4.9607791184480288,23.86031721025256
1,-1,F3,W0,0.72265625,9.9437541822312205,-4.1290482705819667,24.145780840458713
1,-1,F3,W0,0.7265625,10.575296728762801,-3.2293663627766711,24.747540001823204
1,-1,F3,W0,0.73046875,11.179385300212433,-2.3149642265447143,25.498978021958756
1,-1,F3,W0,0.734375,11.645737057986873,-1.5895837434601643,25.981372272508217
1,-1,F3,W0,0.73828125,11.862371637675944,-1.1680498690727501,25.95395510812876
1,-1,F3,W0,0.7421875,11.774732400271771,-0.86712673138469121,25.3566783843577
1,-1,F3,W0,0.74609375,11.4241142822939,-1.2665578089664504,24.902658586708846
1,-1,F3,W0,0.75,10.935166149741566,-1.8467810907318396,24.273382120557578
1,-1,F3,W0,0.75390625,10.457201941452293,-2.0082287583157123,23.466461457707918
1,-1,F3,W0,0.7578125,10.09720851628909,-1.6826624154024381,22.760155726607543
1,-1,F3,W0,0.76171875,9.8839847398766558,-1.1883346071795313,22.303806411421153
1,-1,F3,W0,0.765625,9.7761243703413125,-0.63944163095395956,21.481101838318509
1,-1,F3,W0,0.76953125,9.6998901091384795,-0.23235611920116089,21.148744124195783
1,-1,F3,W0,0.7734375,9.5925146415057263,0.060443324766537299,20.974623369354212
1,-1,F3,W0,0.77734375,9.4282195977159589,0.082806151125876401,20.565682555677903
1,-1,F3,W0,0.78125,9.2149227830514082,-0.08522683510419736,20.10463547666081
1,-1,F3,W0,0.78515625,8.9686491459792297,-0.16257861285646902,19.78231728268943
1,-1,F3,W0,0.7890625,8.6886958249851727,-0.38130552239725496,19.449136464524045
1,-1,F3,W0,0.79296875,8.3540173265631275,-0.88149344684875952,18.896803430707752
1,-1,F3,W0,0.796875,7.9412784083398158,-1.2683917853869033,18.62686346175057
1,-1,F4,W0,-0.19921875,-0.97902850042710421,-4.9300327397749735,2.498229717552229
1,-1,F4,W0,-0.1953125,-1.0167317212604374,-4.7436581271938962,2.3568838137355113
1,-1,F4,W0,-0.19140625,-1.0795640699006401,-4.7201559391860135,2.0463431358853792
1,-1,F4,W0,-0.1875,-1.1226253658727157,-4.5677172503459547,1.8625492155559895
1,-1,F4,W0,-0.18359375,-1.0772845836523,-4.4038429964802024,1.9806121607244329
1,-1,F4,W0,-0.1796875,-0.88386122651772725,-4.2262304281388126,2.0624678979392814
1,-1,F4,W0,-0.17578125,-0.52817059980405157,-3.7213996103563516,2.2833051258855952
1,-1,F4,W0,-0.171875,-0.061874038288359447,-3.247604041946806,2.6247294260170744
1,-1,F4,W0,-0.16796875,0.40692315247172872,-2.7254608651839098,2.9749890770174949
1,-1,F4,W0,-0.1640625,0.75198667669616992,-2.1987796807033795,3.1840663906126716
1,-1,F4,W0,-0.16015625,0.88036218391649801,-1.7715326707097014,3.2391740090593357
1,-1,F4,W0,-0.15625,0.77117192201123552,-1.6294813393993497,2.9125791644192884
1,-1,F4,W0,-0.15234375,0.47871924967290796,-1.6898945230093785,2.4339406221509012
1,-1,F4,W0,-0.1484375,0.097824464961053986,-1.9263166086078569,1.8383892644554058
1,-1,F4,W0,-0.14453125,-0.2830604800140652,-2.3211147414773747,1.3732403971836376
1,-1,F4,W0,-0.140625,-0.60827429097446795,-2.6553059156852878,0.99045721558502853
1,-1,F4,W0,-0.13671875,-0.85125282049372009,-2.7121491854301247,0.62819655945589159
1,-1,F4,W0,-0.1328125,-0.99872893158508802,-2.52885363798937,0.38960131345216253
1,-1,F4,W0,-0.12890625,-1.0435323126498783,-2.3433201375409483,0.20273583662207245
1,-1,F4,W0,-0.125,-0.98822217574534066,-2.1482684857790901,0.27656496184420565
1,-1,F4,W0,-0.12109375,-0.84816218432250468,-2.0441748111685629,0.50311084367175296
1,-1,F4,W0,-0.1171875,-0.64604437746245602,-2.1077058054819955,1.1301575494671472
1,-1,F4,W0,-0.11328125,-0.40123043686941295,-2.1588409522755363,1.7222855939258381
1,-1,F4,W0,-0.109375,-0.12355437343646614,-2.0908199454022527,2.3609947733474383
1,-1,F4,W0,-0.10546875,0.18285128095843772,-2.0079226090149973,2.9556523166055615
1,-1,F4,W0,-0.1015625,0.51003246907528355,-1.7584717309413977,3.5736557052254008
1,-1,F4,W0,-0.09765625,0.84092079078320203,-1.5887411634138073,4.0891661528064507
1,-1,F4,W0,-0.09375,1.1536011553452088,-1.3409351352012902,4.269758475946408
1,-1,F4,W0,-0.08984375,1.4300643880680519,-0.96661745575651581,4.3125309748306231
1,-1,F4,W0,-0.0859375,1.6589378739121794,-0.52524397774988596,4.2641122791114423
1,-1,F4,W0,-0.08203125,1.8283767287312145,0.020936982766398906,4.0900380986037632
1,-1,F4,W0,-0.078125,1.9185924705892143,0.25598942067378805,3.959976800558481
1,-1,F4,W0,-0.07421875,1.9075825357741372,0.26827047915495411,3.8697875736624354
1,-1,F4,W0,-0.0703125,1.7901618836353832,0.039090927016785106,3.7307290204215175
1,-1,F4,W0,-0.06640625,1.5924046639717708,-0.2106797231234519,3.6565305650771958
1,-1,F4,W0,-0.0625,1.3631808739728628,-0.49651021696699266,3.5447066040484265
1,-1,F4,W0,-0.05859375,1.1454751848013123,-0.84163717867551235,3.411942203499851
1,-1,F4,W0,-0.0546875,0.95074593222243808,-1.0229273148038369,3.0139877786488913
1,-1,F4,W0,-0.05078125,0.75729273657448359,-1.1473772242426716,2.73369473566036
1,-1,F4,W0,-0.046875,0.53207208821106711,-1.0749496032734565,2.3379285392342459
1,-1,F4,W0,-0.04296875,0.25738630900630016,-1.2069663551842373,1.8400875233655138
1,-1,F4,W0,-0.0390625,-0.056036078412952502,-1.5490495644702589,1.359258966667749
1,-1,F4,W0,-0.03515625,-0.37439200343804679,-2.0438869765432783,1.2482786456012247
1,-1,F4,W0,-0.03125,-0.65650184178102444,-2.5996852352016213,1.319273598648131
1,-1,F4,W0,-0.02734375,-0.86988656088806049,-3.0455864195912259,1.4155605996590856
1,-1,F4,W0,-0.0234375,-1.0033432532051392,-3.1864524385307016,1.3341055403563298
1,-1,F4,W0,-0.01953125,-1.0753669756490505,-3.2598542107632729,1.2894178435825945
1,-1,F4,W0,-0.015625,-1.134761686357052,-3.2369380232235758,1.1619347785048408
1,-1,F4,W0,-0.01171875,-1.2469094493241586,-3.1651925852900797,0.94473436063059057
1,-1,F4,W0,-0.0078125,-1.4633559199080761,-3.3724659084011206,0.67637177865162723
1,-1,F4,W0,-0.00390625,-1.7849107571218561,-3.9189284895491263,0.44734233223692627
1,-1,F4,W0,0,-2.1410088674411223,-4.6892483298436485,0.42257347352416424
1,-1,F4,W0,0.00390625,-2.406279508097283,-5.3579928878673186,0.63845602039866056
1,-1,F4,W0,0.0078125,-2.4547739038504952,-5.6745429435147923,0.87311157146140594
1,-1,F4,W0,0.01171875,-2.2267659289361235,-5.4327431125105656,1.1198671537815965
1,-1,F4,W0,0.015625,-1.7707957776472962,-4.9594258317071445,1.4685302643659808
1,-1,F4,W0,0.01953125,-1.2328900198037556,-4.4416628811376855,1.9953600309569333
1,-1,F4,W0,0.0234375,-0.79308825957573093,-3.9067213115857022,2.4779050956235427
1,-1,F4,W0,0.02734375,-0.58314335942647155,-3.7276968347797643,2.7103527136577705
1,-1,F4,W0,0.03125,-0.63388638387087859,-3.8545323359678285,2.8909336580076093
1,-1,F4,W0,0.03515625,-0.88032784923352936,-4.3877592320555054,2.9009490129564814
1,-1,F4,W0,0.0390625,-1.2129263652011819,-4.78297546242616,2.6781990782841048
1,-1,F4,W0,0.04296875,-1.5375672309490045,-5.1124848026875158,2.3418378193386959
1,-1,F4,W0,0.046875,-1.8097867388094304,-5.342668888907653,1.956592337139849
1,-1,F4,W0,0.05078125,-2.0306511474128759,-5.3763006231564319,1.6153763857851875
1,-1,F4,W0,0.0546875,-2.2159391346516557,-5.4856805600864753,1.4259159634777407
1,-1,F4,W0,0.05859375,-2.3652230981127436,-5.6204579856851691,1.2536397715736463
1,-1,F4,W0,0.0625,-2.455074746333064,-5.72096317576292,1.2647238049001144
1,-1,F4,W0,0.06640625,-2.4606493722047915,-5.982745375832021,1.7028631243633676
1,-1,F4,W0,0.0703125,-2.3869151051978466,-6.0403860301673413,1.8287269222402487
1,-1,F4,W0,0.07421875,-2.2836369035848358,-6.0085082734673136,2.0295158696607816
1,-1,F4,W0,0.078125,-2.2302684778337309,-6.2514322611016491,2.2802604349981546
1,-1,F4,W0,0.08203125,-2.2964284359780316,-6.6289268386300479,2.3457548322153143
1,-1,F4,W0,0.0859375,-2.4991456568639316,-7.0716037659232382,2.2420053703269898
1,-1,F4,W0,0.08984375,-2.7833987854679934,-7.4035465023257565,1.9881173926317219
1,-1,F4,W0,0.09375,-3.0432992209546241,-7.6812919236482946,1.8069192328022972
1,-1,F4,W0,0.09765625,-3.1779470587696599,-7.8916770667305007,1.8282266894505232
1,-1,F4,W0,0.1015625,-3.1508639473029323,-7.9192246627794116,1.929091036650147
1,-1,F4,W0,0.10546875,-3.0152020026378561,-7.8931712647468233,2.3882588343830209
1,-1,F4,W0,0.109375,-2.8874590155334277,-7.759139631611375,2.7484963479624556
1,-1,F4,W0,0.11328125,-2.8850863594122904,-7.8161528795618507,2.7842219630274929
1,-1,F4,W0,0.1171875,-3.0635313715826715,-7.9984811557763784,2.459375124114918
1,-1,F4,W0,0.12109375,-3.38578327879747,-8.3616686669347082,2.3217922590238134
1,-1,F4,W0,0.125,-3.7394643040422766,-8.6405491216133381,1.9943778617608143
1,-1,F4,W0,0.12890625,-3.9931225495026639,-8.7152235577111785,1.5764748539070976
1,-1,F4,W0,0.1328125,-4.0628544673280427,-8.7386352003166792,1.3888743610315726
1,-1,F4,W0,0.13671875,-3.953133346774929,-8.4821633743832496,1.3543658421671232
1,-1,F4,W0,0.140625,-3.7501934639156693,-8.2213032809500373,1.2555828733749459
1,-1,F4,W0,0.14453125,-3.5760599950520828,-7.9519479069966836,1.0205938893187334
1,-1,F4,W0,0.1484375,-3.533196019164226,-7.8005304213878004,0.83805538551592929
1,-1,F4,W0,0.15234375,-3.6661907724733718,-7.8940667330524033,0.65542701210362764
1,-1,F4,W0,0.15625,-3.9481114626989409,-8.3235757652623938,0.50942596894296854
1,-1,F4,W0,0.16015625,-4.2889144214227732,-8.8303330149625072,0.40099997635528883
1,-1,F4,W0,0.1640625,-4.5654969407530794,-9.3727377533033405,0.42020576345051935
1,-1,F4,W0,0.16796875,-4.6701596547389599,-9.6531479516402694,0.70957831252158765
1,-1,F4,W0,0.171875,-4.5595427615207216,-9.7583994233521576,1.1208865782272399
1,-1,F4,W0,0.17578125,-4.2764925593156224,-9.5392490408444637,1.4852745658824587
1,-1,F4,W0,0.1796875,-3.9293046470002677,-9.2558834680525965,1.8770538196786579
1,-1,F4,W0,0.18359375,-3.6388513549406629,-8.6596693760612666,2.1542630861500096
1,-1,F4,W0,0.1875,-3.482687727177225,-8.4481390878710858,2.1070423015010924
1,-1,F4,W0,0.19140625,-3.4648905883831844,-8.5181261368498049,2.1149524399597834
1,-1,F4,W0,0.1953125,-3.5247741510927284,-8.4496268265726115,2.3084867623072718
1,-1,F4,W0,0.19921875,-3.5757749964445291,-8.5837090908618041,2.5139495016337863
1,-1,F4,W0,0.203125,-3.5493826746953148,-8.564397250838093,2.6434440019903942
1,-1,F4,W0,0.20703125,-3.4203956996135565,-8.5789172362820807,2.5897718097962366
1,-1,F4,W0,0.2109375,-3.2080793436378001,-8.269145863758828,2.6045650769541941
1,-1,F4,W0,0.21484375,-2.9639182398543586,-7.7596243418737174,2.6608547744580977
1,-1,F4,W0,0.21875,-2.7557715118699306,-7.3755033637010348,2.8391644107669229
1,-1,F4,W0,0.22265625,-2.6489386145012666,-7.3024764170045362,2.8588212404609692
1,-1,F4,W0,0.2265625,-2.6840603303660258,-7.4139003498548846,2.761719926114266
1,-1,F4,W0,0.23046875,-2.8600318587542661,-7.6693291110750819,2.5741449960829548
1,-1,F4,W0,0.234375,-3.1328676945217624,-7.885195486853001,2.1896793383494542
1,-1,F4,W0,0.23828125,-3.4328244047093008,-7.9549839710199848,1.83356499423377
1,-1,F4,W0,0.2421875,-3.690870098609083,-8.109628199034697,1.5910739474615399
1,-1,F4,W0,0.24609375,-3.8611237875255506,-8.2805023025206257,1.5055769343816172
1,-1,F4,W0,0.25,-3.929316724540699,-8.324703869550385,1.4490649625977154
1,-1,F4,W0,0.25390625,-3.9054720318982694,-8.4967114891690887,1.5210639506694934
1,-1,F4,W0,0.2578125,-3.8080646710326196,-8.5853813236490168,1.8055174191879328
1,-1,F4,W0,0.26171875,-3.6515863031896476,-8.7073662038993316,2.0082383071871917
1,-1,F4,W0,0.265625,-3.4447739404169431,-8.7514899650902525,2.431131937514015
1,-1,F4,W0,0.26953125,-3.1958368063653695,-8.5416790827478302,2.8683696164353756
1,-1,F4,W0,0.2734375,-2.9153599636386498,-8.1086825761828702,3.3115757532584436
1,-1,F4,W0,0.27734375,-2.6131562671342392,-7.5325046037568324,3.596075511954175
1,-1,F4,W0,0.28125,-2.2937939052252734,-7.0575656029889782,3.7437389815305036
1,-1,F4,W0,0.28515625,-1.9564010480960128,-6.7390479813060464,4.0802205971243932
1,-1,F4,W0,0.2890625,-1.5991548244585021,-6.4041738958244929,4.3346175831819611
1,-1,F4,W0,0.29296875,-1.225265783082409,-6.1799181186797645,4.530810261031994
1,-1,F4,W0,0.296875,-0.8468534752630783,-5.8279790028019463,4.8840260102322901
1,-1,F4,W0,0.30078125,-0.48325936778657624,-5.3637810083955682,5.2402811384489691
1,-1,F4,W0,0.3046875,-0.15243485801286805,-4.8130112308200363,5.484456138375351
1,-1,F4,W0,0.30859375,0.13952045183891765,-4.3644351475424958,5.6559963342518307
1,-1,F4,W0,0.3125,0.4004129835272473,-4.1161474188850908,5.8986710686949371
1,-1,F4,W0,0.31640625,0.64095871030626117,-4.0430397299156544,6.4118628468701866
1,-1,F4,W0,0.3203125,0.85996411432835407,-3.9819923292434778,6.8556774079273399
1,-1,F4,W0,0.32421875,1.0406494130008261,-4.0393924021656238,7.2138108886528087
1,-1,F4,W0,0.328125,1.1618383695476087,-4.0548501495610267,7.5127679742054463
1,-1,F4,W0,0.33203125,1.212364903827486,-4.2042501488136041,7.4575871765593309
1,-1,F4,W0,0.3359375,1.1952804805363026,-4.1894494116914816,7.6066331228568602
1,-1,F4,W0,0.33984375,1.1197821597490292,-4.1795649044668437,7.6967972245330376
1,-1,F4,W0,0.34375,0.98902539226540298,-4.1316189692840544,7.5126457753432616
1,-1,F4,W0,0.34765625,0.79351084481201661,-4.2993992571926425,7.1105395107773033
1,-1,F4,W0,0.3515625,0.51495285934559742,-4.5592773638292208,6.753412845934009
1,-1,F4,W0,0.35546875,0.13813681505650849,-4.9308543741343689,6.4844344989729201
1,-1,F4,W0,0.359375,-0.33691827935569213,-5.3726566650740004,6.1345322091897536
1,-1,F4,W0,0.36328125,-0.88815819326102374,-6.0665523043226868,5.7126264151370219
1,-1,F4,W0,0.3671875,-1.4707827663055701,-6.7772698480197819,5.044027665885177
1,-1,F4,W0,0.37109375,-2.024378544706293,-7.4191324724844634,4.3091823621741518
1,-1,F4,W0,0.375,-2.4923826064524586,-7.9152856807752903,3.7156835835486914
1,-1,F4,W0,0.37890625,-2.8504494082840708,-8.087141523311729,3.2310426530657468
1,-1,F4,W0,0.3828125,-3.1256464968920694,-8.1511728410854847,2.6822018960883947
1,-1,F4,W0,0.38671875,-3.3871934216068573,-8.0929305303674237,2.1960976615801404
1,-1,F4,W0,0.390625,-3.7096916303781069,-8.2510519557785447,1.5848172477862152
1,-1,F4,W0,0.39453125,-4.1330208569003029,-8.6493806217299269,1.0969175106873608
1,-1,F4,W0,0.3984375,-4.6446670967963044,-9.1532481226691793,0.6639831193017991
1,-1,F4,W0,0.40234375,-5.1892202416192221,-9.8668882421943511,0.35264940129419375
1,-1,F4,W0,0.40625,-5.6911349838078715,-10.48795228338753,0.04481458128652803
1,-1,F4,W0,0.41015625,-6.079328741480877,-11.158372205479191,-0.12464022621790516
1,-1,F4,W0,0.4140625,-6.3130758725700975,-11.792832450035451,0.012151327776627377
1,-1,F4,W0,0.41796875,-6.4055174974598517,-12.089419591830882,0.039771954123226733
1,-1,F4,W0,0.421875,-6.4289912609036461,-12.18175244757653,0.087791851347265359
1,-1,F4,W0,0.42578125,-6.4900308584618438,-12.077403780821188,-0.044848239250999122
1,-1,F4,W0,0.4296875,-6.6845878497057072,-12.315790469738229,-0.37313356698276978
1,-1,F4,W0,0.43359375,-7.0595160105754395,-12.752436552899724,-0.81290844673756502
1,-1,F4,W0,0.4375,-7.5970811422515574,-13.003864009390524,-1.2823080805274523
1,-1,F4,W0,0.44140625,-8.2208839521800403,-13.282095251041564,-1.89103965822216
1,-1,F4,W0,0.4453125,-8.8165736684293154,-14.081373477704773,-2.6692307292954274
1,-1,F4,W0,0.44921875,-9.2656840334064849,-14.761246832252052,-2.8936372202238259
1,-1,F4,W0,0.453125,-9.4878707551405022,-15.130990384254856,-2.734059019632983
1,-1,F4,W0,0.45703125,-9.4744082140632262,-15.405277198670648,-2.3857911569289905
1,-1,F4,W0,0.4609375,-9.2911924366966137,-15.485292324301215,-2.010175860195762
1,-1,F4,W0,0.46484375,-9.0439187489389923,-15.456540727197755,-1.3409192640535341
1,-1,F4,W0,0.46875,-8.8225515707111981,-15.336890498143431,-0.77322307598267181
1,-1,F4,W0,0.47265625,-8.6574970496421511,-15.35195857843161,-0.42184544678789571
1,-1,F4,W0,0.4765625,-8.5139864880697242,-15.17514275618147,-0.37240555539989456
1,-1,F4,W0,0.48046875,-8.3268297628956383,-15.038269703845986,-0.4530480195826932
1,-1,F4,W0,0.484375,-8.0506809371181394,-14.827159954072336,-0.36535516086745728
1,-1,F4,W0,0.48828125,-7.6910529332119122,-14.404663906664558,-0.17720741146125307
1,-1,F4,W0,0.4921875,-7.2964645629945268,-13.814740096744368,0.15236403057682157
1,-1,F4,W0,0.49609375,-6.9202234556040896,-13.274012001561472,0.35801447441006751
1,-1,F4,W0,0.5,-6.5808790078758532,-12.801505081679984,0.56794109491849232
1,-1,F4,W0,0.50390625,-6.2508278288685943,-12.605235058277358,0.82256812962858439
1,-1,F4,W0,0.5078125,-5.8830317456949697,-12.508206100038031,1.1723207447971733
1,-1,F4,W0,0.51171875,-5.4572474690840469,-12.3653923665498,1.8654924051768309
1,-1,F4,W0,0.515625,-5.0091487857321235,-12.26995590531145,2.4761575175331116
1,-1,F4,W0,0.51953125,-4.6152281025707387,-12.092329091949683,2.8050490265937773
1,-1,F4,W0,0.5234375,-4.3402094915741234,-11.860891967476801,3.4765454886381248
1,-1,F4,W0,0.52734375,-4.1861064381366537,-11.716073037294874,3.8772884133499255
1,-1,F4,W0,0.53125,-4.0847895145692066,-11.364125491055649,3.9975052790153311
1,-1,F4,W0,0.53515625,-3.9431707761471402,-11.043841213222498,4.1933134569431374
1,-1,F4,W0,0.5390625,-3.7068525993948964,-10.742792128036797,4.4297480872322605
1,-1,F4,W0,0.54296875,-3.3921530673390952,-10.315422161188607,4.6017290408241411
1,-1,F4,W0,0.546875,-3.0637940268978663,-9.9370188382754154,4.7377567104280072
1,-1,F4,W0,0.55078125,-2.7814804344086932,-9.5473227796482014,4.9147070301574445
1,-1,F4,W0,0.5546875,-2.5600196575332257,-9.2927863518800873,4.8854590548443912
1,-1,F4,W0,0.55859375,-2.3675532689129004,-8.9004947039977793,4.8806760571113639
1,-1,F4,W0,0.5625,-2.1508580635860572,-8.8248192997343899,5.0997205238156225
1,-1,F4,W0,0.56640625,-1.8625006822242849,-8.7910532881306391,5.157871841796732
1,-1,F4,W0,0.5703125,-1.4777199641328258,-8.4866615253438038,5.650475005724096
1,-1,F4,W0,0.57421875,-1.0041610244499501,-8.1362119731142339,6.1904302293562621
1,-1,F4,W0,0.578125,-0.48649554075520846,-7.7590084001123509,6.7741617280112703
1,-1,F4,W0,0.58203125,0.0011347839671849132,-7.3126997943295109,7.4098187344116093
1,-1,F4,W0,0.5859375,0.38140456054581773,-7.1328149960289462,8.0238530802892196
1,-1,F4,W0,0.58984375,0.61133344085875085,-7.0999719426391623,8.3188029808000454
1,-1,F4,W0,0.59375,0.70920507886934048,-7.2116906546287689,8.5418201326198417
1,-1,F4,W0,0.59765625,0.75115071076919115,-7.2238242917085689,8.593161131113046
1,-1,F4,W0,0.6015625,0.83799443022408071,-7.039793551398601,8.6187392477893123
1,-1,F4,W0,0.60546875,1.0532068927769109,-6.6459408769756552,8.7187006147950559
1,-1,F4,W0,0.609375,1.4342986975347523,-6.2416416322664174,9.1928090223695733
1,-1,F4,W0,0.61328125,1.9655397918640876,-5.8243104305898052,9.7203571103541364
1,-1,F4,W0,0.6171875,2.5880420745775008,-5.2559198159292944,10.589941226010001
1,-1,F4,W0,0.62109375,3.2225167285338712,-5.162686738335827,11.475082646895467
1,-1,F4,W0,0.625,3.8006997605994854,-5.2719026223418206,12.214096162754231
1,-1,F4,W0,0.62890625,4.2952072422241994,-5.3305541687172253,13.03144016685583
1,-1,F4,W0,0.6328125,4.7323381595461296,-5.3872056491187683,13.847024818498623
1,-1,F4,W0,0.63671875,5.1790161963590045,-5.2119696810841676,14.555675504851648
1,-1,F4,W0,0.640625,5.7095897943247325,-4.9572023002101799,15.318607580251442
1,-1,F4,W0,0.64453125,6.3680432200284161,-4.514726748196872,16.025189685801099
1,-1,F4,W0,0.6484375,7.1427865110940045,-3.8448552182889282,16.971881523274469
1,-1,F4,W0,0.65234375,7.9680238644349188,-3.1606554592065885,18.051647867756767
1,-1,F4,W0,0.65625,8.7554130211598196,-2.4918545940005816,18.954541075171612
1,-1,F4,W0,0.66015625,9.4411436789233036,-1.6783258729607262,19.669792922283744
1,-1,F4,W0,0.6640625,10.020314079534696,-1.2112169563960302,20.339888496970772
1,-1,F4,W0,0.66796875,10.547675437082006,-0.9250232762533932,20.992564057573293
1,-1,F4,W0,0.671875,11.10569205263932,-0.45977130894706442,22.04915742656441
1,-1,F4,W0,0.67578125,11.758531109530278,0.23396996869777231,22.8517082755878
1,-1,F4,W0,0.6796875,12.515273703214859,1.2235130769630254,23.578479291031918
1,-1,F4,W0,0.68359375,13.320465923927976,1.7906303487345123,24.88143669777125
1,-1,F4,W0,0.6875,14.077465779458613,2.4335593095033374,26.37744476754877
1,-1,F4,W0,0.69140625,14.692036887882466,3.2153844167745298,27.293607014851585
1,-1,F4,W0,0.6953125,15.110726238381687,3.4284621395892727,27.799498391587218
1,-1,F4,W0,0.69921875,15.333099786234781,3.2270240478887811,28.329769854622409
1,-1,F4,W0,0.703125,15.397006730127165,3.1389349241242961,28.472506441612889
1,-1,F4,W0,0.70703125,15.354447197205374,3.3259400035608024,28.696524638005258
1,-1,F4,W0,0.7109375,15.256999907171869,3.768141085562815,28.314110054589179
1,-1,F4,W0,0.71484375,15.154954055179095,4.1327030831861737,28.321503948997425
1,-1,F4,W0,0.71875,15.09799783180145,4.3589609864832886,28.286315514110036
1,-1,F4,W0,0.72265625,15.123245909441394,4.609580470599548,28.547941766127575
1,-1,F4,W0,0.7265625,15.231597737087043,4.8499230864086122,28.765706683502785
1,-1,F4,W0,0.73046875,15.371735290291527,5.3447835751669714,29.119643164751729
1,-1,F4,W0,0.734375,15.453104691970315,5.3922740561800993,29.141708869899709
1,-1,F4,W0,0.73828125,15.389592162518449,5.5079789188151453,28.885404571624168
1,-1,F4,W0,0.7421875,15.149283872999263,5.5040031546541091,28.27556769753949
1,-1,F4,W0,0.74609375,14.775807702280666,5.2982356082419004,28.045480527903862
1,-1,F4,W0,0.75,14.364545589021432,4.9708906771507664,27.76507010782818
1,-1,F4,W0,0.75390625,14.00970732522833,5.0490481955499016,27.336012620522546
1,-1,F4,W0,0.7578125,13.758011598103367,4.9069162122397953,27.133521017613319
1,-1,F4,W0,0.76171875,13.59540589687624,5.0276475703831984,26.730457053943745
1,-1,F4,W0,0.765625,13.46726860856587,5.0279495653189858,26.387425649084058
1,-1,F4,W0,0.76953125,13.314270400374413,5.222207676967157,25.951361058056257
1,-1,F4,W0,0.7734375,13.103609737719626,5.1900598662257602,25.792950717655515
1,-1,F4,W0,0.77734375,12.840516107394949,5.2601361328059335,25.333311664785594
1,-1,F4,W0,0.78125,12.553739577719442,5.1089546472073977,24.669848329485976
1,-1,F4,W0,0.78515625,12.263307527162102,5.061405656234248,24.066226871955926
1,-1,F4,W0,0.7890625,11.952901243218125,4.8265318592346667,23.335038882428584
1,-1,F4,W0,0.79296875,11.568686145498111,4.3832359485512793,22.563651696005184
1,-1,F4,W0,0.796875,11.047091879139245,3.8435261802476677,22.088203645033509
1,1,Fz,W0,-0.19921875,-1.6891691836469611,-7.3700679881398647,2.7452940593003201
1,1,Fz,W0,-0.1953125,-1.1686428753627069,-6.7579107999575285,3.2688757714373162
1,1,Fz,W0,-0.19140625,-0.57988911076688887,-5.7616849547553892,3.8033288387758168
1,1,Fz,W0,-0.1875,-0.012323479645969602,-4.7511260416986234,4.1022364610233835
1,1,Fz,W0,-0.18359375,0.43042476905650773,-3.9393814139400796,4.1903052939861984
1,1,Fz,W0,-0.1796875,0.67218692134092195,-3.4925820446927207,4.09151084537279
1,1,Fz,W0,-0.17578125,0.69596884473489284,-3.0913573477318455,3.7535306024026691
1,1,Fz,W0,-0.171875,0.54539813334975107,-3.1344054293705619,3.1435511448935696
1,1,Fz,W0,-0.16796875,0.29928190708337316,-3.112308998741864,2.6848580987329917
1,1,Fz,W0,-0.1640625,0.038006283838036038,-3.1136758830142068,2.3394802349167416
1,1,Fz,W0,-0.16015625,-0.18106872521707715,-2.9801906335099244,2.1537325296311716
1,1,Fz,W0,-0.15625,-0.33247692231620657,-2.9357557569191832,1.9549236820503391
1,1,Fz,W0,-0.15234375,-0.41914843354723103,-2.9690652860161402,1.7649078014886896
1,1,Fz,W0,-0.1484375,-0.46434947503066515,-2.7969514419157058,1.6167446842061843
1,1,Fz,W0,-0.14453125,-0.50311694597419976,-2.6612183818275352,1.4022391791932318
1,1,Fz,W0,-0.140625,-0.57105940110818765,-2.6568262204497053,1.4705446381064962
1,1,Fz,W0,-0.13671875,-0.68977586494378729,-2.7664479793134431,1.3911737259373174
1,1,Fz,W0,-0.1328125,-0.85587240599792735,-2.9054221882679943,1.1289876049121506
1,1,Fz,W0,-0.12890625,-1.042279464840554,-2.7533208936056401,0.73215223846404665
1,1,Fz,W0,-0.125,-1.211584147392174,-2.4733269826480315,0.2704385067216224
1,1,Fz,W0,-0.12109375,-1.3312722447908538,-2.2065944087830873,-0.27370415128350029
1,1,Fz,W0,-0.1171875,-1.380367771411827,-2.1061415002433086,-0.57383561048396603
1,1,Fz,W0,-0.11328125,-1.3452483695039972,-2.2636820140404383,-0.39370692058432977
1,1,Fz,W0,-0.109375,-1.2120272021220866,-2.4503991556169216,0.062255583687579254
1,1,Fz,W0,-0.10546875,-0.96678271340411392,-2.4813031733833437,0.60022492778403258
1,1,Fz,W0,-0.1015625,-0.60873410585172183,-2.3201774928500911,1.02299423836985
1,1,Fz,W0,-0.09765625,-0.16797337782682922,-1.8733505028333464,1.4502976083886603
1,1,Fz,W0,-0.09375,0.28927174314342102,-1.1785250175056363,1.8756930680291459
1,1,Fz,W0,-0.08984375,0.67827204903712079,-0.60172553627439462,2.1210684534505608
1,1,Fz,W0,-0.0859375,0.92943418119849142,-0.31827038080055997,2.2681401301771014
1,1,Fz,W0,-0.08203125,1.0179247830789961,-0.33796316108609842,2.5317969721827178
1,1,Fz,W0,-0.078125,0.97110991154646753,-0.53494721621891139,2.7381224240863733
1,1,Fz,W0,-0.07421875,0.85146630944722257,-0.86963837715426873,2.7712465889771858
1,1,Fz,W0,-0.0703125,0.72961494533561322,-1.1557898301860026,2.9120351972678065
1,1,Fz,W0,-0.06640625,0.66446063456982052,-1.2343918755906034,3.1710897222832521
1,1,Fz,W0,-0.0625,0.69431373495655369,-1.2280598132515044,3.202725302386964
1,1,Fz,W0,-0.05859375,0.83162459892431573,-1.0632463067396987,3.4384381539889972
1,1,Fz,W0,-0.0546875,1.0564808216969828,-0.90567389814607024,3.7985880197202602
1,1,Fz,W0,-0.05078125,1.3127519060812607,-0.80193028007371392,4.0955496518624503
1,1,Fz,W0,-0.046875,1.5146912603730889,-0.76867675628753229,4.4961191064140458
1,1,Fz,W0,-0.04296875,1.5694120452136755,-1.10655426922933,4.9545178111608426
1,1,Fz,W0,-0.0390625,1.4128651150631382,-1.4921275964100238,4.9934898861308215
1,1,Fz,W0,-0.03515625,1.0448430468862882,-2.1069188377497259,4.5565855174801513
1,1,Fz,W0,-0.03125,0.54108091984172801,-2.7740048849769865,4.1595362274893386
1,1,Fz,W0,-0.02734375,0.02938845686546309,-3.5314883133198527,3.7317585681397891
1,1,Fz,W0,-0.0234375,-0.36092905860834357,-4.1272225763346793,3.2391371288639834
1,1,Fz,W0,-0.01953125,-0.55006766988517763,-4.3503623200668047,3.217322566120365
1,1,Fz,W0,-0.015625,-0.53473582213662052,-4.3092196887867305,3.3390871329920242
1,1,Fz,W0,-0.01171875,-0.3818969812564067,-4.2297772043239235,3.549874947467881
1,1,Fz,W0,-0.0078125,-0.19464477070501435,-4.039822092373627,3.9238706989981975
1,1,Fz,W0,-0.00390625,-0.06483679936959999,-4.0424267356628336,4.3757045175245564
1,1,Fz,W0,0,-0.032779881129697618,-4.0584491011495158,4.8769125795695807
1,1,Fz,W0,0.00390625,-0.073628616481043185,-3.9871540190658994,4.9725733644900671
1,1,Fz,W0,0.0078125,-0.11722180800404439,-4.0146034081776234,5.1648814058409842
1,1,Fz,W0,0.01171875,-0.087933435850366115,-4.0946636254427062,5.3622728911761905
1,1,Fz,W0,0.015625,0.058893285530190409,-3.9414120067108929,5.6929300351079979
1,1,Fz,W0,0.01953125,0.31926737139907951,-3.7608560596080634,5.999657379818232
1,1,Fz,W0,0.0234375,0.64342375628407888,-3.5500482638468389,6.3016832400814851
1,1,Fz,W0,0.02734375,0.95482780196364225,-3.2606637898742954,6.7447265656912689
1,1,Fz,W0,0.03125,1.1782434558773287,-3.2929053986604946,7.2656395322202707
1,1,Fz,W0,0.03515625,1.2653797228714243,-3.4760381517564807,7.7926563229122232
1,1,Fz,W0,0.0390625,1.2068295925811947,-3.7500191748779526,8.1087038760171879
1,1,Fz,W0,0.04296875,1.0279890311265629,-4.1721653195895092,8.090605203512979
1,1,Fz,W0,0.046875,0.77547910235481377,-4.6852615792631447,7.9529007774270486
1,1,Fz,W0,0.05078125,0.50113292293614276,-5.1412532259480876,7.6409582653207071
1,1,Fz,W0,0.0546875,0.24748968339575483,-5.5721581295150724,7.5821804824167796
1,1,Fz,W0,0.05859375,0.039127783779325222,-5.8768338718650526,7.4122001515700813
1,1,Fz,W0,0.0625,-0.11542681806182195,-6.1147283632622198,7.2086621597150886
1,1,Fz,W0,0.06640625,-0.21333055518936889,-6.4399961256245613,7.1049783250013929
1,1,Fz,W0,0.0703125,-0.2499192645275895,-6.801084055798162,7.1608605692809801
1,1,Fz,W0,0.07421875,-0.22327306878754843,-7.0865486852030202,7.3534306926299005
1,1,Fz,W0,0.078125,-0.14561046967641744,-7.319811276418192,7.5738115629391229
1,1,Fz,W0,0.08203125,-0.046993444994761276,-7.3824676750558629,7.8280413671956373
1,1,Fz,W0,0.0859375,0.034772198891105104,-7.2847509052213324,8.0527416752404015
1,1,Fz,W0,0.08984375,0.068804175880267715,-7.2971855025015486,8.0700912108220813
1,1,Fz,W0,0.09375,0.037560788179458529,-7.3478532468308169,8.0171513975655433
1,1,Fz,W0,0.09765625,-0.067539686459440446,-7.3715675304105854,7.9624111009827008
1,1,Fz,W0,0.1015625,-0.25294629309434485,-7.5014021313176578,7.8563384714764446
1,1,Fz,W0,0.10546875,-0.52250461155589312,-7.6392649424228889,7.7565070152329163
1,1,Fz,W0,0.109375,-0.86778272101189047,-8.0383525806787528,7.6373998223241975
1,1,Fz,W0,0.11328125,-1.2576944045325631,-8.6380102510683283,7.5186422551537815
1,1,Fz,W0,0.1171875,-1.6395073014698136,-9.217626151831027,7.3596177230368465
1,1,Fz,W0,0.12109375,-1.9550019432943633,-9.7535535726683165,7.3265025977588145
1,1,Fz,W0,0.125,-2.1625676505111007,-10.104739229736724,7.1072422570520386
1,1,Fz,W0,0.12890625,-2.2516633486883975,-10.36607111834371,7.1143447820877519
1,1,Fz,W0,0.1328125,-2.2436063306284275,-10.38354351281963,7.2055037115882783
1,1,Fz,W0,0.13671875,-2.1824255898818632,-10.364700386288531,7.4699018939475907
1,1,Fz,W0,0.140625,-2.1223214832713007,-10.367068907912437,7.7074365417580841
1,1,Fz,W0,0.14453125,-2.115172900227563,-10.363302994569851,7.6407405994505355
1,1,Fz,W0,0.1484375,-2.1986775702696111,-10.392197924221335,7.347961244045087
1,1,Fz,W0,0.15234375,-2.3853213233093453,-10.683460742336964,7.2211783611841414
1,1,Fz,W0,0.15625,-2.6530020647598311,-11.019528726710567,6.7667488981242467
1,1,Fz,W0,0.16015625,-2.9397398537199186,-11.303761280983602,6.4029736788858997
1,1,Fz,W0,0.1640625,-3.1483651060802011,-11.431089720724023,6.1310381169750077
1,1,Fz,W0,0.16796875,-3.1690211289531098,-11.352578504521679,6.1255873082289254
1,1,Fz,W0,0.171875,-2.920371116270005,-11.013492759126528,6.2333601028963255
1,1,Fz,W0,0.17578125,-2.3941169690548834,-10.375191708511522,6.3943619696556571
1,1,Fz,W0,0.1796875,-1.6760501357052915,-9.5835476767030752,7.0880360576017427
1,1,Fz,W0,0.18359375,-0.92568493070329361,-8.8473007019887344,7.8178533988717618
1,1,Fz,W0,0.1875,-0.32111194551598943,-8.3933600786049265,8.3844188533150668
1,1,Fz,W0,0.19140625,0.0044157481438670777,-8.2586392177609813,8.8061062501180558
1,1,Fz,W0,0.1953125,0.0055055393059794356,-8.2159684110532556,8.9586390109140837
1,1,Fz,W0,0.19921875,-0.26931164889274672,-8.6387475624180219,8.9168994755496165
1,1,Fz,W0,0.203125,-0.70742060594767997,-9.2017312099308501,8.4261518589330819
1,1,Fz,W0,0.20703125,-1.1801481874892006,-9.7520637985204193,8.0631546514631136
1,1,Fz,W0,0.2109375,-1.5838536685336189,-10.473778612845132,8.1246047988567334
1,1,Fz,W0,0.21484375,-1.8578127967890641,-11.094305497925019,8.0366048783478501
1,1,Fz,W0,0.21875,-1.9811623176793707,-11.244559272251145,7.8207378600524136
1,1,Fz,W0,0.22265625,-1.9621944335299291,-11.236745274775437,7.7042941437782853
1,1,Fz,W0,0.2265625,-1.8296681863712143,-10.99582186114994,7.7989148173673426
1,1,Fz,W0,0.23046875,-1.6274234395573886,-10.827671986902468,8.1317838799853135
1,1,Fz,W0,0.234375,-1.4104181685009591,-10.736127000589617,8.5454265206245701
1,1,Fz,W0,0.23828125,-1.2399288234206109,-10.733345130806976,8.886272806972956
1,1,Fz,W0,0.2421875,-1.1729501362304251,-10.633873311104708,9.0338598455233896
1,1,Fz,W0,0.24609375,-1.2406189287806171,-10.882419758074958,8.9026510731409214
1,1,Fz,W0,0.25,-1.4205166588753588,-11.259705567338916,8.5637564709420264
1,1,Fz,W0,0.25390625,-1.6225614891716393,-11.444358572493451,8.1921140729039923
1,1,Fz,W0,0.2578125,-1.710232037086435,-11.627140627689904,7.9123030066168205
1,1,Fz,W0,0.26171875,-1.5584740838905118,-11.355110164191407,7.8447045605196575
1,1,Fz,W0,0.265625,-1.1202624974041211,-10.898477391057305,8.0145708505480275
1,1,Fz,W0,0.26953125,-0.46139668401970924,-10.216980271607643,8.6716838680163111
1,1,Fz,W0,0.2734375,0.26006495599902041,-9.3416935320727834,9.5035229982837031
1,1,Fz,W0,0.27734375,0.86069416110537766,-8.6927453228084346,10.24303446549086
1,1,Fz,W0,0.28125,1.2111121927527275,-8.1611165598820037,10.67125913397653
1,1,Fz,W0,0.28515625,1.2900866314965544,-7.9978670618140377,10.664284168581336
1,1,Fz,W0,0.2890625,1.1901139422692841,-8.1212553243048973,10.577499283297115
1,1,Fz,W0,0.29296875,1.0750706078093428,-8.3465680323983751,10.494841785405708
1,1,Fz,W0,0.296875,1.1113455722522232,-8.1764100580067343,10.350598117099144
1,1,Fz,W0,0.30078125,1.4025550563544062,-7.876128736021637,10.330444874816409
1,1,Fz,W0,0.3046875,1.9531911885120656,-7.1657029493145634,10.56197267928937
1,1,Fz,W0,0.30859375,2.6726669139452075,-6.258964047500938,11.107753325901887
1,1,Fz,W0,0.3125,3.4136144332898937,-5.4086549636973515,11.732315413953021
1,1,Fz,W0,0.31640625,4.024451122545913,-4.6408993296054826,12.301916252663245
1,1,Fz,W0,0.3203125,4.3944171576222759,-4.2865003011625697,12.783243843453134
1,1,Fz,W0,0.32421875,4.4798223055697317,-4.0928373343804774,13.050146000121737
1,1,Fz,W0,0.328125,4.3116721268638107,-4.1900559847806331,12.983682358984723
1,1,Fz,W0,0.33203125,3.9861867982849617,-4.489039780044549,12.813536462926097
1,1,Fz,W0,0.3359375,3.6358447891992536,-4.9196369316896966,12.622812656847083
1,1,Fz,W0,0.33984375,3.3838286689168249,-5.3107362437869421,12.405075636257751
1,1,Fz,W0,0.34375,3.299052986273872,-5.5109847465411601,12.347196008721927
1,1,Fz,W0,0.34765625,3.3743228503181051,-5.4384348341826358,12.31379152494609
1,1,Fz,W0,0.3515625,3.5369364491135737,-5.1885348069004227,12.210713680141851
1,1,Fz,W0,0.35546875,3.6823498183918226,-4.9419921538955496,12.230388266938299
1,1,Fz,W0,0.359375,3.7137041895286664,-4.905014109792595,12.212280435109722
1,1,Fz,W0,0.36328125,3.5725336377425001,-5.1862833171392149,11.982821748050672
1,1,Fz,W0,0.3671875,3.2503652956149933,-5.4939573807919455,11.789880539757132
1,1,Fz,W0,0.37109375,2.7773216721380005,-6.1998052405418305,11.700056524879315
1,1,Fz,W0,0.375,2.1957122245013316,-6.9944987599694324,11.304742610575627
1,1,Fz,W0,0.37890625,1.5371105244829617,-7.803911771629549,10.610873256166196
1,1,Fz,W0,0.3828125,0.81869199731500586,-8.4079673054130346,9.7789688812676676
1,1,Fz,W0,0.38671875,0.058815342820402301,-8.8341015347037857,8.8934790952653167
1,1,Fz,W0,0.390625,-0.70328916102573269,-9.1490941352880739,8.1057616567943374
1,1,Fz,W0,0.39453125,-1.4016302223709749,-9.8653201362359191,7.486870398182992
1,1,Fz,W0,0.3984375,-1.9600117752707187,-10.391525515888951,7.058010549537431
1,1,Fz,W0,0.40234375,-2.325813822830241,-10.909064818026927,6.8405797117055238
1,1,Fz,W0,0.40625,-2.5043716908499811,-11.387671546843331,6.5891097201269435
1,1,Fz,W0,0.41015625,-2.5733753339054486,-11.458389862926927,6.2735717866203498
1,1,Fz,W0,0.4140625,-2.6635311302176832,-11.475468691723409,6.0809836529316623
1,1,Fz,W0,0.41796875,-2.908798648971743,-11.945615634649027,5.8884588696259383
1,1,Fz,W0,0.421875,-3.3885301678340687,-12.413032847799862,5.2690626799147617
1,1,Fz,W0,0.42578125,-4.0910544517191338,-13.073869935113866,4.6736112748487031
1,1,Fz,W0,0.4296875,-4.9168373834368246,-13.91097567205547,3.7873772386900613
1,1,Fz,W0,0.43359375,-5.7178226508250605,-14.788758824517126,3.1254971022484708
1,1,Fz,W0,0.4375,-6.3528197750275766,-15.485188024616315,2.4469361485981849
1,1,Fz,W0,0.44140625,-6.7344791528117467,-15.725391301618821,2.0608185478954741
1,1,Fz,W0,0.4453125,-6.8505880192377369,-15.596057804357304,1.8438232391982736
1,1,Fz,W0,0.44921875,-6.7564296409635736,-15.404777648048832,1.7595106334996924
1,1,Fz,W0,0.453125,-6.5479313132027093,-15.277293945519711,1.7656559731483832
1,1,Fz,W0,0.45703125,-6.3297738512984436,-15.082872591391247,1.7837172531168015
1,1,Fz,W0,0.4609375,-6.1887536702637131,-14.834580777051364,1.8258886113464774
1,1,Fz,W0,0.46484375,-6.1770800468465099,-14.666383810723598,1.7365350288676786
1,1,Fz,W0,0.46875,-6.3061941936944699,-14.732837009985227,1.6009994916086401
1,1,Fz,W0,0.47265625,-6.5480555604205577,-15.065198372125279,1.1705097482738323
1,1,Fz,W0,0.4765625,-6.8403719898383626,-15.480493725624878,0.70149489810617016
1,1,Fz,W0,0.48046875,-7.0978514213700254,-15.849441649209112,0.4216110417700859
1,1,Fz,W0,0.484375,-7.2351243026563354,-15.853700491480128,0.36126607192467836
1,1,Fz,W0,0.48828125,-7.1982418498950338,-15.716848831369362,0.38532105702109115
1,1,Fz,W0,0.4921875,-6.9881815356505985,-15.469594075388574,0.6046627193258215
1,1,Fz,W0,0.49609375,-6.6608095295505327,-15.046261357630753,0.83101006891968976
1,1,Fz,W0,0.5,-6.3055272000459652,-14.640600318227252,1.3103032176128999
1,1,Fz,W0,0.50390625,-6.0182967147236832,-14.292786672828786,1.672949170197104
1,1,Fz,W0,0.5078125,-5.8787890464793415,-14.133351785653362,1.7529417507663774
1,1,Fz,W0,0.51171875,-5.9293093898500757,-14.124127368276106,1.7046485282487018
1,1,Fz,W0,0.515625,-6.1558452924391185,-14.302743547353316,1.3651802345723343
1,1,Fz,W0,0.51953125,-6.4838710644980928,-14.640647225602557,1.2151184010500218
1,1,Fz,W0,0.5234375,-6.8000926986376529,-14.895490561006943,0.93849547538636235
1,1,Fz,W0,0.52734375,-6.9925930217749688,-15.02376321892209,0.72179070631294617
1,1,Fz,W0,0.53125,-6.9879136120667837,-15.025586509061625,0.64043348323238891
1,1,Fz,W0,0.53515625,-6.7686644582606759,-14.838419138267307,0.94555188640005483
1,1,Fz,W0,0.5390625,-6.3691778668999257,-14.424507836599826,1.2021445902573487
1,1,Fz,W0,0.54296875,-5.8556444800038987,-14.066439137592006,1.8594242510824794
1,1,Fz,W0,0.546875,-5.3003088661929061,-13.422064961737496,2.1409929218669705
1,1,Fz,W0,0.55078125,-4.760334521231032,-12.629785642154479,2.4717778211822488
1,1,Fz,W0,0.5546875,-4.2689323125317111,-12.00533226135123,2.8315810835487714
1,1,Fz,W0,0.55859375,-3.8379418731154242,-11.718038670025802,3.1965607252922399
1,1,Fz,W0,0.5625,-3.464302386605262,-11.353128041294312,3.6588597873399089
1,1,Fz,W0,0.56640625,-3.1353998009747093,-11.020657267627868,4.1736067052194494
1,1,Fz,W0,0.5703125,-2.8353270858886397,-11.183858089048151,4.679942550138672
1,1,Fz,W0,0.57421875,-2.5537741001015051,-11.302550656615137,5.0915843267822334
1,1,Fz,W0,0.578125,-2.2916946378348455,-11.471376398706379,5.4575840810961838
1,1,Fz,W0,0.58203125,-2.0561131564768034,-11.310754605226482,5.6443205647649988
1,1,Fz,W0,0.5859375,-1.8457899560167468,-10.8945392473754,5.5008875711057232
1,1,Fz,W0,0.58984375,-1.6391478506322232,-10.32136663548544,5.2711102188160712
1,1,Fz,W0,0.59375,-1.3949112328537929,-9.907326348731857,5.4028278596234838
1,1,Fz,W0,0.59765625,-1.0667721067012705,-9.6276417281589346,5.9871657919921937
1,1,Fz,W0,0.6015625,-0.62464568617653293,-9.2232172992492814,6.3358647045360845
1,1,Fz,W0,0.60546875,-0.070572520650099571,-8.8295178488484662,7.2362653538892712
1,1,Fz,W0,0.609375,0.56109568306112123,-8.6265631931742437,8.2789021170662149
1,1,Fz,W0,0.61328125,1.220047811828973,-8.0710845982049655,9.4804443108040726
1,1,Fz,W0,0.6171875,1.8620368716947957,-7.3679394245508192,10.598983515582328
1,1,Fz,W0,0.62109375,2.463014659093544,-6.8946929085751849,11.80743056024999
1,1,Fz,W0,0.625,3.0199584696535298,-6.5317705127486416,13.031697422697189
1,1,Fz,W0,0.62890625,3.5428759620932748,-6.3879900075850751,13.861111934201237
1,1,Fz,W0,0.6328125,4.0462760373818183,-6.2001331849733363,14.75436359785148
1,1,Fz,W0,0.63671875,4.5451439145371841,-6.0054818640574528,15.441207060241604
1,1,Fz,W0,0.640625,5.0540704874801907,-5.6281599013774484,16.111391301453267
1,1,Fz,W0,0.64453125,5.5845528270149343,-4.9318292105043531,16.57080525028131
1,1,Fz,W0,0.6484375,6.1380246799470761,-4.2047720400844915,16.92945581832177
1,1,Fz,W0,0.65234375,6.6987936870496601,-3.2869026157116745,17.031734262476661
1,1,Fz,W0,0.65625,7.2356296313890764,-2.2358336893988078,17.163720095068115
1,1,Fz,W0,0.66015625,7.716529515916978,-1.2127773038340099,17.187003532895041
1,1,Fz,W0,0.6640625,8.1278237704331762,-0.72724067282308791,17.075088587210256
1,1,Fz,W0,0.66796875,8.4793116155945611,-0.30094429542788192,17.017641044514836
1,1,Fz,W0,0.671875,8.787244495696374,0.015420465452474191,17.053442589312148
1,1,Fz,W0,0.67578125,9.0503895404744092,0.37996525693262118,17.358254110821434
1,1,Fz,W0,0.6796875,9.2434996072393361,0.57079777311946567,17.672726820153454
1,1,Fz,W0,0.68359375,9.3348515239884264,0.68929983306604359,17.572099605940739
1,1,Fz,W0,0.6875,9.3116171865790758,0.87583167079090307,17.606628000259136
1,1,Fz,W0,0.69140625,9.1937085060684307,1.2602106676141458,17.329301372531571
1,1,Fz,W0,0.6953125,9.0302355463450787,1.5565761969892942,16.825950616748969
1,1,Fz,W0,0.69921875,8.8838736349627077,1.6607335523395093,16.621534844258317
1,1,Fz,W0,0.703125,8.8106380994160247,1.9629473153011683,16.362995231034972
1,1,Fz,W0,0.70703125,8.842793562076281,2.1319154202419606,16.282011621845399
1,1,Fz,W0,0.7109375,8.9832451436297251,2.6707153220760085,16.170147898976552
1,1,Fz,W0,0.71484375,9.2142410281754081,3.2808204879795007,15.854623853814589
1,1,Fz,W0,0.71875,9.5118176610491503,3.9583566711912899,15.611914680971143
1,1,Fz,W0,0.72265625,9.8536348267018443,4.7257612914072578,15.31907944752858
1,1,Fz,W0,0.7265625,10.218823879532705,5.5883719478069489,15.202352514977672
1,1,Fz,W0,0.73046875,10.589785374461581,6.4585184705536145,15.139790057590414
1,1,Fz,W0,0.734375,10.960594968656958,6.9612289653900588,15.120886722178485
1,1,Fz,W0,0.73828125,11.341653079881205,7.3718295188664991,15.427272625467694
1,1,Fz,W0,0.7421875,11.747758768872236,7.7957591415061707,15.790934608952686
1,1,Fz,W0,0.74609375,12.173858140042297,8.109914281058801,16.288106383474496
1,1,Fz,W0,0.75,12.580860017737308,8.3280066011153622,16.767310767081533
1,1,Fz,W0,0.75390625,12.911033483772071,8.6478079681083031,17.117093648499544
1,1,Fz,W0,0.7578125,13.127898837242212,8.823464396240702,17.326054159264821
1,1,Fz,W0,0.76171875,13.250832625849185,8.7688937584145421,17.564222264531164
1,1,Fz,W0,0.765625,13.353266930591715,8.8554827316656173,17.939625669409484
1,1,Fz,W0,0.76953125,13.51970645242616,8.8005117952146925,18.470535585774627
1,1,Fz,W0,0.7734375,13.790780287419492,8.9042074775419451,19.100162475381854
1,1,Fz,W0,0.77734375,14.137932014701331,8.8220507282240082,19.745095126519711
1,1,Fz,W0,0.78125,14.487760022544576,8.811269539456255,20.352432678964405
1,1,Fz,W0,0.78515625,14.777646126448992,8.6191377627819126,20.82492577550747
1,1,Fz,W0,0.7890625,15.000363304081556,8.1767644477902657,21.198865849720494
1,1,Fz,W0,0.79296875,15.203962850632818,7.7392664873685622,21.528734426749782
1,1,Fz,W0,0.796875,15.447077777726049,7.8160508185552109,22.050995961073667
1,1,F3,W0,-0.19921875,0.010622275690504225,-3.7777872768387071,4.100227673797848
1,1,F3,W0,-0.1953125,0.21567295507367051,-3.1783900723026961,3.8265161224014332
1,1,F3,W0,-0.19140625,0.45030121854764182,-2.6931853596296027,3.7917519725667703
1,1,F3,W0,-0.1875,0.67082873551623856,-2.2872290841060661,3.6308997416956332
1,1,F3,W0,-0.18359375,0.82276596983482142,-1.9224739236256665,3.5591700040527123
1,1,F3,W0,-0.1796875,0.86692939994776952,-1.7585198765298795,3.3732209900754708
1,1,F3,W0,-0.17578125,0.79752800845513416,-1.7592458840204532,3.1954814253590644
1,1,F3,W0,-0.171875,0.63930217305769832,-1.9141321233084585,2.9755804805410513
1,1,F3,W0,-0.16796875,0.43198041715919427,-2.1821065258892145,2.8092862641735148
1,1,F3,W0,-0.1640625,0.21648018688165063,-2.4468617776067902,2.6465427870760276
1,1,F3,W0,-0.16015625,0.028019364510797475,-2.7259911384569242,2.6289101973211761
1,1,F3,W0,-0.15625,-0.10746601646323124,-2.9734162674076532,2.5373719089848441
1,1,F3,W0,-0.15234375,-0.17821238039624068,-2.9563983627020316,2.4156463242034714
1,1,F3,W0,-0.1484375,-0.19273666213383289,-2.6828925614845085,2.2350952416257002
1,1,F3,W0,-0.14453125,-0.18085902566453865,-2.3410713622055126,1.9916400812694244
1,1,F3,W0,-0.140625,-0.18334696904848147,-1.8566780036063024,1.66751760439584
1,1,F3,W0,-0.13671875,-0.23373504782728424,-1.6738417383631099,1.357974136250885
1,1,F3,W0,-0.1328125,-0.34523262723574849,-1.6712003613984934,1.1646306164428502
1,1,F3,W0,-0.12890625,-0.51150985630239942,-1.6914603917997426,0.72969774273846688
1,1,F3,W0,-0.125,-0.7157341705855389,-1.6215336986150477,0.24225719904007337
1,1,F3,W0,-0.12109375,-0.93459580516586027,-1.688875416361836,-0.20560135469138574
1,1,F3,W0,-0.1171875,-1.1324320293271131,-2.0001351054308509,-0.40226062606198243
1,1,F3,W0,-0.11328125,-1.2545103584923005,-2.4441778292511334,-0.2581386283037253
1,1,F3,W0,-0.109375,-1.2326962333394023,-2.6756694045947631,-0.0069316112213449682
1,1,F3,W0,-0.10546875,-1.0084512374639751,-2.5118862474573764,0.31122765230813776
1,1,F3,W0,-0.1015625,-0.5647644546862044,-2.0638685440872924,0.87758950424330517
1,1,F3,W0,-0.09765625,0.051088850713997248,-1.3355864787932958,1.4304691608503939
1,1,F3,W0,-0.09375,0.73069065765823815,-0.67088840308184683,2.0589688561698454
1,1,F3,W0,-0.08984375,1.3367647172219288,-0.18127480118241479,2.7491298267670765
1,1,F3,W0,-0.0859375,1.7509275412130896,0.25440829488399447,3.3556776651225926
1,1,F3,W0,-0.08203125,1.9136998619413663,0.26956509913945309,3.6310864236152636
1,1,F3,W0,-0.078125,1.8371595182412934,-0.0017053239312521083,3.7965810467285297
1,1,F3,W0,-0.07421875,1.587041806532165,-0.52670461619897135,3.7460266521806522
1,1,F3,W0,-0.0703125,1.2502528780983715,-1.0209031222086096,3.6731894646307328
1,1,F3,W0,-0.06640625,0.90865179959496434,-1.5610139855366032,3.4185761131407468
1,1,F3,W0,-0.0625,0.62682113528454286,-1.8109995568061115,3.3101591656631593
1,1,F3,W0,-0.05859375,0.44717705749304382,-1.7255023734321122,3.0246211461912837
1,1,F3,W0,-0.0546875,0.3838980188333514,-1.5257434601352651,2.6694918165806234
1,1,F3,W0,-0.05078125,0.41410254303309474,-1.2966979302974251,2.3507477663350818
1,1,F3,W0,-0.046875,0.47331830830333743,-1.0490925189130853,2.1023776466423536
1,1,F3,W0,-0.04296875,0.46781165824207349,-1.1953671323710802,2.1859836298949666
1,1,F3,W0,-0.0390625,0.3101330478160787,-1.6494063456175938,2.154135721365781
1,1,F3,W0,-0.03515625,-0.035392255432059108,-2.2787542268274241,2.0693757568567124
1,1,F3,W0,-0.03125,-0.52603555723370032,-3.0742076483277678,1.8022505868301584
1,1,F3,W0,-0.02734375,-1.0536893806687904,-3.8133723256502177,1.4602365891037148
1,1,F3,W0,-0.0234375,-1.4911536655216986,-4.3828722888329228,1.345918505651263
1,1,F3,W0,-0.01953125,-1.7440839638886616,-4.7070307615552789,1.1812191467334066
1,1,F3,W0,-0.015625,-1.7828023102907296,-4.6128497933640675,1.2944941315512029
1,1,F3,W0,-0.01171875,-1.6447749266925544,-4.2482734720062956,1.3011697558371402
1,1,F3,W0,-0.0078125,-1.4120496394650968,-3.82698582568334,1.215283572290363
1,1,F3,W0,-0.00390625,-1.1737055315706408,-3.4106624271529999,1.1937288793164624
1,1,F3,W0,0,-0.98813727511071114,-3.0328608244364017,1.2048987009186447
1,1,F3,W0,0.00390625,-0.86323233190183934,-2.9822763808349215,1.293042263342028
1,1,F3,W0,0.0078125,-0.76439226270932314,-3.0440200493875227,1.7281916364401335
1,1,F3,W0,0.01171875,-0.6422235685259482,-3.125739503907377,2.2887567639035944
1,1,F3,W0,0.015625,-0.46173831743472815,-3.1784314077043119,2.7671215532532636
1,1,F3,W0,0.01953125,-0.22126465805240314,-3.0870321621715182,3.1713919582177912
1,1,F3,W0,0.0234375,0.042845606586351358,-2.8862738424820531,3.5686438958508875
1,1,F3,W0,0.02734375,0.26949469166699835,-2.6483626073642847,3.8557678439731395
1,1,F3,W0,0.03125,0.40292023633709656,-2.46499587159389,3.9292026208207611
1,1,F3,W0,0.03515625,0.42308594895817758,-2.2992327202313265,3.928171805332465
1,1,F3,W0,0.0390625,0.35353499506095448,-2.3314874341441119,3.8557658931557111
1,1,F3,W0,0.04296875,0.24067155688547825,-2.4872445625515609,3.7441609649740979
1,1,F3,W0,0.046875,0.12220915572480849,-2.7136429440845902,3.6188949330460574
1,1,F3,W0,0.05078125,0.0085412715868457643,-2.9524031628938445,3.5981294977617968
1,1,F3,W0,0.0546875,-0.11296497584928909,-3.2308835202601145,3.7266516596312651
1,1,F3,W0,0.05859375,-0.2578915474921894,-3.5219238537910988,3.7098578174492456
1,1,F3,W0,0.0625,-0.42437518531168489,-3.7242571868154397,3.619949606820172
1,1,F3,W0,0.06640625,-0.58611253628960258,-3.9544223017356264,3.6413568716130538
1,1,F3,W0,0.0703125,-0.70392113322801264,-4.1441229984113326,3.6363597709334208
1,1,F3,W0,0.07421875,-0.74970713976978898,-4.1851867769046835,3.9420522712718387
1,1,F3,W0,0.078125,-0.72789317309451829,-4.0738621759819775,4.3051273867664639
1,1,F3,W0,0.08203125,-0.6791426283677291,-4.0811472581204065,4.5021838693449698
1,1,F3,W0,0.0859375,-0.66170090134965454,-4.1721334187668084,4.6209912444964392
1,1,F3,W0,0.08984375,-0.72068997465620632,-4.2993799440891571,4.5989981802393691
1,1,F3,W0,0.09375,-0.86504224887016867,-4.3707446688936944,4.7295660745283792
1,1,F3,W0,0.09765625,-1.0682939418610682,-4.7575022383552659,4.6748328202528402
1,1,F3,W0,0.1015625,-1.2927595938987251,-5.0081964592551174,4.4917077149514313
1,1,F3,W0,0.10546875,-1.5174122644531753,-5.3142815445104503,4.295580619954289
1,1,F3,W0,0.109375,-1.7465841851633515,-5.7285678063626593,4.1458402036985582
1,1,F3,W0,0.11328125,-1.995203321574978,-5.965506128063784,3.941280348323303
1,1,F3,W0,0.1171875,-2.2676943700555205,-6.2279888496080815,3.8795515667648726
1,1,F3,W0,0.12109375,-2.5492644647721967,-6.6131417822614234,3.9219396259106025
1,1,F3,W0,0.125,-2.811973432920845,-6.973921447567033,3.9613576335148926
1,1,F3,W0,0.12890625,-3.0252504741120454,-7.4331336060230839,4.0120785468671514
1,1,F3,W0,0.1328125,-3.1634851493990594,-7.7151946168173842,4.0650220887181705
1,1,F3,W0,0.13671875,-3.2125811628873446,-7.9120333153616151,4.025620100971496
1,1,F3,W0,0.140625,-3.1788815118983305,-8.2032045904865232,4.1075458638159548
1,1,F3,W0,0.14453125,-3.0971164862507532,-8.0309180014356834,4.1588392479677196
1,1,F3,W0,0.1484375,-3.0285305739366515,-8.0276881030043068,4.2968100816006451
1,1,F3,W0,0.15234375,-3.0427621963728702,-8.1133734742881689,4.4138330017741181
1,1,F3,W0,0.15625,-3.1865152601471949,-8.3665482393786057,4.4484003062788666
1,1,F3,W0,0.16015625,-3.4522826867157113,-8.6459432026038723,4.3948944716518534
1,1,F3,W0,0.1640625,-3.7644863387818592,-9.2472710061436327,4.3419785344413739
1,1,F3,W0,0.16796875,-3.9961039373369243,-9.6885225445651564,4.3441732302535243
1,1,F3,W0,0.171875,-4.0168706721337166,-9.7105696946694202,4.4494498709847132
1,1,F3,W0,0.17578125,-3.7562666730191392,-9.2026900509928922,4.6693525794976241
1,1,F3,W0,0.1796875,-3.2500927176517034,-8.5280228966783689,5.024532876304443
1,1,F3,W0,0.18359375,-2.6426140011167707,-7.9589743195076883,5.4145738604011635
1,1,F3,W0,0.1875,-2.1380019807316755,-7.2677411505960094,5.5854391612758558
1,1,F3,W0,0.19140625,-1.9204674130032011,-6.9549035790589997,5.5787079771122627
1,1,F3,W0,0.1953125,-2.0787836832488424,-6.979825619799203,5.271603809331241
1,1,F3,W0,0.19921875,-2.571664792454182,-7.4209673935997138,4.6912795891461689
1,1,F3,W0,0.203125,-3.2518344443013714,-8.2623752447337999,3.9382412102465372
1,1,F3,W0,0.20703125,-3.9338996580147714,-9.1714700013998289,3.450210525067976
1,1,F3,W0,0.2109375,-4.4659136814840616,-9.9873377746577674,3.0733250538952133
1,1,F3,W0,0.21484375,-4.7684581435904594,-10.425452511469862,2.9177853462510486
1,1,F3,W0,0.21875,-4.8338648223034948,-10.401697919204581,3.0578882467592354
1,1,F3,W0,0.22265625,-4.7037997631787869,-10.514832435701132,3.2219309349764877
1,1,F3,W0,0.2265625,-4.4464129629102649,-10.539426738769407,3.4436834361800459
1,1,F3,W0,0.23046875,-4.1416647738175065,-10.274626894385072,3.7197480609299336
1,1,F3,W0,0.234375,-3.8721712339885039,-9.9733378744706922,4.028449315858583
1,1,F3,W0,0.23828125,-3.713498440137152,-9.9458585384348659,4.4752644608036487
1,1,F3,W0,0.2421875,-3.7192047570616338,-9.9959181539510311,4.6740302555396838
1,1,F3,W0,0.24609375,-3.8998546802605203,-10.183787713380651,4.7796343294098111
1,1,F3,W0,0.25,-4.2030083008697066,-10.605114825878735,4.815856575032412
1,1,F3,W0,0.25390625,-4.510530511077933,-10.860745674815442,4.6395684155030716
1,1,F3,W0,0.2578125,-4.6697597797469683,-10.912491672566432,4.4164964728181459
1,1,F3,W0,0.26171875,-4.5570394389356448,-10.585186332230059,4.4827526326441616
1,1,F3,W0,0.265625,-4.144461791296087,-10.214491644565721,4.845535593893012
1,1,F3,W0,0.26953125,-3.5276670205300191,-9.5814227626903126,5.6372916421217685
1,1,F3,W0,0.2734375,-2.8906622519114427,-8.8961468465209066,6.4056907621983568
1,1,F3,W0,0.27734375,-2.422765893311531,-8.6974174053751785,7.1176132419029621
1,1,F3,W0,0.28125,-2.2335462786298779,-8.8746387214238514,7.6203800933488566
1,1,F3,W0,0.28515625,-2.3111114525386065,-9.2170994975319687,7.8822983073699273
1,1,F3,W0,0.2890625,-2.5398141970749202,-9.5491343712324426,7.7485645386878899
1,1,F3,W0,0.29296875,-2.7590415924282632,-9.731345676967889,7.5890311588571642
1,1,F3,W0,0.296875,-2.8285751601340561,-9.7538860476878497,7.5662917002417762
1,1,F3,W0,0.30078125,-2.6732288551177987,-9.8623523302423024,7.8938273229665779
1,1,F3,W0,0.3046875,-2.2981033501119712,-9.8434862570764725,8.5197304926352722
1,1,F3,W0,0.30859375,-1.7802338787196808,-9.5840372951220889,9.300380254885626
1,1,F3,W0,0.3125,-1.2453443035129033,-9.2593712475421004,9.8858793518118713
1,1,F3,W0,0.31640625,-0.83407441261850068,-8.7927309758496275,10.377602813540902
1,1,F3,W0,0.3203125,-0.66000073081869171,-8.4239489628629833,10.644265809111614
1,1,F3,W0,0.32421875,-0.76692367304275888,-8.3567379818362166,10.661842653575523
1,1,F3,W0,0.328125,-1.1017495351499447,-8.7546215251813013,10.365400292304319
1,1,F3,W0,0.33203125,-1.5230079245590928,-9.1849993502714877,10.076884300954939
1,1,F3,W0,0.3359375,-1.8534022071485978,-9.4988346000745079,9.7741260114130117
1,1,F3,W0,0.33984375,-1.9570441981029552,-9.5435377176060321,9.6641079170087671
1,1,F3,W0,0.34375,-1.7991947638568691,-9.4356973532307649,9.8453296942505322
1,1,F3,W0,0.34765625,-1.4546716849411616,-9.1362624154005019,10.107146680656255
1,1,F3,W0,0.3515625,-1.0658223670601465,-8.7456754621389852,10.416126149803699
1,1,F3,W0,0.35546875,-0.77862751637751493,-8.4049049176725674,10.563692892662168
1,1,F3,W0,0.359375,-0.68727440741217105,-8.2229295775133249,10.476776237729986
1,1,F3,W0,0.36328125,-0.80608413371201681,-8.2183607180276059,10.197487255587946
1,1,F3,W0,0.3671875,-1.0779262479041245,-8.5896680141144053,10.022272628614409
1,1,F3,W0,0.37109375,-1.4164112882854454,-8.888086486317718,10.014916005049583
1,1,F3,W0,0.375,-1.7600369259126745,-9.2671289550490297,9.9780356948616422
1,1,F3,W0,0.37890625,-2.1037570066974598,-9.8440875201477862,9.8766512771960961
1,1,F3,W0,0.3828125,-2.4860534589414103,-10.339372529973531,9.6267559183249798
1,1,F3,W0,0.38671875,-2.9426405682981334,-10.867518532969795,9.197807937307342
1,1,F3,W0,0.390625,-3.4627006426401232,-11.679318581111703,8.6717785156601721
1,1,F3,W0,0.39453125,-3.9791381101675363,-12.301103253012947,8.1818768577545562
1,1,F3,W0,0.3984375,-4.3987044774153388,-12.799005807732982,7.7387361085139279
1,1,F3,W0,0.40234375,-4.6538082806521546,-12.968762209830954,7.3383036658989038
1,1,F3,W0,0.40625,-4.7481397179018252,-13.057861369652175,6.8646679035695195
1,1,F3,W0,0.41015625,-4.77153518439812,-12.993047486136778,6.4179122338998873
1,1,F3,W0,0.4140625,-4.87242608879765,-12.892746671631405,5.8929518678604227
1,1,F3,W0,0.41796875,-5.1965792490881544,-13.076529410359836,5.2331779584004829
1,1,F3,W0,0.421875,-5.8201865654572336,-13.661435718647436,4.4230495223163242
1,1,F3,W0,0.42578125,-6.7105171778680042,-14.536711960038829,3.573589209101943
1,1,F3,W0,0.4296875,-7.7331803180962835,-15.651566903983831,2.7701076701026244
1,1,F3,W0,0.43359375,-8.7008033236220914,-16.783702550700273,2.1778893461565731
1,1,F3,W0,0.4375,-9.4388645560487348,-17.680840643716035,1.8732199207655928
1,1,F3,W0,0.44140625,-9.8398016153926022,-18.375431013683475,1.950006147621768
1,1,F3,W0,0.4453125,-9.8864120536373505,-18.456280279783485,2.1026216836377851
1,1,F3,W0,0.44921875,-9.6429086830759676,-18.02590898681575,2.4492107604530271
1,1,F3,W0,0.453125,-9.224810195847045,-17.44441630154045,2.8159785603024901
1,1,F3,W0,0.45703125,-8.7602864575183599,-16.885245728311755,3.081854799832215
1,1,F3,W0,0.4609375,-8.3530279438744195,-16.396539106775446,3.4919029488634132
1,1,F3,W0,0.46484375,-8.058351125169418,-16.030346254703176,3.8118512015471495
1,1,F3,W0,0.46875,-7.8825999293393227,-15.914513082724225,3.7208527719627926
1,1,F3,W0,0.47265625,-7.8026049778404154,-16.022993384856552,3.7144825064477911
1,1,F3,W0,0.4765625,-7.7882461371343732,-16.285601473206576,3.6420091326955291
1,1,F3,W0,0.48046875,-7.8133126118111749,-16.391752320659062,3.5934957598765731
1,1,F3,W0,0.484375,-7.8544140290798259,-16.459660343533329,3.6024707928714221
1,1,F3,W0,0.48828125,-7.887359943138561,-16.514178674847816,3.6293638524804317
1,1,F3,W0,0.4921875,-7.8876751844628838,-16.369448532284814,3.6458519000899043
1,1,F3,W0,0.49609375,-7.8357604276278474,-16.144169056888398,3.551739618435418
1,1,F3,W0,0.5,-7.7265686319703004,-15.831227919754962,3.438809224913367
1,1,F3,W0,0.50390625,-7.5826470802601094,-15.515480272009057,3.591245327777433
1,1,F3,W0,0.5078125,-7.4598209069383916,-15.331193328502165,3.8458218885371895
1,1,F3,W0,0.51171875,-7.4284113377434027,-15.509262209634935,3.9255040435976176
1,1,F3,W0,0.515625,-7.5295961016842865,-15.752633699636887,3.8884484379152173
1,1,F3,W0,0.51953125,-7.7369144209156069,-15.848813303537366,3.6903817701732899
1,1,F3,W0,0.5234375,-7.9590235878504911,-15.975846413165693,3.2609622040032029
1,1,F3,W0,0.52734375,-8.0870572167945891,-16.02685809195583,2.7364626396042651
1,1,F3,W0,0.53125,-8.052132606395201,-15.853270444731002,2.5191994711005687
1,1,F3,W0,0.53515625,-7.8535856330999749,-15.645508052121491,2.7453066974342542
1,1,F3,W0,0.5390625,-7.5443063948283786,-15.470057882118134,2.7011961456426903
1,1,F3,W0,0.54296875,-7.188911372384128,-15.228360842316768,2.8666592000962385
1,1,F3,W0,0.546875,-6.8246918773115777,-14.938981662147576,3.2728411904924766
1,1,F3,W0,0.55078125,-6.4501130079961975,-14.566077338959992,3.9389030071731774
1,1,F3,W0,0.5546875,-6.0448198731034752,-14.248079544138815,4.433105417339962
1,1,F3,W0,0.55859375,-5.6013011063833353,-13.866131242391742,4.9324396968454822
1,1,F3,W0,0.5625,-5.1404336298602775,-13.283177140371617,5.3962364694963352
1,1,F3,W0,0.56640625,-4.6996734911711746,-12.717619618765163,5.7825368375743471
1,1,F3,W0,0.5703125,-4.3080569664541777,-12.106550763859858,6.0876708619600608
1,1,F3,W0,0.57421875,-3.9703242772997931,-11.848154964634318,6.3908994987705077
1,1,F3,W0,0.578125,-3.66869471492938,-11.714098316619985,6.7132271676829331
1,1,F3,W0,0.58203125,-3.3757949287414282,-11.553392660271383,6.8622338972839909
1,1,F3,W0,0.5859375,-3.0697067361702661,-11.387840079718961,7.3193069849851931
1,1,F3,W0,0.58984375,-2.7438853991654919,-11.20387038044932,7.664130952300634
1,1,F3,W0,0.59375,-2.4044611735741483,-10.984598632108526,8.1914500434543633
1,1,F3,W0,0.59765625,-2.0538365888258179,-10.8950176055952,8.6041732948163787
1,1,F3,W0,0.6015625,-1.6737133416296774,-10.601187872329479,8.9799351287616567
1,1,F3,W0,0.60546875,-1.2251991585479405,-10.199440264556198,9.4637020748502589
1,1,F3,W0,0.609375,-0.66919707057826294,-9.6568470365686032,9.7500603532578527
1,1,F3,W0,0.61328125,0.0074960628174457694,-9.2810252680181247,9.9173391430135194
1,1,F3,W0,0.6171875,0.77862635706520955,-8.8317518940035917,10.659352099530805
1,1,F3,W0,0.62109375,1.5859044479363527,-8.365219469713141,11.373604408462452
1,1,F3,W0,0.625,2.3625562509902873,-7.8581538491833003,12.617073834864584
1,1,F3,W0,0.62890625,3.0592824405053913,-7.3014163076431711,13.99138352447207
1,1,F3,W0,0.6328125,3.6586634555245232,-6.9419462589126537,14.83346620167484
1,1,F3,W0,0.63671875,4.1718136420510374,-6.69460929919292,15.88094153833482
1,1,F3,W0,0.640625,4.6219271532249762,-6.482792037302425,16.671549532506962
1,1,F3,W0,0.64453125,5.0267394627528281,-6.1925684725436412,17.110811690651996
1,1,F3,W0,0.6484375,5.3906193594386531,-5.8638724872244108,17.803167317851358
1,1,F3,W0,0.65234375,5.7084515611532147,-5.4853276656029566,18.134765191975387
1,1,F3,W0,0.65625,5.9763588871430198,-5.0888514390859445,18.092034961540826
1,1,F3,W0,0.66015625,6.2029488162656525,-4.647130183506297,17.950717149640997
1,1,F3,W0,0.6640625,6.413888815730405,-4.3346229158608018,17.941809201252671
1,1,F3,W0,0.66796875,6.6417685708680327,-3.982472623584917,17.941714663912059
1,1,F3,W0,0.671875,6.9019115066979682,-3.888966107223681,18.48109095488924
1,1,F3,W0,0.67578125,7.1714779282082528,-3.9335189321357631,18.863054561128855
1,1,F3,W0,0.6796875,7.3934098123106464,-3.445968719414422,19.133706209518927
1,1,F3,W0,0.68359375,7.5078014033071749,-3.0304434306738055,19.213376414225699
1,1,F3,W0,0.6875,7.4896732474113872,-2.8684254600290497,19.086511073882861
1,1,F3,W0,0.69140625,7.367975002149989,-2.8213907555463464,18.761229313289103
1,1,F3,W0,0.6953125,7.2160126028787364,-2.5815919553220272,17.908523970823378
1,1,F3,W0,0.69921875,7.1207757047012068,-2.2572242356177274,17.322606949362129
1,1,F3,W0,0.703125,7.1472706081816524,-1.9386842605559274,17.161952338368756
1,1,F3,W0,0.70703125,7.3149230770960649,-1.5728284173793763,17.187148063567268
1,1,F3,W0,0.7109375,7.5967543799468107,-1.4243425427066578,17.552126026116014
1,1,F3,W0,0.71484375,7.9386221201832292,-0.92011601212638072,17.796383754367103
1,1,F3,W0,0.71875,8.2846427486328675,-0.33391802519217306,17.753076737522928
1,1,F3,W0,0.72265625,8.5967370644204752,0.1586427586748359,17.702390724957798
1,1,F3,W0,0.7265625,8.866945647125327,0.62341413322684214,17.933053311117682
1,1,F3,W0,0.73046875,9.1248664431558524,1.1868975982217813,18.032277104333918
1,1,F3,W0,0.734375,9.434059857044419,1.5153042640497913,18.182468273567217
1,1,F3,W0,0.73828125,9.8661903339754229,2.0811081360669585,18.580363935712281
1,1,F3,W0,0.7421875,10.455757501242857,2.649554308665822,19.331103203389102
1,1,F3,W0,0.74609375,11.162187640099408,3.3938533068396946,20.216910074002367
1,1,F3,W0,0.75,11.872966710225629,4.0307874427754458,21.195861868850912
1,1,F3,W0,0.75390625,12.458105573394613,4.3702041744796514,22.004083015218125
1,1,F3,W0,0.7578125,12.847644028740932,4.5183795649962271,22.753542953945573
1,1,F3,W0,0.76171875,13.080161623147616,4.5048143494884387,23.392515173350525
1,1,F3,W0,0.765625,13.283191561250268,4.3945439139448395,24.020252668741673
1,1,F3,W0,0.76953125,13.592159569213003,4.5628472029352878,24.559594911808425
1,1,F3,W0,0.7734375,14.061069274978781,4.9327963074399834,25.048123665822665
1,1,F3,W0,0.77734375,14.627402362899,5.24472069969001,25.60159479374148
1,1,F3,W0,0.78125,15.155465411834163,5.5838607126050466,26.094402878073556
1,1,F3,W0,0.78515625,15.526718702874664,6.0826896473087624,26.225999010699638
1,1,F3,W0,0.7890625,15.715386256840059,6.3687608711351729,26.331954977046106
1,1,F3,W0,0.79296875,15.80154870865716,6.5572028328618126,26.334553872852645
1,1,F3,W0,0.796875,15.916970134234733,6.8149145945757512,26.543924260419438
1,1,F4,W0,-0.19921875,0.79751858589149116,-2.8070798087475759,4.3346655289611986
1,1,F4,W0,-0.1953125,1.1392421307471283,-2.215890037694551,4.5844141281718507
1,1,F4,W0,-0.19140625,1.5070262477944294,-1.5905348100024095,4.7110925625840228
1,1,F4,W0,-0.1875,1.8432701413022092,-1.0415929494500453,4.7739548390917825
1,1,F4,W0,-0.18359375,2.0834816724069483,-0.63048835740213272,4.68824340117476
1,1,F4,W0,-0.1796875,2.1805292529482632,-0.25130552804713813,4.4357696583803321
1,1,F4,W0,-0.17578125,2.1201210142725029,-0.068653866247161618,4.2224522096461774
1,1,F4,W0,-0.171875,1.9190711662758519,-0.063247458058542497,3.7625895979130521
1,1,F4,W0,-0.16796875,1.6130187729668684,-0.20526843445716209,3.3382573026447244
1,1,F4,W0,-0.1640625,1.2441905526494406,-0.35551112155695141,2.8685210208545553
1,1,F4,W0,-0.16015625,0.85414203457406501,-0.80614880463305738,2.3158616818194688
1,1,F4,W0,-0.15625,0.48070537156884652,-1.236148292820429,1.9832869884872737
1,1,F4,W0,-0.15234375,0.15501145243151679,-1.654541973740596,1.7860684254805403
1,1,F4,W0,-0.1484375,-0.10583969692330085,-1.8955333081330683,1.6109314703122155
1,1,F4,W0,-0.14453125,-0.30827261364918679,-2.1019576477900306,1.3757585016492726
1,1,F4,W0,-0.140625,-0.48307867237483382,-2.2242482362382412,1.0649456090271745
1,1,F4,W0,-0.13671875,-0.66972591909728163,-2.2920923392898764,0.79749814076232228
1,1,F4,W0,-0.1328125,-0.89156201310713001,-2.4299965998496158,0.50403346375094815
1,1,F4,W0,-0.12890625,-1.1396381170762693,-2.5848577774922576,0.17792153901229962
1,1,F4,W0,-0.125,-1.3760407031362802,-2.6957441299544,-0.15455931573423992
1,1,F4,W0,-0.12109375,-1.5519708392899205,-2.7243545412557957,-0.44130316192608138
1,1,F4,W0,-0.1171875,-1.6270053358197802,-2.6918517958234194,-0.72065080656946734
1,1,F4,W0,-0.11328125,-1.5795674053167852,-2.6750243129529618,-0.70711754766823032
1,1,F4,W0,-0.109375,-1.4087820245666669,-2.5258683201987098,-0.40790310593842172
1,1,F4,W0,-0.10546875,-1.134545129308375,-2.3959893703371695,0.020215556235427881
1,1,F4,W0,-0.1015625,-0.79906942201682418,-2.135631845621067,0.41772623835763684
1,1,F4,W0,-0.09765625,-0.46381320770694684,-1.8025036270468691,0.75491882608496441
1,1,F4,W0,-0.09375,-0.19408078074242716,-1.5140464828365465,1.0495437904969935
1,1,F4,W0,-0.08984375,-0.034731774954609891,-1.4317516630287366,1.2872048718654954
1,1,F4,W0,-0.0859375,0.0081373566760459363,-1.5531808783053609,1.4218082984535212
1,1,F4,W0,-0.08203125,-0.033713354702749131,-1.7176097507514529,1.7063905451779926
1,1,F4,W0,-0.078125,-0.11114371527598094,-2.0781385117750002,1.9860270022054551
1,1,F4,W0,-0.07421875,-0.18420733884956111,-2.3093838386127659,2.0968425149968151
1,1,F4,W0,-0.0703125,-0.23616195208387677,-2.5747209896296872,2.1056548750642374
1,1,F4,W0,-0.06640625,-0.26581315151756529,-2.6904925622124227,2.1044849849956049
1,1,F4,W0,-0.0625,-0.26817754942174887,-2.5478110946879924,2.060932380884851
1,1,F4,W0,-0.05859375,-0.22414881553264546,-2.3191215208856946,1.9906115309797736
1,1,F4,W0,-0.0546875,-0.11120944888056325,-1.9439103746776656,1.8730855376464899
1,1,F4,W0,-0.05078125,0.071508628131685167,-1.4318969764992202,1.6828507065087939
1,1,F4,W0,-0.046875,0.28340416728505369,-0.94184073347530328,1.6873909676803553
1,1,F4,W0,-0.04296875,0.44665525791733485,-0.86839866558269918,1.8202277668381639
1,1,F4,W0,-0.0390625,0.47899122696405583,-1.1755433566115974,2.0059390562833856
1,1,F4,W0,-0.03515625,0.3384806360372582,-1.4843679484265082,2.121255057520302
1,1,F4,W0,-0.03125,0.051453890707586519,-2.0284613692675215,2.0887011901101493
1,1,F4,W0,-0.02734375,-0.29621204678961244,-2.708071894641241,2.001707831967158
1,1,F4,W0,-0.0234375,-0.59917372452436535,-3.2885167763993937,1.8044466101518684
1,1,F4,W0,-0.01953125,-0.77929687864776909,-3.4049707067067678,1.7500254954395258
1,1,F4,W0,-0.015625,-0.81469091159401774,-3.5359021306719631,1.733030065816676
1,1,F4,W0,-0.01171875,-0.74125880840260927,-3.3894377016868682,1.7414050201028686
1,1,F4,W0,-0.0078125,-0.63032525016783614,-3.1096259343373709,1.7859045156932831
1,1,F4,W0,-0.00390625,-0.55270295807106651,-3.0069268066734338,1.7143882331597076
1,1,F4,W0,0,-0.54383933521035566,-3.1932705231907734,1.8760979118708809
1,1,F4,W0,0.00390625,-0.58674247148712533,-3.3896370768569155,1.9154558171309315
1,1,F4,W0,0.0078125,-0.62225130274220997,-3.4650680882132878,2.0564734103901654
1,1,F4,W0,0.01171875,-0.58035226520901029,-3.4588422848284024,2.3786046611189535
1,1,F4,W0,0.015625,-0.41521167195329151,-3.4279783718901951,2.754883342187648
1,1,F4,W0,0.01953125,-0.12861613737688093,-3.1907953772285778,3.1930638442502568
1,1,F4,W0,0.0234375,0.22613706760050745,-2.9344246941799499,3.6739743469535622
1,1,F4,W0,0.02734375,0.5622002497559615,-2.8406536403829139,4.074867690734699
1,1,F4,W0,0.03125,0.79319629508357326,-2.5272507605574726,4.3494194466260678
1,1,F4,W0,0.03515625,0.86715988061938221,-2.4718850625238207,4.5834032431174387
1,1,F4,W0,0.0390625,0.78324245413684479,-2.3829095097579813,4.5532601274433633
1,1,F4,W0,0.04296875,0.58636679043983508,-2.3460086294013967,4.3263197862031069
1,1,F4,W0,0.046875,0.34747945002822272,-2.4924567370410746,4.0219979404128434
1,1,F4,W0,0.05078125,0.13835970931135519,-2.6261779609312188,3.7717430316842053
1,1,F4,W0,0.0546875,0.0065753926448342149,-2.8856470667691125,3.7204962667345765
1,1,F4,W0,0.05859375,-0.041349047585696422,-3.0113842053790014,3.6778484189505463
1,1,F4,W0,0.0625,-0.037669370364085922,-3.1715477954214868,3.7851502770274696
1,1,F4,W0,0.06640625,-0.030806262237052018,-3.3574951347123032,4.0762828438628249
1,1,F4,W0,0.0703125,-0.057667394305235521,-3.4254534430912131,4.4057642362201417
1,1,F4,W0,0.07421875,-0.12918578694676711,-3.6191702977524782,4.6618996433713926
1,1,F4,W0,0.078125,-0.23298794960650224,-3.7427953809225318,4.7640804560651482
1,1,F4,W0,0.08203125,-0.34476210463192175,-3.9271747669104879,4.7785021026282646
1,1,F4,W0,0.0859375,-0.44168757164756312,-4.0310030898046971,4.6809761753712937
1,1,F4,W0,0.08984375,-0.51634652365727496,-4.0416743795692565,4.4780758756520891
1,1,F4,W0,0.09375,-0.5863456123017996,-4.1396578036771938,4.2688847611885716
1,1,F4,W0,0.09765625,-0.69074626422363572,-4.3946057895643316,4.1924058012626144
1,1,F4,W0,0.1015625,-0.87121400882579469,-4.8970062674751622,4.1991819369745915
1,1,F4,W0,0.10546875,-1.1488395832106211,-5.4736975300777182,4.3420604565813701
1,1,F4,W0,0.109375,-1.5119734496603445,-6.0279891274604438,4.3249196360955846
1,1,F4,W0,0.11328125,-1.921768885883973,-6.6465773989913357,4.3553946358528188
1,1,F4,W0,0.1171875,-2.3297078756155867,-7.2572426206209517,4.3295362144458363
1,1,F4,W0,0.12109375,-2.695133803583543,-7.9704574863547411,4.4918000557556752
1,1,F4,W0,0.125,-2.9935136877013462,-8.4192184288438856,4.7364751169543409
1,1,F4,W0,0.12890625,-3.2146539348530205,-8.7765222096466591,4.8017240842952864
1,1,F4,W0,0.1328125,-3.3578726798855354,-9.0168280120981006,4.6901949538306154
1,1,F4,W0,0.13671875,-3.4318125369490269,-8.9542874836575539,4.5363055727400718
1,1,F4,W0,0.140625,-3.4595836163414928,-8.8686264710250793,4.6752642576579406
1,1,F4,W0,0.14453125,-3.481871252681966,-9.0687297509280782,4.6347058220750474
1,1,F4,W0,0.1484375,-3.5491419313538719,-9.2380697777248368,4.7235428728366911
1,1,F4,W0,0.15234375,-3.7009578430634553,-9.5130170923198953,4.8567258044014938
1,1,F4,W0,0.15625,-3.9405882356450932,-9.946109245563413,4.8300359982543393
1,1,F4,W0,0.16015625,-4.2190703675051759,-10.419735557430201,4.7953307461914614
1,1,F4,W0,0.1640625,-4.4410145665631653,-10.850513946637571,4.8103899072765541
1,1,F4,W0,0.16796875,-4.4961341669699166,-11.076777982607934,4.9365172542506768
1,1,F4,W0,0.171875,-4.3077190481124763,-10.897183840288065,5.2174645611807238
1,1,F4,W0,0.17578125,-3.8758649542303818,-10.397843200123987,5.7211407944762298
1,1,F4,W0,0.1796875,-3.2896178797778792,-9.7470125241091274,6.4371268531026331
1,1,F4,W0,0.18359375,-2.6971388553098561,-9.2672613371487067,7.010363163066005
1,1,F4,W0,0.1875,-2.248409647170925,-8.5478902204361393,7.3574445826992996
1,1,F4,W0,0.19140625,-2.0402362271252183,-8.1688803402602286,7.4024793051673168
1,1,F4,W0,0.1953125,-2.0882617627175466,-8.2493945266341697,7.2898804988212182
1,1,F4,W0,0.19921875,-2.3340890929761149,-8.4825403452284114,7.1410154728815645
1,1,F4,W0,0.203125,-2.6795396567369196,-8.8928247422726212,6.7160807181014661
1,1,F4,W0,0.20703125,-3.0293702679172414,-9.4220629278423935,6.4266189633244082
1,1,F4,W0,0.2109375,-3.3218877245038843,-9.9009617989433849,6.230194791320204
1,1,F4,W0,0.21484375,-3.536810854825541,-10.18168277121789,6.0530099467030487
1,1,F4,W0,0.21875,-3.6846350646359483,-10.3838202896971,6.0155865907802655
1,1,F4,W0,0.22265625,-3.7888191611321598,-10.689474903220477,5.9784106041514145
1,1,F4,W0,0.2265625,-3.8692455669633734,-11.035227024396201,6.0528572918473236
1,1,F4,W0,0.23046875,-3.9322435251133441,-11.369307510156673,6.3667729029579254
1,1,F4,W0,0.234375,-3.9725870937714265,-11.45448872289408,6.7517838123471119
1,1,F4,W0,0.23828125,-3.9881026703031757,-11.544868413561048,7.1480705644629161
1,1,F4,W0,0.2421875,-3.9949112412411911,-11.838252021345072,7.5115028618201114
1,1,F4,W0,0.24609375,-4.0242341150464336,-12.027010927954031,7.6795956533395477
1,1,F4,W0,0.25,-4.0942462569136877,-12.163788983532143,7.8572672466049971
1,1,F4,W0,0.25390625,-4.1760361300523998,-12.207143815774575,7.8780248547413088
1,1,F4,W0,0.2578125,-4.1863385423675918,-12.276098332612625,7.8246570001287994
1,1,F4,W0,0.26171875,-4.0238142858461545,-12.058915856545974,7.8661403377129187
1,1,F4,W0,0.265625,-3.6311572669400687,-11.633384599738811,8.220637753097586
1,1,F4,W0,0.26953125,-3.0427104831465877,-10.974788382709553,9.0304402955879279
1,1,F4,W0,0.2734375,-2.3852913860041087,-10.527868507385771,9.97004358922349
1,1,F4,W0,0.27734375,-1.8287023836509213,-10.082398764659558,10.903841951529882
1,1,F4,W0,0.28125,-1.5099295092545331,-10.133541438530871,11.764057617729879
1,1,F4,W0,0.28515625,-1.4683973031733837,-10.382646574521289,12.198527197205781
1,1,F4,W0,0.2890625,-1.6249422345693638,-10.879199389316616,12.376775060902661
1,1,F4,W0,0.29296875,-1.8153741854719083,-11.255368389827044,12.458160772025128
1,1,F4,W0,0.296875,-1.8617475297305299,-11.529000010571798,12.314877559223708
1,1,F4,W0,0.30078125,-1.647373997391969,-11.258229045008811,12.300475738040628
1,1,F4,W0,0.3046875,-1.1622470818566228,-10.688295204655505,12.883022473671121
1,1,F4,W0,0.30859375,-0.50051973234983516,-9.8723775237981446,13.656668639128247
1,1,F4,W0,0.3125,0.18472526618213136,-9.2066747186028,14.374611757331264
1,1,F4,W0,0.31640625,0.74256724431507182,-8.4939228894134793,14.998171065723165
1,1,F4,W0,0.3203125,1.0704273206202832,-8.0612811468494048,15.37268439041809
1,1,F4,W0,0.32421875,1.1321646600512176,-8.0109550410413313,15.369204819993389
1,1,F4,W0,0.328125,0.95594319702696084,-8.0688860140453151,15.137734513261847
1,1,F4,W0,0.33203125,0.62321645711290674,-8.3228104694910208,14.761827750397453
1,1,F4,W0,0.3359375,0.24865899131911651,-8.6055358303029603,14.388684101621841
1,1,F4,W0,0.33984375,-0.053766743534062196,-9.0186778361773801,14.040146262971383
1,1,F4,W0,0.34375,-0.21126819598149524,-9.228640275643798,13.957124650055192
1,1,F4,W0,0.34765625,-0.21919377513896504,-9.3748540955019859,14.122332646016247
1,1,F4,W0,0.3515625,-0.13950290527391249,-9.2864093258622891,14.280289753430344
1,1,F4,W0,0.35546875,-0.072952105851879709,-9.2081254858189876,14.217848157593316
1,1,F4,W0,0.359375,-0.11906106737759747,-9.4020103787871712,13.95377668403153
1,1,F4,W0,0.36328125,-0.34001462764247414,-9.6521137828238661,13.640278702867306
1,1,F4,W0,0.3671875,-0.74299247791012413,-10.195507270931556,13.430309542004098
1,1,F4,W0,0.37109375,-1.2889221638589787,-10.932736118665993,13.107314528446219
1,1,F4,W0,0.375,-1.9211408520198936,-11.515114434152611,12.584542905936335
1,1,F4,W0,0.37890625,-2.5940515131196853,-12.393348442623212,11.905210712704225
1,1,F4,W0,0.3828125,-3.2832405722900391,-13.093308350061053,11.286038954519761
1,1,F4,W0,0.38671875,-3.9743275344982347,-13.736904990217699,10.473414107102919
1,1,F4,W0,0.390625,-4.6436763520689395,-14.424244391359371,9.6834669253329935
1,1,F4,W0,0.39453125,-5.2482570825591282,-15.017328449540654,8.9301945962401987
1,1,F4,W0,0.3984375,-5.7346283467885053,-15.43275928188034,8.1808001936723738
1,1,F4,W0,0.40234375,-6.0649584094506839,-15.447242349057628,7.4997576091656226
1,1,F4,W0,0.40625,-6.2469351846325649,-15.397531907336649,6.9004786985519102
1,1,F4,W0,0.41015625,-6.3485904703823079,-15.171617988775976,6.2871704174957106
1,1,F4,W0,0.4140625,-6.4833906716289187,-15.078569797937158,5.6446264321873834
1,1,F4,W0,0.41796875,-6.767107216554642,-15.289121572673785,4.9888278979840051
1,1,F4,W0,0.421875,-7.2672192515366127,-15.741856613823316,4.379166583888928
1,1,F4,W0,0.42578125,-7.9723175699297784,-16.601873851157656,3.7671852055393376
1,1,F4,W0,0.4296875,-8.7966805584389096,-17.586972163393501,3.2150805295655953
1,1,F4,W0,0.43359375,-9.6143276032094676,-18.586963028206171,2.6976003283053638
1,1,F4,W0,0.4375,-10.303054166341127,-19.474422068413769,2.2391265552287205
1,1,F4,W0,0.44140625,-10.778771809206392,-20.407622295825369,2.1054319374282473
1,1,F4,W0,0.4453125,-11.010459768024702,-21.037491925205597,2.2315830087789408
1,1,F4,W0,0.44921875,-11.018283733439809,-21.108945550801707,2.5168693527087616
1,1,F4,W0,0.453125,-10.863752265515151,-20.82144535852618,2.8558531712559927
1,1,F4,W0,0.45703125,-10.637515006296544,-20.490097821160496,3.1688437091340314
1,1,F4,W0,0.4609375,-10.442820488056183,-20.202324882853624,3.3749656453558461
1,1,F4,W0,0.46484375,-10.371150586740614,-20.076592970170484,3.4196144775525803
1,1,F4,W0,0.46875,-10.474029918042941,-20.315525379836405,3.2863251013658936
1,1,F4,W0,0.47265625,-10.742428798273441,-20.689178210633617,3.0014198416607729
1,1,F4,W0,0.4765625,-11.105094899384971,-21.161415183471583,2.644739590495345
1,1,F4,W0,0.48046875,-11.451413739163879,-21.780128940877962,2.3122878113440701
1,1,F4,W0,0.484375,-11.674304553234357,-22.023344506543342,2.1384516926628905
1,1,F4,W0,0.48828125,-11.714703507587593,-22.01482590471003,2.0355522445637684
1,1,F4,W0,0.4921875,-11.582596916487622,-21.498001758307229,2.0320788263019729
1,1,F4,W0,0.49609375,-11.343204976494768,-21.00727126090181,2.1048344572835842
1,1,F4,W0,0.5,-11.082101101156336,-20.704014400023031,2.3147187759528594
1,1,F4,W0,0.50390625,-10.874002767369438,-20.577452040879557,2.5273978378533819
1,1,F4,W0,0.5078125,-10.766694817137946,-20.584187922151656,2.7197796538598769
1,1,F4,W0,0.51171875,-10.773954836735921,-20.550297539697446,2.7842655668321998
1,1,F4,W0,0.515625,-10.871466000016408,-20.74789495629043,2.7007133435648698
1,1,F4,W0,0.51953125,-11.001281406980437,-20.92178315218894,2.5427539531012782
1,1,F4,W0,0.5234375,-11.091087009457098,-20.807161020252284,2.3218021203325723
1,1,F4,W0,0.52734375,-11.081046748423963,-20.764936550806933,2.1314431383204395
1,1,F4,W0,0.53125,-10.942600008097971,-20.366423991987347,2.2631614819760904
1,1,F4,W0,0.53515625,-10.681009766799738,-20.133219654321731,2.4660563369265187
1,1,F4,W0,0.5390625,-10.325422367991127,-19.871981077904955,2.5653804296658445
1,1,F4,W0,0.54296875,-9.9141758939436855,-19.189666744420744,2.9002338794921747
1,1,F4,W0,0.546875,-9.4813730971844308,-18.513418054658981,3.3302953980196821
1,1,F4,W0,0.55078125,-9.0493150221646843,-18.117203959627563,3.8329437697729114
1,1,F4,W0,0.5546875,-8.6287259971592238,-17.739521078262118,4.3742634150643491
1,1,F4,W0,0.55859375,-8.223502236828514,-17.445272663885493,4.9064031701732587
1,1,F4,W0,0.5625,-7.8347292054547983,-17.105073917735222,5.3410954532340291
1,1,F4,W0,0.56640625,-7.4630392263013468,-16.947132025332692,5.7149611548149197
1,1,F4,W0,0.5703125,-7.11197571474667,-16.696594106852611,6.0279342340409565
1,1,F4,W0,0.57421875,-6.7913619675326906,-16.705563881638849,6.1438069165691305
1,1,F4,W0,0.578125,-6.5141426407798546,-16.627379965188599,6.3386943776599898
1,1,F4,W0,0.58203125,-6.2827008961679045,-16.601283695184886,6.3600768842542834
1,1,F4,W0,0.5859375,-6.0711724188300185,-16.495513135334846,6.407353850883978
1,1,F4,W0,0.58984375,-5.8181608608398028,-16.39917539137161,6.7053743022638814
1,1,F4,W0,0.59375,-5.4408187100055727,-16.121497701247183,7.1718144468201972
1,1,F4,W0,0.59765625,-4.8683503680088158,-15.366592680923446,7.9401413966105006
1,1,F4,W0,0.6015625,-4.079103865112903,-14.55760548348379,8.7366742453494233
1,1,F4,W0,0.60546875,-3.1187676715374302,-13.653219470267887,9.5049006889358001
1,1,F4,W0,0.609375,-2.0844298400245966,-12.85083866408201,10.785794166712128
1,1,F4,W0,0.61328125,-1.0803833915675625,-12.16336119017862,12.279678256195439
1,1,F4,W0,0.6171875,-0.17205696252004959,-11.604180288555261,13.614810078428773
1,1,F4,W0,0.62109375,0.63435412793716195,-11.194391675331794,14.512144792743889
1,1,F4,W0,0.625,1.3784370786490465,-10.727894632220185,15.496025600862641
1,1,F4,W0,0.62890625,2.1134008615472029,-10.412169391420163,16.447777782984407
1,1,F4,W0,0.6328125,2.8796311409887791,-9.746255734281684,17.095605954975071
1,1,F4,W0,0.63671875,3.6978656166625772,-9.2315905885801808,17.821138453252175
1,1,F4,W0,0.640625,4.5755357475944667,-8.293775456132229,18.501376392337377
1,1,F4,W0,0.64453125,5.5093271937626955,-7.3069211659339324,19.471724634607238
1,1,F4,W0,0.6484375,6.4765638439397826,-6.1804604558683671,20.15300598722698
1,1,F4,W0,0.65234375,7.4265797653127636,-4.7334794023412838,20.860691254836855
1,1,F4,W0,0.65625,8.2902849638913576,-3.0157891039071592,21.10009821031375
1,1,F4,W0,0.66015625,9.0116593203718498,-1.8756906538928597,21.497301831627674
1,1,F4,W0,0.6640625,9.5800579919186841,-1.2987140410929567,21.812326642214018
1,1,F4,W0,0.66796875,10.033412215129456,-1.0509154159677159,22.247847791229198
1,1,F4,W0,0.671875,10.425120643407878,-1.0092886621076211,23.081145231919706
1,1,F4,W0,0.67578125,10.781565713701809,-0.95140508527108736,23.965871036686448
1,1,F4,W0,0.6796875,11.085233099440876,-0.69941232170274525,24.402254560157616
1,1,F4,W0,0.68359375,11.292879671909732,-0.48118496760069401,24.245361132530437
1,1,F4,W0,0.6875,11.3698884081107,-0.12201505609959701,24.129164977457311
1,1,F4,W0,0.69140625,11.316876096411709,-0.11556498865554808,23.922134767478369
1,1,F4,W0,0.6953125,11.176955861474617,-0.11412732767036192,23.633055478353189
1,1,F4,W0,0.69921875,11.023783045797064,-0.20641151600208221,23.452311560580579
1,1,F4,W0,0.703125,10.936167006225144,-0.43817805536501708,23.360794832646917
1,1,F4,W0,0.70703125,10.969913682050985,-0.58790891084986474,23.449776471670795
1,1,F4,W0,0.7109375,11.141616268442172,-0.57189255637506664,23.706357309349603
1,1,F4,W0,0.71484375,11.433258669064749,-0.35661616440329658,24.044846909351822
1,1,F4,W0,0.71875,11.810096581652992,0.23722518906813839,24.290058794984194
1,1,F4,W0,0.72265625,12.234915456442197,1.3630378940402004,24.450418122296071
1,1,F4,W0,0.7265625,12.672289945426387,2.0399003072352815,24.504969346279591
1,1,F4,W0,0.73046875,13.092211863078195,2.6954896448192338,24.584337657119669
1,1,F4,W0,0.734375,13.480327880278139,3.2124517561853714,24.471025309312324
1,1,F4,W0,0.73828125,13.845172723315217,3.8169262319287189,24.665932459410385
1,1,F4,W0,0.7421875,14.20710750425588,4.2352682931076693,25.039717424769872
1,1,F4,W0,0.74609375,14.571498804217391,4.4548726383195403,25.420820628918559
1,1,F4,W0,0.75,14.910787903638598,4.7120454545766775,25.602436911796698
1,1,F4,W0,0.75390625,15.178674483219671,5.099665885794697,26.0276437510182
1,1,F4,W0,0.7578125,15.351516502332553,5.5051465304067762,26.308485668299856
1,1,F4,W0,0.76171875,15.46321873670602,5.1809290340761738,26.511065169721125
1,1,F4,W0,0.765625,15.599318641958071,4.9584051706495611,27.062431147683014
1,1,F4,W0,0.76953125,15.847457539384127,4.9072684068217942,27.613120968152675
1,1,F4,W0,0.7734375,16.23867859352287,4.9583663101695112,28.25941078994758
1,1,F4,W0,0.77734375,16.723911085438239,5.2112195441626232,28.977661179121615
1,1,F4,W0,0.78125,17.203675194660349,5.4045720682031542,29.905856741209103
1,1,F4,W0,0.78515625,17.589234429175978,5.5124569500784819,30.597339151029786
1,1,F4,W0,0.7890625,17.851723553310212,5.5181866106061337,30.973721691920694
1,1,F4,W0,0.79296875,18.02635095186838,5.5152780976892632,31.163452538218127
1,1,F4,W0,0.796875,18.171976744939911,5.4222128001851164,31.074762192992566
1,-1,Fz,SELECTED,-0.19921875,0.67292738573572874,-0.61918920325313676,1.9518201956924226
1,-1,Fz,SELECTED,-0.1953125,0.463923264648683,-0.86196908419634843,1.8712861724253562
1,-1,Fz,SELECTED,-0.19140625,0.29171656819725494,-1.1153128621832213,1.8436928308543916
1,-1,Fz,SELECTED,-0.1875,0.18328654461837279,-1.3038075582960866,1.8230032562649652
1,-1,Fz,SELECTED,-0.18359375,0.1578596374704698,-1.4663972453552518,1.8107057543250673
1,-1,Fz,SELECTED,-0.1796875,0.22688343514151296,-1.5915056019909226,1.896697114595209
1,-1,Fz,SELECTED,-0.17578125,0.3837413607490775,-1.4285135863930163,2.0705472582068536
1,-1,Fz,SELECTED,-0.171875,0.59263771378238772,-1.3483890793091367,2.407045665665231
1,-1,Fz,SELECTED,-0.16796875,0.79004027147532274,-1.1592117356527432,2.5471210243908473
1,-1,Fz,SELECTED,-0.1640625,0.90456732790929617,-1.0671702904762914,2.6853948397792511
1,-1,Fz,SELECTED,-0.16015625,0.88677028967316307,-1.0196515569384448,2.6693429208065136
1,-1,Fz,SELECTED,-0.15625,0.73023232392364967,-1.1228836188472078,2.4958705021704741
1,-1,Fz,SELECTED,-0.15234375,0.46984655200303016,-1.3226117102853747,2.2541497112417428
1,-1,Fz,SELECTED,-0.1484375,0.1602494794588698,-1.6044385718564023,1.8357434638706449
1,-1,Fz,SELECTED,-0.14453125,-0.14862306896457259,-2.0028147919098682,1.5332286998041675
1,-1,Fz,SELECTED,-0.140625,-0.42467891573622146,-2.4567792976744869,1.287428723621489
1,-1,Fz,SELECTED,-0.13671875,-0.65502934084807718,-2.7839908013311723,1.1723266926721645
1,-1,Fz,SELECTED,-0.1328125,-0.84228279089518587,-3.0958115127258505,1.0468155722698957
1,-1,Fz,SELECTED,-0.12890625,-0.99766758475526718,-3.2205005890250837,0.96886744876315889
1,-1,Fz,SELECTED,-0.125,-1.1275189147226934,-3.2855504756006408,0.80659780180058394
1,-1,Fz,SELECTED,-0.12109375,-1.2147976969989631,-3.2429781391108268,0.88090586851930186
1,-1,Fz,SELECTED,-0.1171875,-1.2086355718427202,-3.0062818408373428,1.0043796389526123
1,-1,Fz,SELECTED,-0.11328125,-1.0372197263612721,-2.7036828766180938,1.2981659312474951
1,-1,Fz,SELECTED,-0.109375,-0.64486455329429027,-2.1641951673351429,1.7591651661049981
1,-1,Fz,SELECTED,-0.10546875,-0.034056535604401056,-1.5558743930815522,2.2563236115981447
1,-1,Fz,SELECTED,-0.1015625,0.71372962324363676,-0.92970760798447094,2.9316805079499377
1,-1,Fz,SELECTED,-0.09765625,1.4532821955098449,-0.33298705571839177,3.6516293684855285
1,-1,Fz,SELECTED,-0.09375,2.0225900059763209,0.048291245344783323,4.3087890021456214
1,-1,Fz,SELECTED,-0.08984375,2.3015134463037543,0.26538727865024708,4.7072178570010532
1,-1,Fz,SELECTED,-0.0859375,2.2554957186750038,0.31206259266711622,4.3307974424702298
1,-1,Fz,SELECTED,-0.08203125,1.9434984013342951,0.25796797081569073,3.7326464067603338
1,-1,Fz,SELECTED,-0.078125,1.4885479544765445,0.064446082992896711,3.2820571994693966
1,-1,Fz,SELECTED,-0.07421875,1.0296000769981968,-0.33176585500220146,2.9167016798631527
1,-1,Fz,SELECTED,-0.0703125,0.67741760027199771,-0.95087947216060165,2.7710257403242946
1,-1,Fz,SELECTED,-0.06640625,0.48576040858824576,-1.3704106299387886,2.7581771474246608
1,-1,Fz,SELECTED,-0.0625,0.44070116324451031,-1.5154278623629367,2.8696017603637665
1,-1,Fz,SELECTED,-0.05859375,0.47210533967733909,-1.610824465383434,3.0178824529820014
1,-1,Fz,SELECTED,-0.0546875,0.48856447234157446,-1.7409272346477738,3.1023685846299824
1,-1,Fz,SELECTED,-0.05078125,0.42175514067073633,-1.801107379974749,3.1929139481155189
1,-1,Fz,SELECTED,-0.046875,0.25351639040751378,-2.0776847085636039,3.0371880712761521
1,-1,Fz,SELECTED,-0.04296875,0.0089810643702627965,-2.334354058502373,2.4778493370541281
1,-1,Fz,SELECTED,-0.0390625,-0.27382620933016283,-2.5057498369844495,1.9222802559702472
1,-1,Fz,SELECTED,-0.03515625,-0.57098594434412653,-2.7733947780736634,1.4892953692983135
1,-1,Fz,SELECTED,-0.03125,-0.87825978228117596,-2.8846881745422643,0.86817510130520237
1,-1,Fz,SELECTED,-0.02734375,-1.1980453361040109,-3.1483734263530256,0.34522078645207027
1,-1,Fz,SELECTED,-0.0234375,-1.5224615002065782,-3.4006711204397719,0.019603683495394559
1,-1,Fz,SELECTED,-0.01953125,-1.8255512174564572,-3.707202867985893,-0.24412104282981431
1,-1,Fz,SELECTED,-0.015625,-2.0695291646813936,-3.9473341633350048,-0.53961699374262151
1,-1,Fz,SELECTED,-0.01171875,-2.2208930312165478,-4.1752237044217724,-0.6792795123226486
1,-1,Fz,SELECTED,-0.0078125,-2.2652662672950274,-4.2493129587671943,-0.60798371110944027
1,-1,Fz,SELECTED,-0.00390625,-2.2115480039374504,-4.1852923506434436,-0.34996989491955005
1,-1,Fz,SELECTED,0,-2.086599447763863,-4.1332813881815893,-0.1365160891012292
1,-1,Fz,SELECTED,0.00390625,-1.9285162187723022,-4.1245754096055585,0.097023306643538462
1,-1,Fz,SELECTED,0.0078125,-1.7811622067899275,-4.2096038914629528,0.49511621022962921
1,-1,Fz,SELECTED,0.01171875,-1.685472895932818,-4.3121579950283682,0.78547570551104018
1,-1,Fz,SELECTED,0.015625,-1.666306985452225,-4.4866771726723984,1.0006269374876109
1,-1,Fz,SELECTED,0.01953125,-1.7219259682141508,-4.6462859000464949,1.108891193870517
1,-1,Fz,SELECTED,0.0234375,-1.8241474898033117,-4.8516349846477231,1.0943162582587243
1,-1,Fz,SELECTED,0.02734375,-1.9307528702455206,-5.0842287593249669,1.1286088581162281
1,-1,Fz,SELECTED,0.03125,-2.0057976639819457,-5.2377967118322735,1.1208159240683986
1,-1,Fz,SELECTED,0.03515625,-2.0398502397190019,-5.4763225625862253,1.1154223638922018
1,-1,Fz,SELECTED,0.0390625,-2.0590973763936105,-5.5339603616975888,1.2322274344987632
1,-1,Fz,SELECTED,0.04296875,-2.1140324491496045,-5.7653017942286509,1.2747985522177276
1,-1,Fz,SELECTED,0.046875,-2.2499329083102526,-5.9380698347590002,1.199944779210405
1,-1,Fz,SELECTED,0.05078125,-2.4762080340218371,-6.1231191065424841,0.95095009367477668
1,-1,Fz,SELECTED,0.0546875,-2.7557441809657597,-6.3176986466562166,0.56861475689575303
1,-1,Fz,SELECTED,0.05859375,-3.0224268232124309,-6.5388219968943551,0.20133021448803978
1,-1,Fz,SELECTED,0.0625,-3.2153704781785866,-6.7459813047153121,-0.091858594795544007
1,-1,Fz,SELECTED,0.06640625,-3.3083011952286787,-6.7820321624425697,-0.32532091299445043
1,-1,Fz,SELECTED,0.0703125,-3.317781400378665,-6.7096825515496796,-0.43960484744577499
1,-1,Fz,SELECTED,0.07421875,-3.288095706166954,-6.5942318806818481,-0.50246096831513321
1,-1,Fz,SELECTED,0.078125,-3.2645774648707784,-6.5947099080610165,-0.54922042560657769
1,-1,Fz,SELECTED,0.08203125,-3.2731989528520957,-6.5075793306786398,-0.42656632716756671
1,-1,Fz,SELECTED,0.0859375,-3.3173410034052959,-6.4952213539437542,-0.29791796122013692
1,-1,Fz,SELECTED,0.08984375,-3.387915999339556,-6.5497133334848794,-0.34210625731594307
1,-1,Fz,SELECTED,0.09375,-3.4747310286438471,-6.6334500689299061,-0.3577497657589645
1,-1,Fz,SELECTED,0.09765625,-3.5717773565789237,-6.7389774079475355,-0.40684864139054788
1,-1,Fz,SELECTED,0.1015625,-3.6778111310491619,-6.868808644009861,-0.45573807412092893
1,-1,Fz,SELECTED,0.10546875,-3.7953526611535322,-7.033131581007015,-0.45178474994498774
1,-1,Fz,SELECTED,0.109375,-3.9275696432433871,-7.1692267321509799,-0.62352129690536562
1,-1,Fz,SELECTED,0.11328125,-4.0719324787385114,-7.3564553226925131,-0.80041687507436621
1,-1,Fz,SELECTED,0.1171875,-4.2143939283558387,-7.4919853575184607,-0.99227705447645642
1,-1,Fz,SELECTED,0.12109375,-4.3310834625190635,-7.7116589628634209,-1.1534014386267293
1,-1,Fz,SELECTED,0.125,-4.3992548325263909,-7.9034991786512263,-1.0349723079047204
1,-1,Fz,SELECTED,0.12890625,-4.4097264165124166,-8.2224744095185969,-0.87758363139270701
1,-1,Fz,SELECTED,0.1328125,-4.3710380047697353,-8.4851517725066721,-0.84413055721481722
1,-1,Fz,SELECTED,0.13671875,-4.3039558393773545,-8.7000684599682288,-0.50387185734449902
1,-1,Fz,SELECTED,0.140625,-4.2331484379404163,-8.7900186509382792,-0.37727080011133851
1,-1,Fz,SELECTED,0.14453125,-4.1818915549502309,-8.7852934762586337,-0.2851488318836824
1,-1,Fz,SELECTED,0.1484375,-4.1693067918486593,-8.8358410116154467,-0.093977239025019102
1,-1,Fz,SELECTED,0.15234375,-4.2063842213235745,-8.988279452652872,-0.031802199870123275
1,-1,Fz,SELECTED,0.15625,-4.2894620691967829,-9.1209580451092229,-0.10159431358738964
1,-1,Fz,SELECTED,0.16015625,-4.3946486168897003,-9.229344613816874,-0.31461100411570192
1,-1,Fz,SELECTED,0.1640625,-4.4795768233927316,-9.3605750963948484,-0.4610104624277081
1,-1,Fz,SELECTED,0.16796875,-4.4969851829776246,-9.386993671555997,-0.70556667204292578
1,-1,Fz,SELECTED,0.171875,-4.4172671242682249,-9.3601871319524736,-0.62474507559562042
1,-1,Fz,SELECTED,0.17578125,-4.248272452932695,-9.1418623321998673,-0.28224443774575875
1,-1,Fz,SELECTED,0.1796875,-4.0385823373495109,-8.8802607980083543,0.32944957019547627
1,-1,Fz,SELECTED,0.18359375,-3.8593076468934249,-8.7046406644093288,0.96951451844146186
1,-1,Fz,SELECTED,0.1875,-3.7723048221878464,-8.6087301339520241,1.4219571199349132
1,-1,Fz,SELECTED,0.19140625,-3.7996545949504106,-8.6355671096088713,1.5924455556784909
1,-1,Fz,SELECTED,0.1953125,-3.9085276715970392,-8.7960451503152051,1.5688466963169692
1,-1,Fz,SELECTED,0.19921875,-4.0208150729493966,-8.8925479959366935,1.4491238228976617
1,-1,Fz,SELECTED,0.203125,-4.0485632932604814,-8.9749634070527584,1.349089408000808
1,-1,Fz,SELECTED,0.20703125,-3.9434803260075362,-8.9964618304760702,1.4705623296815555
1,-1,Fz,SELECTED,0.2109375,-3.7373028127488412,-8.9046325894061535,1.8481739479489299
1,-1,Fz,SELECTED,0.21484375,-3.5492630815576001,-8.8359987389147587,2.2023650503266969
1,-1,Fz,SELECTED,0.21875,-3.5497116494354577,-9.0514900916997494,2.1312460023001969
1,-1,Fz,SELECTED,0.22265625,-3.8888558155615285,-9.3080027066539461,1.4794578235451583
1,-1,Fz,SELECTED,0.2265625,-4.6200299687627648,-9.7800129039629002,0.088745682742934956
1,-1,Fz,SELECTED,0.23046875,-5.6616586748802398,-11.463485160849784,-0.63295619036203943
1,-1,Fz,SELECTED,0.234375,-6.8351662723272453,-13.658113779308906,-0.65691974967390432
1,-1,Fz,SELECTED,0.23828125,-7.9674982396463658,-17.607282832638028,-0.45428122978863844
1,-1,Fz,SELECTED,0.2421875,-8.9776499698627976,-20.86686271130354,-0.27132378331987278
1,-1,Fz,SELECTED,0.24609375,-9.8649183819608677,-23.415806705852436,-0.31069243552291631
1,-1,Fz,SELECTED,0.25,-10.630989907434271,-25.928526748678888,-0.34259270014975063
1,-1,Fz,SELECTED,0.25390625,-11.269088699373706,-28.0500074490134,-0.42417136262325272
1,-1,Fz,SELECTED,0.2578125,-11.865598821593702,-29.971883105728317,-0.4231203276664991
1,-1,Fz,SELECTED,0.26171875,-12.66562426990375,-32.77429812306422,-0.18135033364890585
1,-1,Fz,SELECTED,0.265625,-13.943767681567714,-37.764259025813075,0.15072024593624059
1,-1,Fz,SELECTED,0.26953125,-15.755048595943336,-44.692575938788494,0.67096209247663119
1,-1,Fz,SELECTED,0.2734375,-17.81386869334742,-52.483786467272097,1.1050910562964698
1,-1,Fz,SELECTED,0.27734375,-19.628903534428961,-59.268912651996395,1.5333664316946356
1,-1,Fz,SELECTED,0.28125,-20.77417346021176,-63.679851261084259,1.9496847699486701
1,-1,Fz,SELECTED,0.28515625,-21.089060792654561,-65.464902326777349,2.2288252493243101
1,-1,Fz,SELECTED,0.2890625,-20.705863709718031,-65.134366351141168,2.5416991160969458
1,-1,Fz,SELECTED,0.29296875,-19.93874162672892,-63.698025360862815,2.8960341180922939
1,-1,Fz,SELECTED,0.296875,-19.124813135269974,-62.131276130317069,3.2491083386934378
1,-1,Fz,SELECTED,0.30078125,-18.496529650259081,-61.026016709655245,3.4948069394460157
1,-1,Fz,SELECTED,0.3046875,-18.126778085049789,-60.515056876369172,3.7720805193327305
1,-1,Fz,SELECTED,0.30859375,-17.949414524924169,-60.407304972124713,3.9037119859078677
1,-1,Fz,SELECTED,0.3125,-17.829759383963314,-60.411422489078461,4.1481550763284192
1,-1,Fz,SELECTED,0.31640625,-17.647228685092447,-60.275635319748098,4.4893720276459712
1,-1,Fz,SELECTED,0.3203125,-17.354403870656878,-59.904323206120729,4.7674366976923741
1,-1,Fz,SELECTED,0.32421875,-16.990220093883174,-59.402804897764661,4.9722456053373802
1,-1,Fz,SELECTED,0.328125,-16.646963004877311,-58.816018808922053,5.2239132504662775
1,-1,Fz,SELECTED,0.33203125,-16.413792125455537,-58.252591219462957,5.2785200578733749
1,-1,Fz,SELECTED,0.3359375,-16.330182945074402,-57.799642387697588,5.1908245009705025
1,-1,Fz,SELECTED,0.33984375,-16.373030306807404,-57.471166363293364,4.9031047951483409
1,-1,Fz,SELECTED,0.34375,-16.478642784449299,-57.241001330638419,4.6303563690648568
1,-1,Fz,SELECTED,0.34765625,-16.582280654957383,-57.085857465379881,4.7289904660266764
1,-1,Fz,SELECTED,0.3515625,-16.652639324298498,-56.893083031426684,4.5829213163305749
1,-1,Fz,SELECTED,0.35546875,-16.703890352086507,-56.684704299417326,4.3599132162994687
1,-1,Fz,SELECTED,0.359375,-16.779563651375057,-56.536271296585454,4.3390283507168528
1,-1,Fz,SELECTED,0.36328125,-16.919081438016484,-56.462394277434619,4.1536738858928404
1,-1,Fz,SELECTED,0.3671875,-17.130522670328695,-56.49556172419431,3.9317440359265849
1,-1,Fz,SELECTED,0.37109375,-17.389076497560822,-56.647037382234636,3.6325353387263455
1,-1,Fz,SELECTED,0.375,-17.659928032944155,-56.912534609442588,3.1617829575390153
1,-1,Fz,SELECTED,0.37890625,-17.925340265304911,-57.282350549051458,2.7043727398057475
1,-1,Fz,SELECTED,0.3828125,-18.19542652450345,-57.744095259000026,2.4278652612639973
1,-1,Fz,SELECTED,0.38671875,-18.497945386999959,-58.276862921053151,2.26514390457405
1,-1,Fz,SELECTED,0.390625,-18.857854363218891,-58.844814974142395,2.0629712942850391
1,-1,Fz,SELECTED,0.39453125,-19.281045893458518,-59.399101257576106,1.7513640162798134
1,-1,Fz,SELECTED,0.3984375,-19.750370606417338,-59.89913045953255,1.3149024925742572
1,-1,Fz,SELECTED,0.40234375,-20.23314799831704,-60.309514529035212,0.82677883534558594
1,-1,Fz,SELECTED,0.40625,-20.693834991338829,-60.552706123052033,0.2466736091353316
1,-1,Fz,SELECTED,0.41015625,-21.105735074734948,-60.60055657919952,-0.22000270927894724
1,-1,Fz,SELECTED,0.4140625,-21.45895654170771,-60.629015677512378,-0.59469257165377232
1,-1,Fz,SELECTED,0.41796875,-21.763170718254404,-60.685756706499674,-0.84891268720689073
1,-1,Fz,SELECTED,0.421875,-22.042656238556759,-60.804988741353085,-1.1529608439942298
1,-1,Fz,SELECTED,0.42578125,-22.322930677898107,-60.998687452504193,-1.4701449325030367
1,-1,Fz,SELECTED,0.4296875,-22.615004189534019,-61.249849927015156,-1.839510125155303
1,-1,Fz,SELECTED,0.43359375,-22.907748929790358,-61.531586481730599,-2.189920782815681
1,-1,Fz,SELECTED,0.4375,-23.173308694082976,-61.842047678600558,-2.4736707099558317
1,-1,Fz,SELECTED,0.44140625,-23.379555442822376,-61.902843470352963,-2.8078445434017518
1,-1,Fz,SELECTED,0.4453125,-23.500224888805814,-61.755975104520274,-3.0075513821719362
1,-1,Fz,SELECTED,0.44921875,-23.520448289785495,-61.465138528208719,-3.1501205465781665
1,-1,Fz,SELECTED,0.453125,-23.441525594866267,-61.03451891453139,-3.3212973669582735
1,-1,Fz,SELECTED,0.45703125,-23.28499677726991,-60.490554887303603,-3.3703963940944011
1,-1,Fz,SELECTED,0.4609375,-23.088716654636826,-59.909244717069718,-3.2565447291168828
1,-1,Fz,SELECTED,0.46484375,-22.889213382173921,-59.397828166976417,-3.1483098287147198
1,-1,Fz,SELECTED,0.46875,-22.696654942058331,-59.041324134062734,-3.0980738403228072
1,-1,Fz,SELECTED,0.47265625,-22.479906321435259,-58.849549754515991,-3.0003621103241724
1,-1,Fz,SELECTED,0.4765625,-22.177514839443376,-58.742828769289595,-2.5034583016852587
1,-1,Fz,SELECTED,0.48046875,-21.734124934055153,-58.594921120291311,-1.8821086195427921
1,-1,Fz,SELECTED,0.484375,-21.141426165737133,-58.308086647528341,-1.0027072985949335
1,-1,Fz,SELECTED,0.48828125,-20.45513677447866,-57.879845997609074,-0.17952804953683735
1,-1,Fz,SELECTED,0.4921875,-19.773532246942949,-57.365490696835096,0.58679159308612772
1,-1,Fz,SELECTED,0.49609375,-19.189331574044665,-56.861203396091064,1.1830085480093844
1,-1,Fz,SELECTED,0.5,-18.745004584198032,-56.438264495248788,1.5646436557929759
1,-1,Fz,SELECTED,0.50390625,-18.418410333072483,-56.107771421879519,2.0339339697197709
1,-1,Fz,SELECTED,0.5078125,-18.145075838635282,-55.856367474025106,2.4671566863826935
1,-1,Fz,SELECTED,0.51171875,-17.860814073167052,-55.642328017956977,2.8229498358261087
1,-1,Fz,SELECTED,0.515625,-17.537561794269596,-55.357653140379284,3.2377516149229657
1,-1,Fz,SELECTED,0.51953125,-17.191013248253899,-55.001010203851912,3.6053563741589358
1,-1,Fz,SELECTED,0.5234375,-16.857299541287713,-54.610015134199443,3.9919360599352585
1,-1,Fz,SELECTED,0.52734375,-16.557777682334137,-54.215415106224363,4.370018519400281
1,-1,Fz,SELECTED,0.53125,-16.28097913268957,-53.806471425228374,4.6565578745200114
1,-1,Fz,SELECTED,0.53515625,-15.997603444632178,-53.337519313273951,4.8699641577591217
1,-1,Fz,SELECTED,0.5390625,-15.695274012289005,-52.768234843892635,5.0627512004663302
1,-1,Fz,SELECTED,0.54296875,-15.400299279397704,-52.117433532027164,5.2265445679592846
1,-1,Fz,SELECTED,0.546875,-15.164166344548482,-51.608588644244008,5.2598034516678682
1,-1,Fz,SELECTED,0.55078125,-15.024301524094204,-51.1779311884425,5.2122591861779286
1,-1,Fz,SELECTED,0.5546875,-14.971245566152168,-50.725522577484462,5.0942964790868075
1,-1,Fz,SELECTED,0.55859375,-14.947534560325746,-50.306366870113763,5.1618770881219467
1,-1,Fz,SELECTED,0.5625,-14.877261479752539,-49.958396347201862,5.030494907027947
1,-1,Fz,SELECTED,0.56640625,-14.705001019623214,-49.59085995626269,5.3183276094602094
1,-1,Fz,SELECTED,0.5703125,-14.421515271823186,-49.124399912877124,5.8255255976353526
1,-1,Fz,SELECTED,0.57421875,-14.065220348921077,-48.589410077545899,6.1302276434992438
1,-1,Fz,SELECTED,0.578125,-13.701670942472704,-48.036699140066197,6.475851501303854
1,-1,Fz,SELECTED,0.58203125,-13.392672019133824,-47.515270812036256,6.99012033607959
1,-1,Fz,SELECTED,0.5859375,-13.169933703807022,-47.075118449573566,7.3967889523062853
1,-1,Fz,SELECTED,0.58984375,-13.024199524547667,-46.616362670959326,7.5575359356612548
1,-1,Fz,SELECTED,0.59375,-12.911933023805028,-46.117218196507004,7.8946949914978362
1,-1,Fz,SELECTED,0.59765625,-12.774318176714829,-45.624541227264174,8.0621340218314739
1,-1,Fz,SELECTED,0.6015625,-12.560796442479203,-45.170433399467427,8.3529509639188682
1,-1,Fz,SELECTED,0.60546875,-12.249024597029754,-44.819683581600792,8.594580769177977
1,-1,Fz,SELECTED,0.609375,-11.853839876664862,-44.457070563551575,8.8765575819223379
1,-1,Fz,SELECTED,0.61328125,-11.421896963077957,-44.115463736188623,9.3404142456083008
1,-1,Fz,SELECTED,0.6171875,-11.014478784772697,-43.774962804502564,9.8835334215587594
1,-1,Fz,SELECTED,0.62109375,-10.683687535177166,-43.512926178685504,10.45163433535847
1,-1,Fz,SELECTED,0.625,-10.44767797004047,-43.199482468625561,10.977860270740427
1,-1,Fz,SELECTED,0.62890625,-10.273797724270413,-42.897613228273663,11.540287368974136
1,-1,Fz,SELECTED,0.6328125,-10.081771967228548,-42.541721950606075,11.857149738090721
1,-1,Fz,SELECTED,0.63671875,-9.7723297571302226,-42.072115785403007,12.273550850881975
1,-1,Fz,SELECTED,0.640625,-9.2695928965028092,-41.055955450440891,12.55994579693489
1,-1,Fz,SELECTED,0.64453125,-8.554269801272973,-39.855073774293651,12.965153331196056
1,-1,Fz,SELECTED,0.6484375,-7.6716291223920061,-38.576428645335028,13.761159446804438
1,-1,Fz,SELECTED,0.65234375,-6.7145375540451671,-37.277914472758489,14.57717318113261
1,-1,Fz,SELECTED,0.65625,-5.7914365495909585,-36.36088700316445,15.323168449616478
1,-1,Fz,SELECTED,0.66015625,-4.9904675848395801,-35.645798998968509,16.007796057712351
1,-1,Fz,SELECTED,0.6640625,-4.3520711813249813,-35.125910357288163,16.559551861935567
1,-1,Fz,SELECTED,0.66796875,-3.8624422386442423,-34.633385329948531,16.938631279118706
1,-1,Fz,SELECTED,0.671875,-3.4714234251064697,-34.201447868965353,17.291863568432706
1,-1,Fz,SELECTED,0.67578125,-3.123436170574835,-33.83329199165172,17.580778993266843
1,-1,Fz,SELECTED,0.6796875,-2.7828066648648968,-33.563368375817014,17.746343888612259
1,-1,Fz,SELECTED,0.68359375,-2.4420616932039234,-33.240768997298126,17.88950886848934
1,-1,Fz,SELECTED,0.6875,-2.1147679813230695,-32.800309630002886,17.988687492153488
1,-1,Fz,SELECTED,0.69140625,-1.8216598971496671,-32.329624553478325,18.519336635401352
1,-1,Fz,SELECTED,0.6953125,-1.5779398461551903,-31.761081438666217,18.333744699943036
1,-1,Fz,SELECTED,0.69921875,-1.385624314476916,-30.961112072806888,17.922745901141607
1,-1,Fz,SELECTED,0.703125,-1.2313748470807186,-30.362702570653333,17.861909143454596
1,-1,Fz,SELECTED,0.70703125,-1.0881411876467093,-29.803722090458194,17.970455178813868
1,-1,Fz,SELECTED,0.7109375,-0.91922677289708343,-29.2494913175939,18.008343872065161
1,-1,Fz,SELECTED,0.71484375,-0.68662853930082202,-28.627129268290112,17.790760052615358
1,-1,Fz,SELECTED,0.71875,-0.36696744705051038,-27.928353490436191,17.724813079147474
1,-1,Fz,SELECTED,0.72265625,0.028467538990720982,-27.188044787022239,18.047608748525164
1,-1,Fz,SELECTED,0.7265625,0.44400774907997537,-26.495148962271593,18.544158837026821
1,-1,Fz,SELECTED,0.73046875,0.79495560340008908,-25.991683594877554,18.581043828238631
1,-1,Fz,SELECTED,0.734375,1.005882698721847,-25.639404100359677,18.744989705066942
1,-1,Fz,SELECTED,0.73828125,1.049908055009326,-25.533088471956759,18.955164524913172
1,-1,Fz,SELECTED,0.7421875,0.96367237679047146,-25.613857017546838,18.746396226729399
1,-1,Fz,SELECTED,0.74609375,0.82856307193987278,-25.670311429202624,18.337256814995012
1,-1,Fz,SELECTED,0.75,0.7293306036749172,-25.545207939131028,18.047963420443107
1,-1,Fz,SELECTED,0.75390625,0.71268501448817367,-25.35647405112184,17.401362373270164
1,-1,Fz,SELECTED,0.7578125,0.76700687902390274,-24.950781666925664,16.916465639964947
1,-1,Fz,SELECTED,0.76171875,0.83235409231692792,-24.44506356702848,16.425789819449385
1,-1,Fz,SELECTED,0.765625,0.83324373946118679,-24.002322669976504,16.100428691365995
1,-1,Fz,SELECTED,0.76953125,0.71476239672135733,-23.577230950784053,15.961818579854352
1,-1,Fz,SELECTED,0.7734375,0.46285613517821256,-23.552437143302569,15.551875242813383
1,-1,Fz,SELECTED,0.77734375,0.10075274530479512,-23.633824125069047,14.916354314382183
1,-1,Fz,SELECTED,0.78125,-0.33233637469789817,-23.819719256239946,14.482332873165392
1,-1,Fz,SELECTED,0.78515625,-0.80455681714943517,-24.18459321881901,13.953856216732012
1,-1,Fz,SELECTED,0.7890625,-1.3013359150538646,-24.903682792046432,13.378847962202954
1,-1,Fz,SELECTED,0.79296875,-1.8169680986491263,-25.52151650517667,13.188238593686384
1,-1,Fz,SELECTED,0.796875,-2.3376111837724722,-26.390821191310302,13.007238637774902
1,-1,F3,SELECTED,-0.19921875,-0.7588067051989027,-3.7512855931999032,2.0831812209649523
1,-1,F3,SELECTED,-0.1953125,-0.94777521621390137,-3.5889186354263343,1.8255976310866211
1,-1,F3,SELECTED,-0.19140625,-1.1297755302420334,-3.754794985903358,1.5895611684985782
1,-1,F3,SELECTED,-0.1875,-1.2317461025204695,-3.8882161355496456,1.4217143212215648
1,-1,F3,SELECTED,-0.18359375,-1.2020729710211675,-3.7799563134260983,1.2815659937690904
1,-1,F3,SELECTED,-0.1796875,-1.0266556031270833,-3.5356083633084721,1.3149114719676767
1,-1,F3,SELECTED,-0.17578125,-0.73789289763288279,-3.0292132521547339,1.5130506188625557
1,-1,F3,SELECTED,-0.171875,-0.41392412740286399,-2.6054991088672317,1.7173395021196738
1,-1,F3,SELECTED,-0.16796875,-0.15962086408556359,-2.3975815007479029,1.8699468232066496
1,-1,F3,SELECTED,-0.1640625,-0.066487229849120033,-2.1796159291448562,1.8768901582094677
1,-1,F3,SELECTED,-0.16015625,-0.16785459759490051,-2.170889127161467,1.8429298771212814
1,-1,F3,SELECTED,-0.15625,-0.41918124087146835,-2.3630180878832445,1.5709147708279534
1,-1,F3,SELECTED,-0.15234375,-0.72043983790177257,-2.5987374855822241,1.319652629462996
1,-1,F3,SELECTED,-0.1484375,-0.96595029083379547,-2.8753059024012848,1.1176001212112689
1,-1,F3,SELECTED,-0.14453125,-1.0883306290066004,-2.7946123267552703,0.88236243194793562
1,-1,F3,SELECTED,-0.140625,-1.0751818962808708,-2.631680642200112,0.62856391793797706
1,-1,F3,SELECTED,-0.13671875,-0.96181772444341884,-2.402501326452203,0.53456774329555212
1,-1,F3,SELECTED,-0.1328125,-0.81321650335462048,-2.1560632671744457,0.59516763253246707
1,-1,F3,SELECTED,-0.12890625,-0.70050052957998288,-2.0876729107158662,0.68786421729021918
1,-1,F3,SELECTED,-0.125,-0.67042975018808648,-1.9939516979508116,0.81942638725033534
1,-1,F3,SELECTED,-0.12109375,-0.71351656831663302,-1.9875571616531758,0.83619061269162065
1,-1,F3,SELECTED,-0.1171875,-0.74972863519543398,-2.0715562986349347,0.97282832761273019
1,-1,F3,SELECTED,-0.11328125,-0.65138462857196211,-2.0029732786421302,1.1360246520297781
1,-1,F3,SELECTED,-0.109375,-0.3021843794559021,-1.7699962471426749,1.5193708882781831
1,-1,F3,SELECTED,-0.10546875,0.33611231621747367,-1.1283294440161229,2.2046054473888237
1,-1,F3,SELECTED,-0.1015625,1.187589907257274,-0.51278952191010196,3.0680494940447023
1,-1,F3,SELECTED,-0.09765625,2.0781204802781841,0.038251183308703564,4.171164345574331
1,-1,F3,SELECTED,-0.09375,2.7957343037713849,0.415211581811534,5.0049099260779002
1,-1,F3,SELECTED,-0.08984375,3.1671900482451134,0.6036038705248209,5.5672622388969666
1,-1,F3,SELECTED,-0.0859375,3.1189207094899492,0.63416245091987533,5.3355967388341288
1,-1,F3,SELECTED,-0.08203125,2.7000628425448094,0.58637621768974202,4.7066526335037775
1,-1,F3,SELECTED,-0.078125,2.0617616063561086,0.25133824315421727,3.7731015113726327
1,-1,F3,SELECTED,-0.07421875,1.4031981327454852,-0.10520716049265694,2.9591529522680911
1,-1,F3,SELECTED,-0.0703125,0.90345592402802999,-0.45951696930808394,2.4321228379485254
1,-1,F3,SELECTED,-0.06640625,0.66051722392780621,-0.64687712985416213,2.2355176101008865
1,-1,F3,SELECTED,-0.0625,0.65990270385071603,-0.76697466261139491,2.2147189625255739
1,-1,F3,SELECTED,-0.05859375,0.79121364013093876,-0.90239188280210836,2.3935622800836551
1,-1,F3,SELECTED,-0.0546875,0.91084807505634413,-1.0583613209462772,2.5157174633869803
1,-1,F3,SELECTED,-0.05078125,0.91832787276027661,-0.89688368218952941,2.4409483373818728
1,-1,F3,SELECTED,-0.046875,0.79798516823586829,-0.85791124903278682,2.0771577707594249
1,-1,F3,SELECTED,-0.04296875,0.59998570985051458,-0.93782227954781017,1.7363738693126007
1,-1,F3,SELECTED,-0.0390625,0.38211442405629548,-1.1355982001709157,1.4950414911917642
1,-1,F3,SELECTED,-0.03515625,0.16257483381475488,-1.4714141831275445,1.4950998905388
1,-1,F3,SELECTED,-0.03125,-0.082810697527415919,-1.9539655860716323,1.7011595058339752
1,-1,F3,SELECTED,-0.02734375,-0.38635762495801079,-2.6719934495520339,1.8461165508998278
1,-1,F3,SELECTED,-0.0234375,-0.74865559161603634,-3.3330073838792287,1.8391947360827809
1,-1,F3,SELECTED,-0.01953125,-1.1201421893207166,-3.7202104489981589,1.5398553465447464
1,-1,F3,SELECTED,-0.015625,-1.414194678664882,-3.9408370387323588,0.92191719958277962
1,-1,F3,SELECTED,-0.01171875,-1.5445119742293933,-3.9573442165777597,0.48331257513122522
1,-1,F3,SELECTED,-0.0078125,-1.4661399191114322,-3.7987060464705906,0.53040396824084446
1,-1,F3,SELECTED,-0.00390625,-1.1983287883000036,-3.6591019406917105,1.0733933992477311
1,-1,F3,SELECTED,0,-0.82108458624946445,-3.4947627142983846,2.093560463575626
1,-1,F3,SELECTED,0.00390625,-0.45134081911083873,-3.6315810349190625,3.2583276656819686
1,-1,F3,SELECTED,0.0078125,-0.20753091074999036,-3.8620566941142918,4.1756935717878001
1,-1,F3,SELECTED,0.01171875,-0.17100028725629493,-4.0543195336526461,4.62563706161699
1,-1,F3,SELECTED,0.015625,-0.35719608510483747,-4.1955492835762707,4.2491890706183932
1,-1,F3,SELECTED,0.01953125,-0.71010041568373305,-4.4369870772272888,3.6190816535872194
1,-1,F3,SELECTED,0.0234375,-1.1228514862562142,-4.779319946003322,2.7458129299216107
1,-1,F3,SELECTED,0.02734375,-1.4756701536411525,-5.0053573811967782,2.1029122689795199
1,-1,F3,SELECTED,0.03125,-1.6778398496329461,-5.3506273256412147,1.9055226362450446
1,-1,F3,SELECTED,0.03515625,-1.6992802455229226,-5.4052494235516688,1.9962430446356914
1,-1,F3,SELECTED,0.0390625,-1.5777693141158882,-5.6707851659356869,2.4043293338108915
1,-1,F3,SELECTED,0.04296875,-1.3966927413268428,-5.7742892865838487,2.8510737208933894
1,-1,F3,SELECTED,0.046875,-1.2440579314326752,-5.8200263869170525,3.118044408963101
1,-1,F3,SELECTED,0.05078125,-1.175103974583914,-6.0513507516821976,3.4628888443970265
1,-1,F3,SELECTED,0.0546875,-1.1988257589191269,-6.3992887558763023,3.6779465226769954
1,-1,F3,SELECTED,0.05859375,-1.2924288185980595,-6.8506723259325435,3.9028216945596927
1,-1,F3,SELECTED,0.0625,-1.4281462976334922,-7.0870012554750348,4.0887514788500443
1,-1,F3,SELECTED,0.06640625,-1.5904573692813329,-7.6061092209874666,4.2265925283114232
1,-1,F3,SELECTED,0.0703125,-1.7735390188890934,-7.9126861557749564,4.2456985301859413
1,-1,F3,SELECTED,0.07421875,-1.9671514177285727,-8.0477066574663567,4.0525895102010168
1,-1,F3,SELECTED,0.078125,-2.1484990208600814,-8.0119783600950534,3.7514295860908873
1,-1,F3,SELECTED,0.08203125,-2.2907092628694916,-8.0824755648759687,3.4781144066162493
1,-1,F3,SELECTED,0.0859375,-2.3812335106588058,-8.0688490576801168,3.2957420967669977
1,-1,F3,SELECTED,0.08984375,-2.432151849425225,-8.2161108816601178,3.3525810438040224
1,-1,F3,SELECTED,0.09375,-2.4720914497238491,-8.4781622138440103,3.5458118019702449
1,-1,F3,SELECTED,0.09765625,-2.5284572480345191,-8.827454715660318,3.7754982222508375
1,-1,F3,SELECTED,0.1015625,-2.6163937535959194,-9.1710463230902999,4.1080071956011377
1,-1,F3,SELECTED,0.10546875,-2.7391504704865199,-9.6407104043242597,4.4311594038930435
1,-1,F3,SELECTED,0.109375,-2.8902851788647861,-10.16080937664502,4.7455526849415488
1,-1,F3,SELECTED,0.11328125,-3.05012293483815,-10.500775782202689,4.8577880766439359
1,-1,F3,SELECTED,0.1171875,-3.1836043836236514,-10.727699404511586,4.7260734441662624
1,-1,F3,SELECTED,0.12109375,-3.2526929286308754,-10.957810827253338,4.7299102304105372
1,-1,F3,SELECTED,0.125,-3.2414114287035463,-11.147063427854849,4.7159829028569336
1,-1,F3,SELECTED,0.12890625,-3.1716787788608745,-10.977358966223001,4.8413109859019423
1,-1,F3,SELECTED,0.1328125,-3.0911969573951485,-10.685502433497298,5.0436882518090869
1,-1,F3,SELECTED,0.13671875,-3.041335051825055,-10.738677128079772,5.1932880874591607
1,-1,F3,SELECTED,0.140625,-3.0329240838394744,-10.845145413143637,5.2881294643192929
1,-1,F3,SELECTED,0.14453125,-3.0491878360653155,-11.024071022981454,5.4457491306721169
1,-1,F3,SELECTED,0.1484375,-3.0691893428839099,-11.349002840555563,5.8779610902619996
1,-1,F3,SELECTED,0.15234375,-3.0884343515644375,-11.68157368090008,6.3071606829712783
1,-1,F3,SELECTED,0.15625,-3.1187357494585886,-11.926650925745138,6.3456825402800572
1,-1,F3,SELECTED,0.16015625,-3.1700241130367015,-12.182331623033946,6.3088808632919413
1,-1,F3,SELECTED,0.1640625,-3.2340091563062696,-12.254552090873819,6.1217269659514422
1,-1,F3,SELECTED,0.16796875,-3.287882934991242,-12.135956846371389,5.8642442842247515
1,-1,F3,SELECTED,0.171875,-3.3165548810137446,-12.150276577768643,5.7973912426463778
1,-1,F3,SELECTED,0.17578125,-3.3328780129259541,-12.260281292135318,5.8267918005268262
1,-1,F3,SELECTED,0.1796875,-3.3760421468324351,-12.485567512664097,5.9455598271739305
1,-1,F3,SELECTED,0.18359375,-3.4879298404175607,-12.967052235726404,6.2359502016802963
1,-1,F3,SELECTED,0.1875,-3.6859059499531188,-13.287947689041884,6.659610266093372
1,-1,F3,SELECTED,0.19140625,-3.951520958340192,-13.91596083816435,6.9248640748957833
1,-1,F3,SELECTED,0.1953125,-4.2404834125454078,-14.655657009591534,6.972322752781535
1,-1,F3,SELECTED,0.19921875,-4.5048400802434418,-15.157480221064372,6.9295496717427998
1,-1,F3,SELECTED,0.203125,-4.7134301888524028,-15.523443262288449,6.8148716550158603
1,-1,F3,SELECTED,0.20703125,-4.8600874176154623,-15.889696869990168,6.7517533382741313
1,-1,F3,SELECTED,0.2109375,-4.95628259007787,-16.140433567152066,6.7472306284088317
1,-1,F3,SELECTED,0.21484375,-5.0137528860975378,-16.237872469796905,6.6993522558358514
1,-1,F3,SELECTED,0.21875,-5.0294922867951248,-16.209936597856007,6.7342574240657385
1,-1,F3,SELECTED,0.22265625,-4.9846314098949289,-16.065490226753202,6.832676724046828
1,-1,F3,SELECTED,0.2265625,-4.8597224444706493,-15.877944249338036,7.0352491950684533
1,-1,F3,SELECTED,0.23046875,-4.6580114254599501,-15.829031355220753,7.4746209787256985
1,-1,F3,SELECTED,0.234375,-4.4211760858292646,-15.679371093906555,7.7933904430922443
1,-1,F3,SELECTED,0.23828125,-4.2221666760337628,-15.647237914627519,8.0822297663794558
1,-1,F3,SELECTED,0.2421875,-4.1314583829885665,-15.770636056196484,8.3548121387336209
1,-1,F3,SELECTED,0.24609375,-4.1738184482055134,-15.946302371148553,8.4470344624139369
1,-1,F3,SELECTED,0.25,-4.3058115038789548,-16.093558699052085,8.3949179463145445
1,-1,F3,SELECTED,0.25390625,-4.4333210357554291,-16.248160331448268,8.2095184917732258
1,-1,F3,SELECTED,0.2578125,-4.4596194341386575,-16.255381953953457,8.1033350272590567
1,-1,F3,SELECTED,0.26171875,-4.3331422243024802,-15.835473854997918,8.1792953930392365
1,-1,F3,SELECTED,0.265625,-4.0672532843572835,-15.389438202368973,8.5102671763319222
1,-1,F3,SELECTED,0.26953125,-3.7248304422580709,-15.094916716637673,9.1894387485828855
1,-1,F3,SELECTED,0.2734375,-3.3799618807649319,-14.828127766239943,9.659923460263526
1,-1,F3,SELECTED,0.27734375,-3.0786480962406775,-14.379707029051946,9.947109518217303
1,-1,F3,SELECTED,0.28125,-2.8209593622280145,-14.029716592702423,10.244479824648392
1,-1,F3,SELECTED,0.28515625,-2.5764344288188479,-13.814742396616913,10.516102875217513
1,-1,F3,SELECTED,0.2890625,-2.3220943762488404,-13.655768516885876,10.587922148356862
1,-1,F3,SELECTED,0.29296875,-2.0731453717943622,-13.691451655513022,10.702932352346714
1,-1,F3,SELECTED,0.296875,-1.8806547594429255,-13.585985978811399,10.928003211854927
1,-1,F3,SELECTED,0.30078125,-1.7974607646184571,-13.812956249433832,10.916027343057399
1,-1,F3,SELECTED,0.3046875,-1.8384480219588186,-14.24642762148155,10.919317293714725
1,-1,F3,SELECTED,0.30859375,-1.9634105043460199,-14.751741177156937,10.88166399893505
1,-1,F3,SELECTED,0.3125,-2.0935114124531968,-15.045614521496372,10.955734873466888
1,-1,F3,SELECTED,0.31640625,-2.151561600548336,-15.271974184517665,11.155008918215671
1,-1,F3,SELECTED,0.3203125,-2.1028615455630972,-15.228406700770714,11.449627974598888
1,-1,F3,SELECTED,0.32421875,-1.9726970550595295,-15.05493895758898,11.755754358207799
1,-1,F3,SELECTED,0.328125,-1.8299722128440239,-14.811282613856511,11.964905303822986
1,-1,F3,SELECTED,0.33203125,-1.746932866173917,-14.686411498769099,11.988592072696004
1,-1,F3,SELECTED,0.3359375,-1.7595891597146704,-14.689258861147936,11.80899046692118
1,-1,F3,SELECTED,0.33984375,-1.8521344179029202,-14.770990676363134,11.499775882831418
1,-1,F3,SELECTED,0.34375,-1.9724583573624361,-14.951736000188026,11.304550903012078
1,-1,F3,SELECTED,0.34765625,-2.0672161407353933,-15.178384439377414,11.23429645099738
1,-1,F3,SELECTED,0.3515625,-2.1150200783609354,-15.31184904084455,11.263150099819255
1,-1,F3,SELECTED,0.35546875,-2.1372430665237601,-15.42450596600894,11.348681397836478
1,-1,F3,SELECTED,0.359375,-2.178221162643208,-15.547436198653051,11.402248529008533
1,-1,F3,SELECTED,0.36328125,-2.2687335858954718,-15.722729160463933,11.343847594382915
1,-1,F3,SELECTED,0.3671875,-2.4027513648574392,-15.935559954757833,11.03347237994848
1,-1,F3,SELECTED,0.37109375,-2.5480833788530739,-16.023462722461645,10.682927965647021
1,-1,F3,SELECTED,0.375,-2.6814603351245445,-15.879351392091651,10.597569013375916
1,-1,F3,SELECTED,0.37890625,-2.8166795642390685,-16.036987420590776,10.589232920342912
1,-1,F3,SELECTED,0.3828125,-3.0016333902542032,-16.209456968337069,10.371319284599162
1,-1,F3,SELECTED,0.38671875,-3.2874345065651842,-16.498643317272478,10.043805364336174
1,-1,F3,SELECTED,0.390625,-3.6943255791536309,-16.899959677558769,9.6375165526189779
1,-1,F3,SELECTED,0.39453125,-4.1989572073002526,-17.415168167830604,9.2202920005308773
1,-1,F3,SELECTED,0.3984375,-4.7502239336189618,-18.017269430472318,8.7352749064923074
1,-1,F3,SELECTED,0.40234375,-5.3002064041040011,-18.650320297510437,8.2839492093052076
1,-1,F3,SELECTED,0.40625,-5.8273308080851551,-19.173135749552095,7.8930847200669083
1,-1,F3,SELECTED,0.41015625,-6.3377459024153895,-19.670443466045668,7.3612011659905541
1,-1,F3,SELECTED,0.4140625,-6.8491974837872061,-20.131576398869491,6.7684819979312509
1,-1,F3,SELECTED,0.41796875,-7.3718401354145469,-20.514084685847539,6.2193597801232947
1,-1,F3,SELECTED,0.421875,-7.8968108350338486,-20.732939689187834,5.54692901106203
1,-1,F3,SELECTED,0.42578125,-8.3955123190971861,-20.935387052124717,4.8510021335160012
1,-1,F3,SELECTED,0.4296875,-8.8287786361805658,-21.087119632073097,4.373576257510682
1,-1,F3,SELECTED,0.43359375,-9.1632022070134553,-21.391255838039811,4.0496900625197387
1,-1,F3,SELECTED,0.4375,-9.3872531083091122,-21.562579121337169,3.8888614151821885
1,-1,F3,SELECTED,0.44140625,-9.5164393360778288,-21.776379872553139,3.8619200753656
1,-1,F3,SELECTED,0.4453125,-9.5829738998933909,-21.998096257810424,3.9126980490212908
1,-1,F3,SELECTED,0.44921875,-9.6182653979621247,-22.178041750431628,4.0585804525615439
1,-1,F3,SELECTED,0.453125,-9.6414666641667601,-22.316695432471953,4.1621757930884415
1,-1,F3,SELECTED,0.45703125,-9.6583522868805414,-22.304418987821869,4.2301141561064979
1,-1,F3,SELECTED,0.4609375,-9.6637052381222155,-22.129003634629466,4.1230032663055418
1,-1,F3,SELECTED,0.46484375,-9.639988576751561,-22.068501888256183,4.0496830923313887
1,-1,F3,SELECTED,0.46875,-9.5541040330666398,-22.104574684179578,4.122409174843094
1,-1,F3,SELECTED,0.47265625,-9.3616339736180869,-21.984048062378445,4.3918405793412925
1,-1,F3,SELECTED,0.4765625,-9.0251059790337944,-21.847398652273757,4.8402980263779689
1,-1,F3,SELECTED,0.48046875,-8.5403886084517264,-21.562326711164459,5.6060845343421679
1,-1,F3,SELECTED,0.484375,-7.9543623051453256,-21.210130596497162,6.3467955517452301
1,-1,F3,SELECTED,0.48828125,-7.3580140556044542,-20.775260583019485,6.9989185936604281
1,-1,F3,SELECTED,0.4921875,-6.8526441665145876,-20.328904800856524,7.4958691503721706
1,-1,F3,SELECTED,0.49609375,-6.504780202570668,-20.073753414691893,7.9528469703044369
1,-1,F3,SELECTED,0.5,-6.3154010967668164,-20.036864611519832,7.9470753687104674
1,-1,F3,SELECTED,0.50390625,-6.2221746005576248,-20.080294255072889,8.0132260131647826
1,-1,F3,SELECTED,0.5078125,-6.1335038709165204,-20.119963759796047,8.2775174650439869
1,-1,F3,SELECTED,0.51171875,-5.9749110269372832,-20.042992476960826,8.3569619068566432
1,-1,F3,SELECTED,0.515625,-5.7226347383474545,-19.812172884833466,8.4433856506479508
1,-1,F3,SELECTED,0.51953125,-5.4068697132213872,-19.477859826335376,8.7622938482039494
1,-1,F3,SELECTED,0.5234375,-5.0839333994192151,-19.172076190576853,9.2232520705135492
1,-1,F3,SELECTED,0.52734375,-4.7966804152640288,-18.865467637861219,9.5788320742261952
1,-1,F3,SELECTED,0.53125,-4.5525342028084888,-18.653260804824356,9.8456746513883946
1,-1,F3,SELECTED,0.53515625,-4.3353849499011616,-18.472838616578628,10.09515610119017
1,-1,F3,SELECTED,0.5390625,-4.1381495510013417,-18.312342869203565,10.341910106480681
1,-1,F3,SELECTED,0.54296875,-3.9842794905997891,-18.285894618951044,10.46986201148232
1,-1,F3,SELECTED,0.546875,-3.9172161562470129,-18.321860265658994,10.45502050787638
1,-1,F3,SELECTED,0.55078125,-3.9656485952468605,-18.395016630907826,10.335733181807576
1,-1,F3,SELECTED,0.5546875,-4.1126223497322991,-18.325696281471981,10.180520114791866
1,-1,F3,SELECTED,0.55859375,-4.2920401584877172,-18.288077351820565,9.8357662156799801
1,-1,F3,SELECTED,0.5625,-4.4141781846303125,-18.385713710384746,9.6179740025215672
1,-1,F3,SELECTED,0.56640625,-4.403141364828457,-18.255105348763614,9.4407168822830076
1,-1,F3,SELECTED,0.5703125,-4.226334079883034,-18.059987598776104,9.4623578135030382
1,-1,F3,SELECTED,0.57421875,-3.9050121586825433,-17.700123901551454,9.784157097756923
1,-1,F3,SELECTED,0.578125,-3.505093081484485,-17.332845778579856,10.215573534684969
1,-1,F3,SELECTED,0.58203125,-3.1129948641574869,-17.102961069230336,10.716018307074794
1,-1,F3,SELECTED,0.5859375,-2.8038277396079376,-16.857428648302484,10.977679256419517
1,-1,F3,SELECTED,0.58984375,-2.6117943108868875,-16.935325000388424,11.001836666012405
1,-1,F3,SELECTED,0.59375,-2.5148088093667695,-17.122893008700967,11.205453872438545
1,-1,F3,SELECTED,0.59765625,-2.4434935216912419,-17.041666236890144,11.293235547454698
1,-1,F3,SELECTED,0.6015625,-2.3147930182763812,-16.756290502449147,11.325747410136508
1,-1,F3,SELECTED,0.60546875,-2.0744770725576842,-16.363745720315432,11.478848199491836
1,-1,F3,SELECTED,0.609375,-1.7235375148812204,-15.922014296530101,11.798191886475925
1,-1,F3,SELECTED,0.61328125,-1.3127719354030098,-15.500979520183733,12.269745909881147
1,-1,F3,SELECTED,0.6171875,-0.91124427125729568,-15.219918849359248,12.634472591337385
1,-1,F3,SELECTED,0.62109375,-0.56859761186801439,-15.173918908009503,12.954889674068754
1,-1,F3,SELECTED,0.625,-0.28938357163070944,-14.974760995901505,13.268744740621871
1,-1,F3,SELECTED,0.62890625,-0.028224421382546251,-14.868143410997121,13.63619245596481
1,-1,F3,SELECTED,0.6328125,0.29254926370633538,-14.388375386599087,14.111485949815403
1,-1,F3,SELECTED,0.63671875,0.74805581000093202,-13.57815060206612,14.607443008277388
1,-1,F3,SELECTED,0.640625,1.3740806905510607,-12.911475725413634,15.034151203531477
1,-1,F3,SELECTED,0.64453125,2.1484330782375616,-12.276348540077876,15.612457502196193
1,-1,F3,SELECTED,0.6484375,3.0003538463620543,-11.379714984436667,16.262837462059501
1,-1,F3,SELECTED,0.65234375,3.8396263537669495,-10.250333896074617,16.870502423404226
1,-1,F3,SELECTED,0.65625,4.5882496425057218,-9.2538081316808629,17.467136695636942
1,-1,F3,SELECTED,0.66015625,5.2027967925946346,-8.6394843438524749,18.102708059942032
1,-1,F3,SELECTED,0.6640625,5.6829592745073372,-8.3668836530739288,18.63886190392952
1,-1,F3,SELECTED,0.66796875,6.064364232448324,-7.581418540568519,19.011262947534334
1,-1,F3,SELECTED,0.671875,6.3977206458384455,-7.3314495913247777,19.153568312221729
1,-1,F3,SELECTED,0.67578125,6.7240477461524595,-7.2123069484975906,19.581500464072938
1,-1,F3,SELECTED,0.6796875,7.0587635396385746,-6.9548628368850265,20.256927153697177
1,-1,F3,SELECTED,0.68359375,7.3911666525262172,-6.1931795682669728,20.677589679906045
1,-1,F3,SELECTED,0.6875,7.6967890979344613,-5.8545248793589462,21.165806156635398
1,-1,F3,SELECTED,0.69140625,7.9551864797177192,-5.508573571638939,21.474811948634674
1,-1,F3,SELECTED,0.6953125,8.1646009119971268,-5.3706212096303343,21.861053547178233
1,-1,F3,SELECTED,0.69921875,8.3458692863253017,-5.328087722556516,22.009141070601377
1,-1,F3,SELECTED,0.703125,8.5334545371002051,-5.1878726613069697,22.033602237480043
1,-1,F3,SELECTED,0.70703125,8.7607531536404455,-4.8075405878778126,22.460845839861076
1,-1,F3,SELECTED,0.7109375,9.0502162205742529,-4.2850683465995445,22.624673297103413
1,-1,F3,SELECTED,0.71484375,9.4107589366893638,-3.7455690610450492,22.812874430637287
1,-1,F3,SELECTED,0.71875,9.8356928692725489,-2.994329316757709,23.200705165037853
1,-1,F3,SELECTED,0.72265625,10.296849603847564,-2.1233778799284608,23.620437124826562
1,-1,F3,SELECTED,0.7265625,10.740992113172972,-1.0970723381916492,23.778295171949537
1,-1,F3,SELECTED,0.73046875,11.098332612804008,-0.84333684850310731,23.945089377308957
1,-1,F3,SELECTED,0.734375,11.304927881164758,-0.71078551155085457,23.973880058721747
1,-1,F3,SELECTED,0.73828125,11.329641783749654,-0.40470947766359194,23.896239873137858
1,-1,F3,SELECTED,0.7421875,11.191145390248263,-0.24990331192340609,23.505334177325583
1,-1,F3,SELECTED,0.74609375,10.953462098686497,-0.2230470754270798,23.106360949959445
1,-1,F3,SELECTED,0.75,10.699330245745205,-0.37360556861429683,23.049321881134571
1,-1,F3,SELECTED,0.75390625,10.494468959161406,-0.38227707481568085,22.994156182878097
1,-1,F3,SELECTED,0.7578125,10.36239426198539,-0.19798905965698049,22.75566732972063
1,-1,F3,SELECTED,0.76171875,10.282144771077915,0.15096016967575585,22.059060980802155
1,-1,F3,SELECTED,0.765625,10.206184047611604,0.57823407300737473,21.546850309111278
1,-1,F3,SELECTED,0.76953125,10.085430525890065,0.6441623709439297,21.295795604170255
1,-1,F3,SELECTED,0.7734375,9.888517872952038,0.54432771711173911,20.965264662509632
1,-1,F3,SELECTED,0.77734375,9.6089460723666917,0.34157495824340323,20.621519644234084
1,-1,F3,SELECTED,0.78125,9.2609206013272498,0.15455309811684254,20.036721320263968
1,-1,F3,SELECTED,0.78515625,8.8695064066986458,-0.0050461000154259361,19.412087386398955
1,-1,F3,SELECTED,0.7890625,8.4618744737181384,-0.11888547957540618,18.883650763126763
1,-1,F3,SELECTED,0.79296875,8.0633662403139379,-0.53335370284222139,18.592305810692675
1,-1,F3,SELECTED,0.796875,7.6965781274892056,-0.94666918991155358,18.13405708456909
1,-1,F4,SELECTED,-0.19921875,-2.0562704871808131,-6.9208117713223869,1.9894902736853974
1,-1,F4,SELECTED,-0.1953125,-2.0957125837269039,-6.8792000159045328,1.8855005744043567
1,-1,F4,SELECTED,-0.19140625,-2.1078491762559217,-6.6932559056154988,1.7028877001905713
1,-1,F4,SELECTED,-0.1875,-2.0610308009370715,-6.355908740286357,1.6565586808539774
1,-1,F4,SELECTED,-0.18359375,-1.9229689409725277,-6.0024612355843141,1.6198909003625439
1,-1,F4,SELECTED,-0.1796875,-1.6731636708992528,-5.5202756620410325,1.706664031271476
1,-1,F4,SELECTED,-0.17578125,-1.3205867276127694,-5.0598844191361474,1.8261296216958187
1,-1,F4,SELECTED,-0.171875,-0.91455404764569714,-4.4138030719493475,2.0543922020852401
1,-1,F4,SELECTED,-0.16796875,-0.53656543493167219,-3.8868486855740145,2.2754767667680396
1,-1,F4,SELECTED,-0.1640625,-0.27208223906939216,-3.5398987590409448,2.4516929186288094
1,-1,F4,SELECTED,-0.16015625,-0.17595690471935518,-3.3045283239420393,2.4622337938160386
1,-1,F4,SELECTED,-0.15625,-0.25169409393404218,-3.2963301687207074,2.3267189956663206
1,-1,F4,SELECTED,-0.15234375,-0.45617183854181076,-3.4475417450922468,1.9931105056371923
1,-1,F4,SELECTED,-0.1484375,-0.72339561554281528,-3.6272375972131536,1.6373829915533487
1,-1,F4,SELECTED,-0.14453125,-0.98931419166086543,-3.667641855776278,1.1953362216651802
1,-1,F4,SELECTED,-0.140625,-1.2055146418562881,-3.6640760663296921,0.87455111200557756
1,-1,F4,SELECTED,-0.13671875,-1.344176469411861,-3.5200433911358164,0.51177140319214354
1,-1,F4,SELECTED,-0.1328125,-1.401579567168473,-3.2901506225952497,0.28359850391197511
1,-1,F4,SELECTED,-0.12890625,-1.3983837494706799,-2.9697667830827088,0.13831763685614171
1,-1,F4,SELECTED,-0.125,-1.3672490759836433,-2.7080060854516828,1.3561252750503294e-05
1,-1,F4,SELECTED,-0.12109375,-1.3264984647081584,-2.7343527700319199,0.16696356647322688
1,-1,F4,SELECTED,-0.1171875,-1.2559810565700904,-2.8255692928830083,0.5385895820791633
1,-1,F4,SELECTED,-0.11328125,-1.0971734745110446,-2.8054795433714785,1.0260105121603937
1,-1,F4,SELECTED,-0.109375,-0.78364331016167477,-2.5695953096726787,1.5755600135163152
1,-1,F4,SELECTED,-0.10546875,-0.28459800468419322,-2.0414480211215369,2.1393946664032799
1,-1,F4,SELECTED,-0.1015625,0.36461962898370165,-1.3395897238588224,2.6725523724108853
1,-1,F4,SELECTED,-0.09765625,1.0618023919120949,-0.75273132353700278,3.2647858326457997
1,-1,F4,SELECTED,-0.09375,1.6686310578719892,-0.3336956692236509,3.8780475051778698
1,-1,F4,SELECTED,-0.08984375,2.0616753567787489,0.0085910770431734292,4.4130077878982803
1,-1,F4,SELECTED,-0.0859375,2.1813032492247313,0.17813942599758167,4.5256757647290291
1,-1,F4,SELECTED,-0.08203125,2.05344848469205,0.29655890387271411,4.2007515838262099
1,-1,F4,SELECTED,-0.078125,1.7741381576440107,0.23819545765377154,3.5925174018733119
1,-1,F4,SELECTED,-0.07421875,1.4697610618458774,0.026874219743967875,3.0620978908480394
1,-1,F4,SELECTED,-0.0703125,1.2540274021950064,-0.23327046754591124,2.7050633841588567
1,-1,F4,SELECTED,-0.06640625,1.1924964030475858,-0.30704918074016657,2.6264468538516468
1,-1,F4,SELECTED,-0.0625,1.2795438904607523,-0.40781954353283195,2.8871915212434387
1,-1,F4,SELECTED,-0.05859375,1.439621548363508,-0.38628694110301259,3.1438862435376613
1,-1,F4,SELECTED,-0.0546875,1.5636502868513549,-0.31319031071483538,3.5055156659002455
1,-1,F4,SELECTED,-0.05078125,1.567662362675093,-0.33383702029258222,3.6952222316095065
1,-1,F4,SELECTED,-0.046875,1.4365746919444067,-0.53409570272712259,3.6599444340604728
1,-1,F4,SELECTED,-0.04296875,1.2231192128523236,-0.80007269729082775,3.5782338308017243
1,-1,F4,SELECTED,-0.0390625,1.0066253535598739,-1.2873908046207203,3.7174027817008164
1,-1,F4,SELECTED,-0.03515625,0.84400378878466475,-1.956817859148331,4.022269237158774
1,-1,F4,SELECTED,-0.03125,0.74413705624649917,-2.4815859644418108,4.4598037993210005
1,-1,F4,SELECTED,-0.02734375,0.67584468705201473,-3.010470922608468,4.9894010484776086
1,-1,F4,SELECTED,-0.0234375,0.59823510287848058,-3.3658535680950332,5.43609481969564
1,-1,F4,SELECTED,-0.01953125,0.49148937870243536,-3.6978676357636733,5.5387432442596882
1,-1,F4,SELECTED,-0.015625,0.36867267630582429,-3.8034217897621367,5.2406009102686575
1,-1,F4,SELECTED,-0.01171875,0.26402057682287422,-3.8868723213634739,5.0155695149575159
1,-1,F4,SELECTED,-0.0078125,0.21081911905148898,-4.0210719541166027,5.0294987533252931
1,-1,F4,SELECTED,-0.00390625,0.22619164140961148,-4.3550228556440187,5.3182429295206282
1,-1,F4,SELECTED,0,0.30773157312080013,-4.6752967347413028,6.0021775358423106
1,-1,F4,SELECTED,0.00390625,0.43596874370105576,-4.9123407337575706,6.831502810878245
1,-1,F4,SELECTED,0.0078125,0.57982147920254001,-5.0370616535049546,7.6170464489863683
1,-1,F4,SELECTED,0.01171875,0.70784198523058062,-5.0936904092455118,8.1988324802256933
1,-1,F4,SELECTED,0.015625,0.80289039974454202,-5.1705490266902778,8.4488153566011714
1,-1,F4,SELECTED,0.01953125,0.87021122157562381,-5.1619483562245083,8.4760103595632863
1,-1,F4,SELECTED,0.0234375,0.93235400098546295,-5.1250100420569575,8.4702656010328425
1,-1,F4,SELECTED,0.02734375,1.0145735383539574,-5.1378524118414592,8.4975557289209345
1,-1,F4,SELECTED,0.03125,1.128742167801164,-5.3208924438201395,8.7694392112040731
1,-1,F4,SELECTED,0.03515625,1.2621861914592216,-5.5658751008936997,9.2767009060282355
1,-1,F4,SELECTED,0.0390625,1.3773348109153796,-5.8363811839555417,9.8610287821672475
1,-1,F4,SELECTED,0.04296875,1.4270448604829518,-6.0751201033304651,10.396573057884103
1,-1,F4,SELECTED,0.046875,1.3821388833257844,-6.3684427618936503,10.6892794153931
1,-1,F4,SELECTED,0.05078125,1.2553842329123808,-6.6066216392552874,10.712382813393296
1,-1,F4,SELECTED,0.0546875,1.1033570255966922,-6.8645406770054498,10.52824929298032
1,-1,F4,SELECTED,0.05859375,1.0011977594534134,-7.136006138028022,10.415246106850574
1,-1,F4,SELECTED,0.0625,1.0047085024442122,-7.3580055413156602,10.58827359075053
1,-1,F4,SELECTED,0.06640625,1.1227726499464736,-7.4750774298584224,11.028141013289698
1,-1,F4,SELECTED,0.0703125,1.3153917087733416,-7.4998181376622242,11.492493577667581
1,-1,F4,SELECTED,0.07421875,1.5164055906781375,-7.4990995715829207,11.949474289626208
1,-1,F4,SELECTED,0.078125,1.6656421546684739,-7.6081204662093027,12.386179211235458
1,-1,F4,SELECTED,0.08203125,1.73136357188506,-7.6413598865420704,12.840940359445149
1,-1,F4,SELECTED,0.0859375,1.7137729366786965,-7.7688272640599738,13.356022659663301
1,-1,F4,SELECTED,0.08984375,1.6352825614928395,-8.0201649213469839,13.783391135875403
1,-1,F4,SELECTED,0.09375,1.5283581005090547,-8.4966637169669337,14.227061925368329
1,-1,F4,SELECTED,0.09765625,1.4248916673377068,-8.9367540401978758,14.685839411159481
1,-1,F4,SELECTED,0.1015625,1.3452501498833997,-9.4759421607895877,15.029910195896662
1,-1,F4,SELECTED,0.10546875,1.2888289860106044,-9.9185914125501036,15.27502127336089
1,-1,F4,SELECTED,0.109375,1.2337926187961854,-10.436209810232343,15.406410261748794
1,-1,F4,SELECTED,0.11328125,1.1508860764079554,-10.806078304967555,15.358948310568984
1,-1,F4,SELECTED,0.1171875,1.025340254082012,-11.028615124426082,15.103027677530923
1,-1,F4,SELECTED,0.12109375,0.87240788338956532,-11.20530695603914,14.685170698089824
1,-1,F4,SELECTED,0.125,0.73482698068899555,-11.331679806712469,14.229198018915167
1,-1,F4,SELECTED,0.12890625,0.66336737718857042,-11.307942134648885,14.124007302760363
1,-1,F4,SELECTED,0.1328125,0.69322326491316644,-11.12568208068229,14.458134663240983
1,-1,F4,SELECTED,0.13671875,0.82900332851687286,-10.799688096758828,14.926293023115967
1,-1,F4,SELECTED,0.140625,1.0425092984250066,-10.599357039870352,15.343362331828802
1,-1,F4,SELECTED,0.14453125,1.2812849649708173,-10.569235326931068,16.053217814796739
1,-1,F4,SELECTED,0.1484375,1.4850544735767071,-10.701181009167477,16.81647279701042
1,-1,F4,SELECTED,0.15234375,1.6062087840494992,-10.878016851345425,17.286577483402223
1,-1,F4,SELECTED,0.15625,1.6273688859351423,-11.176124434403123,17.314185409741118
1,-1,F4,SELECTED,0.16015625,1.5679716314128944,-11.41128823697747,17.277082719464001
1,-1,F4,SELECTED,0.1640625,1.4757845736563098,-11.528264205557662,16.981705405883545
1,-1,F4,SELECTED,0.16796875,1.4061907920166072,-11.631773162477042,16.583502335239768
1,-1,F4,SELECTED,0.171875,1.3983615022421345,-11.725484322144931,16.381948510304607
1,-1,F4,SELECTED,0.17578125,1.4598425569948226,-11.718647338882894,16.454992593222595
1,-1,F4,SELECTED,0.1796875,1.56669370507477,-11.671709789457523,16.785452189533192
1,-1,F4,SELECTED,0.18359375,1.677107909870085,-11.154468511095381,17.356870356079821
1,-1,F4,SELECTED,0.1875,1.7502778500285889,-10.995711032179114,17.838146106274689
1,-1,F4,SELECTED,0.19140625,1.7627332215720852,-11.022897776769124,18.091446955009172
1,-1,F4,SELECTED,0.1953125,1.7166954339753322,-11.097232067097138,18.132491115028191
1,-1,F4,SELECTED,0.19921875,1.6365474275185672,-11.164620196229448,17.985485923190385
1,-1,F4,SELECTED,0.203125,1.5539131243208244,-11.177442696203375,17.774612648000844
1,-1,F4,SELECTED,0.20703125,1.489428839413403,-11.266486256766811,17.576546893000152
1,-1,F4,SELECTED,0.2109375,1.4429183658716036,-11.283683125098719,17.302411636719583
1,-1,F4,SELECTED,0.21484375,1.3979122381149029,-11.33038894269488,17.035282004604394
1,-1,F4,SELECTED,0.21875,1.335543281806191,-11.365745341833543,16.779173101746061
1,-1,F4,SELECTED,0.22265625,1.2462949429884467,-11.429693649854784,16.52981099169801
1,-1,F4,SELECTED,0.2265625,1.1309322380295492,-11.58705660667553,16.302004485683423
1,-1,F4,SELECTED,0.23046875,0.99143605815251656,-11.697162945211598,16.077740578774705
1,-1,F4,SELECTED,0.234375,0.82175969668430249,-11.808893145767753,15.843055668479758
1,-1,F4,SELECTED,0.23828125,0.60990161156233347,-11.998045621453493,15.57218620728761
1,-1,F4,SELECTED,0.2421875,0.35412690534637875,-12.319488155514435,15.226527085355649
1,-1,F4,SELECTED,0.24609375,0.08166934729935478,-12.549770444717986,14.822875903372113
1,-1,F4,SELECTED,0.25,-0.14917721251408445,-12.715473685350101,14.449844950151915
1,-1,F4,SELECTED,0.25390625,-0.27190861914591835,-12.765212499491374,14.193537721391017
1,-1,F4,SELECTED,0.2578125,-0.24596617719021238,-12.431966581645508,14.125506191423607
1,-1,F4,SELECTED,0.26171875,-0.077803331841891143,-12.126620371853265,14.250970850468251
1,-1,F4,SELECTED,0.265625,0.18409435503070654,-11.852260744957945,14.51153659337303
1,-1,F4,SELECTED,0.26953125,0.47393880890227352,-11.479251140716107,14.816234793535083
1,-1,F4,SELECTED,0.2734375,0.73809853440746664,-11.082933244798536,15.080555664775758
1,-1,F4,SELECTED,0.27734375,0.95635054861038638,-10.832352014270187,15.258325373850695
1,-1,F4,SELECTED,0.28125,1.146165139040664,-10.400275987771568,15.343952013530888
1,-1,F4,SELECTED,0.28515625,1.3468696865212058,-9.964794602137502,15.324727528600054
1,-1,F4,SELECTED,0.2890625,1.5909066552661364,-9.4259899327332217,15.306996471942693
1,-1,F4,SELECTED,0.29296875,1.8795013913694607,-9.0145382758992909,15.357119344282463
1,-1,F4,SELECTED,0.296875,2.1792346919528365,-8.6929540622530936,15.493471786225387
1,-1,F4,SELECTED,0.30078125,2.4420633215779524,-8.4782893036404925,15.638286516775832
1,-1,F4,SELECTED,0.3046875,2.635212707111545,-8.3710050557939955,15.64121277530694
1,-1,F4,SELECTED,0.30859375,2.7612790352843564,-8.5449610377609098,15.598468566618838
1,-1,F4,SELECTED,0.3125,2.8550557557045164,-8.6463324047463299,15.658241592415289
1,-1,F4,SELECTED,0.31640625,2.9578204882063437,-8.6492391837414591,15.804503101910253
1,-1,F4,SELECTED,0.3203125,3.0857153739834278,-8.5349040796505928,16.078770580770012
1,-1,F4,SELECTED,0.32421875,3.215170576946274,-8.3964346123613431,16.357151394617098
1,-1,F4,SELECTED,0.328125,3.2963670388936976,-8.3435548349163113,16.525548499839477
1,-1,F4,SELECTED,0.33203125,3.283835326716285,-8.3122367607883909,16.448576884325622
1,-1,F4,SELECTED,0.3359375,3.1614930395558285,-8.4207742862307526,16.200854370795877
1,-1,F4,SELECTED,0.33984375,2.9471882052305416,-8.4595322362197383,15.851306913065136
1,-1,F4,SELECTED,0.34375,2.678551649843214,-8.6118162685867734,15.4670044625742
1,-1,F4,SELECTED,0.34765625,2.3916265339256362,-8.7825131279657516,15.100405474955091
1,-1,F4,SELECTED,0.3515625,2.1033369407617495,-8.9794510145828177,14.725660835116116
1,-1,F4,SELECTED,0.35546875,1.8058365897815745,-9.2403841845783816,14.383109965657852
1,-1,F4,SELECTED,0.359375,1.4765509596419062,-9.5931627598523868,14.029898751671132
1,-1,F4,SELECTED,0.36328125,1.0981831889548492,-9.9788634607500839,13.619491797422404
1,-1,F4,SELECTED,0.3671875,0.67371186935829253,-10.375799887575294,13.128573604926242
1,-1,F4,SELECTED,0.37109375,0.22457481423036815,-10.740384137492924,12.546293111756203
1,-1,F4,SELECTED,0.375,-0.22486951799148233,-11.034083447331289,11.827637694449878
1,-1,F4,SELECTED,0.37890625,-0.6621501238989701,-11.189744738299591,11.185324550948293
1,-1,F4,SELECTED,0.3828125,-1.0896335257245773,-11.278339587769713,10.625467502037615
1,-1,F4,SELECTED,0.38671875,-1.5170116207911009,-11.307492407131575,9.985058013827949
1,-1,F4,SELECTED,0.390625,-1.9524156793645837,-11.404086396285697,9.3987663793342726
1,-1,F4,SELECTED,0.39453125,-2.3984680254027531,-11.781687106296731,8.8839026655905347
1,-1,F4,SELECTED,0.3984375,-2.8529113155771859,-12.362547795204264,8.4404939689962166
1,-1,F4,SELECTED,0.40234375,-3.3101329482131367,-12.894239240617953,8.0495991833521234
1,-1,F4,SELECTED,0.40625,-3.7608981577018064,-13.497512736523099,7.676963790138438
1,-1,F4,SELECTED,0.41015625,-4.1912542120947496,-14.159427663655476,7.2718928522158786
1,-1,F4,SELECTED,0.4140625,-4.5848779948517988,-14.64022325628153,6.6898584286733476
1,-1,F4,SELECTED,0.41796875,-4.9313217675488463,-14.930312875799657,6.1125002057193827
1,-1,F4,SELECTED,0.421875,-5.2353186154090965,-15.162038620965456,5.5382731264883169
1,-1,F4,SELECTED,0.42578125,-5.5176604763186541,-15.276915007204732,4.9637738766544848
1,-1,F4,SELECTED,0.4296875,-5.8037791723262249,-15.28583388817354,4.4457220833138313
1,-1,F4,SELECTED,0.43359375,-6.1075602365822217,-15.435386877834095,3.9886454137791412
1,-1,F4,SELECTED,0.4375,-6.422378057758551,-15.723747512528281,3.6302529283829741
1,-1,F4,SELECTED,0.44140625,-6.7244630500032407,-15.916941389532541,3.4054648191472565
1,-1,F4,SELECTED,0.4453125,-6.9847076460471333,-16.256993591725699,3.2821073485350798
1,-1,F4,SELECTED,0.44921875,-7.1824531707725106,-16.565643753029594,3.1837524629863343
1,-1,F4,SELECTED,0.453125,-7.3160488562102222,-16.653149652908382,3.1535874664548946
1,-1,F4,SELECTED,0.45703125,-7.4049484299198394,-16.553431999634537,3.0858273386855246
1,-1,F4,SELECTED,0.4609375,-7.4793743683099487,-16.526257465916594,2.8613390444807054
1,-1,F4,SELECTED,0.46484375,-7.5601628559880645,-16.463416022924218,2.6075063334712261
1,-1,F4,SELECTED,0.46875,-7.6394731554658666,-16.366012352451261,2.5689343123855544
1,-1,F4,SELECTED,0.47265625,-7.6753559887601224,-16.210792975572183,2.538618180083422
1,-1,F4,SELECTED,0.4765625,-7.6073222510428335,-16.072199518049317,2.5634050011213811
1,-1,F4,SELECTED,0.48046875,-7.3884034462417567,-15.786048573416927,2.8270357837341447
1,-1,F4,SELECTED,0.484375,-7.0172713146535743,-15.351619482900624,3.2613204344255453
1,-1,F4,SELECTED,0.48828125,-6.5500002715547003,-14.800325410539445,3.6909463991635358
1,-1,F4,SELECTED,0.4921875,-6.0803948925120537,-14.276049496814059,3.8752070108727885
1,-1,F4,SELECTED,0.49609375,-5.6964353253968572,-13.66929957171201,3.902055991535851
1,-1,F4,SELECTED,0.5,-5.436309166087737,-13.228401536090848,3.7868538401009575
1,-1,F4,SELECTED,0.50390625,-5.2696940839877193,-13.030906474197167,3.5723346351209928
1,-1,F4,SELECTED,0.5078125,-5.1163602700548765,-13.080815925079808,3.4879104474035887
1,-1,F4,SELECTED,0.51171875,-4.8923921613230483,-13.019102498792815,3.5026065342866972
1,-1,F4,SELECTED,0.515625,-4.5570930385185147,-12.836325018180982,3.7402830359123169
1,-1,F4,SELECTED,0.51953125,-4.1322092193153255,-12.36514497525549,4.2021106285757535
1,-1,F4,SELECTED,0.5234375,-3.6823171596822526,-11.852017515153662,4.733568472394226
1,-1,F4,SELECTED,0.52734375,-3.2714515712534866,-11.373115464520378,5.0524508163807749
1,-1,F4,SELECTED,0.53125,-2.927747936963542,-11.004168707823901,5.401793648206799
1,-1,F4,SELECTED,0.53515625,-2.6402702780274669,-10.784841622742794,5.7237767737735101
1,-1,F4,SELECTED,0.5390625,-2.3847957108228663,-10.602849743001066,5.9428314593504004
1,-1,F4,SELECTED,0.54296875,-2.1520255711138558,-10.352888221647152,6.0733771359798947
1,-1,F4,SELECTED,0.546875,-1.9535247342465134,-10.056390735710909,6.0458281413311781
1,-1,F4,SELECTED,0.55078125,-1.8038575294986869,-9.6052043986031563,5.9348412429153505
1,-1,F4,SELECTED,0.5546875,-1.6979546292326078,-9.2725689102142308,5.7336114381386469
1,-1,F4,SELECTED,0.55859375,-1.6029314213832468,-8.8690187563474794,5.6556298740015896
1,-1,F4,SELECTED,0.5625,-1.4687537280976966,-8.6518084524582655,5.6516404785418288
1,-1,F4,SELECTED,0.56640625,-1.2496444377693972,-8.3075933489412268,5.7587660182526026
1,-1,F4,SELECTED,0.5703125,-0.92539354511822047,-8.1346126641637397,5.9510939840596979
1,-1,F4,SELECTED,0.57421875,-0.51357384938858053,-7.7602980452168611,6.2949025076087564
1,-1,F4,SELECTED,0.578125,-0.066304661715528637,-7.3106408382854564,6.7514280789031211
1,-1,F4,SELECTED,0.58203125,0.34933190989462021,-6.9970998128948683,7.1786855372237692
1,-1,F4,SELECTED,0.5859375,0.68023030909475335,-6.8845912581433781,7.6810537813890702
1,-1,F4,SELECTED,0.58984375,0.91289747142162625,-6.6297115441061258,8.0841857280722298
1,-1,F4,SELECTED,0.59375,1.0829197787913989,-6.4284551317013072,8.3536515802079521
1,-1,F4,SELECTED,0.59765625,1.2612423506629966,-6.1896761778130429,8.5297671257510164
1,-1,F4,SELECTED,0.6015625,1.5215552448547276,-5.928157755441303,8.8425535192676765
1,-1,F4,SELECTED,0.60546875,1.9050430527868103,-5.4670088000482,9.2508191027319047
1,-1,F4,SELECTED,0.609375,2.4015959446875539,-4.9403173468088166,9.7096366771436173
1,-1,F4,SELECTED,0.61328125,2.9561045537868842,-4.497466297475869,10.275932583073498
1,-1,F4,SELECTED,0.6171875,3.4940516919134388,-4.2399110291199866,10.860012794756745
1,-1,F4,SELECTED,0.62109375,3.9541733158129961,-4.0997347343423494,11.5119778031476
1,-1,F4,SELECTED,0.625,4.3171587553285731,-4.0562569135474433,12.102500546114841
1,-1,F4,SELECTED,0.62890625,4.6202407568046517,-4.3343014974257308,12.855039948396518
1,-1,F4,SELECTED,0.6328125,4.9479689277714423,-4.6559013128712694,13.349318275372273
1,-1,F4,SELECTED,0.63671875,5.3979610383485586,-4.6260726551542408,14.300354194169415
1,-1,F4,SELECTED,0.640625,6.0368581258473606,-4.4161082292847471,15.241671652880157
1,-1,F4,SELECTED,0.64453125,6.8703760722849614,-3.7896045203618205,16.183637403082852
1,-1,F4,SELECTED,0.6484375,7.841581453960063,-2.7521401921346564,17.146521386758945
1,-1,F4,SELECTED,0.65234375,8.854389453331077,-1.7345001734896002,17.980286642700168
1,-1,F4,SELECTED,0.65625,9.8104814136885139,-0.74388844145438093,19.129543419924424
1,-1,F4,SELECTED,0.66015625,10.646264412915365,0.11241076418697438,20.146632134871215
1,-1,F4,SELECTED,0.6640625,11.354564860540135,0.93303943548441848,21.288516138576085
1,-1,F4,SELECTED,0.66796875,11.978329452211378,1.3429681010875836,22.276747813434163
1,-1,F4,SELECTED,0.671875,12.578561553311708,1.7751440489111385,23.240761142259618
1,-1,F4,SELECTED,0.67578125,13.196723024703887,2.4348272954829695,24.397152815978188
1,-1,F4,SELECTED,0.6796875,13.834659342987475,2.916058063754158,25.233383115658
1,-1,F4,SELECTED,0.68359375,14.46057271148022,3.3815201612015415,25.801898199266788
1,-1,F4,SELECTED,0.6875,15.032488030517015,3.7740675650091191,26.566804142776284
1,-1,F4,SELECTED,0.69140625,15.522933188376365,4.4634825431453127,27.444007902655663
1,-1,F4,SELECTED,0.6953125,15.930946663654124,4.734786548635908,28.166428022123174
1,-1,F4,SELECTED,0.69921875,16.27633153432231,5.3326922304101325,28.521902005888368
1,-1,F4,SELECTED,0.703125,16.582195046225163,5.8914532736902725,29.191599008315055
1,-1,F4,SELECTED,0.70703125,16.859463448724043,6.5227509537872379,29.539221298975001
1,-1,F4,SELECTED,0.7109375,17.104830344226858,7.2499691491206324,29.801153667167757
1,-1,F4,SELECTED,0.71484375,17.310835786405988,7.7029628441689804,30.34712911520139
1,-1,F4,SELECTED,0.71875,17.474390676949543,8.2589713904629889,30.666707673349826
1,-1,F4,SELECTED,0.72265625,17.592528832019962,8.3873866820522043,30.826277540789743
1,-1,F4,SELECTED,0.7265625,17.650436872618663,8.5741696166031005,30.647328993896139
1,-1,F4,SELECTED,0.73046875,17.617945374121206,8.7287221392225334,30.151399956462111
1,-1,F4,SELECTED,0.734375,17.463271460785005,8.827492322324364,29.880666989163188
1,-1,F4,SELECTED,0.73828125,17.175938241157212,8.5823529906636722,29.544047842503726
1,-1,F4,SELECTED,0.7421875,16.782544674113659,8.0044185913901629,29.090558180620476
1,-1,F4,SELECTED,0.74609375,16.344383853282892,7.4305815189835727,28.697107479147039
1,-1,F4,SELECTED,0.75,15.936536808768089,7.1644615334680593,28.395629343152464
1,-1,F4,SELECTED,0.75390625,15.617542778396556,6.9882885140323561,28.194595720314499
1,-1,F4,SELECTED,0.7578125,15.405074831410644,6.8622434777784811,28.075916495981772
1,-1,F4,SELECTED,0.76171875,15.271391090720259,6.9456041121184215,28.114561684348772
1,-1,F4,SELECTED,0.765625,15.160283540935209,7.1260964216058387,27.805736627790882
1,-1,F4,SELECTED,0.76953125,15.013851670450734,7.2521520549504777,27.199803002713423
1,-1,F4,SELECTED,0.7734375,14.793765469921036,7.1776320835560741,26.819901699444817
1,-1,F4,SELECTED,0.77734375,14.487887599622264,7.1609691445083516,26.301549717636938
1,-1,F4,SELECTED,0.78125,14.102819977531103,6.9158053477302577,25.709931573913185
1,-1,F4,SELECTED,0.78515625,13.651257740649449,6.5834589624938422,25.057857904684088
1,-1,F4,SELECTED,0.7890625,13.145507111237462,6.0796845827882517,24.197418429791735
1,-1,F4,SELECTED,0.79296875,12.602004322748359,5.4242246654758253,23.544085776734608
1,-1,F4,SELECTED,0.796875,12.050216509306187,4.8292841029010312,22.726248808664121
1,1,Fz,SELECTED,-0.19921875,-0.8311500743605319,-6.4007332345398256,3.5064810305607872
1,1,Fz,SELECTED,-0.1953125,-0.50367252462495382,-5.5928855202464023,3.7052239155498672
1,1,Fz,SELECTED,-0.19140625,-0.2563268755635959,-5.1218356982146434,3.6025164099246831
1,1,Fz,SELECTED,-0.1875,-0.074251850366192571,-4.7021759064290229,3.6700631915943198
1,1,Fz,SELECTED,-0.18359375,0.074897438040188877,-4.3252065913478059,3.5248016784921332
1,1,Fz,SELECTED,-0.1796875,0.2173699893443849,-3.9185086147269312,3.4635692179601811
1,1,Fz,SELECTED,-0.17578125,0.35505344028207486,-3.5643497427177624,3.3254274973322682
1,1,Fz,SELECTED,-0.171875,0.46362528960171517,-3.2566751131822609,3.1963905030429736
1,1,Fz,SELECTED,-0.16796875,0.50872738827796593,-3.0238041400459523,3.0820570346939582
1,1,Fz,SELECTED,-0.1640625,0.4698321197908884,-2.7398577182494592,2.8519610435204195
1,1,Fz,SELECTED,-0.16015625,0.35588783967145715,-2.6474388243312861,2.6986173277950933
1,1,Fz,SELECTED,-0.15625,0.20280622572983076,-2.5616939543835944,2.4373621974300539
1,1,Fz,SELECTED,-0.15234375,0.055223822534316104,-2.4500817375059634,2.2274436998938905
1,1,Fz,SELECTED,-0.1484375,-0.056196798189506632,-2.4248405321037683,2.0443792262622562
1,1,Fz,SELECTED,-0.14453125,-0.12922890993882258,-2.3010864286068964,1.925120023586431
1,1,Fz,SELECTED,-0.140625,-0.18822549939272781,-2.2351895480432011,1.7303887141301166
1,1,Fz,SELECTED,-0.13671875,-0.26734779256114194,-2.1490961722029027,1.5833457211646993
1,1,Fz,SELECTED,-0.1328125,-0.39016837799200171,-2.022664437104992,1.3980102989855991
1,1,Fz,SELECTED,-0.12890625,-0.55855247733598912,-1.9652717309933188,1.0697495003096547
1,1,Fz,SELECTED,-0.125,-0.75469767220728012,-1.8932441177560679,0.6313678215504841
1,1,Fz,SELECTED,-0.12109375,-0.9500110409138417,-1.8611052326146682,0.14516439007052662
1,1,Fz,SELECTED,-0.1171875,-1.113069633176059,-1.8827162510908448,-0.26291990499282702
1,1,Fz,SELECTED,-0.11328125,-1.2143107417969172,-2.0035536732603361,-0.36876804695039361
1,1,Fz,SELECTED,-0.109375,-1.2288022407915653,-2.2400734316002442,-0.247111223224905
1,1,Fz,SELECTED,-0.10546875,-1.1384408563323611,-2.3696517383749383,0.032129438574032158
1,1,Fz,SELECTED,-0.1015625,-0.93503383684893082,-2.2471877287815287,0.36245757215434282
1,1,Fz,SELECTED,-0.09765625,-0.62578409476964358,-1.9960621982424283,0.75110787297970016
1,1,Fz,SELECTED,-0.09375,-0.23940812075477227,-1.565277206689671,1.149497362281271
1,1,Fz,SELECTED,-0.08984375,0.17338826143650374,-1.0565965421372709,1.5815308594041975
1,1,Fz,SELECTED,-0.0859375,0.55031147866585961,-0.73401092822872982,1.8583287613237061
1,1,Fz,SELECTED,-0.08203125,0.83599146784942091,-0.58079749042982276,2.2018458690032476
1,1,Fz,SELECTED,-0.078125,0.99862197511871686,-0.39372090425125961,2.4625943235600904
1,1,Fz,SELECTED,-0.07421875,1.0366866056205781,-0.38240463193319868,2.5715015998396935
1,1,Fz,SELECTED,-0.0703125,0.97642779208092978,-0.42106434041226581,2.6923260507964768
1,1,Fz,SELECTED,-0.06640625,0.86475676255733325,-0.54702400147830776,2.7820141749028533
1,1,Fz,SELECTED,-0.0625,0.75776010125742699,-0.79451028225633946,2.8713528648444755
1,1,Fz,SELECTED,-0.05859375,0.70246187655764902,-0.9777424863254317,3.0675455867355299
1,1,Fz,SELECTED,-0.0546875,0.71665797518894769,-1.0462349645764595,3.2659079076451079
1,1,Fz,SELECTED,-0.05078125,0.779006215427965,-1.1519936918028055,3.5184547992734423
1,1,Fz,SELECTED,-0.046875,0.83738955516105862,-1.2998421300859446,3.6780007941780615
1,1,Fz,SELECTED,-0.04296875,0.83190819668843685,-1.4799233187301277,3.8147485463034227
1,1,Fz,SELECTED,-0.0390625,0.72155248515004389,-1.8780964886434708,3.8351984706073741
1,1,Fz,SELECTED,-0.03515625,0.50353470839372949,-2.3988641365555754,3.6892858932321695
1,1,Fz,SELECTED,-0.03125,0.21707368899409463,-2.9409409978557277,3.5798119670098307
1,1,Fz,SELECTED,-0.02734375,-0.071477028642684792,-3.5115543826106124,3.4775649072771948
1,1,Fz,SELECTED,-0.0234375,-0.2967305771612877,-3.841920608091884,3.4707346361674412
1,1,Fz,SELECTED,-0.01953125,-0.42282436072847646,-3.9743491430287503,3.4884643890161628
1,1,Fz,SELECTED,-0.015625,-0.4592404261179624,-3.9886280966627288,3.6591201285707053
1,1,Fz,SELECTED,-0.01171875,-0.4560680213790021,-3.993987919025459,3.7218013069425151
1,1,Fz,SELECTED,-0.0078125,-0.4782484647037008,-4.0691097414623743,3.8245973719439608
1,1,Fz,SELECTED,-0.00390625,-0.56768440277155863,-4.1444150195032261,4.0049584610955478
1,1,Fz,SELECTED,0,-0.71228842053102071,-4.3870819919292243,4.0105822755491563
1,1,Fz,SELECTED,0.00390625,-0.84343936822158172,-4.743544437520077,4.1981244140683875
1,1,Fz,SELECTED,0.0078125,-0.86910999677270651,-4.9981796643975391,4.5288922163874048
1,1,Fz,SELECTED,0.01171875,-0.72520483140769965,-5.0547756359675207,4.7916537347995058
1,1,Fz,SELECTED,0.015625,-0.41353320073016009,-4.8436078039249333,5.2252255799047349
1,1,Fz,SELECTED,0.01953125,-0.0051231239811472141,-4.4301500987505369,5.7429298106653581
1,1,Fz,SELECTED,0.0234375,0.38883716349920039,-3.955446253446588,6.2473930880352766
1,1,Fz,SELECTED,0.02734375,0.66070519585248277,-3.8085080306040497,6.7331415826452625
1,1,Fz,SELECTED,0.03125,0.74588403544850201,-3.8912852416919441,7.1022355438628511
1,1,Fz,SELECTED,0.03515625,0.6438274896263293,-4.2417110750016862,7.2761140685252634
1,1,Fz,SELECTED,0.0390625,0.41201094676002947,-4.8356771232913962,7.2502198061607537
1,1,Fz,SELECTED,0.04296875,0.13497201416061294,-5.3600188007258671,7.0888815134707572
1,1,Fz,SELECTED,0.046875,-0.11538423726579519,-5.7985453928490029,6.9626182799377991
1,1,Fz,SELECTED,0.05078125,-0.30624954395889925,-6.2824814336403909,6.881248633357397
1,1,Fz,SELECTED,0.0546875,-0.44538049442823768,-6.5653230019791566,7.0047665059459261
1,1,Fz,SELECTED,0.05859375,-0.56293614860028052,-6.8498144871686284,7.003722331470402
1,1,Fz,SELECTED,0.0625,-0.68809377578822661,-7.2150561334809051,6.9381879124337864
1,1,Fz,SELECTED,0.06640625,-0.83273923454625487,-7.568176873158329,6.9189845205244875
1,1,Fz,SELECTED,0.0703125,-0.98803054779593702,-7.9720408653441979,6.9734713254469893
1,1,Fz,SELECTED,0.07421875,-1.1324680196987067,-8.2747513362744147,7.0469945824472653
1,1,Fz,SELECTED,0.078125,-1.2436032793050924,-8.4993538853713346,7.1755911050301524
1,1,Fz,SELECTED,0.08203125,-1.3049174462738975,-8.6411586289000279,7.2836905065667992
1,1,Fz,SELECTED,0.0859375,-1.3068686462372967,-8.6918738593395464,7.3307600256991821
1,1,Fz,SELECTED,0.08984375,-1.2483705186141723,-8.6617377091300991,7.3195721924462971
1,1,Fz,SELECTED,0.09375,-1.1433348047655589,-8.5662939123400808,7.3168705183776845
1,1,Fz,SELECTED,0.09765625,-1.028867089486591,-8.3663051284555223,7.2759039714498606
1,1,Fz,SELECTED,0.1015625,-0.96587236367420981,-8.2047117722640586,7.3097766446511541
1,1,Fz,SELECTED,0.10546875,-1.0244057455457409,-8.229707912498057,7.3783442762460503
1,1,Fz,SELECTED,0.109375,-1.2550769176791443,-8.5176794390867858,7.3669974783854251
1,1,Fz,SELECTED,0.11328125,-1.6594047859910614,-8.9500770586844318,7.2680792593050132
1,1,Fz,SELECTED,0.1171875,-2.1776463593630253,-9.6350224696600169,7.0774400182710702
1,1,Fz,SELECTED,0.12109375,-2.7057479357716865,-10.592810059113878,6.8022174220423794
1,1,Fz,SELECTED,0.125,-3.1359589358020723,-11.329530263711121,6.6255937712203208
1,1,Fz,SELECTED,0.12890625,-3.3998101002551344,-11.758695647761686,6.5460988332611549
1,1,Fz,SELECTED,0.1328125,-3.4902601917898832,-11.884942253127223,6.5313679919766878
1,1,Fz,SELECTED,0.13671875,-3.4540109645074857,-11.82791671171945,6.4923857819596789
1,1,Fz,SELECTED,0.140625,-3.3635745069538761,-11.721275690398535,6.493032802937841
1,1,Fz,SELECTED,0.14453125,-3.2872148178383491,-11.704359413514473,6.5044500741100197
1,1,Fz,SELECTED,0.1484375,-3.2696904115085053,-11.714677877734061,6.5040598681847417
1,1,Fz,SELECTED,0.15234375,-3.3257797050069158,-11.883098019118171,6.5432936979126088
1,1,Fz,SELECTED,0.15625,-3.441684833214663,-12.108263836774,6.5413430588118873
1,1,Fz,SELECTED,0.16015625,-3.5799192762258252,-12.342655374510448,6.5031573619035523
1,1,Fz,SELECTED,0.1640625,-3.6877245090789823,-12.508379007649031,6.4919714119602547
1,1,Fz,SELECTED,0.16796875,-3.711476084662793,-12.605430579129871,6.474945889660634
1,1,Fz,SELECTED,0.171875,-3.6161028153164789,-12.499193420475569,6.4079281237093246
1,1,Fz,SELECTED,0.17578125,-3.4015998838505603,-12.196322915242613,6.4293317817505242
1,1,Fz,SELECTED,0.1796875,-3.1062702613379041,-11.743455926277941,6.6260634273999264
1,1,Fz,SELECTED,0.18359375,-2.7932271826830743,-11.321997732650059,6.8779545774204802
1,1,Fz,SELECTED,0.1875,-2.5274220901197211,-11.03163268038338,7.1547572752259034
1,1,Fz,SELECTED,0.19140625,-2.3553209062503107,-10.944327300934226,7.3700222870962095
1,1,Fz,SELECTED,0.1953125,-2.2953506712099028,-11.124272756079918,7.3448809673405684
1,1,Fz,SELECTED,0.19921875,-2.3392599602681212,-11.523101475500876,7.3049264710167652
1,1,Fz,SELECTED,0.203125,-2.4591394454999933,-11.885352879126541,7.4894657130107705
1,1,Fz,SELECTED,0.20703125,-2.6152305869549695,-12.207348108030008,7.5257411213887737
1,1,Fz,SELECTED,0.2109375,-2.7637532229045845,-12.386084721556369,7.5505947802649409
1,1,Fz,SELECTED,0.21484375,-2.8665112854237109,-12.628100153109955,7.5002403776332294
1,1,Fz,SELECTED,0.21875,-2.9017492941334506,-12.673471961223104,7.4882305548568864
1,1,Fz,SELECTED,0.22265625,-2.8711564253977064,-12.588485529251953,7.473710326509388
1,1,Fz,SELECTED,0.2265625,-2.7972312185440096,-12.466606446949996,7.4345701013722802
1,1,Fz,SELECTED,0.23046875,-2.7112984384904446,-12.443208240940226,7.5626977771424597
1,1,Fz,SELECTED,0.234375,-2.6401352599559158,-12.547813429638513,7.7600834854520846
1,1,Fz,SELECTED,0.23828125,-2.5997439740647574,-12.770041979545473,7.9505485800798068
1,1,Fz,SELECTED,0.2421875,-2.5964470845595304,-13.055429426377465,8.080620682539994
1,1,Fz,SELECTED,0.24609375,-2.6272499480267655,-13.393425361601112,8.131412758328274
1,1,Fz,SELECTED,0.25,-2.6741951142888905,-13.617770745896667,8.2155160782037235
1,1,Fz,SELECTED,0.25390625,-2.6991992586200024,-13.796861551246931,8.2569149836392093
1,1,Fz,SELECTED,0.2578125,-2.6512650697761111,-13.714158659885761,8.1990410133242797
1,1,Fz,SELECTED,0.26171875,-2.4880770462895021,-13.439596566946589,8.1292230072453595
1,1,Fz,SELECTED,0.265625,-2.1994631164961702,-13.089302075047549,8.2121348036002253
1,1,Fz,SELECTED,0.26953125,-1.8168794896092066,-12.553170354646618,8.4507005806422058
1,1,Fz,SELECTED,0.2734375,-1.4024755575226475,-11.981391112237599,8.8067824944776234
1,1,Fz,SELECTED,0.27734375,-1.0231214389689316,-11.487945334401005,9.180112559338566
1,1,Fz,SELECTED,0.28125,-0.72158865408006179,-11.1297840621394,9.4615908588724427
1,1,Fz,SELECTED,0.28515625,-0.49836371062138451,-10.757827354099774,9.6316051929102855
1,1,Fz,SELECTED,0.2890625,-0.31335763827172314,-10.439183625758352,9.8689026452389186
1,1,Fz,SELECTED,0.29296875,-0.10657284770457939,-10.234434841286809,10.144313438039001
1,1,Fz,SELECTED,0.296875,0.17411194738868127,-9.9849247624395421,10.372890201013442
1,1,Fz,SELECTED,0.30078125,0.55245419531830775,-9.6224793336509933,10.580757137112187
1,1,Fz,SELECTED,0.3046875,1.0179876217317498,-8.9774611167280991,10.825712952552699
1,1,Fz,SELECTED,0.30859375,1.5331982452018014,-8.2602345987177763,11.175755596578357
1,1,Fz,SELECTED,0.3125,2.0471512159517169,-7.5636474731547922,11.591968563419284
1,1,Fz,SELECTED,0.31640625,2.5076840537675187,-6.767108994058777,11.869905787053934
1,1,Fz,SELECTED,0.3203125,2.8672350483389377,-6.2338778776316781,12.185663215475509
1,1,Fz,SELECTED,0.32421875,3.0854382703391994,-5.9642579595253302,12.401257531577354
1,1,Fz,SELECTED,0.328125,3.1377449049110093,-5.8918654778460269,12.466519500642555
1,1,Fz,SELECTED,0.33203125,3.0330181566009662,-6.0889178776167734,12.395418166660566
1,1,Fz,SELECTED,0.3359375,2.8272111281278614,-6.4444183227123197,12.278765918240239
1,1,Fz,SELECTED,0.33984375,2.6134911383908568,-6.8805290200293951,12.200245614753506
1,1,Fz,SELECTED,0.34375,2.4839435381565456,-7.1963824673046748,12.141413049405994
1,1,Fz,SELECTED,0.34765625,2.4823795443078076,-7.3262975981816476,12.117813321784368
1,1,Fz,SELECTED,0.3515625,2.5777440588398601,-7.342118001225777,12.267743716275165
1,1,Fz,SELECTED,0.35546875,2.6746421914273872,-7.3877043900420922,12.336464572059599
1,1,Fz,SELECTED,0.359375,2.6551792235920026,-7.5397292915679008,12.320358466898016
1,1,Fz,SELECTED,0.36328125,2.4309105119853402,-7.7115752641552007,12.163156507659803
1,1,Fz,SELECTED,0.3671875,1.9800400916370098,-8.1321328226792833,11.826219492540513
1,1,Fz,SELECTED,0.37109375,1.3522407524848539,-9.0800771171558914,11.432620629385859
1,1,Fz,SELECTED,0.375,0.64014096416130095,-9.9721851382386451,10.86392914246221
1,1,Fz,SELECTED,0.37890625,-0.06497281042218879,-10.740833373258399,10.115752209759115
1,1,Fz,SELECTED,0.3828125,-0.70806760508228983,-11.32523933698794,9.4332979795136414
1,1,Fz,SELECTED,0.38671875,-1.2793920661628053,-11.823274802740308,8.8548008302684966
1,1,Fz,SELECTED,0.390625,-1.7983621906551421,-12.131466801552387,8.3362542088418952
1,1,Fz,SELECTED,0.39453125,-2.2866143527052434,-12.320063805872305,7.8428206828758915
1,1,Fz,SELECTED,0.3984375,-2.7481475783538283,-12.565981119391253,7.3728481301025344
1,1,Fz,SELECTED,0.40234375,-3.1685557263341737,-12.904250551697661,6.9200575695176472
1,1,Fz,SELECTED,0.40625,-3.5329900972726702,-13.144790314413303,6.4129743264764745
1,1,Fz,SELECTED,0.41015625,-3.8494898055197493,-13.457482994024964,5.9556876489278876
1,1,Fz,SELECTED,0.4140625,-4.1591407783313441,-13.74482186297155,5.5029688922387177
1,1,Fz,SELECTED,0.41796875,-4.5221035098768656,-14.201580156829307,5.0173514786134152
1,1,Fz,SELECTED,0.421875,-4.9848868159937476,-14.726341216232317,4.5291684665282075
1,1,Fz,SELECTED,0.42578125,-5.5487169284603022,-15.30289698438164,4.0533880741170822
1,1,Fz,SELECTED,0.4296875,-6.1607791399858112,-16.002345188756838,3.5224179033376517
1,1,Fz,SELECTED,0.43359375,-6.736199035878359,-16.712426535232701,2.9656788594527868
1,1,Fz,SELECTED,0.4375,-7.1977383362246048,-17.133940352416026,2.4340383606235294
1,1,Fz,SELECTED,0.44140625,-7.5082206641647895,-17.314580485243557,2.0704518822356084
1,1,Fz,SELECTED,0.4453125,-7.6773183504130422,-17.35751655679303,1.7841991596796511
1,1,Fz,SELECTED,0.44921875,-7.7439621364145887,-17.372177104769783,1.4976653169817939
1,1,Fz,SELECTED,0.453125,-7.7516746180878373,-17.280177430625237,1.2832651165771662
1,1,Fz,SELECTED,0.45703125,-7.7337667794143217,-17.110222032995008,1.2052081754909694
1,1,Fz,SELECTED,0.4609375,-7.7121113772532146,-17.050963494088393,1.1347820902502412
1,1,Fz,SELECTED,0.46484375,-7.7020348721415806,-17.186832598883168,1.2046396159899049
1,1,Fz,SELECTED,0.46875,-7.7152849695069952,-17.281436116526695,1.2988939333956073
1,1,Fz,SELECTED,0.47265625,-7.7583866054350601,-17.239820239167866,1.2447136838974155
1,1,Fz,SELECTED,0.4765625,-7.8278367012425329,-17.290479130330084,1.0032739174516281
1,1,Fz,SELECTED,0.48046875,-7.9055393076909759,-17.356491221084855,0.96313615335313196
1,1,Fz,SELECTED,0.484375,-7.9590146963753474,-17.101110735662189,0.79059755955742295
1,1,Fz,SELECTED,0.48828125,-7.9498355609761271,-16.812244870839077,0.57180933995622596
1,1,Fz,SELECTED,0.4921875,-7.8491283801992662,-16.506631928877017,0.48755334279012397
1,1,Fz,SELECTED,0.49609375,-7.6537277058978699,-16.168577819922504,0.43805923552954829
1,1,Fz,SELECTED,0.5,-7.3948586838417834,-15.735172505628746,0.54281271525651764
1,1,Fz,SELECTED,0.50390625,-7.1334072470498402,-15.434610164245667,0.79101378317024529
1,1,Fz,SELECTED,0.5078125,-6.9404687010038657,-15.310862619148246,0.9496523026917939
1,1,Fz,SELECTED,0.51171875,-6.8693071392301643,-15.321277211466873,1.1680399018112577
1,1,Fz,SELECTED,0.515625,-6.9326661940044971,-15.323772338266508,1.2867985442084471
1,1,Fz,SELECTED,0.51953125,-7.0990276112566786,-15.424227679958644,1.1464544506786118
1,1,Fz,SELECTED,0.5234375,-7.3090218045331863,-15.624595891376691,0.9625821390759195
1,1,Fz,SELECTED,0.52734375,-7.4991579888583573,-16.020335246561459,0.70442445763346939
1,1,Fz,SELECTED,0.53125,-7.6180851300366719,-16.245858134099564,0.56290806960448403
1,1,Fz,SELECTED,0.53515625,-7.6306292602721282,-16.187062877914013,0.59531211593461564
1,1,Fz,SELECTED,0.5390625,-7.5150417712285895,-15.974995291925648,0.78880172722087516
1,1,Fz,SELECTED,0.54296875,-7.261066379502175,-15.645870130233023,1.2061331463586584
1,1,Fz,SELECTED,0.546875,-6.8724340112905296,-15.201487600253866,1.5245833247348279
1,1,Fz,SELECTED,0.55078125,-6.3724022206285289,-14.558509223996847,1.8022154740571639
1,1,Fz,SELECTED,0.5546875,-5.8070981416169127,-13.781596646780878,2.0939688032892603
1,1,Fz,SELECTED,0.55859375,-5.2400064409753115,-13.132721042058837,2.3926449344479019
1,1,Fz,SELECTED,0.5625,-4.7352293654177489,-12.662073900453182,2.7685970487550109
1,1,Fz,SELECTED,0.56640625,-4.3363572300780246,-12.482787513834182,3.2951265991968728
1,1,Fz,SELECTED,0.5703125,-4.0529459741322293,-12.569651623735826,3.7737665227931303
1,1,Fz,SELECTED,0.57421875,-3.8611244750616627,-12.753840923005507,4.2656793047037018
1,1,Fz,SELECTED,0.578125,-3.7149259763967786,-12.874538840221735,4.6954328448744436
1,1,Fz,SELECTED,0.58203125,-3.5608062146897352,-12.865506698744644,4.7555928538394809
1,1,Fz,SELECTED,0.5859375,-3.3503262149881445,-12.641888690595728,4.8097995934332447
1,1,Fz,SELECTED,0.58984375,-3.0492253061824437,-12.296498231046296,5.17116756610511
1,1,Fz,SELECTED,0.59375,-2.6423564404844129,-11.747267090455308,5.7391406268866554
1,1,Fz,SELECTED,0.59765625,-2.1345810630702515,-11.399916271605461,6.3464197056467029
1,1,Fz,SELECTED,0.6015625,-1.5484850882786387,-10.882664793775817,7.0526284106051005
1,1,Fz,SELECTED,0.60546875,-0.91977852250221304,-10.376930034590305,7.7349684622430486
1,1,Fz,SELECTED,0.609375,-0.29046665806733563,-9.873911829341429,8.7206625545663847
1,1,Fz,SELECTED,0.61328125,0.29997553037342445,-9.3579977591905639,9.811111823218198
1,1,Fz,SELECTED,0.6171875,0.82349935638208682,-8.8055001711224037,10.698949957539012
1,1,Fz,SELECTED,0.62109375,1.2694587358377858,-8.4709849687025986,11.624148711315788
1,1,Fz,SELECTED,0.625,1.6463883749590271,-8.5752979364073987,12.514787346448573
1,1,Fz,SELECTED,0.62890625,1.9810532995813395,-8.6280923945122794,13.233144471840411
1,1,Fz,SELECTED,0.6328125,2.3156984341534166,-8.7160443178661353,13.914062947263421
1,1,Fz,SELECTED,0.63671875,2.7005451970662522,-8.586109124098158,14.533993899184491
1,1,Fz,SELECTED,0.640625,3.1780173599768178,-8.2455929365110325,15.120270346169333
1,1,Fz,SELECTED,0.64453125,3.761964970210403,-7.6428301150989233,15.665525216878626
1,1,Fz,SELECTED,0.6484375,4.4229298676140862,-6.8055696386798106,16.178910370184486
1,1,Fz,SELECTED,0.65234375,5.0905310417698617,-5.8357503820905814,16.509190616925103
1,1,Fz,SELECTED,0.65625,5.6761268999089465,-4.8793368163956714,16.698313257331417
1,1,Fz,SELECTED,0.66015625,6.108385673675838,-4.1030684593084601,16.835207682144805
1,1,Fz,SELECTED,0.6640625,6.3654876724301124,-3.7823144190711866,16.990133730524267
1,1,Fz,SELECTED,0.66796875,6.4856807339684117,-3.503520861035085,16.893885915773755
1,1,Fz,SELECTED,0.671875,6.5485519882780583,-3.5374144313385631,16.849318791171999
1,1,Fz,SELECTED,0.67578125,6.6378227295902308,-3.4446469459630373,16.81669022644952
1,1,Fz,SELECTED,0.6796875,6.8065244051143354,-3.2281057846932319,16.703577519403424
1,1,Fz,SELECTED,0.68359375,7.0589680704256876,-2.6577318731175383,16.886402705861375
1,1,Fz,SELECTED,0.6875,7.3517173297870935,-1.9686336599516525,16.82080179555085
1,1,Fz,SELECTED,0.69140625,7.6105789538954181,-1.5994187744814146,16.785852499807767
1,1,Fz,SELECTED,0.6953125,7.7602053992464057,-1.2572891953398759,16.726582551837179
1,1,Fz,SELECTED,0.69921875,7.7585792201874915,-0.91997375529295111,16.556737941674495
1,1,Fz,SELECTED,0.703125,7.6219739925153105,-0.82494321780861146,16.288353360099062
1,1,Fz,SELECTED,0.70703125,7.4266286857441104,-0.75123151268698785,15.950828938568531
1,1,Fz,SELECTED,0.7109375,7.2838931433072709,-0.80742747686424987,15.639450249107979
1,1,Fz,SELECTED,0.71484375,7.2980772150275062,-0.31409625432626309,15.236462064338857
1,1,Fz,SELECTED,0.71875,7.5239219198485019,0.30616970425527745,14.97193732169171
1,1,Fz,SELECTED,0.72265625,7.9431516182283106,1.1438823279789085,14.835980356635535
1,1,Fz,SELECTED,0.7265625,8.4750650128852723,2.3853994904886786,14.780711334505058
1,1,Fz,SELECTED,0.73046875,9.0198932840487274,3.7036756408599811,14.945217953835893
1,1,Fz,SELECTED,0.734375,9.511007697669708,4.6551954619840856,14.757905490402941
1,1,Fz,SELECTED,0.73828125,9.9420817537992061,5.3384865949028777,14.974788351112293
1,1,Fz,SELECTED,0.7421875,10.351656906757196,5.7995882729353454,15.173451137747648
1,1,Fz,SELECTED,0.74609375,10.779418699099645,6.3967096374843235,15.468177272981956
1,1,Fz,SELECTED,0.75,11.228741453240104,6.9286177565116702,15.668829570856809
1,1,Fz,SELECTED,0.75390625,11.662314261171719,7.384006849180742,15.919377188663541
1,1,Fz,SELECTED,0.7578125,12.0308068767868,7.7099338797530654,16.313223179218031
1,1,Fz,SELECTED,0.76171875,12.310975946224502,8.0024643456827533,16.723780951029305
1,1,Fz,SELECTED,0.765625,12.524958579454804,8.1731388576035684,17.120093839209964
1,1,Fz,SELECTED,0.76953125,12.727328761079415,8.0281081517115336,17.58318824436807
1,1,Fz,SELECTED,0.7734375,12.96965892342442,7.9847136038835371,18.130166625907808
1,1,Fz,SELECTED,0.77734375,13.267930066371065,7.9915245043287175,18.724959807182682
1,1,Fz,SELECTED,0.78125,13.594964443845443,7.7859955064773239,19.345471833980941
1,1,Fz,SELECTED,0.78515625,13.90059216494187,7.9200011674561397,19.936230387482397
1,1,Fz,SELECTED,0.7890625,14.142369460808052,7.788951256422731,20.601998719630963
1,1,Fz,SELECTED,0.79296875,14.305271695138915,7.5574994481803888,21.115421374760697
1,1,Fz,SELECTED,0.796875,14.400948358312178,7.1070700734951942,21.403298447364868
1,1,F3,SELECTED,-0.19921875,0.10685438832392023,-4.2152408926820177,4.552801523744237
1,1,F3,SELECTED,-0.1953125,0.26872579678443009,-3.714160430839982,4.455415916437552
1,1,F3,SELECTED,-0.19140625,0.35292679879730177,-3.2125484829092197,4.1246977648579266
1,1,F3,SELECTED,-0.1875,0.363280525933521,-2.9225475442363988,3.8346933353360564
1,1,F3,SELECTED,-0.18359375,0.32572707560947128,-2.6629645824829127,3.5909244310128625
1,1,F3,SELECTED,-0.1796875,0.27312881736367345,-2.6295008098633246,3.2044548895415805
1,1,F3,SELECTED,-0.17578125,0.22770787865062325,-2.5069430000602018,2.9878584756946704
1,1,F3,SELECTED,-0.171875,0.18965225117638712,-2.4824843263950096,2.74165853011761
1,1,F3,SELECTED,-0.16796875,0.14115956273519831,-2.3724700236280465,2.7116326786916103
1,1,F3,SELECTED,-0.1640625,0.065258574163064256,-2.3701435174040095,2.6296483370279651
1,1,F3,SELECTED,-0.16015625,-0.034829534155123285,-2.5865275755839896,2.5571676367000142
1,1,F3,SELECTED,-0.15625,-0.13189137428165551,-2.689638466398022,2.4281239718293097
1,1,F3,SELECTED,-0.15234375,-0.19024090532579055,-2.7005013361580885,2.2498269627317815
1,1,F3,SELECTED,-0.1484375,-0.18963405804122604,-2.5902588212563082,2.0689407594527114
1,1,F3,SELECTED,-0.14453125,-0.14071931754293751,-2.2822514862775738,1.8551769379693139
1,1,F3,SELECTED,-0.140625,-0.081430353369261993,-1.8433843129470009,1.6573533332120536
1,1,F3,SELECTED,-0.13671875,-0.057771052535549837,-1.5051886538325969,1.3921385946241309
1,1,F3,SELECTED,-0.1328125,-0.10298268264433717,-1.3073550300610994,1.1345579051771444
1,1,F3,SELECTED,-0.12890625,-0.22712429478122037,-1.3172577580324987,0.85432838613256201
1,1,F3,SELECTED,-0.125,-0.41785658889394844,-1.3206713367194192,0.50183750881710554
1,1,F3,SELECTED,-0.12109375,-0.64509255655068154,-1.4566971183014794,0.14694690331808821
1,1,F3,SELECTED,-0.1171875,-0.86477424851673257,-1.6725934902955399,-0.12213737667291195
1,1,F3,SELECTED,-0.11328125,-1.0239804390560483,-2.0019446045509866,-0.10392158131586778
1,1,F3,SELECTED,-0.109375,-1.0703059358378604,-2.2666596199975806,0.045034774960217204
1,1,F3,SELECTED,-0.10546875,-0.96392922445834639,-2.3361674650341739,0.31736569588869434
1,1,F3,SELECTED,-0.1015625,-0.68910468448905138,-2.1043629417053764,0.68629187312871509
1,1,F3,SELECTED,-0.09765625,-0.26335344076917033,-1.6112156706043272,1.1064034478175615
1,1,F3,SELECTED,-0.09375,0.25828161354507062,-0.96090873998740312,1.5576775743140148
1,1,F3,SELECTED,-0.08984375,0.7894284293485937,-0.51199177844990917,2.196576516597041
1,1,F3,SELECTED,-0.0859375,1.2326478913272261,-0.29842353843790376,2.8057177717793418
1,1,F3,SELECTED,-0.08203125,1.5085292446605156,-0.1684911100513091,3.2505373979816108
1,1,F3,SELECTED,-0.078125,1.5801168670290926,-0.14347970228836293,3.401900818384195
1,1,F3,SELECTED,-0.07421875,1.4613169745055055,-0.28695452402843047,3.2899977427523246
1,1,F3,SELECTED,-0.0703125,1.2090731574463098,-0.55794928392934517,2.9556128341920833
1,1,F3,SELECTED,-0.06640625,0.90586540852929687,-0.84839401901496025,2.6909622945881275
1,1,F3,SELECTED,-0.0625,0.63610138239856484,-1.0533198354301807,2.5369250081953143
1,1,F3,SELECTED,-0.05859375,0.45893649270786646,-1.3660726762285103,2.4248804834505573
1,1,F3,SELECTED,-0.0546875,0.38710538489271296,-1.5361713805420714,2.4352878269510678
1,1,F3,SELECTED,-0.05078125,0.38400438083474997,-1.6274122238314586,2.5595735199275143
1,1,F3,SELECTED,-0.046875,0.38153855826001826,-1.8396658288177772,2.6882803749517898
1,1,F3,SELECTED,-0.04296875,0.30983284471673073,-2.0099167344782942,2.7343641994561882
1,1,F3,SELECTED,-0.0390625,0.12693106375935018,-2.2892734257533549,2.6677700150047317
1,1,F3,SELECTED,-0.03515625,-0.16151249598372927,-2.6793727078286653,2.4258631433020392
1,1,F3,SELECTED,-0.03125,-0.50070771807237535,-3.0729510693530973,2.0257538771107813
1,1,F3,SELECTED,-0.02734375,-0.80680120454460347,-3.3997231084105888,1.7265940326343767
1,1,F3,SELECTED,-0.0234375,-1.0021869420540948,-3.7025988449524867,1.5727287197785369
1,1,F3,SELECTED,-0.01953125,-1.0505758722865528,-3.7863567386997596,1.6214454947843329
1,1,F3,SELECTED,-0.015625,-0.97486891541470821,-3.7862225477673568,1.9821546668377363
1,1,F3,SELECTED,-0.01171875,-0.8475607417683263,-3.7533805317871121,2.1592650100855852
1,1,F3,SELECTED,-0.0078125,-0.75494395594478925,-3.6809845671458961,2.3983000408829551
1,1,F3,SELECTED,-0.00390625,-0.74995282618107895,-3.7252002370223516,2.427656654199418
1,1,F3,SELECTED,0,-0.81887838398927959,-3.7427799280228466,2.1973335916543517
1,1,F3,SELECTED,0.00390625,-0.88483430438661204,-3.7836246887580676,2.097460463586569
1,1,F3,SELECTED,0.0078125,-0.85030796824290034,-3.7317464314336957,2.1606134901798617
1,1,F3,SELECTED,0.01171875,-0.65352288690175642,-3.6084807869607483,2.484914888159627
1,1,F3,SELECTED,0.015625,-0.30286554238569185,-3.3812317876420055,3.0048298046789892
1,1,F3,SELECTED,0.01953125,0.12842752625140841,-3.1873006947844287,3.6159875324569728
1,1,F3,SELECTED,0.0234375,0.53719228108236894,-2.9816262422795603,4.155076410978026
1,1,F3,SELECTED,0.02734375,0.83242127380345465,-2.8552519446123212,4.5508146207780387
1,1,F3,SELECTED,0.03125,0.96711753649608923,-2.7092189181046473,4.6635266620324805
1,1,F3,SELECTED,0.03515625,0.95000187876857811,-2.5868684071695149,4.5644932414424968
1,1,F3,SELECTED,0.0390625,0.83261852770850886,-2.7567540821292433,4.4728608441131534
1,1,F3,SELECTED,0.04296875,0.67773216835605987,-3.1092540623864231,4.4268264026618613
1,1,F3,SELECTED,0.046875,0.5277832267730711,-3.416849041735524,4.3331170785302335
1,1,F3,SELECTED,0.05078125,0.39317158362665944,-3.6006436391036751,4.3731083755045743
1,1,F3,SELECTED,0.0546875,0.26381556895656505,-3.7194103949110358,4.4891714906829217
1,1,F3,SELECTED,0.05859375,0.12897993659124984,-3.9081086921816373,4.4508558412802097
1,1,F3,SELECTED,0.0625,-0.011626844220510755,-4.1640030521981615,4.3115488707092862
1,1,F3,SELECTED,0.06640625,-0.14946806162583814,-4.3169708612054682,4.2106886360637326
1,1,F3,SELECTED,0.0703125,-0.2748828217933838,-4.4286602614281607,4.1842081660528319
1,1,F3,SELECTED,0.07421875,-0.38417868268981242,-4.5744636599496094,4.2026364506514673
1,1,F3,SELECTED,0.078125,-0.48225075896689762,-4.6130604820724948,4.1820255345378472
1,1,F3,SELECTED,0.08203125,-0.5781486302194081,-4.6736555397974016,4.3443645535879289
1,1,F3,SELECTED,0.0859375,-0.67533618884161484,-4.9082282818903913,4.4371009486798254
1,1,F3,SELECTED,0.08984375,-0.76485053527695501,-5.0534656156466644,4.5418138978148663
1,1,F3,SELECTED,0.09375,-0.82989337626766091,-5.2347058876274311,4.6285555846199999
1,1,F3,SELECTED,0.09765625,-0.86210313578122211,-5.2655480426627665,4.7262604452744608
1,1,F3,SELECTED,0.1015625,-0.8791988578160127,-5.2776709416244127,4.7863580027492212
1,1,F3,SELECTED,0.10546875,-0.92919230551914089,-5.3276776486244186,4.807451361583218
1,1,F3,SELECTED,0.109375,-1.0730497775358001,-5.5126286196656027,4.7575445270748178
1,1,F3,SELECTED,0.11328125,-1.3526811217453678,-5.887919272354603,4.6065042887478596
1,1,F3,SELECTED,0.1171875,-1.7631604733002784,-6.3322379724923907,4.4680670561572198
1,1,F3,SELECTED,0.12109375,-2.246962027794539,-6.9373205222131409,4.2173439538412012
1,1,F3,SELECTED,0.125,-2.7142917251214098,-7.7260959832829226,4.0874429291259435
1,1,F3,SELECTED,0.12890625,-3.0778142504671542,-8.4367520240626828,4.0458271004343231
1,1,F3,SELECTED,0.1328125,-3.2835763795076787,-8.954888660825274,4.1255602364378028
1,1,F3,SELECTED,0.13671875,-3.3256667748970297,-9.181764278172734,4.2941391059885161
1,1,F3,SELECTED,0.140625,-3.2432551805027185,-9.100986179770997,4.4880170730818527
1,1,F3,SELECTED,0.14453125,-3.1059406651075854,-8.9198352197545621,4.7063589042648077
1,1,F3,SELECTED,0.1484375,-2.9934620064344633,-8.7660375885881265,4.9180637756505652
1,1,F3,SELECTED,0.15234375,-2.9729754986271741,-8.728999758764969,5.0560422420083579
1,1,F3,SELECTED,0.15625,-3.0774333653426562,-8.9072774602091549,5.0640850277407896
1,1,F3,SELECTED,0.16015625,-3.2922219432187685,-9.274322536046796,5.0395131621800902
1,1,F3,SELECTED,0.1640625,-3.5580524089511569,-9.4950024126099688,5.0557980722461364
1,1,F3,SELECTED,0.16796875,-3.7923781526284226,-9.8252966341942027,4.9930715579496674
1,1,F3,SELECTED,0.171875,-3.9222601419757024,-9.9383717145642727,4.9145560719190602
1,1,F3,SELECTED,0.17578125,-3.914474626179846,-9.9468728995191231,4.907177035130692
1,1,F3,SELECTED,0.1796875,-3.7888594050282318,-9.9331910929642415,4.9513516880626369
1,1,F3,SELECTED,0.18359375,-3.6094368189667168,-9.6967338078392338,4.9422721632417348
1,1,F3,SELECTED,0.1875,-3.4589676536141689,-9.3914448029715221,4.8577478124808451
1,1,F3,SELECTED,0.19140625,-3.4089590690030485,-9.2767202973600433,4.694441057075105
1,1,F3,SELECTED,0.1953125,-3.4969013913596099,-9.3080622502625765,4.4013156140850711
1,1,F3,SELECTED,0.19921875,-3.7176600789340273,-9.6025298092819327,4.0024828309842828
1,1,F3,SELECTED,0.203125,-4.0292763764763819,-9.6756907310400919,3.7512347105887733
1,1,F3,SELECTED,0.20703125,-4.3684199789040452,-10.011581610120727,3.7371381675707007
1,1,F3,SELECTED,0.2109375,-4.6692649349419657,-10.385108371908489,3.4944065593010114
1,1,F3,SELECTED,0.21484375,-4.8803878491112185,-10.723467309285281,3.30548076725248
1,1,F3,SELECTED,0.21875,-4.9757486480727353,-11.044511212499865,3.2697561390134275
1,1,F3,SELECTED,0.22265625,-4.9577764767634358,-11.230363475976841,3.3883621911874515
1,1,F3,SELECTED,0.2265625,-4.8534025835485641,-11.339722641022385,3.5189340729062732
1,1,F3,SELECTED,0.23046875,-4.7063256913186109,-11.413525130638067,3.6761759210862364
1,1,F3,SELECTED,0.234375,-4.5686445808021192,-11.40302372347613,3.8808744086986291
1,1,F3,SELECTED,0.23828125,-4.4923509080770474,-11.416390560140336,4.0855108695789522
1,1,F3,SELECTED,0.2421875,-4.5183922518017878,-11.512864813633209,4.2146693848522618
1,1,F3,SELECTED,0.24609375,-4.6609782886292646,-11.617594308844463,4.293695246602498
1,1,F3,SELECTED,0.25,-4.8908440937720954,-11.759504902475371,4.3936706009416904
1,1,F3,SELECTED,0.25390625,-5.130656655985101,-12.054700749904669,4.3023648143926563
1,1,F3,SELECTED,0.2578125,-5.2757560300751463,-12.316357392099837,4.1946868546161769
1,1,F3,SELECTED,0.26171875,-5.237086094289106,-12.333121049060072,4.2931976536804051
1,1,F3,SELECTED,0.265625,-4.9842563265859887,-12.152501789524294,4.5780349738620112
1,1,F3,SELECTED,0.26953125,-4.5636166765351556,-11.866083177505589,5.1277620018819299
1,1,F3,SELECTED,0.2734375,-4.0804867781180816,-11.586323330735325,5.7805723843123173
1,1,F3,SELECTED,0.27734375,-3.6542445772942918,-11.196294745052777,6.3665633335585126
1,1,F3,SELECTED,0.28125,-3.3685167229989985,-10.981290338165749,6.7934765520437121
1,1,F3,SELECTED,0.28515625,-3.2403679903893496,-11.020541626807512,7.09935097340417
1,1,F3,SELECTED,0.2890625,-3.2215623209529514,-11.154203656945418,7.2926673440713579
1,1,F3,SELECTED,0.29296875,-3.2276287538935966,-11.112243107936228,7.4731189466726224
1,1,F3,SELECTED,0.296875,-3.177324583586155,-10.969779995342723,7.7242726383450542
1,1,F3,SELECTED,0.30078125,-3.0236145093380165,-10.612718506855542,8.0317335172152404
1,1,F3,SELECTED,0.3046875,-2.7657053190131529,-10.444857174003179,8.4054267382416121
1,1,F3,SELECTED,0.30859375,-2.4425806437666657,-10.203062821405274,8.9276239026021305
1,1,F3,SELECTED,0.3125,-2.1159080201202207,-9.9185447301641592,9.5812823047218103
1,1,F3,SELECTED,0.31640625,-1.8515062702137437,-9.6574011630267886,10.173805844750225
1,1,F3,SELECTED,0.3203125,-1.7038960624680266,-9.7986499397881719,10.594549874423718
1,1,F3,SELECTED,0.32421875,-1.7023512371971115,-10.065646956815794,10.71779137175248
1,1,F3,SELECTED,0.328125,-1.8369335510906986,-10.450053758768858,10.711361368328712
1,1,F3,SELECTED,0.33203125,-2.0510005145441847,-10.702130224825369,10.582564567167056
1,1,F3,SELECTED,0.3359375,-2.2524546685242068,-10.775732020577976,10.376841270745231
1,1,F3,SELECTED,0.33984375,-2.3477913068614775,-10.772217375419748,10.252043131858814
1,1,F3,SELECTED,0.34375,-2.2847886499316603,-10.651926811694009,10.259593685634883
1,1,F3,SELECTED,0.34765625,-2.0796665771533434,-10.458316664346141,10.373510818686425
1,1,F3,SELECTED,0.3515625,-1.8133047310255361,-10.125526299523132,10.512305589898054
1,1,F3,SELECTED,0.35546875,-1.5993897140079361,-10.02882069582764,10.746345217558424
1,1,F3,SELECTED,0.359375,-1.5395563955894063,-10.034436365677296,10.672321467580213
1,1,F3,SELECTED,0.36328125,-1.6831607763851264,-10.38204383435529,10.417703702269531
1,1,F3,SELECTED,0.3671875,-2.0083320790202119,-10.908722833225591,9.9762992898176872
1,1,F3,SELECTED,0.37109375,-2.43606219407638,-11.428471873206725,9.4126212212709479
1,1,F3,SELECTED,0.375,-2.8736981000835473,-11.994895006324098,8.9080360234926559
1,1,F3,SELECTED,0.37890625,-3.263639468050346,-12.629489962301669,8.5872880028554768
1,1,F3,SELECTED,0.3828125,-3.6066516275206082,-12.94710737677544,8.3304397292487291
1,1,F3,SELECTED,0.38671875,-3.9464224380415089,-13.161081498965887,8.0849965981931753
1,1,F3,SELECTED,0.390625,-4.3285379702863329,-13.270788064769523,7.7856011728374366
1,1,F3,SELECTED,0.39453125,-4.7618708029364258,-13.390892396867716,7.5204584787612818
1,1,F3,SELECTED,0.3984375,-5.2067289369948053,-13.997556311425619,7.186909519536778
1,1,F3,SELECTED,0.40234375,-5.5981756560858695,-14.417885621315255,6.6456311962301484
1,1,F3,SELECTED,0.40625,-5.8921048107287728,-14.68546386886705,6.0704037393725372
1,1,F3,SELECTED,0.41015625,-6.1047766986762246,-14.859647670128492,5.7856830418345497
1,1,F3,SELECTED,0.4140625,-6.3165796082850729,-14.897979160146683,5.4185187456013786
1,1,F3,SELECTED,0.41796875,-6.6326411301000352,-15.127906271577018,4.9113466324955981
1,1,F3,SELECTED,0.421875,-7.122377435504669,-15.704296474199873,4.4073850554294793
1,1,F3,SELECTED,0.42578125,-7.7752033659425726,-16.259144500738884,3.8183583436458148
1,1,F3,SELECTED,0.4296875,-8.4997710542510951,-17.018153509397813,3.209394904676401
1,1,F3,SELECTED,0.43359375,-9.1663172315378496,-17.685566812775132,2.6661470189360288
1,1,F3,SELECTED,0.4375,-9.6650473117189541,-18.209435956150813,2.2680756808567319
1,1,F3,SELECTED,0.44140625,-9.9460550994330603,-18.487109647780802,2.0551545201902641
1,1,F3,SELECTED,0.4453125,-10.022047525662572,-18.530404453988904,2.023706084520104
1,1,F3,SELECTED,0.44921875,-9.9415322911214119,-18.421510489570185,2.1659907034590353
1,1,F3,SELECTED,0.453125,-9.7571641463891137,-18.31930076617687,2.3917277944585034
1,1,F3,SELECTED,0.45703125,-9.5095994581376022,-18.147899559861532,2.6911632653265372
1,1,F3,SELECTED,0.4609375,-9.2290734791341311,-17.825474702483405,3.0373013088379679
1,1,F3,SELECTED,0.46484375,-8.9439768355014166,-17.593921833931663,3.2437475836322012
1,1,F3,SELECTED,0.46875,-8.6862474799617342,-17.391221383241739,3.3792120390624274
1,1,F3,SELECTED,0.47265625,-8.4897430554409574,-17.046894148878582,3.5937921827880044
1,1,F3,SELECTED,0.4765625,-8.3817557239185998,-16.654491366552648,3.7216810551027386
1,1,F3,SELECTED,0.48046875,-8.3702086809511584,-16.788433314033533,3.7362946964819437
1,1,F3,SELECTED,0.484375,-8.4329997434070041,-16.94354691596827,3.6235365404872613
1,1,F3,SELECTED,0.48828125,-8.5187490315268217,-16.80170913659331,3.5261310596473949
1,1,F3,SELECTED,0.4921875,-8.5639436035595633,-16.887678120937132,3.4630737166905665
1,1,F3,SELECTED,0.49609375,-8.5209109880426421,-16.91623323848814,3.3499877148680972
1,1,F3,SELECTED,0.5,-8.3826925785635424,-16.681299792508419,3.2439428008360549
1,1,F3,SELECTED,0.50390625,-8.1907654855292549,-16.317577540677902,3.2251516508951972
1,1,F3,SELECTED,0.5078125,-8.0187860666986346,-16.040597405296577,3.2334784248119082
1,1,F3,SELECTED,0.51171875,-7.9374273318840132,-15.755899451445019,3.1390862533951442
1,1,F3,SELECTED,0.515625,-7.9779757180084276,-15.660730618390044,3.0077386472515419
1,1,F3,SELECTED,0.51953125,-8.1165027251550637,-15.570727732575248,2.877285003131159
1,1,F3,SELECTED,0.5234375,-8.2887145471002359,-15.851037311890526,2.8393418978879419
1,1,F3,SELECTED,0.52734375,-8.4246772119379649,-16.05574068551077,2.7715876608617434
1,1,F3,SELECTED,0.53125,-8.4797593361245696,-16.036599772519708,2.932584137286224
1,1,F3,SELECTED,0.53515625,-8.443420114994364,-16.226729631041174,3.2088908388592334
1,1,F3,SELECTED,0.5390625,-8.3248510106196516,-16.207836889624048,3.4018650429451491
1,1,F3,SELECTED,0.54296875,-8.1300791031118429,-16.14413379772008,3.5102521355169185
1,1,F3,SELECTED,0.546875,-7.8495151130833296,-15.86844515082497,3.7294987286618428
1,1,F3,SELECTED,0.55078125,-7.4664828475076241,-15.379226904570839,4.0511071866767407
1,1,F3,SELECTED,0.5546875,-6.98056671555275,-14.792957550139036,4.4541241341489641
1,1,F3,SELECTED,0.55859375,-6.425875427174307,-14.138599211406738,4.8734254254909004
1,1,F3,SELECTED,0.5625,-5.8665042030224051,-13.567626673873113,5.3070053066399536
1,1,F3,SELECTED,0.56640625,-5.3699580410620458,-13.180858268276639,5.626006644489749
1,1,F3,SELECTED,0.5703125,-4.9770080313648233,-12.984217379457029,5.8698105112341814
1,1,F3,SELECTED,0.57421875,-4.686745148223217,-13.012469592756474,6.098077592338031
1,1,F3,SELECTED,0.578125,-4.4616880111371042,-12.717079722982241,6.2564698642862142
1,1,F3,SELECTED,0.58203125,-4.2460539557364445,-12.638409025619536,6.3084865731984481
1,1,F3,SELECTED,0.5859375,-3.9878645191330526,-12.491459805917881,6.673642917563595
1,1,F3,SELECTED,0.58984375,-3.6564195305122911,-12.234924002163808,7.0598259974242294
1,1,F3,SELECTED,0.59375,-3.2475120560980399,-11.899518117235811,7.3988343357271606
1,1,F3,SELECTED,0.59765625,-2.7741740943411646,-11.753592970567778,7.8142445057302767
1,1,F3,SELECTED,0.6015625,-2.2508604111360708,-11.541055590783914,8.3013613904709374
1,1,F3,SELECTED,0.60546875,-1.6840848348931314,-11.07076509219784,8.8375352832327323
1,1,F3,SELECTED,0.609375,-1.0758091405447592,-10.61825486448118,9.371678454297971
1,1,F3,SELECTED,0.61328125,-0.434033882331398,-10.03632912585552,9.9004347035802187
1,1,F3,SELECTED,0.6171875,0.22001267484946155,-9.5042545153532885,10.435268138097328
1,1,F3,SELECTED,0.62109375,0.85409351749845452,-9.093971302370317,10.855366034683637
1,1,F3,SELECTED,0.625,1.4355008594436367,-8.5820504920160516,11.666403114036246
1,1,F3,SELECTED,0.62890625,1.9453425471002947,-8.0837007126948208,12.569784713586516
1,1,F3,SELECTED,0.6328125,2.3904280287199984,-7.7144907149822135,13.218017222342523
1,1,F3,SELECTED,0.63671875,2.8043978918041774,-7.3978821511617756,13.801486677636658
1,1,F3,SELECTED,0.640625,3.2319929913496277,-7.3275831052723124,14.656529724766784
1,1,F3,SELECTED,0.64453125,3.7016880940489285,-6.8919536178052656,15.377260360073043
1,1,F3,SELECTED,0.6484375,4.2037686784353543,-6.2104047413961396,15.888361177392818
1,1,F3,SELECTED,0.65234375,4.6897738825229851,-5.4803520831011605,16.358998275565462
1,1,F3,SELECTED,0.65625,5.0951944978199464,-4.8564237434503825,16.683883510771963
1,1,F3,SELECTED,0.66015625,5.3729837012904724,-4.6145550576352043,16.818847136247328
1,1,F3,SELECTED,0.6640625,5.5195788756165118,-4.6020636076292076,16.830469790611492
1,1,F3,SELECTED,0.66796875,5.5789040388358702,-4.6770454169874744,16.853100906700842
1,1,F3,SELECTED,0.671875,5.622330498462679,-4.7979116916199569,16.845079268267998
1,1,F3,SELECTED,0.67578125,5.7173434359138575,-4.6288989138331624,16.867482084641384
1,1,F3,SELECTED,0.6796875,5.9022623903207112,-4.2652840003108494,16.955641208749817
1,1,F3,SELECTED,0.68359375,6.1755782922212434,-3.8559021171359813,17.119702980812598
1,1,F3,SELECTED,0.6875,6.4985142230907229,-3.2594944077144361,17.328785362927491
1,1,F3,SELECTED,0.69140625,6.8083461376684946,-2.5379271442540734,17.524200736128325
1,1,F3,SELECTED,0.6953125,7.0419505023957107,-2.1183150381558669,17.639059451293985
1,1,F3,SELECTED,0.69921875,7.16436706141205,-1.7837091950953363,17.593860866034891
1,1,F3,SELECTED,0.703125,7.189685129274662,-1.4758532294941529,17.507777644557724
1,1,F3,SELECTED,0.70703125,7.1818775296463651,-1.1807599929212682,17.443840923421401
1,1,F3,SELECTED,0.7109375,7.2318553813669908,-1.0320591576311129,17.35416242392154
1,1,F3,SELECTED,0.71484375,7.4176418673118265,-0.70250707941427892,17.259275992986243
1,1,F3,SELECTED,0.71875,7.7649721084946046,-0.21812448618835162,17.27977727527032
1,1,F3,SELECTED,0.72265625,8.2319574794482477,0.53370225636297297,17.531240434772254
1,1,F3,SELECTED,0.7265625,8.7330899433444671,1.2096905059087284,17.681083427856812
1,1,F3,SELECTED,0.73046875,9.1924066095863122,1.8973429034334997,17.92152479978165
1,1,F3,SELECTED,0.734375,9.5910111858822926,2.3453409728086605,18.196388520766867
1,1,F3,SELECTED,0.73828125,9.9743106849047383,2.6954526407913764,18.691507975911783
1,1,F3,SELECTED,0.7421875,10.413238239519648,3.0613673668594972,19.218814424797895
1,1,F3,SELECTED,0.74609375,10.948390874475466,3.8191749612730317,19.721140677528705
1,1,F3,SELECTED,0.75,11.557703482743646,4.5639037267663163,20.465492508602125
1,1,F3,SELECTED,0.75390625,12.169402232077937,4.9700512128091292,21.188682288701468
1,1,F3,SELECTED,0.7578125,12.709615093615316,5.2984762942318637,21.928788156161861
1,1,F3,SELECTED,0.76171875,13.151104645009925,5.6066902271085848,22.617254881496809
1,1,F3,SELECTED,0.765625,13.529011301279514,5.7354384393576554,23.349540056809683
1,1,F3,SELECTED,0.76953125,13.911457521246069,5.6921290220812235,23.921438630197994
1,1,F3,SELECTED,0.7734375,14.345172544350362,5.8132075348291021,24.446987332422843
1,1,F3,SELECTED,0.77734375,14.816597074029266,6.4048926113184628,25.089415989846302
1,1,F3,SELECTED,0.78125,15.258866065389528,6.9292178581446269,25.721219945022003
1,1,F3,SELECTED,0.78515625,15.599746645821842,7.3529990014886737,26.133992749808655
1,1,F3,SELECTED,0.7890625,15.814088854361243,7.3530237079062939,26.387437504563263
1,1,F3,SELECTED,0.79296875,15.943181136464874,7.1518104977942603,26.572361602811018
1,1,F3,SELECTED,0.796875,16.070599812446321,6.8940270211717998,26.637979173384114
1,1,F4,SELECTED,-0.19921875,0.65398877988824577,-2.9885107949054581,4.909069738106937
1,1,F4,SELECTED,-0.1953125,0.84704422858484574,-2.5420093649830768,4.745050905327389
1,1,F4,SELECTED,-0.19140625,0.96303207820846026,-2.2397730455722504,4.5343793864440292
1,1,F4,SELECTED,-0.1875,1.0263576144520485,-2.0210910601770475,4.3318900034295105
1,1,F4,SELECTED,-0.18359375,1.0692918209812148,-1.827000689596181,4.0962889041672579
1,1,F4,SELECTED,-0.1796875,1.1084487787004154,-1.7155875256725761,3.8702047593275157
1,1,F4,SELECTED,-0.17578125,1.1327624143851613,-1.4049330973280956,3.6546544624140971
1,1,F4,SELECTED,-0.171875,1.1102495152703977,-1.1709002444616299,3.3353304819305811
1,1,F4,SELECTED,-0.16796875,1.0088425402626331,-1.1013621876740662,2.9682162953837818
1,1,F4,SELECTED,-0.1640625,0.81723642721786161,-1.0697956077434037,2.6640219073303588
1,1,F4,SELECTED,-0.16015625,0.55268531137075783,-1.2435082334139316,2.330695186128386
1,1,F4,SELECTED,-0.15625,0.25302170654075051,-1.5686773900849975,1.9996961745193205
1,1,F4,SELECTED,-0.15234375,-0.040061665903145506,-1.8416211527397757,1.635581020291232
1,1,F4,SELECTED,-0.1484375,-0.29740338414308148,-2.0720569030848939,1.3822613748932362
1,1,F4,SELECTED,-0.14453125,-0.51164927748064193,-2.1606826417874783,1.1168712024074672
1,1,F4,SELECTED,-0.140625,-0.69495752449827297,-2.165281091144204,0.88868037014500589
1,1,F4,SELECTED,-0.13671875,-0.8659545445818887,-2.2494943707428261,0.67442313601951065
1,1,F4,SELECTED,-0.1328125,-1.0347779474997436,-2.3336235282784026,0.47566419398008619
1,1,F4,SELECTED,-0.12890625,-1.1969081199630645,-2.4833973344528046,0.27657824509091089
1,1,F4,SELECTED,-0.125,-1.3381164623984161,-2.5624197799971373,0.065061464917334499
1,1,F4,SELECTED,-0.12109375,-1.4434461147796633,-2.5714496506624842,-0.22534772588453819
1,1,F4,SELECTED,-0.1171875,-1.5027675819326021,-2.5840588878509747,-0.42848329334064594
1,1,F4,SELECTED,-0.11328125,-1.5116179123874234,-2.3895726173797631,-0.67203648183381082
1,1,F4,SELECTED,-0.109375,-1.4695532609433972,-2.334584417107366,-0.66420125220307535
1,1,F4,SELECTED,-0.10546875,-1.3772750513202328,-2.3402213504057117,-0.46692772003333249
1,1,F4,SELECTED,-0.1015625,-1.2335708078979066,-2.3890778169552003,-0.17040143733423668
1,1,F4,SELECTED,-0.09765625,-1.034943673352642,-2.2947528635462784,0.14726894790188982
1,1,F4,SELECTED,-0.09375,-0.78037799979313871,-2.0753252609425843,0.5001764212655021
1,1,F4,SELECTED,-0.08984375,-0.47942855889965258,-1.8208006726914729,0.89659469188609353
1,1,F4,SELECTED,-0.0859375,-0.15794429658335638,-1.6510668918826308,1.3071769885650244
1,1,F4,SELECTED,-0.08203125,0.14339133682281383,-1.5316094939952611,1.7671144403700716
1,1,F4,SELECTED,-0.078125,0.37796999729173419,-1.3772596737163221,2.1575561236080198
1,1,F4,SELECTED,-0.07421875,0.50680283290442807,-1.3940632150741343,2.383556177331986
1,1,F4,SELECTED,-0.0703125,0.51376500014005022,-1.3324614707451852,2.3424276518797789
1,1,F4,SELECTED,-0.06640625,0.41775533842198548,-1.3723421083407228,2.2178536139204734
1,1,F4,SELECTED,-0.0625,0.27286784720571561,-1.3852544608069128,1.9310998275816458
1,1,F4,SELECTED,-0.05859375,0.15010717379038108,-1.3476294285833943,1.6721026094086233
1,1,F4,SELECTED,-0.0546875,0.10676317045794639,-1.4049109198494885,1.5974254796103762
1,1,F4,SELECTED,-0.05078125,0.1605412121168848,-1.3898879024261168,1.6850798519622061
1,1,F4,SELECTED,-0.046875,0.28305205341659356,-1.3901209702477602,1.896262137376622
1,1,F4,SELECTED,-0.04296875,0.41511603562037341,-1.4605395657834273,2.1736133025736106
1,1,F4,SELECTED,-0.0390625,0.49575381334457974,-1.5959876530225026,2.4470370411579561
1,1,F4,SELECTED,-0.03515625,0.49159176125997944,-1.6710999992136297,2.5935746038337903
1,1,F4,SELECTED,-0.03125,0.41241871516193973,-1.8610413712340979,2.7016343634273485
1,1,F4,SELECTED,-0.02734375,0.30389159943802918,-2.1422554684110939,2.7688481133434748
1,1,F4,SELECTED,-0.0234375,0.22087409292321197,-2.4241396896894689,2.8919324657042171
1,1,F4,SELECTED,-0.01953125,0.19667881456230085,-2.5542429423047968,3.1319226605788142
1,1,F4,SELECTED,-0.015625,0.22516913178611664,-2.6382548392304681,3.283046253345236
1,1,F4,SELECTED,-0.01171875,0.26505536601234558,-2.6956821100758228,3.3350465544026968
1,1,F4,SELECTED,-0.0078125,0.26559557948479284,-2.8576613517138068,3.3769045788593797
1,1,F4,SELECTED,-0.00390625,0.20263209633326723,-3.0068996787857727,3.3134084570105511
1,1,F4,SELECTED,0,0.10463322707786098,-3.2237968145595772,3.129523766328401
1,1,F4,SELECTED,0.00390625,0.048449171538128263,-3.3199064324353338,3.1240223812580772
1,1,F4,SELECTED,0.0078125,0.12147322422949824,-3.3609181350133523,3.3442303778433882
1,1,F4,SELECTED,0.01171875,0.37167706929453448,-3.2893154427867155,3.7577957885923827
1,1,F4,SELECTED,0.015625,0.77718022716933644,-3.1325721554587997,4.3842287583201376
1,1,F4,SELECTED,0.01953125,1.2524572276316477,-2.9147437020761786,5.182371814644573
1,1,F4,SELECTED,0.0234375,1.6840197838991688,-2.6566391633588413,5.8775611554900848
1,1,F4,SELECTED,0.02734375,1.9751208201856025,-2.4336457960756048,6.3967858399509749
1,1,F4,SELECTED,0.03125,2.080178222965289,-2.3681107185099242,6.6209029736736591
1,1,F4,SELECTED,0.03515625,2.0165393007758694,-2.3837011111985977,6.6002669173920836
1,1,F4,SELECTED,0.0390625,1.8500037212762723,-2.4698920348653464,6.5391556830643651
1,1,F4,SELECTED,0.04296875,1.662045941928014,-2.513188786863124,6.3326750161182419
1,1,F4,SELECTED,0.046875,1.5161217802681768,-2.7144182009074447,6.2161271388328245
1,1,F4,SELECTED,0.05078125,1.4391076078404834,-2.9261360672675525,6.1361761152943837
1,1,F4,SELECTED,0.0546875,1.4220612922737192,-2.9792103662743319,6.1387818433178154
1,1,F4,SELECTED,0.05859375,1.4335366597119839,-3.0643822648332013,6.1914306122702971
1,1,F4,SELECTED,0.0625,1.4366896455011873,-3.0782866415073382,6.1854105269267992
1,1,F4,SELECTED,0.06640625,1.4043718438504891,-3.2434237463059912,6.4037333145459998
1,1,F4,SELECTED,0.0703125,1.328371074096943,-3.3866083993733627,6.5071147995437713
1,1,F4,SELECTED,0.07421875,1.2209195649798337,-3.5983596822271444,6.5831285112041087
1,1,F4,SELECTED,0.078125,1.1099111678819646,-3.8805641784365723,6.6566140476940179
1,1,F4,SELECTED,0.08203125,1.0304529203014674,-4.0813009395681874,6.7633923790034771
1,1,F4,SELECTED,0.0859375,1.0133558925394088,-4.25695031955558,6.9614369312300068
1,1,F4,SELECTED,0.08984375,1.0711149546868535,-4.3047635662198074,7.3096626465949184
1,1,F4,SELECTED,0.09375,1.1861315678601674,-4.3824696466310966,7.6160354070726823
1,1,F4,SELECTED,0.09765625,1.3087013779328205,-4.4352316571087904,7.860973916123366
1,1,F4,SELECTED,0.1015625,1.3688064884272959,-4.5178063216660256,8.2987204844615921
1,1,F4,SELECTED,0.10546875,1.2989191305222152,-4.877715670699093,8.4583675106463136
1,1,F4,SELECTED,0.109375,1.0599049682094075,-5.1678609050948587,8.3407613496569901
1,1,F4,SELECTED,0.11328125,0.65996384386922791,-5.6767129228047262,8.0656858248187184
1,1,F4,SELECTED,0.1171875,0.15724616690672361,-6.5159418497134736,7.8577312290230275
1,1,F4,SELECTED,0.12109375,-0.35782878851757655,-7.2095225717104254,7.807245812592309
1,1,F4,SELECTED,0.125,-0.79430591137696638,-7.8744801227371033,7.4195426269300047
1,1,F4,SELECTED,0.12890625,-1.091510915049912,-8.337808121198174,7.3897136483946877
1,1,F4,SELECTED,0.1328125,-1.2348096456153974,-8.7026144565289894,7.5434102361187234
1,1,F4,SELECTED,0.13671875,-1.252243818557486,-8.8858647548519372,7.6726356653819208
1,1,F4,SELECTED,0.140625,-1.1983158686834767,-8.9344946933104783,7.7454893442545387
1,1,F4,SELECTED,0.14453125,-1.1343023909758394,-9.0871058253122712,7.9055055735393482
1,1,F4,SELECTED,0.1484375,-1.1111126707192043,-9.0881509641587161,8.0939755075353901
1,1,F4,SELECTED,0.15234375,-1.1566640832503678,-9.0347527679474204,8.2412588002513552
1,1,F4,SELECTED,0.15625,-1.2686833292975532,-9.1523694237302546,8.3597639446904513
1,1,F4,SELECTED,0.16015625,-1.4146988702438514,-9.4786125490388393,8.492816081157244
1,1,F4,SELECTED,0.1640625,-1.5412166805425449,-9.8291132639450787,8.592011202135593
1,1,F4,SELECTED,0.16796875,-1.5921124829989437,-10.123892901805737,8.7253042602451938
1,1,F4,SELECTED,0.171875,-1.5314145928130807,-10.108984846563876,8.8117614234183037
1,1,F4,SELECTED,0.17578125,-1.3602263031274413,-9.9652937671613948,8.8611105826884806
1,1,F4,SELECTED,0.1796875,-1.1178105791055062,-9.7185033168631634,8.9869670420146281
1,1,F4,SELECTED,0.18359375,-0.86565144001489258,-9.5065020479817921,9.1946142576457195
1,1,F4,SELECTED,0.1875,-0.66380417556336835,-9.3831198743269422,9.4520085452068336
1,1,F4,SELECTED,0.19140625,-0.55177480924151312,-9.3669381917908048,9.6096093084307483
1,1,F4,SELECTED,0.1953125,-0.54068227364823229,-9.3905804894609108,9.7151735131103365
1,1,F4,SELECTED,0.19921875,-0.61605432213514288,-9.2704925034699492,9.7893098056768029
1,1,F4,SELECTED,0.203125,-0.74656216735772252,-9.2928653371287471,9.8223460548806987
1,1,F4,SELECTED,0.20703125,-0.89425137959141054,-9.4982566005121623,9.7333592403163713
1,1,F4,SELECTED,0.2109375,-1.0247065137615798,-9.7961132179371919,9.6680516468221409
1,1,F4,SELECTED,0.21484375,-1.1174174945253061,-10.235483488025382,9.7013475199229937
1,1,F4,SELECTED,0.21875,-1.174085312011911,-10.625409159053724,9.7714549140061226
1,1,F4,SELECTED,0.22265625,-1.2181837913869966,-10.862822395031086,9.9427714194880856
1,1,F4,SELECTED,0.2265625,-1.2807003631777369,-11.079089280716712,10.148884612884785
1,1,F4,SELECTED,0.23046875,-1.3778334513382591,-11.384323465760616,10.383659691055248
1,1,F4,SELECTED,0.234375,-1.4970359546085446,-11.725901626818111,10.581306690731664
1,1,F4,SELECTED,0.23828125,-1.6040594217950797,-11.844925523760798,10.591119191008316
1,1,F4,SELECTED,0.2421875,-1.665287625837568,-11.773917902206763,10.693152262463286
1,1,F4,SELECTED,0.24609375,-1.6651513253113746,-11.674789901878254,11.099892716716459
1,1,F4,SELECTED,0.25,-1.6049108787709871,-11.636099688054554,11.481886727449826
1,1,F4,SELECTED,0.25390625,-1.4895622945675362,-11.691882604614896,11.737879003212353
1,1,F4,SELECTED,0.2578125,-1.3201286157763696,-11.653501419979836,11.855504096588168
1,1,F4,SELECTED,0.26171875,-1.0987887823257403,-11.431547021089122,12.064062215371806
1,1,F4,SELECTED,0.265625,-0.83867742605248807,-11.093897684774365,12.357981658011019
1,1,F4,SELECTED,0.26953125,-0.56650966931832436,-10.903552496464288,12.803919329583346
1,1,F4,SELECTED,0.2734375,-0.3147316475057626,-10.837989077648507,13.104827188565395
1,1,F4,SELECTED,0.27734375,-0.10863664216837736,-10.699693322230035,13.45319966828681
1,1,F4,SELECTED,0.28125,0.044418995403832262,-10.753152694044756,13.642720730923228
1,1,F4,SELECTED,0.28515625,0.15898545529723315,-10.878659003149034,13.6483632545681
1,1,F4,SELECTED,0.2890625,0.26664952356542315,-10.944119602700001,13.81828206076761
1,1,F4,SELECTED,0.29296875,0.40416230409089288,-10.967082695128971,14.148950714404075
1,1,F4,SELECTED,0.296875,0.60051353608504454,-10.765719691709373,14.48659095501263
1,1,F4,SELECTED,0.30078125,0.86852329824956964,-10.416712096055997,14.789623120290567
1,1,F4,SELECTED,0.3046875,1.2020781518729591,-10.033431596307913,15.08617766228075
1,1,F4,SELECTED,0.30859375,1.5775957214483283,-9.5805541319452061,15.422783488175815
1,1,F4,SELECTED,0.3125,1.958461061321022,-9.2014941737591389,15.580821186499778
1,1,F4,SELECTED,0.31640625,2.300091052371386,-8.858506508003698,15.831825792495195
1,1,F4,SELECTED,0.3203125,2.5530320451206787,-8.5233935828734815,16.076243892322879
1,1,F4,SELECTED,0.32421875,2.6671218088983615,-8.2775164062455513,16.170238279349896
1,1,F4,SELECTED,0.328125,2.605289267333406,-8.2674779010407278,16.055447027641094
1,1,F4,SELECTED,0.33203125,2.3681681682874896,-8.4504347781775397,15.808935896142382
1,1,F4,SELECTED,0.3359375,2.0127980504564298,-8.7848554888880059,15.588773089963807
1,1,F4,SELECTED,0.33984375,1.6422451504663986,-9.0342602667855605,15.380726229697279
1,1,F4,SELECTED,0.34375,1.3619387376015295,-9.2978114652701507,15.168323649298429
1,1,F4,SELECTED,0.34765625,1.226591833810081,-9.3696590403770461,15.150147043463203
1,1,F4,SELECTED,0.3515625,1.2104801623248265,-9.398856803132043,15.274568464584224
1,1,F4,SELECTED,0.35546875,1.2176324950841064,-9.4771511420395367,15.429351987730266
1,1,F4,SELECTED,0.359375,1.1252087800732742,-9.7927321262497582,15.464891380844605
1,1,F4,SELECTED,0.36328125,0.83849365391671216,-10.240867586231236,15.18803704011883
1,1,F4,SELECTED,0.3671875,0.33169686416116939,-10.837540598933465,14.572285871147963
1,1,F4,SELECTED,0.37109375,-0.34483200027465943,-11.634195234045306,13.694234374040795
1,1,F4,SELECTED,0.375,-1.0931422077007589,-12.538731503996537,13.193943002461017
1,1,F4,SELECTED,0.37890625,-1.8145204527979792,-13.261416029228846,12.615416133073801
1,1,F4,SELECTED,0.3828125,-2.4487799388831379,-13.687065951213986,11.778269600559895
1,1,F4,SELECTED,0.38671875,-2.9879682449198932,-13.966838908290894,10.957699934575059
1,1,F4,SELECTED,0.390625,-3.4627358004411835,-14.257842985426251,10.241158870221602
1,1,F4,SELECTED,0.39453125,-3.9133314689052976,-14.63855521082427,9.6615456820357188
1,1,F4,SELECTED,0.3984375,-4.3630542268467414,-14.896446048289191,9.1828025666097215
1,1,F4,SELECTED,0.40234375,-4.8091939569749256,-15.281152823799431,8.6278079097854885
1,1,F4,SELECTED,0.40625,-5.235462133032275,-15.561579443933697,8.0193815020328199
1,1,F4,SELECTED,0.41015625,-5.6354443381935617,-15.911940232662058,7.3897365996544506
1,1,F4,SELECTED,0.4140625,-6.0286528289350603,-16.449485647290555,6.7219035104909182
1,1,F4,SELECTED,0.41796875,-6.4558856656179717,-16.918497939518421,6.0338807114609088
1,1,F4,SELECTED,0.421875,-6.9553827005560906,-17.45810191369269,5.435219372186201
1,1,F4,SELECTED,0.42578125,-7.5354077173494298,-18.100283885387313,4.9087122170723863
1,1,F4,SELECTED,0.4296875,-8.1623500810552176,-18.780167217917146,4.3519875022089458
1,1,F4,SELECTED,0.43359375,-8.7731697073690125,-19.464013915282415,3.8176790470141424
1,1,F4,SELECTED,0.4375,-9.3041409355142566,-20.05654230069343,3.3818886552189169
1,1,F4,SELECTED,0.44140625,-9.7170271524954615,-20.423715993647406,3.1156328127573549
1,1,F4,SELECTED,0.4453125,-10.007399043620058,-20.683653716261734,2.9886636487106353
1,1,F4,SELECTED,0.44921875,-10.19475765109962,-20.904157975101786,2.9612529537194288
1,1,F4,SELECTED,0.453125,-10.307152062573932,-21.074190077446495,2.9717558494651239
1,1,F4,SELECTED,0.45703125,-10.3723077308196,-21.147599494511443,2.9634432935097719
1,1,F4,SELECTED,0.4609375,-10.415969009287465,-21.170057393287635,2.9542956559122566
1,1,F4,SELECTED,0.46484375,-10.460676983479843,-21.145424155469904,2.886671219926825
1,1,F4,SELECTED,0.46875,-10.521511217332296,-21.149498257082193,2.8733641718222604
1,1,F4,SELECTED,0.47265625,-10.601561352614025,-21.212026492247016,2.9405695997910888
1,1,F4,SELECTED,0.4765625,-10.690636975035,-21.247522536551092,3.0087030444580458
1,1,F4,SELECTED,0.48046875,-10.767991440904314,-20.926608662417856,3.0606813201186323
1,1,F4,SELECTED,0.484375,-10.808515034687611,-20.757022528397339,3.0090370375714866
1,1,F4,SELECTED,0.48828125,-10.791328409437593,-20.65275169670694,2.9660627345727053
1,1,F4,SELECTED,0.4921875,-10.708183563984678,-20.472205430726962,2.9559319730368228
1,1,F4,SELECTED,0.49609375,-10.568337668787926,-20.236571436899457,3.0008202975408125
1,1,F4,SELECTED,0.5,-10.397934740483487,-19.988349609202491,3.0337834513757702
1,1,F4,SELECTED,0.50390625,-10.233400194975921,-19.773112601415356,3.079411547051301
1,1,F4,SELECTED,0.5078125,-10.109266741027019,-19.587527499576851,3.1519343689781372
1,1,F4,SELECTED,0.51171875,-10.043953594755799,-19.401305491405484,3.2052946253939161
1,1,F4,SELECTED,0.515625,-10.031595260744643,-19.249846219345372,3.1912951712435143
1,1,F4,SELECTED,0.51953125,-10.046867421462281,-19.214548134483422,3.0645276645606505
1,1,F4,SELECTED,0.5234375,-10.059777230273607,-19.351511860324461,2.8849577328506069
1,1,F4,SELECTED,0.52734375,-10.048150821428052,-19.314965419024933,2.91140844648644
1,1,F4,SELECTED,0.53125,-9.9985947329660601,-19.122026397665412,3.0631743661082114
1,1,F4,SELECTED,0.53515625,-9.8990553157927117,-18.889644002324236,3.2322570162270674
1,1,F4,SELECTED,0.5390625,-9.7334526796438094,-18.674566376437038,3.195199334369522
1,1,F4,SELECTED,0.54296875,-9.4844223967199461,-18.627878474118472,3.2527053189680126
1,1,F4,SELECTED,0.546875,-9.1418330377547967,-18.130712966739342,3.4079093785534487
1,1,F4,SELECTED,0.55078125,-8.7116061858920268,-17.584707272849457,3.6463127697956361
1,1,F4,SELECTED,0.5546875,-8.2202234814137149,-17.068116518082419,3.9357655405507561
1,1,F4,SELECTED,0.55859375,-7.7110924714727647,-16.527355714807683,4.2322731414613166
1,1,F4,SELECTED,0.5625,-7.2321177753371186,-16.00195042974325,4.4922091949875149
1,1,F4,SELECTED,0.56640625,-6.8204319246885943,-15.415677393213574,4.9005291190529663
1,1,F4,SELECTED,0.5703125,-6.4925747908968443,-15.006376836266627,5.2842137413086609
1,1,F4,SELECTED,0.57421875,-6.2421373785206038,-14.96408127086,5.6310803919399097
1,1,F4,SELECTED,0.578125,-6.040641276687496,-15.073376483987076,5.9131595331064464
1,1,F4,SELECTED,0.58203125,-5.8395390843827188,-15.171699893343492,6.1896704469948434
1,1,F4,SELECTED,0.5859375,-5.5766527172178337,-15.027303115088269,6.5963441085411629
1,1,F4,SELECTED,0.58984375,-5.1899527169046831,-14.83210143003854,6.8998532356535014
1,1,F4,SELECTED,0.59375,-4.6357299108132981,-14.665071863103291,7.4565347705893563
1,1,F4,SELECTED,0.59765625,-3.9041333119646096,-14.251560909918188,8.4403838025041527
1,1,F4,SELECTED,0.6015625,-3.0259079075527016,-13.470487073913464,9.5604880412570061
1,1,F4,SELECTED,0.60546875,-2.0669716483395311,-12.259855114654167,10.435103188139514
1,1,F4,SELECTED,0.609375,-1.1101954000482457,-11.043947226606251,11.434296084773205
1,1,F4,SELECTED,0.61328125,-0.22845966559842965,-10.118634570629965,12.508831176197459
1,1,F4,SELECTED,0.6171875,0.54043539042067146,-9.5543679645070956,13.535022321238918
1,1,F4,SELECTED,0.62109375,1.2044777288692956,-9.0645229500544975,14.423554802532234
1,1,F4,SELECTED,0.625,1.8089594123811936,-8.7130258945970382,15.223691610721907
1,1,F4,SELECTED,0.62890625,2.4163031861527529,-8.4608993506664927,15.796261781191575
1,1,F4,SELECTED,0.6328125,3.0866354089273833,-8.0745408516142998,16.406198431165127
1,1,F4,SELECTED,0.63671875,3.864647245849254,-7.44732156648654,17.309903788852484
1,1,F4,SELECTED,0.640625,4.7693770423800652,-6.4675884261468592,18.144560178829629
1,1,F4,SELECTED,0.64453125,5.783809763893851,-5.2263670690024187,18.910392361050711
1,1,F4,SELECTED,0.6484375,6.8487579232408855,-3.7643269330822999,19.677044509925455
1,1,F4,SELECTED,0.65234375,7.870239540504179,-2.3977506586645525,20.410743061096795
1,1,F4,SELECTED,0.65625,8.7457365790149595,-1.4594957015870875,21.082751429859997
1,1,F4,SELECTED,0.66015625,9.4032989641001219,-0.91562511154652004,21.558712398160338
1,1,F4,SELECTED,0.6640625,9.8345609749655978,-0.24869324818803079,21.924527548054879
1,1,F4,SELECTED,0.66796875,10.099859011122749,-0.21100250735683265,22.121833576931284
1,1,F4,SELECTED,0.671875,10.298840259741183,-0.17444586774324702,22.528992940465532
1,1,F4,SELECTED,0.67578125,10.523450162233701,0.017644516781708128,22.608749159076563
1,1,F4,SELECTED,0.6796875,10.820204865628314,0.059156214199661182,22.91400424384776
1,1,F4,SELECTED,0.68359375,11.177589062821523,0.26856232374612254,23.399904432591025
1,1,F4,SELECTED,0.6875,11.537420687040797,0.50217679442982077,23.901171427775303
1,1,F4,SELECTED,0.69140625,11.821599827007606,0.35469792321905758,24.276930365963565
1,1,F4,SELECTED,0.6953125,11.966034558784706,0.52895902723949417,24.369793335145001
1,1,F4,SELECTED,0.69921875,11.952446985660591,0.31278463477565743,24.250965525123007
1,1,F4,SELECTED,0.703125,11.82551173539116,0.06410641627566846,24.111133375403153
1,1,F4,SELECTED,0.70703125,11.684884350070286,-0.036886156978407671,24.003189014373451
1,1,F4,SELECTED,0.7109375,11.652325442286385,0.097131306152945893,23.977237647954876
1,1,F4,SELECTED,0.71484375,11.826300415918023,0.44922304644449623,24.123567920818903
1,1,F4,SELECTED,0.71875,12.242180076392016,1.1300885322274814,24.448219733554431
1,1,F4,SELECTED,0.72265625,12.85537682132879,2.1485363691597068,25.123741641130309
1,1,F4,SELECTED,0.7265625,13.558775234982075,3.319525518081365,25.248271473905376
1,1,F4,SELECTED,0.73046875,14.231223969331548,4.4856293896792687,25.530516025726072
1,1,F4,SELECTED,0.734375,14.79320730277248,5.2486949740072673,25.913047229221217
1,1,F4,SELECTED,0.73828125,15.235942801556755,5.7294186608571778,25.949349891692872
1,1,F4,SELECTED,0.7421875,15.605729917602524,6.0459688389687241,26.140587934243253
1,1,F4,SELECTED,0.74609375,15.957672801749599,6.5336806938766481,26.355985411884497
1,1,F4,SELECTED,0.75,16.314744139026995,6.919718765720936,26.465582079352789
1,1,F4,SELECTED,0.75390625,16.660638336756904,7.1983604598758983,26.785426559253576
1,1,F4,SELECTED,0.7578125,16.965829598902779,7.3488040397141594,27.369079888409871
1,1,F4,SELECTED,0.76171875,17.221344695123502,7.3741272937126885,27.933351821173357
1,1,F4,SELECTED,0.765625,17.452628439067684,7.3804277525993491,28.410357164384049
1,1,F4,SELECTED,0.76953125,17.704419222987003,7.2056326920962581,28.947885999459817
1,1,F4,SELECTED,0.7734375,18.010073032631091,7.1351352183105732,29.356841407241774
1,1,F4,SELECTED,0.77734375,18.368595389555779,7.1597729090077786,29.787420089964922
1,1,F4,SELECTED,0.78125,18.744396077258784,7.284703013618369,30.057357839149184
1,1,F4,SELECTED,0.78515625,19.086871020900457,7.5154951808720236,30.447463071243888
1,1,F4,SELECTED,0.7890625,19.354226016485399,7.6097377010210492,30.732472163493657
1,1,F4,SELECTED,0.79296875,19.527372849517157,7.6691033535951538,31.320950711496746
1,1,F4,SELECTED,0.796875,19.610601081876677,7.4766607846563238,32.207633506150557
2,-1,Fz,P0,-0.19921875,1.35843515531221,-2.6476043049160602,4.9360078164773658
2,-1,Fz,P0,-0.1953125,1.2423596545044022,-2.9997173477940975,5.1308025668029016
2,-1,Fz,P0,-0.19140625,1.069129354166275,-3.2524036319269918,4.9948314565180603
2,-1,Fz,P0,-0.1875,0.89855132491522405,-3.3444305359363904,4.8361865444849315
2,-1,Fz,P0,-0.18359375,0.78671762881467089,-3.3431601993537341,4.62075879944131
2,-1,Fz,P0,-0.1796875,0.75307040557318738,-3.108087596539475,4.3742743820950061
2,-1,Fz,P0,-0.17578125,0.76737613620868705,-2.7094686876616993,4.1034498817861991
2,-1,Fz,P0,-0.171875,0.76712523932724597,-2.4190032839968532,3.8471774427339875
2,-1,Fz,P0,-0.16796875,0.69565150145027532,-2.2672692682779476,3.6170778569246802
2,-1,Fz,P0,-0.1640625,0.53783948858677311,-2.3417929873769259,3.4886162109864469
2,-1,Fz,P0,-0.16015625,0.33280802763094158,-2.7094961273520179,3.2582447389549167
2,-1,Fz,P0,-0.15625,0.15742652256933931,-2.9491683932610546,3.2040825714426666
2,-1,Fz,P0,-0.15234375,0.090937685460491885,-3.050595888358977,3.2839883084240271
2,-1,Fz,P0,-0.1484375,0.18091934612110985,-2.9638790609423071,3.2891468716223407
2,-1,Fz,P0,-0.14453125,0.4283869224560839,-2.5703384508507838,3.4489142868453815
2,-1,Fz,P0,-0.140625,0.79535598961068776,-2.0043190728390705,3.55425073496091
2,-1,Fz,P0,-0.13671875,1.2233586810773895,-1.2075519650723874,3.6248951719145941
2,-1,Fz,P0,-0.1328125,1.6496215625495874,-0.42884264700527164,3.6670833619095133
2,-1,Fz,P0,-0.12890625,2.0167348534397531,0.2050408485805304,3.8107032554503451
2,-1,Fz,P0,-0.125,2.27765478434238,0.62203603100609217,3.7871266872102858
2,-1,Fz,P0,-0.12109375,2.3965450304822253,0.89084184908773367,3.6005612099518696
2,-1,Fz,P0,-0.1171875,2.3465278306794985,1.0475847622061205,3.3629133397204312
2,-1,Fz,P0,-0.11328125,2.1109270825064335,0.99979357521971668,3.0583295579127925
2,-1,Fz,P0,-0.109375,1.6946990364177996,0.71127543167106877,2.5885230627999292
2,-1,Fz,P0,-0.10546875,1.1412865366133254,0.21114762084484509,2.118656473016185
2,-1,Fz,P0,-0.1015625,0.53802493110315353,-0.43388381525537639,1.6320157893116674
2,-1,Fz,P0,-0.09765625,-0.003638611320909849,-1.1479706718806579,1.3200866551305368
2,-1,Fz,P0,-0.09375,-0.38857660570507024,-1.8138151201075603,1.1911033601768546
2,-1,Fz,P0,-0.08984375,-0.57804788770359095,-2.3030991077118181,1.106948839982822
2,-1,Fz,P0,-0.0859375,-0.6072725069598115,-2.6031032904886007,1.2288697686743366
2,-1,Fz,P0,-0.08203125,-0.57070476031994632,-2.7204181114119383,1.31835085997801
2,-1,Fz,P0,-0.078125,-0.58137446412474658,-2.6207632499942388,1.3562552997285824
2,-1,Fz,P0,-0.07421875,-0.72275451528721035,-2.8245013188275148,1.3714450625265262
2,-1,Fz,P0,-0.0703125,-1.0142823378717423,-3.1980969798756496,1.3110442544630898
2,-1,Fz,P0,-0.06640625,-1.403946607760298,-3.6499621853040827,1.0664837649260974
2,-1,Fz,P0,-0.0625,-1.7889921239301936,-4.1500894182106718,0.84324918348098543
2,-1,Fz,P0,-0.05859375,-2.0558110574485542,-4.4112668843867153,0.62131817196642458
2,-1,Fz,P0,-0.0546875,-2.1237421146486417,-4.3741657232464721,0.49967859956851834
2,-1,Fz,P0,-0.05078125,-1.9743369289409054,-4.209647910851408,0.52517708258725138
2,-1,Fz,P0,-0.046875,-1.6522163426438463,-3.7268691203832534,0.74558745071989319
2,-1,Fz,P0,-0.04296875,-1.2390716835317352,-3.2841620048063862,1.1679199659146178
2,-1,Fz,P0,-0.0390625,-0.81991901106512266,-2.9199994102728701,1.6615200178624916
2,-1,Fz,P0,-0.03515625,-0.46416869711042397,-2.8405974745266014,2.2581804903360752
2,-1,Fz,P0,-0.03125,-0.227566961186174,-2.8946711805032215,2.7790162008579107
2,-1,Fz,P0,-0.02734375,-0.15995137116593519,-3.0650470717868079,3.0110748581529894
2,-1,Fz,P0,-0.0234375,-0.30067878492831612,-3.4897930117283371,3.0973291318812044
2,-1,Fz,P0,-0.01953125,-0.66119760672361938,-4.0105505727568023,2.936602287920695
2,-1,Fz,P0,-0.015625,-1.211026698022063,-4.6463911898060246,2.5265775293160257
2,-1,Fz,P0,-0.01171875,-1.8812542855936667,-5.3183675944933491,1.8832324954812658
2,-1,Fz,P0,-0.0078125,-2.5847751231586953,-6.0580896328770795,1.0712738851324748
2,-1,Fz,P0,-0.00390625,-3.2421636247679144,-6.8073614444363058,0.36274559510179949
2,-1,Fz,P0,0,-3.802336181725515,-7.4801118916720988,-0.15439504552387373
2,-1,Fz,P0,0.00390625,-4.2523134609280904,-8.0038680074069486,-0.69405486665504834
2,-1,Fz,P0,0.0078125,-4.6153055311908746,-8.4606193804250616,-1.0077479319927345
2,-1,Fz,P0,0.01171875,-4.9395997808906191,-8.683761612626606,-1.0739603706722771
2,-1,Fz,P0,0.015625,-5.2816059193031704,-9.2441308247828342,-1.3149971403807688
2,-1,Fz,P0,0.01953125,-5.6856874649742437,-9.4671906432959272,-1.5706699985029027
2,-1,Fz,P0,0.0234375,-6.1645252195783904,-9.8571864407662062,-1.937722494624385
2,-1,Fz,P0,0.02734375,-6.6877663726012431,-10.411563177093337,-2.4099433084651212
2,-1,Fz,P0,0.03125,-7.1876600610423536,-10.968048286147194,-2.8993180718488043
2,-1,Fz,P0,0.03515625,-7.582232903816025,-11.246178049805136,-3.3146694154517489
2,-1,Fz,P0,0.0390625,-7.8046433480514139,-11.343511387792576,-3.6742418589944545
2,-1,Fz,P0,0.04296875,-7.8244410942223901,-11.381149960519011,-3.7763923150502321
2,-1,Fz,P0,0.046875,-7.6549567571215826,-11.360170068197506,-3.5857147856392628
2,-1,Fz,P0,0.05078125,-7.3489120178254597,-11.159237052393678,-3.0516534132452313
2,-1,Fz,P0,0.0546875,-6.9838872714005831,-11.091662283490185,-2.4934511100972134
2,-1,Fz,P0,0.05859375,-6.6386429520398202,-11.104842295278219,-1.8299217178194467
2,-1,Fz,P0,0.0625,-6.3681925663596575,-11.261528255467873,-1.3551379089890747
2,-1,Fz,P0,0.06640625,-6.1915187608232367,-11.326532678160493,-0.87556705110531474
2,-1,Fz,P0,0.0703125,-6.0994930408910042,-11.677376207013053,-0.46645762245943778
2,-1,Fz,P0,0.07421875,-6.0765203191466641,-11.582708780156418,-0.15912279406181423
2,-1,Fz,P0,0.078125,-6.1210189051891293,-11.518052956683741,-0.19314671326860625
2,-1,Fz,P0,0.08203125,-6.251832235760344,-11.629835772148203,-0.40498138144041301
2,-1,Fz,P0,0.0859375,-6.496377462471238,-11.590377684600416,-0.78776217316739927
2,-1,Fz,P0,0.08984375,-6.8675285532873103,-11.762153718269746,-1.326123356736743
2,-1,Fz,P0,0.09375,-7.3447401245488386,-12.081793026112349,-1.8426623144501677
2,-1,Fz,P0,0.09765625,-7.8737404121643264,-12.704070161674798,-2.2595634325745086
2,-1,Fz,P0,0.1015625,-8.3866152695573088,-13.430609380243441,-2.5887663638378506
2,-1,Fz,P0,0.10546875,-8.8298137825541616,-14.242433838485121,-2.6267714047875663
2,-1,Fz,P0,0.109375,-9.1840629835847043,-14.83988044204091,-2.6754271767049134
2,-1,Fz,P0,0.11328125,-9.4685326242511838,-15.225982544481855,-2.86804983076214
2,-1,Fz,P0,0.1171875,-9.7314154457175039,-15.371284925640841,-3.1821948450696831
2,-1,Fz,P0,0.12109375,-10.032342706353939,-15.519480542105997,-3.7194306289637322
2,-1,Fz,P0,0.125,-10.420918615480266,-15.661825525277521,-4.1763832417427693
2,-1,Fz,P0,0.12890625,-10.916090403635581,-15.97676954238726,-4.7060522775377844
2,-1,Fz,P0,0.1328125,-11.493692056413117,-16.516474869338403,-5.4561405797498868
2,-1,Fz,P0,0.13671875,-12.089229507407953,-17.200762249318689,-6.1670256664483283
2,-1,Fz,P0,0.140625,-12.616809407741062,-17.803534142473886,-6.7848414776480679
2,-1,Fz,P0,0.14453125,-12.997445946431519,-18.436237951926369,-7.077671987021235
2,-1,Fz,P0,0.1484375,-13.186994504079559,-18.970951148754537,-7.1111110813125764
2,-1,Fz,P0,0.15234375,-13.195154262336308,-19.270699571863812,-6.9224633137249976
2,-1,Fz,P0,0.15625,-13.088148687613689,-19.388172898700521,-6.8758749374957828
2,-1,Fz,P0,0.16015625,-12.970196673310435,-19.434303188672104,-6.6197659800178261
2,-1,Fz,P0,0.1640625,-12.947612463607035,-19.463787945602526,-6.4654898286240243
2,-1,Fz,P0,0.16796875,-13.091270895522959,-19.554142260107515,-6.515815637054275
2,-1,Fz,P0,0.171875,-13.416613944355518,-19.632629769310476,-6.7868961090988744
2,-1,Fz,P0,0.17578125,-13.889405269911101,-19.907829350661455,-7.2524568542260788
2,-1,Fz,P0,0.1796875,-14.448865124407046,-20.390856288141261,-7.8139104332261491
2,-1,Fz,P0,0.18359375,-15.031829126837494,-20.914579200937581,-8.4381762518550474
2,-1,Fz,P0,0.1875,-15.5868128842044,-21.409383651488334,-9.0795483898901015
2,-1,Fz,P0,0.19140625,-16.078141538911236,-21.987535710986226,-9.6509458216287562
2,-1,Fz,P0,0.1953125,-16.487371517732598,-22.493046716183319,-10.076201521417142
2,-1,Fz,P0,0.19921875,-16.816968106022607,-22.765426951210436,-10.374704987793269
2,-1,Fz,P0,0.203125,-17.093327197407536,-22.941684467804553,-10.664272900468731
2,-1,Fz,P0,0.20703125,-17.362049465417083,-23.366286083482972,-10.86061857539922
2,-1,Fz,P0,0.2109375,-17.672600764725576,-23.564193344481215,-11.273821468766743
2,-1,Fz,P0,0.21484375,-18.057497497626816,-23.962866876816538,-11.690303903041936
2,-1,Fz,P0,0.21875,-18.515781446439696,-24.454713777147884,-12.235337937860388
2,-1,Fz,P0,0.22265625,-19.009026923127838,-25.109707898630347,-12.398262789106866
2,-1,Fz,P0,0.2265625,-19.472411846217284,-25.609647504653882,-12.695524978540679
2,-1,Fz,P0,0.23046875,-19.837204613045881,-26.131428178443681,-12.691132316235258
2,-1,Fz,P0,0.234375,-20.055983465895462,-26.436434172933502,-12.790008359497165
2,-1,Fz,P0,0.23828125,-20.118473451807052,-26.798026425347427,-12.830190694292687
2,-1,Fz,P0,0.2421875,-20.048517900166576,-26.764448561487495,-12.634300852898793
2,-1,Fz,P0,0.24609375,-19.884493796789382,-26.686281449148002,-12.504865157168942
2,-1,Fz,P0,0.25,-19.657304918889519,-26.552795094454581,-12.487812739904586
2,-1,Fz,P0,0.25390625,-19.379571926768261,-26.342272993870161,-12.252984031620914
2,-1,Fz,P0,0.2578125,-19.049473696212466,-26.130232366724567,-11.78276919791506
2,-1,Fz,P0,0.26171875,-18.664601044525174,-25.880630199253012,-11.240083846533045
2,-1,Fz,P0,0.265625,-18.23787156159328,-25.507814823421075,-10.603187030137242
2,-1,Fz,P0,0.26953125,-17.805681199647186,-25.218449319002595,-9.9436321469814448
2,-1,Fz,P0,0.2734375,-17.420322052302065,-24.7427450736655,-9.4372966672635403
2,-1,Fz,P0,0.27734375,-17.127575626904658,-24.300961225034463,-9.1884145152604244
2,-1,Fz,P0,0.28125,-16.94155474157629,-24.249935484278641,-9.4220680990666192
2,-1,Fz,P0,0.28515625,-16.833167148940021,-23.869457165995296,-9.6946264263028379
2,-1,Fz,P0,0.2890625,-16.741630449435878,-23.788692843902766,-9.918630386090058
2,-1,Fz,P0,0.29296875,-16.604738896464081,-23.655708489432168,-9.7445907345066303
2,-1,Fz,P0,0.296875,-16.392854659645359,-23.435400549799795,-9.4888441508740531
2,-1,Fz,P0,0.30078125,-16.129680706180274,-23.069576080419257,-9.1908747971681919
2,-1,Fz,P0,0.3046875,-15.88775990072142,-22.819014379087164,-8.7309838690743451
2,-1,Fz,P0,0.30859375,-15.756482648599681,-22.619308457749188,-8.5498486091345303
2,-1,Fz,P0,0.3125,-15.795662640031402,-22.706658040398857,-8.5541997335419353
2,-1,Fz,P0,0.31640625,-16.000456629390282,-22.952360985051808,-8.6264494080659464
2,-1,Fz,P0,0.3203125,-16.29956391122845,-23.205790999652606,-8.9156097316100471
2,-1,Fz,P0,0.32421875,-16.58828730873589,-23.584733167068901,-9.0964404137433696
2,-1,Fz,P0,0.328125,-16.777941921277378,-23.860962054238108,-9.2785691018320087
2,-1,Fz,P0,0.33203125,-16.836595968788096,-23.944525445334751,-9.3673691584865857
2,-1,Fz,P0,0.3359375,-16.802695700168133,-23.992961903016461,-9.3295690873519419
2,-1,Fz,P0,0.33984375,-16.766410225816532,-23.989459358287331,-9.3602412215480015
2,-1,Fz,P0,0.34375,-16.828357836618586,-24.220675489005917,-9.4080161297823999
2,-1,Fz,P0,0.34765625,-17.056337719172241,-24.647096735231617,-9.5521236064172808
2,-1,Fz,P0,0.3515625,-17.461235566083324,-25.255116610074378,-9.5220000753841099
2,-1,Fz,P0,0.35546875,-18.001293610605419,-25.95403208937655,-9.6713827744391416
2,-1,Fz,P0,0.359375,-18.607334836892779,-26.629507203069537,-10.177897799063823
2,-1,Fz,P0,0.36328125,-19.212450930678905,-27.341616804399337,-10.780335438997833
2,-1,Fz,P0,0.3671875,-19.772223121997758,-27.914030084858563,-11.425768546130934
2,-1,Fz,P0,0.37109375,-20.270461617195949,-28.450020594913905,-12.170112694474568
2,-1,Fz,P0,0.375,-20.714552737603881,-28.924001315766521,-12.716061306743315
2,-1,Fz,P0,0.37890625,-21.129156022016542,-29.253253977936307,-13.266730809128477
2,-1,Fz,P0,0.3828125,-21.553016171481307,-29.647301772060761,-13.847878372184544
2,-1,Fz,P0,0.38671875,-22.033983050071495,-30.150515678684648,-14.441081704483317
2,-1,Fz,P0,0.390625,-22.614408032328988,-30.773892028032702,-14.988626246385079
2,-1,Fz,P0,0.39453125,-23.309544652508386,-31.578201240104413,-15.599537223239272
2,-1,Fz,P0,0.3984375,-24.093547292506965,-32.496505623603241,-16.35703245698754
2,-1,Fz,P0,0.40234375,-24.904784592047207,-33.247954220572986,-17.186155245689974
2,-1,Fz,P0,0.40625,-25.666730924169013,-33.992035103774377,-17.927816909569142
2,-1,Fz,P0,0.41015625,-26.310628318223092,-34.61642560286883,-18.465947918448503
2,-1,Fz,P0,0.4140625,-26.790354220739488,-35.137468711332126,-18.754733236228432
2,-1,Fz,P0,0.41796875,-27.089024615455354,-35.593532824978716,-18.93411667932477
2,-1,Fz,P0,0.421875,-27.219697382727034,-35.809498538801392,-19.064983230710244
2,-1,Fz,P0,0.42578125,-27.220238858025848,-35.990650836759421,-19.140156255392977
2,-1,Fz,P0,0.4296875,-27.141782136735525,-36.185238218057322,-18.860130984654994
2,-1,Fz,P0,0.43359375,-27.033133495535846,-36.512628712560982,-18.366941213809806
2,-1,Fz,P0,0.4375,-26.926892920218368,-36.827952084686643,-17.918658014445267
2,-1,Fz,P0,0.44140625,-26.833421850788017,-37.037005282823195,-17.484864618824574
2,-1,Fz,P0,0.4453125,-26.744791977159569,-37.306248414880855,-17.179084643624353
2,-1,Fz,P0,0.44921875,-26.644653275565123,-37.394777937055537,-16.68710332920773
2,-1,Fz,P0,0.453125,-26.516001677954595,-37.27998771994357,-16.284807481764467
2,-1,Fz,P0,0.45703125,-26.340338695174523,-36.979136350258898,-16.138590882767023
2,-1,Fz,P0,0.4609375,-26.088719811696723,-36.661838534302539,-15.906962508126535
2,-1,Fz,P0,0.46484375,-25.713846681524323,-36.293497328955915,-15.720204618652417
2,-1,Fz,P0,0.46875,-25.155462325939755,-35.688230136614266,-15.274166188177654
2,-1,Fz,P0,0.47265625,-24.363685260963212,-34.892120532966338,-14.516020918872945
2,-1,Fz,P0,0.4765625,-23.330394133030385,-33.70721205306323,-13.615938156550609
2,-1,Fz,P0,0.48046875,-22.108471976328254,-32.188293978773615,-12.539944980969699
2,-1,Fz,P0,0.484375,-20.801769742928563,-30.732517872247218,-11.363520904377435
2,-1,Fz,P0,0.48828125,-19.525421813712974,-29.424842798200864,-9.9944678740602644
2,-1,Fz,P0,0.4921875,-18.356459095795561,-28.242360803146056,-8.7009753280070683
2,-1,Fz,P0,0.49609375,-17.302651872585344,-27.144527513387771,-7.6270304636739805
2,-1,Fz,P0,0.5,-16.305704550851029,-25.934602485303699,-6.6527915209892887
2,-1,Fz,P0,0.50390625,-15.273296590737051,-24.7839310218822,-5.3907653539715552
2,-1,Fz,P0,0.5078125,-14.120036646219116,-23.68794410593198,-4.1087155120017869
2,-1,Fz,P0,0.51171875,-12.797629462650944,-22.515489674078072,-2.7798341271774967
2,-1,Fz,P0,0.515625,-11.30436359006662,-20.997889669108062,-1.1769893183644662
2,-1,Fz,P0,0.51953125,-9.6748449090116004,-19.453307817662278,0.58947086307439844
2,-1,Fz,P0,0.5234375,-7.9582642381804494,-17.613206096504388,2.332114362724508
2,-1,Fz,P0,0.52734375,-6.196460108393496,-15.695023904097738,3.7988051580241811
2,-1,Fz,P0,0.53125,-4.4107245392176031,-13.626314019875627,5.4540584019367149
2,-1,Fz,P0,0.53515625,-2.5991637266184116,-11.581051776572101,7.1756450374967704
2,-1,Fz,P0,0.5390625,-0.7398396744662229,-9.8517138924593119,8.9564739827070774
2,-1,Fz,P0,0.54296875,1.204431119635571,-7.9344801060675376,10.584443153160487
2,-1,Fz,P0,0.546875,3.277456608037673,-5.8290760508743134,12.521489634541613
2,-1,Fz,P0,0.55078125,5.5132437158112397,-3.4829423521221057,14.484693990135943
2,-1,Fz,P0,0.5546875,7.9152141168231234,-0.88131034021308974,16.68530709944773
2,-1,Fz,P0,0.55859375,10.442709758997237,1.826866308616621,19.050633116421452
2,-1,Fz,P0,0.5625,13.015212060428352,4.501309580381764,21.890297169349004
2,-1,Fz,P0,0.56640625,15.535325890592549,6.8510865480864345,24.266167369183428
2,-1,Fz,P0,0.5703125,17.922402235376332,9.0411365858098858,26.97736117095252
2,-1,Fz,P0,0.57421875,20.14338723287381,10.829173759074616,29.623374869752098
2,-1,Fz,P0,0.578125,22.225801123688463,12.145114084476027,32.102667891851802
2,-1,Fz,P0,0.58203125,24.24294793035595,13.606109631993254,34.311548204557901
2,-1,Fz,P0,0.5859375,26.276067415632742,15.489811053384583,36.569742573666545
2,-1,Fz,P0,0.58984375,28.373455476994266,17.541057544140958,38.867346953030413
2,-1,Fz,P0,0.59375,30.528239569321229,19.868427623200265,41.238703757819131
2,-1,Fz,P0,0.59765625,32.682557295267245,22.37065764438956,43.351687801944152
2,-1,Fz,P0,0.6015625,34.750208711835029,24.457163898969146,45.352017090659508
2,-1,Fz,P0,0.60546875,36.644875906163456,26.378674930207694,47.213969175705884
2,-1,Fz,P0,0.609375,38.304828602674917,28.203595143436598,49.121884598489537
2,-1,Fz,P0,0.61328125,39.708936247316736,29.593207646862449,50.773651814125266
2,-1,Fz,P0,0.6171875,40.88019106050313,30.564967731527517,52.15472371737971
2,-1,Fz,P0,0.62109375,41.875546087193065,31.212264440036051,53.490064374467131
2,-1,Fz,P0,0.625,42.766363533498534,31.699216249099152,54.689561794310421
2,-1,Fz,P0,0.62890625,43.618159749387068,32.369998149699121,55.605609730359461
2,-1,Fz,P0,0.6328125,44.477104357866843,33.002735444662783,56.677177897901373
2,-1,Fz,P0,0.63671875,45.365233058548299,33.57282273351727,57.807111287289466
2,-1,Fz,P0,0.640625,46.281635855795123,34.275367080310716,58.693298384305372
2,-1,Fz,P0,0.64453125,47.205173596476136,35.233674858344543,59.624811716849756
2,-1,Fz,P0,0.6484375,48.095699262873936,36.498572118008809,60.419282005486416
2,-1,Fz,P0,0.65234375,48.896264031736273,37.771267648909344,60.949713228284693
2,-1,Fz,P0,0.65625,49.544511209337834,38.874855727721901,61.559268069422487
2,-1,Fz,P0,0.66015625,49.997214490915475,39.427569566600695,62.192442324218121
2,-1,Fz,P0,0.6640625,50.256019357659959,39.565173909857542,62.341196508903096
2,-1,Fz,P0,0.66796875,50.371753665392013,40.012244170227255,62.306202774485932
2,-1,Fz,P0,0.671875,50.416430950500782,40.070824994821997,62.363548498378123
2,-1,Fz,P0,0.67578125,50.439059251317907,40.064197920559685,62.437196371150108
2,-1,Fz,P0,0.6796875,50.437746762160721,40.084842000486049,62.270992327843501
2,-1,Fz,P0,0.68359375,50.37046491185275,40.026014112810373,62.00616018244439
2,-1,Fz,P0,0.6875,50.198066736420415,39.953572901003312,61.797582168770447
2,-1,Fz,P0,0.69140625,49.927472672321734,40.010958006925648,61.474665751428859
2,-1,Fz,P0,0.6953125,49.619890490241694,39.857016484080518,60.895558287013444
2,-1,Fz,P0,0.69921875,49.35368802111082,39.779356742892375,60.343416727260397
2,-1,Fz,P0,0.703125,49.167931146945882,39.548954036296614,59.886306387569888
2,-1,Fz,P0,0.70703125,49.030811728210935,39.567441981230154,59.473553253980711
2,-1,Fz,P0,0.7109375,48.859719175344779,39.457016031432822,59.123300837957473
2,-1,Fz,P0,0.71484375,48.580902950627539,39.145447607448112,58.61658016321298
2,-1,Fz,P0,0.71875,48.188414759395279,38.640271773527878,57.995950755969176
2,-1,Fz,P0,0.72265625,47.762814417632555,37.680037300342548,57.549386795402327
2,-1,Fz,P0,0.7265625,47.435218616450193,37.06439807034657,56.929116860971696
2,-1,Fz,P0,0.73046875,47.315403472631388,36.965368968507818,56.325413521621613
2,-1,Fz,P0,0.734375,47.425745851876812,37.231306642247574,56.196392292437302
2,-1,Fz,P0,0.73828125,47.680738678709531,38.021770869160015,55.967392103056305
2,-1,Fz,P0,0.7421875,47.923143621594683,38.741802612709478,55.986850929224083
2,-1,Fz,P0,0.74609375,47.992401248047912,39.112222475370316,55.884961426195147
2,-1,Fz,P0,0.75,47.786373439043174,39.044487655653846,55.639152824532985
2,-1,Fz,P0,0.75390625,47.291659104133373,38.6910620786105,55.208593246653315
2,-1,Fz,P0,0.7578125,46.580864752589271,38.073989804183299,54.783175114020537
2,-1,Fz,P0,0.76171875,45.785841203448832,37.411963430889308,54.167523223032134
2,-1,Fz,P0,0.765625,45.055412938313786,36.793339476928963,53.261034563837534
2,-1,Fz,P0,0.76953125,44.508415694293674,36.432709264912184,52.817186096112835
2,-1,Fz,P0,0.7734375,44.198979128929203,36.311911160874381,52.782073785251711
2,-1,Fz,P0,0.77734375,44.108741373497494,36.128552819067174,52.8350783230172
2,-1,Fz,P0,0.78125,44.166132870223912,35.952324733369061,53.043254139995383
2,-1,Fz,P0,0.78515625,44.278484163956634,35.893459564015167,53.279119555532333
2,-1,Fz,P0,0.7890625,44.360843438967343,35.890707659308902,53.359755469063657
2,-1,Fz,P0,0.79296875,44.353206987656975,35.900716097768893,53.236592622750109
2,-1,Fz,P0,0.796875,44.224996916111465,35.848494549666277,53.373006562977103
2,-1,F3,P0,-0.19921875,-3.9775601823207252,-16.613661746040677,8.6334528329937203
2,-1,F3,P0,-0.1953125,-2.6874509680395136,-14.575122067764411,9.2168217932353826
2,-1,F3,P0,-0.19140625,-1.615132426698485,-12.819952888697598,9.7639293553966038
2,-1,F3,P0,-0.1875,-1.0033802226097903,-11.854835317673734,9.9264505780823686
2,-1,F3,P0,-0.18359375,-0.78816059353671208,-11.385519992507538,9.9025416314307719
2,-1,F3,P0,-0.1796875,-0.7701812520348813,-11.383877639015788,9.9223783276896267
2,-1,F3,P0,-0.17578125,-0.77298320981418123,-11.160675912688733,9.7254701788071714
2,-1,F3,P0,-0.171875,-0.72025629749575837,-10.849102718997754,9.5895293114484712
2,-1,F3,P0,-0.16796875,-0.6261069051866619,-10.430485303191825,9.3184723044749482
2,-1,F3,P0,-0.1640625,-0.53617132400622358,-10.131952614896237,9.1258792367409143
2,-1,F3,P0,-0.16015625,-0.47007313687952745,-9.9103472403751898,9.2626757270818505
2,-1,F3,P0,-0.15625,-0.39953584775019291,-9.7343724851877997,9.4554065142622807
2,-1,F3,P0,-0.15234375,-0.26655663298519061,-9.4828685557470749,9.5046982331160894
2,-1,F3,P0,-0.1484375,-0.020681896635213189,-9.1689974325629873,9.6340786883049976
2,-1,F3,P0,-0.14453125,0.3531954754583157,-8.4858934897650613,9.8033815630457344
2,-1,F3,P0,-0.140625,0.83245869708502251,-7.5718210174758687,9.9574831087065174
2,-1,F3,P0,-0.13671875,1.3747328780579433,-6.4836078151849375,10.457009151120053
2,-1,F3,P0,-0.1328125,1.9397333436023076,-5.4213632037776529,10.788749572926239
2,-1,F3,P0,-0.12890625,2.5021217990027913,-4.1678171914781768,11.144069590125861
2,-1,F3,P0,-0.125,3.0510988454188803,-2.9576875841966288,11.533787310708149
2,-1,F3,P0,-0.12109375,3.5791296411149052,-1.9833735112751816,11.972554272176374
2,-1,F3,P0,-0.1171875,4.068627625693205,-1.0610017777754193,12.160921675837557
2,-1,F3,P0,-0.11328125,4.4887722232114067,-0.38414196203272027,12.326775329003246
2,-1,F3,P0,-0.109375,4.8077862147124399,0.051563405477255631,12.452283258242774
2,-1,F3,P0,-0.10546875,5.0121365890339611,0.27460796405982141,12.473728820340677
2,-1,F3,P0,-0.1015625,5.1166971193797988,0.21456899617578029,12.565446049391012
2,-1,F3,P0,-0.09765625,5.1569674463113211,0.0076249741234294243,12.518828598466063
2,-1,F3,P0,-0.09375,5.1696483045215995,-0.3979935153531437,12.264524821449976
2,-1,F3,P0,-0.08984375,5.1778065675078615,-0.71798987545485582,12.155130518723169
2,-1,F3,P0,-0.0859375,5.1939020037098951,-0.84632140179187965,11.96142239932723
2,-1,F3,P0,-0.08203125,5.2398550333422289,-0.77734356320906595,11.98307808683872
2,-1,F3,P0,-0.078125,5.3656600337299585,-0.9098013319336774,12.069900361746409
2,-1,F3,P0,-0.07421875,5.6389185255920422,-0.84436586931775404,12.584585035840117
2,-1,F3,P0,-0.0703125,6.0895403365891543,-1.2151826182358638,13.959250421545489
2,-1,F3,P0,-0.06640625,6.6268437868441685,-1.7119926974073905,15.559320158899183
2,-1,F3,P0,-0.0625,6.9813476710430065,-2.1533937141931219,16.714463315075967
2,-1,F3,P0,-0.05859375,6.7342629429432623,-2.4877296914868521,16.213955107691632
2,-1,F3,P0,-0.0546875,5.4672412926320142,-2.6014711280446159,13.148652608942365
2,-1,F3,P0,-0.05078125,2.9936121161613864,-2.9658763536131332,8.498804824104198
2,-1,F3,P0,-0.046875,-0.45123181026751191,-8.4428978764723457,7.4303674081394329
2,-1,F3,P0,-0.04296875,-4.2096544077195279,-19.474101382089664,8.4083615767061239
2,-1,F3,P0,-0.0390625,-7.4471520514080227,-30.187939013551826,9.6254274388962049
2,-1,F3,P0,-0.03515625,-9.5232302428395439,-37.424745768477386,10.687707488759848
2,-1,F3,P0,-0.03125,-10.262450785592382,-40.878030872167194,11.611375466760183
2,-1,F3,P0,-0.02734375,-9.9703157511572744,-41.235332445180759,12.383206394824418
2,-1,F3,P0,-0.0234375,-9.2168981220788915,-39.925049381133995,12.92623783425574
2,-1,F3,P0,-0.01953125,-8.5440454257019098,-38.345152132208383,13.248278060724699
2,-1,F3,P0,-0.015625,-8.2593470824158928,-37.367049225282422,13.205607383348863
2,-1,F3,P0,-0.01171875,-8.3928300870771899,-37.212263785439973,13.106260322770785
2,-1,F3,P0,-0.0078125,-8.7883310233483343,-37.580101885839376,12.842621805666052
2,-1,F3,P0,-0.00390625,-9.2423788270992997,-38.053915233531342,12.677410512490876
2,-1,F3,P0,0,-9.6083906669360442,-38.462471316213879,12.733740100446754
2,-1,F3,P0,0.00390625,-9.8316871137944375,-38.559970952996082,12.931548560500515
2,-1,F3,P0,0.0078125,-9.9300551796294538,-38.384470335295219,13.225922614232385
2,-1,F3,P0,0.01171875,-9.9547419669076174,-38.051735345163081,13.56441282511555
2,-1,F3,P0,0.015625,-9.9575610872560585,-37.732599356203266,13.519675024819424
2,-1,F3,P0,0.01953125,-9.9716741540100688,-37.487354005540098,13.249128530055202
2,-1,F3,P0,0.0234375,-10.003560757442894,-37.339879006524967,13.109273545012817
2,-1,F3,P0,0.02734375,-10.033802899908126,-37.190983244654788,13.005148937749171
2,-1,F3,P0,0.03125,-10.026669940234967,-37.005799070995636,12.916187797609265
2,-1,F3,P0,0.03515625,-9.9460234434235826,-36.752747597281321,12.915985741264025
2,-1,F3,P0,0.0390625,-9.7699480292360992,-36.415956753997619,13.105877752971155
2,-1,F3,P0,0.04296875,-9.4970349604138402,-36.136343017555092,13.558023175845571
2,-1,F3,P0,0.046875,-9.1444085604410787,-36.048952238502416,14.346604307149128
2,-1,F3,P0,0.05078125,-8.7420927439135188,-36.056045819577776,15.228858140908766
2,-1,F3,P0,0.0546875,-8.325428344460498,-36.220585074885889,16.074229462357721
2,-1,F3,P0,0.05859375,-7.9245025951126493,-36.425727409962434,17.049278166711836
2,-1,F3,P0,0.0625,-7.5531436407034906,-36.64685986843017,17.910376725140598
2,-1,F3,P0,0.06640625,-7.2044995607587481,-36.633097153511919,18.642803968069991
2,-1,F3,P0,0.0703125,-6.8586865422334302,-36.398465227914564,19.100665669734731
2,-1,F3,P0,0.07421875,-6.5016321374270341,-36.228836427828604,19.662129302838093
2,-1,F3,P0,0.078125,-6.146246027772917,-35.921530315745947,20.331366787332463
2,-1,F3,P0,0.08203125,-5.8404276454657662,-35.609649587112074,20.55840659186617
2,-1,F3,P0,0.0859375,-5.6494692590500968,-35.289006131651995,20.641466707334281
2,-1,F3,P0,0.08984375,-5.6179092053459954,-34.988197249378246,20.715779210313887
2,-1,F3,P0,0.09375,-5.7352016228399156,-35.086334305885202,20.863930175470767
2,-1,F3,P0,0.09765625,-5.9309331978827187,-35.324086770674114,20.970920950345711
2,-1,F3,P0,0.1015625,-6.1055719622543672,-35.178750318166806,20.978235093220952
2,-1,F3,P0,0.10546875,-6.178811866179446,-34.934502740945533,21.18405495637279
2,-1,F3,P0,0.109375,-6.1275279176104718,-34.934811592454835,21.394737224018787
2,-1,F3,P0,0.11328125,-5.9933671869334937,-34.956487769643154,21.595472806287532
2,-1,F3,P0,0.1171875,-5.8581353355344685,-34.912293556538813,21.779890230080717
2,-1,F3,P0,0.12109375,-5.8015669160686016,-34.897805626194476,21.677491978624108
2,-1,F3,P0,0.125,-5.8625299272417593,-34.612537722743156,21.549013449140563
2,-1,F3,P0,0.12890625,-6.0209807658213137,-34.37005561867764,21.280558666783712
2,-1,F3,P0,0.1328125,-6.2084237458356784,-34.369986755931656,21.323511321334131
2,-1,F3,P0,0.13671875,-6.3425647232590965,-34.600338010081146,21.370709237344993
2,-1,F3,P0,0.140625,-6.3709031289653302,-34.998374432021706,21.52340383420681
2,-1,F3,P0,0.14453125,-6.3040858471652266,-35.359595620469044,21.639899674831746
2,-1,F3,P0,0.1484375,-6.2258563048986844,-35.616552113565106,21.671934670177365
2,-1,F3,P0,0.15234375,-6.2774303747210451,-35.754196276301535,21.933992747209945
2,-1,F3,P0,0.15625,-6.6235662475462771,-36.11213048973503,22.489001331857764
2,-1,F3,P0,0.16015625,-7.4156489406154495,-37.341781319343269,22.451024976687627
2,-1,F3,P0,0.1640625,-8.7706546946634134,-37.679601930785843,21.689514779192255
2,-1,F3,P0,0.16796875,-10.76638195884739,-43.236547113178787,21.48574707683284
2,-1,F3,P0,0.171875,-13.416793163894569,-48.828430696058646,20.702458009044378
2,-1,F3,P0,0.17578125,-16.598186574166899,-55.843369328343748,19.10899611592076
2,-1,F3,P0,0.1796875,-19.980024484197024,-64.128285574091123,18.264436642822346
2,-1,F3,P0,0.18359375,-23.070380507644106,-71.274880292145596,16.966286690205088
2,-1,F3,P0,0.1875,-25.401633528497168,-77.285714338538725,16.655326272673005
2,-1,F3,P0,0.19140625,-26.738156902728949,-80.775373313772178,16.492124905265392
2,-1,F3,P0,0.1953125,-27.159709902179817,-81.869253105036577,16.422149816393173
2,-1,F3,P0,0.19921875,-26.981468771398454,-81.290370964520633,16.369282818475035
2,-1,F3,P0,0.203125,-26.586042468552733,-79.967491491814314,16.260787979245663
2,-1,F3,P0,0.20703125,-26.273061808306462,-78.653140224214312,15.94909184618276
2,-1,F3,P0,0.2109375,-26.188546410556125,-77.799616265039575,15.672506448092987
2,-1,F3,P0,0.21484375,-26.334655587273968,-77.591537890496753,15.434065803124678
2,-1,F3,P0,0.21875,-26.623820912882188,-77.900420952972766,15.273986297178908
2,-1,F3,P0,0.22265625,-26.938263827502507,-78.467582819005798,15.487475853592715
2,-1,F3,P0,0.2265625,-27.170859711307365,-78.993361322866519,15.557797697460451
2,-1,F3,P0,0.23046875,-27.241154810824046,-79.457897070182426,15.82028553300243
2,-1,F3,P0,0.234375,-27.094104726926354,-79.546824038834686,16.23514159690426
2,-1,F3,P0,0.23828125,-26.693943212893185,-79.235432936573716,16.823017420804536
2,-1,F3,P0,0.2421875,-26.021914239457388,-78.472433187396135,17.645328730105348
2,-1,F3,P0,0.24609375,-25.080692315737554,-77.449500260663044,18.592897852921247
2,-1,F3,P0,0.25,-23.90062194507383,-76.275102819183658,19.392037890679603
2,-1,F3,P0,0.25390625,-22.531027503048708,-74.96938481728678,20.142855321268282
2,-1,F3,P0,0.2578125,-20.999402457092494,-73.642554772966832,21.57173065675893
2,-1,F3,P0,0.26171875,-19.258239935681821,-72.312791927592102,23.150652492750915
2,-1,F3,P0,0.265625,-17.194246065324339,-70.465401103394029,26.642893494773457
2,-1,F3,P0,0.26953125,-14.758789111358194,-68.66179518264407,30.907861755640763
2,-1,F3,P0,0.2734375,-12.144649727023673,-67.585722050640669,35.243347698137185
2,-1,F3,P0,0.27734375,-9.8138778916265981,-66.425443480114168,38.20457224058088
2,-1,F3,P0,0.28125,-8.2697279179073195,-65.333458792575769,40.024892611489534
2,-1,F3,P0,0.28515625,-7.72504562473741,-64.743947047587611,40.345028809955039
2,-1,F3,P0,0.2890625,-7.9586569558003823,-64.599064283078931,39.485884240711492
2,-1,F3,P0,0.29296875,-8.4829491150844216,-64.607148164756396,38.273200127909092
2,-1,F3,P0,0.296875,-8.8513416548168422,-64.322408435321719,37.87214264076939
2,-1,F3,P0,0.30078125,-8.8501439082400264,-63.965219974448672,37.691077263247422
2,-1,F3,P0,0.3046875,-8.5011037306997466,-63.597499035257812,37.866982196439281
2,-1,F3,P0,0.30859375,-7.9728534344091342,-63.127017395063852,38.415456454837077
2,-1,F3,P0,0.3125,-7.4787348429108187,-62.28070278386074,38.955941423487218
2,-1,F3,P0,0.31640625,-7.1694542655058617,-61.686735215365665,39.25316997942263
2,-1,F3,P0,0.3203125,-7.0606265992205062,-61.422479797291757,39.305281992036143
2,-1,F3,P0,0.32421875,-7.0546657868781111,-61.53950849429566,39.184314201293944
2,-1,F3,P0,0.328125,-7.0181160687267772,-61.520540750451929,39.029989256941995
2,-1,F3,P0,0.33203125,-6.8097109800425502,-61.291921908883367,39.016034999512634
2,-1,F3,P0,0.3359375,-6.2533191337926555,-60.925430053862215,39.742549148289065
2,-1,F3,P0,0.33984375,-5.1617194022504345,-60.333078654595056,41.893235773854002
2,-1,F3,P0,0.34375,-3.459043146924035,-59.470364552458221,46.0667163229854
2,-1,F3,P0,0.34765625,-1.3040519772843342,-57.562735279642091,50.858628650858904
2,-1,F3,P0,0.3515625,0.91910971854484824,-55.905221267885821,56.23489813814944
2,-1,F3,P0,0.35546875,2.7629999940705043,-54.871997039848061,60.35609626950697
2,-1,F3,P0,0.359375,3.9205145651925104,-54.183559062299523,62.695331847524734
2,-1,F3,P0,0.36328125,4.3365999778909172,-53.79127531685338,63.411888721931668
2,-1,F3,P0,0.3671875,4.1810982380056148,-53.71301612539694,62.928479232419242
2,-1,F3,P0,0.37109375,3.7311307830018507,-53.79013819029548,61.919161378526361
2,-1,F3,P0,0.375,3.2421606901722946,-53.961933560288195,61.006879270848088
2,-1,F3,P0,0.37890625,2.8623145770850029,-54.244173164367787,60.552477666575221
2,-1,F3,P0,0.3828125,2.6086621097465517,-54.621392221062116,60.590067293572183
2,-1,F3,P0,0.38671875,2.4003779855543135,-55.051129288812398,60.899660907927782
2,-1,F3,P0,0.390625,2.1279300942773571,-55.480381714330051,61.166162503341965
2,-1,F3,P0,0.39453125,1.7236665734591148,-55.644283144671242,61.148380679377141
2,-1,F3,P0,0.3984375,1.1977224585637991,-55.81596701271117,60.781257780544934
2,-1,F3,P0,0.40234375,0.62505519922627195,-55.942907613245431,60.172147131559697
2,-1,F3,P0,0.40625,0.10172049533973281,-55.97796177981526,59.513408689339443
2,-1,F3,P0,0.41015625,-0.29680402322443583,-55.907621930512917,58.976898587244136
2,-1,F3,P0,0.4140625,-0.53489266246575706,-55.753821732616942,58.651647939606235
2,-1,F3,P0,0.41796875,-0.61452971514308685,-55.565760313497861,58.545217951051875
2,-1,F3,P0,0.421875,-0.56237951887391047,-55.401377549651173,58.62685738186444
2,-1,F3,P0,0.42578125,-0.41488667022377118,-55.302779954907436,58.585906329669456
2,-1,F3,P0,0.4296875,-0.20591340688309206,-55.288994935110139,58.690248261043074
2,-1,F3,P0,0.43359375,0.040482440490549651,-55.333978272176317,59.035277177001078
2,-1,F3,P0,0.4375,0.31144841242542015,-55.369807092477444,59.584869383612379
2,-1,F3,P0,0.44140625,0.60345183367355193,-55.310243106951468,60.231195474307825
2,-1,F3,P0,0.4453125,0.92100623281930172,-55.082558346867913,60.826557347888958
2,-1,F3,P0,0.44921875,1.2766865305057937,-54.651902610481024,60.98930945549111
2,-1,F3,P0,0.453125,1.689440147754125,-54.028875896863148,61.074763841653315
2,-1,F3,P0,0.45703125,2.1806686728402602,-53.258125882515714,61.193668426702935
2,-1,F3,P0,0.4609375,2.7731155434851233,-52.390542171844373,61.494612179516437
2,-1,F3,P0,0.46484375,3.4956302885315855,-51.486897193403358,62.114720735175524
2,-1,F3,P0,0.46875,4.3862399993369365,-50.4660517936248,63.143564541423309
2,-1,F3,P0,0.47265625,5.480139089898949,-49.298537156587287,64.420281024328148
2,-1,F3,P0,0.4765625,6.7799994284220162,-47.854551648323607,65.683266438132407
2,-1,F3,P0,0.48046875,8.2271461751079542,-46.07360689788792,67.023309201839098
2,-1,F3,P0,0.484375,9.7028149230291589,-44.190077244595813,68.22128343444399
2,-1,F3,P0,0.48828125,11.073904068980061,-42.363863988423653,69.218701357327177
2,-1,F3,P0,0.4921875,12.265690855200829,-40.717345727213775,70.166149492989163
2,-1,F3,P0,0.49609375,13.320268795946475,-39.266590575380405,70.913174564022839
2,-1,F3,P0,0.5,14.40076688206925,-37.905440564367105,71.499332364701885
2,-1,F3,P0,0.50390625,15.72373674564019,-36.464692303277268,72.838914687413663
2,-1,F3,P0,0.5078125,17.434084377585076,-34.941321244147488,75.383959949270874
2,-1,F3,P0,0.51171875,19.470526037161545,-33.303923065037935,78.880908022886459
2,-1,F3,P0,0.515625,21.493346152120473,-31.437459954060309,81.745586292167488
2,-1,F3,P0,0.51953125,22.941728890880547,-29.693729442088564,82.867115045254337
2,-1,F3,P0,0.5234375,23.240521870023912,-27.932672632791114,80.380743660031726
2,-1,F3,P0,0.52734375,22.091190919248302,-26.825633877148601,74.3028947434575
2,-1,F3,P0,0.53125,19.698189129073253,-25.545232145191164,63.94034847077603
2,-1,F3,P0,0.53515625,16.772225904529343,-26.903155350676268,58.755284934285989
2,-1,F3,P0,0.5390625,14.267128352840844,-27.417637101000523,54.207361440467729
2,-1,F3,P0,0.54296875,12.98802701084812,-27.496943013101394,50.645418864933276
2,-1,F3,P0,0.546875,13.299326402764564,-26.559882839505331,51.475724815999854
2,-1,F3,P0,0.55078125,15.074476409138036,-24.778754116589866,53.026074285968278
2,-1,F3,P0,0.5546875,17.855798572453104,-22.20240047835399,55.620428174245617
2,-1,F3,P0,0.55859375,21.085788913290909,-19.032306439571869,58.991062618936638
2,-1,F3,P0,0.5625,24.286911241006994,-16.332236127972326,61.780335421198359
2,-1,F3,P0,0.56640625,27.147435835265,-13.571425604264068,64.232884615971912
2,-1,F3,P0,0.5703125,29.535578848090822,-11.204044226511273,66.585807253842518
2,-1,F3,P0,0.57421875,31.477637704308208,-9.2636932235465768,68.946332796325308
2,-1,F3,P0,0.578125,33.116232172897583,-7.5608769768523407,71.30100136952619
2,-1,F3,P0,0.58203125,34.649499041540899,-5.8273160986863219,73.48662585766219
2,-1,F3,P0,0.5859375,36.258119676133155,-3.9793239376648386,75.574486512512706
2,-1,F3,P0,0.58984375,38.042046406077681,-2.1384522786916307,77.715130058732782
2,-1,F3,P0,0.59375,39.99191600492977,0.011289243059947995,79.94478908981452
2,-1,F3,P0,0.59765625,42.004621739850293,2.2478606768907605,82.05653236637302
2,-1,F3,P0,0.6015625,43.930484083671949,4.4121709280061463,83.740724435673968
2,-1,F3,P0,0.60546875,45.628167114448132,6.3601557836004954,85.060826953325034
2,-1,F3,P0,0.609375,47.007533877240178,7.8531888102618339,86.21709407503063
2,-1,F3,P0,0.61328125,48.050487248584666,8.7849564795403854,87.274476496675248
2,-1,F3,P0,0.6171875,48.806904412051281,9.2062914021069613,88.277472047150809
2,-1,F3,P0,0.62109375,49.368673351593586,9.3091212118513678,89.149086920090568
2,-1,F3,P0,0.625,49.833012421184883,9.4859048819349461,89.787283438821277
2,-1,F3,P0,0.62890625,50.271858336000712,9.4117222027822578,90.300226706958412
2,-1,F3,P0,0.6328125,50.719862693814207,9.5131987521772494,90.663507210858725
2,-1,F3,P0,0.63671875,51.181311684242303,10.211202628980095,90.961030160141959
2,-1,F3,P0,0.640625,51.645457430744031,11.216248258885161,91.309052773697871
2,-1,F3,P0,0.64453125,52.097253432911813,12.452899211977538,91.620771333097153
2,-1,F3,P0,0.6484375,52.517145730618587,13.461369419013531,91.922537793161311
2,-1,F3,P0,0.65234375,52.875115549109509,14.102217902183098,92.064351902290511
2,-1,F3,P0,0.65625,53.131708863155829,14.676496586436798,91.889260106582967
2,-1,F3,P0,0.66015625,53.25351357678877,15.409134174071804,91.571967716542801
2,-1,F3,P0,0.6640625,53.234031303499307,15.950257396511976,90.760839008252773
2,-1,F3,P0,0.66796875,53.099446259519993,16.242432863048442,89.991086862482561
2,-1,F3,P0,0.671875,52.888766669484234,16.249049954814911,89.297926732194526
2,-1,F3,P0,0.67578125,52.62283328538139,15.975205636422066,88.639437676442739
2,-1,F3,P0,0.6796875,52.290287726622267,15.547155180469177,88.416684940322895
2,-1,F3,P0,0.68359375,51.865316028495265,14.995754179706044,88.194360209488494
2,-1,F3,P0,0.6875,51.344704622488436,14.367425372839676,87.751460975844466
2,-1,F3,P0,0.69140625,50.774335059414206,13.74216141158991,86.961918222736415
2,-1,F3,P0,0.6953125,50.240104235639805,13.26405156910911,86.323783246169214
2,-1,F3,P0,0.69921875,49.822483104208537,12.988311268425086,85.733662133220164
2,-1,F3,P0,0.703125,49.542918102659705,12.878595989204301,85.342923836395144
2,-1,F3,P0,0.70703125,49.341988685333661,12.802992197171655,85.124145931840673
2,-1,F3,P0,0.7109375,49.110173276531,12.717810026707861,84.946058597257164
2,-1,F3,P0,0.71484375,48.754588065855224,12.47622039459454,84.634886499515773
2,-1,F3,P0,0.71875,48.258423523009341,12.050736787045389,84.120661757569863
2,-1,F3,P0,0.72265625,47.6932884720419,11.583970872928226,83.446134257617132
2,-1,F3,P0,0.7265625,47.17507974879954,10.9909870030404,82.721758219428452
2,-1,F3,P0,0.73046875,46.791542255402121,10.658806347338079,81.983219252835354
2,-1,F3,P0,0.734375,46.548709170426122,10.804009417583709,81.469474315835086
2,-1,F3,P0,0.73828125,46.368919564488131,10.72062788165689,80.948726674941184
2,-1,F3,P0,0.7421875,46.136331357345483,10.515220338787003,80.42091142888377
2,-1,F3,P0,0.74609375,45.756344794193595,10.148539145318942,79.833209398351286
2,-1,F3,P0,0.75,45.193980348315563,9.7929624754234954,79.301989189732581
2,-1,F3,P0,0.75390625,44.478630947999854,9.1853395798315702,78.709138603850349
2,-1,F3,P0,0.7578125,43.685886698957397,8.365514755200234,78.05411620005404
2,-1,F3,P0,0.76171875,42.912512137315744,7.4391768396511493,77.308618909707917
2,-1,F3,P0,0.765625,42.251557845048794,6.3544989818630198,76.416842410629343
2,-1,F3,P0,0.76953125,41.768099646386339,5.4909042716719458,75.784558442169285
2,-1,F3,P0,0.7734375,41.47909758549789,5.0536759309110932,75.564988133838014
2,-1,F3,P0,0.77734375,41.345356403353421,5.1754202176496147,75.521152428477322
2,-1,F3,P0,0.78125,41.281777410614829,5.4136481867652044,75.494852286725489
2,-1,F3,P0,0.78515625,41.184695674565205,5.5745658850640982,75.225099970689442
2,-1,F3,P0,0.7890625,40.966976293283125,5.5275928754095203,74.894335415191691
2,-1,F3,P0,0.79296875,40.586745394829357,5.2388521167920779,74.406522530160984
2,-1,F3,P0,0.796875,40.056798750965505,4.6875355244017634,73.783383757553622
2,-1,F4,P0,-0.19921875,19.702577436750264,-5.1571459100507573,44.116921934965418
2,-1,F4,P0,-0.1953125,20.171410900718648,-4.9056306509525296,44.943559880878425
2,-1,F4,P0,-0.19140625,20.810181949553552,-4.6051968519044006,45.967909741515804
2,-1,F4,P0,-0.1875,21.477540366007009,-4.2112433184818681,46.994484170750368
2,-1,F4,P0,-0.18359375,21.855934022952582,-3.7270670282100049,47.34686177427178
2,-1,F4,P0,-0.1796875,21.561513777031152,-3.1145232448579216,46.421512865371774
2,-1,F4,P0,-0.17578125,20.314966305685189,-2.281109003907265,42.702300143438208
2,-1,F4,P0,-0.171875,18.095750743648995,-1.4881121405202429,37.249844909640828
2,-1,F4,P0,-0.16796875,15.191096560194367,-1.3178283764206216,32.430932970574567
2,-1,F4,P0,-0.1640625,12.101470101072833,-2.8265529759831929,28.803896817516698
2,-1,F4,P0,-0.16015625,9.3431729078480767,-5.7531361476765532,28.704894838594377
2,-1,F4,P0,-0.15625,7.2384173359999258,-10.422805174006346,28.411715525771015
2,-1,F4,P0,-0.15234375,5.7933525847328715,-13.156696127965329,26.576530915723339
2,-1,F4,P0,-0.1484375,4.7419247927413783,-14.43126544691124,24.263503532984654
2,-1,F4,P0,-0.14453125,3.753587904424069,-13.465938628908976,20.856691676632153
2,-1,F4,P0,-0.140625,2.6803935555380698,-11.938419211275955,16.40815223140261
2,-1,F4,P0,-0.13671875,1.6556847963985482,-10.444839979571098,12.599685403972609
2,-1,F4,P0,-0.1328125,0.9466830827834396,-9.1182965353496783,9.9697311791023555
2,-1,F4,P0,-0.12890625,0.67585944787960095,-8.2978438855654186,8.722950233885042
2,-1,F4,P0,-0.125,0.68082105425068917,-7.8601451172492016,8.3189844586812871
2,-1,F4,P0,-0.12109375,0.68325334987628605,-7.6909163406009746,8.0293095651069528
2,-1,F4,P0,-0.1171875,0.62429746023284305,-7.3497868736768996,7.8672204744378487
2,-1,F4,P0,-0.11328125,0.81951219016521892,-7.2055750801084963,7.8453047389021906
2,-1,F4,P0,-0.109375,1.7428478358777928,-6.7297338089970422,9.460109393389132
2,-1,F4,P0,-0.10546875,3.6103118784925723,-6.4200036897824537,13.104963464743063
2,-1,F4,P0,-0.1015625,6.1113339353837581,-5.9346306736209478,19.07882220908893
2,-1,F4,P0,-0.09765625,8.4774750625662829,-6.1590733318197586,25.52013184832375
2,-1,F4,P0,-0.09375,9.8064182198516896,-6.074670043075022,28.661978566470768
2,-1,F4,P0,-0.08984375,9.4369808313002963,-6.0760470399089073,27.098446182698588
2,-1,F4,P0,-0.0859375,7.2126581917078196,-5.8422578097306728,20.964093429621784
2,-1,F4,P0,-0.08203125,3.5461994895897786,-5.7828705059477912,12.855307884119972
2,-1,F4,P0,-0.078125,-0.74316347464942389,-9.4945307636471075,9.8665812549863166
2,-1,F4,P0,-0.07421875,-4.7607234014178008,-19.674966361493432,9.8152853788996151
2,-1,F4,P0,-0.0703125,-7.8692710195521638,-28.014959196836553,8.8674453809139564
2,-1,F4,P0,-0.06640625,-9.8377121020535228,-32.456300382650667,7.7551933222203431
2,-1,F4,P0,-0.0625,-10.750226376327138,-33.154520058054842,5.5586473880356664
2,-1,F4,P0,-0.05859375,-10.806369683502957,-31.655023306131483,4.4960120566097075
2,-1,F4,P0,-0.0546875,-10.212663879952265,-29.705259008367356,4.1157668195845796
2,-1,F4,P0,-0.05078125,-9.2508574159848376,-27.69416491074821,4.8046891060940116
2,-1,F4,P0,-0.046875,-8.4031951750083564,-26.809777765785732,5.5759591762115797
2,-1,F4,P0,-0.04296875,-8.3185171377606792,-27.019579904158988,5.9135393820036803
2,-1,F4,P0,-0.0390625,-9.5386681910400686,-28.452213101826747,5.0384856429309171
2,-1,F4,P0,-0.03515625,-12.157966224969023,-30.850283035509147,2.7635148794850175
2,-1,F4,P0,-0.03125,-15.696091261086149,-34.949478245880478,2.8711854693766505
2,-1,F4,P0,-0.02734375,-19.3089306845885,-41.247221924977246,3.3641935433254675
2,-1,F4,P0,-0.0234375,-22.196952115167726,-49.749082115239339,3.6424346966324133
2,-1,F4,P0,-0.01953125,-23.9414458870461,-54.925326318792635,3.5477386564744751
2,-1,F4,P0,-0.015625,-24.591177936104554,-56.407614566161911,3.1493320879434794
2,-1,F4,P0,-0.01171875,-24.513397722338468,-55.40713818380457,2.5730253214417096
2,-1,F4,P0,-0.0078125,-24.149046222008757,-53.463220392651174,2.0001887180261106
2,-1,F4,P0,-0.00390625,-23.817252160697173,-51.778083778243072,1.6827901748144292
2,-1,F4,P0,0,-23.643046262242869,-51.039596681744747,1.4104261094429009
2,-1,F4,P0,0.00390625,-23.599067513853782,-50.906228009695347,1.5162253477575787
2,-1,F4,P0,0.0078125,-23.600995315849097,-51.092167087845276,1.5925919254264413
2,-1,F4,P0,0.01171875,-23.591556492590854,-51.302769093991415,1.8705931663871234
2,-1,F4,P0,0.015625,-23.574893256287933,-51.380115636967915,1.9006599025789268
2,-1,F4,P0,0.01953125,-23.597455821880349,-51.322350429831047,1.644435201132076
2,-1,F4,P0,0.0234375,-23.698372754107929,-51.213967416162781,1.3886203607322591
2,-1,F4,P0,0.02734375,-23.865162531350716,-51.132841864816946,1.0550397952528963
2,-1,F4,P0,0.03125,-24.024056407970317,-51.090959343943027,0.68578298216793199
2,-1,F4,P0,0.03515625,-24.069527438947439,-51.029785785480378,0.66327552940779422
2,-1,F4,P0,0.0390625,-23.911787508915676,-50.854823137811699,0.85640541413351634
2,-1,F4,P0,0.04296875,-23.514102936592547,-50.481584032674583,1.2537904760092997
2,-1,F4,P0,0.046875,-22.905410991657472,-49.820843475312245,1.7889545241462341
2,-1,F4,P0,0.05078125,-22.170185531286542,-48.828653091096463,2.4345315207870861
2,-1,F4,P0,0.0546875,-21.422664837137361,-47.80980383441694,3.0067498075416719
2,-1,F4,P0,0.05859375,-20.77159951750809,-46.929204098325343,3.6426914139624094
2,-1,F4,P0,0.0625,-20.285369020508671,-46.320930491051591,4.163971723949988
2,-1,F4,P0,0.06640625,-19.97226205017818,-46.01767905330572,4.6852989175392281
2,-1,F4,P0,0.0703125,-19.786365071335581,-45.890019460032036,5.0071736736963759
2,-1,F4,P0,0.07421875,-19.656443366578369,-45.800627652834429,5.3069492527840376
2,-1,F4,P0,0.078125,-19.523294117814341,-45.709224272151822,5.5206910580926758
2,-1,F4,P0,0.08203125,-19.366999132482377,-45.561831178232538,5.6513202423518321
2,-1,F4,P0,0.0859375,-19.210835629470804,-45.362350953061139,5.696028721649486
2,-1,F4,P0,0.08984375,-19.101718901104459,-45.243108132726917,5.7210186098908462
2,-1,F4,P0,0.09375,-19.080984365689485,-45.296585107933396,5.7912288688206717
2,-1,F4,P0,0.09765625,-19.163374189156233,-45.418494480329841,5.7186940511623421
2,-1,F4,P0,0.1015625,-19.332538669259165,-45.568771936716338,5.5160144280748717
2,-1,F4,P0,0.10546875,-19.548482632432055,-45.709862255397553,5.2450574939720624
2,-1,F4,P0,0.109375,-19.759166778282246,-45.819915366833087,4.9810118047152194
2,-1,F4,P0,0.11328125,-19.913827227241786,-45.774766444589829,4.7932460305128712
2,-1,F4,P0,0.1171875,-19.978236431016779,-45.507095386086547,4.7241689845290535
2,-1,F4,P0,0.12109375,-19.948122283207368,-45.171032775129298,4.573875568915712
2,-1,F4,P0,0.125,-19.853010457277662,-44.800621863639414,4.517052334581285
2,-1,F4,P0,0.12890625,-19.745278481024371,-44.417225211776788,4.5366760993286261
2,-1,F4,P0,0.1328125,-19.677374083395542,-44.173758263021632,4.59176879420398
2,-1,F4,P0,0.13671875,-19.677630130046929,-44.312817951590631,4.6535352685163032
2,-1,F4,P0,0.140625,-19.736223184645063,-44.540234321627075,4.7220339429622138
2,-1,F4,P0,0.14453125,-19.807938652313336,-44.790047182492806,4.8232551551737952
2,-1,F4,P0,0.1484375,-19.831618378773889,-45.045960409907835,4.9890875302514708
2,-1,F4,P0,0.15234375,-19.759237609962508,-45.077888837698055,5.1895541205811391
2,-1,F4,P0,0.15625,-19.581340265697683,-44.974684526145289,5.3333935967408319
2,-1,F4,P0,0.16015625,-19.334638355324472,-44.783700818824251,5.5874315965472645
2,-1,F4,P0,0.1640625,-19.086476903650372,-44.312289348364679,5.6851250862937057
2,-1,F4,P0,0.16796875,-18.90567303022204,-43.819585244889915,5.6224986807436679
2,-1,F4,P0,0.171875,-18.837796155815038,-43.479380928812745,5.4485253062482464
2,-1,F4,P0,0.17578125,-18.896883998284103,-43.306048064199096,5.1815753460614493
2,-1,F4,P0,0.1796875,-19.071068420578442,-43.314918383891921,4.8934978910197939
2,-1,F4,P0,0.18359375,-19.331088900801817,-43.486562434139479,4.6083251267998735
2,-1,F4,P0,0.1875,-19.634535185378265,-43.765583152828484,4.3874581346613581
2,-1,F4,P0,0.19140625,-19.928415877408352,-44.078978121763896,4.2188567480936445
2,-1,F4,P0,0.1953125,-20.15772589899867,-44.339391864538534,3.9576299371507875
2,-1,F4,P0,0.19921875,-20.282563505155743,-44.454540266595394,3.7687374272267662
2,-1,F4,P0,0.203125,-20.296085432041842,-44.357962227124268,3.6396573129774445
2,-1,F4,P0,0.20703125,-20.231953682554341,-44.059321617451658,3.5185293757446301
2,-1,F4,P0,0.2109375,-20.156622775347216,-43.651085764819335,3.5141495179184337
2,-1,F4,P0,0.21484375,-20.149507014319738,-43.418463619903427,3.346610037577888
2,-1,F4,P0,0.21875,-20.275137017399825,-43.222478123823656,3.1756300770853736
2,-1,F4,P0,0.22265625,-20.550680455455669,-43.158876838950626,2.8983539543589738
2,-1,F4,P0,0.2265625,-20.917411860981115,-43.4944302672939,2.4919358954461086
2,-1,F4,P0,0.23046875,-21.233258400503761,-43.576775814906519,2.0211960426745383
2,-1,F4,P0,0.234375,-21.304333132092179,-43.645827818513112,1.9362468976506864
2,-1,F4,P0,0.23828125,-20.960098783274322,-43.480485029596025,2.3772299697098513
2,-1,F4,P0,0.2421875,-20.154873247987695,-43.094911493409398,3.1049367389523357
2,-1,F4,P0,0.24609375,-19.057484494859068,-42.519514028309764,4.3333998533671396
2,-1,F4,P0,0.25,-18.077660722901093,-41.894129539699144,5.5868094005989777
2,-1,F4,P0,0.25390625,-17.782098890167209,-41.672294507401041,5.9070854589168009
2,-1,F4,P0,0.2578125,-18.691378202278901,-42.21870743511019,5.8717969681496065
2,-1,F4,P0,0.26171875,-21.02255135729396,-45.768143716424142,4.9241260330351047
2,-1,F4,P0,0.265625,-24.512709296568012,-50.234694677302599,4.3156509044216103
2,-1,F4,P0,0.26953125,-28.457011538547125,-60.043141253576245,3.9341005408775525
2,-1,F4,P0,0.2734375,-31.981177799158811,-69.810784557445828,4.1353768834534277
2,-1,F4,P0,0.27734375,-34.405683475203261,-77.740933119966897,3.7033772530799629
2,-1,F4,P0,0.28125,-35.489046225250959,-81.798664533574765,3.7882564915885268
2,-1,F4,P0,0.28515625,-35.432034520466281,-82.093444322627377,3.6012324436511922
2,-1,F4,P0,0.2890625,-34.691104268866539,-80.351301317826454,3.6637560025794036
2,-1,F4,P0,0.29296875,-33.74361194774778,-78.018104936928765,3.9176801824895717
2,-1,F4,P0,0.296875,-32.926032223008818,-76.21437849690723,4.3875780291433752
2,-1,F4,P0,0.30078125,-32.387102509162332,-75.503379507173634,5.0249771406598951
2,-1,F4,P0,0.3046875,-32.128643440529032,-75.710858586750277,5.7130232323107144
2,-1,F4,P0,0.30859375,-32.078773389769317,-76.374017498679365,6.3440147721469682
2,-1,F4,P0,0.3125,-32.152639583927595,-76.976470631471173,6.3293482250450275
2,-1,F4,P0,0.31640625,-32.282593600701276,-77.378749345390091,6.1193162871546862
2,-1,F4,P0,0.3203125,-32.420101600077359,-77.521424911509769,5.8631020550355606
2,-1,F4,P0,0.32421875,-32.519535694543926,-77.349735519436905,5.6363868400472299
2,-1,F4,P0,0.328125,-32.518263171096812,-77.00892645835799,5.4713112783515996
2,-1,F4,P0,0.33203125,-32.333553404264578,-76.517406145596595,5.305290845400962
2,-1,F4,P0,0.3359375,-31.89644158382643,-76.100681052421606,5.20668364408463
2,-1,F4,P0,0.33984375,-31.224444118079667,-75.89402834453756,5.1035671328506584
2,-1,F4,P0,0.34375,-30.502514513376507,-75.347321058941034,5.0029248036197433
2,-1,F4,P0,0.34765625,-30.115691236386031,-75.534837055354615,4.9581889318214163
2,-1,F4,P0,0.3515625,-30.579284056666157,-75.869229853698215,4.3484756411990286
2,-1,F4,P0,0.35546875,-32.352483494346181,-76.863682115466091,3.3809744470234664
2,-1,F4,P0,0.359375,-35.59302776759003,-77.751367768267826,2.8638111268021289
2,-1,F4,P0,0.36328125,-39.983037513569748,-81.747062147408101,1.7132422189476573
2,-1,F4,P0,0.3671875,-44.764827483875912,-89.841790300483893,0.98511294762270085
2,-1,F4,P0,0.37109375,-49.018752213973571,-94.653044007314534,0.5877290947838929
2,-1,F4,P0,0.375,-52.045319635759924,-100.53129942714318,0.17347348687250116
2,-1,F4,P0,0.37890625,-53.629686143760111,-103.82911787774351,-0.24904998838795284
2,-1,F4,P0,0.3828125,-54.051748481395407,-104.41724586273943,-0.70620410192232475
2,-1,F4,P0,0.38671875,-53.875109275171468,-103.61109408358466,-1.2179443409444983
2,-1,F4,P0,0.390625,-53.661208195271456,-101.80983101291787,-1.6922158808782362
2,-1,F4,P0,0.39453125,-53.756626189705543,-100.8506459750871,-2.3628627973088676
2,-1,F4,P0,0.3984375,-54.228186814377167,-101.14074500386451,-3.1377900947868005
2,-1,F4,P0,0.40234375,-54.931654119972826,-101.77102835630404,-3.7833887911821433
2,-1,F4,P0,0.40625,-55.642868207153377,-102.50968231592117,-4.2945457351316891
2,-1,F4,P0,0.41015625,-56.175249471851025,-103.34988872344982,-4.7740259394217262
2,-1,F4,P0,0.4140625,-56.441037714191737,-103.84801906835399,-5.1680295095345921
2,-1,F4,P0,0.41796875,-56.453652772966763,-103.91071554695004,-5.331955754710723
2,-1,F4,P0,0.421875,-56.29223666443945,-103.64780733676766,-5.2770936354231583
2,-1,F4,P0,0.42578125,-56.053825232750143,-103.19394888479489,-5.0984686460709119
2,-1,F4,P0,0.4296875,-55.812673730710237,-102.67696485224572,-5.1240540348183226
2,-1,F4,P0,0.43359375,-55.598416558867989,-102.45767044830238,-5.3413136321306363
2,-1,F4,P0,0.4375,-55.397224818295534,-102.38562481429625,-5.6200891730412437
2,-1,F4,P0,0.44140625,-55.171974712202179,-102.22572927561879,-5.7572064880475411
2,-1,F4,P0,0.4453125,-54.889692719582882,-101.91166574155037,-5.868889463510838
2,-1,F4,P0,0.44921875,-54.540907513988287,-101.4287442231019,-5.8208569817652904
2,-1,F4,P0,0.453125,-54.139234733385372,-100.80836508081217,-5.6105843168715221
2,-1,F4,P0,0.45703125,-53.700597131002716,-100.09474948029437,-5.3240457936246735
2,-1,F4,P0,0.4609375,-53.215170788536469,-99.303706667799517,-5.2546415257761137
2,-1,F4,P0,0.46484375,-52.632510749931626,-98.398478607198285,-4.9789588124823272
2,-1,F4,P0,0.46875,-51.874379648934372,-97.301695525996024,-4.3683991975387242
2,-1,F4,P0,0.47265625,-50.872717474393845,-95.943106152238514,-3.5506288796630288
2,-1,F4,P0,0.4765625,-49.612533319013728,-94.316660414296464,-2.542847548319664
2,-1,F4,P0,0.48046875,-48.152812366955573,-92.506783287808531,-1.4576281495940022
2,-1,F4,P0,0.484375,-46.608615476925536,-90.671810874767544,-0.3899940300855263
2,-1,F4,P0,0.48828125,-45.10044439429695,-88.96959714338233,0.69708364963219693
2,-1,F4,P0,0.4921875,-43.698034760359356,-87.414869902310599,2.0872979475908946
2,-1,F4,P0,0.49609375,-42.388983602727279,-85.954359605697633,3.461431756948758
2,-1,F4,P0,0.5,-41.086450945035303,-84.259427169370838,4.7223441453794548
2,-1,F4,P0,0.50390625,-39.668681080583596,-82.380105792433014,5.7544286677348451
2,-1,F4,P0,0.5078125,-38.02970584482506,-80.49823587474441,6.9504421467297366
2,-1,F4,P0,0.51171875,-36.11865721514436,-78.481074222591872,8.3949971188189583
2,-1,F4,P0,0.515625,-33.952385851364888,-76.228916220306857,10.140750325584706
2,-1,F4,P0,0.51953125,-31.598938431313449,-73.829105195652531,12.183572737024789
2,-1,F4,P0,0.5234375,-29.142895296087801,-71.349000281833852,14.387563343700808
2,-1,F4,P0,0.52734375,-26.651392827064026,-68.786476044295839,16.580602183554198
2,-1,F4,P0,0.53125,-24.156688319768858,-65.785699605367128,19.099972240035978
2,-1,F4,P0,0.53515625,-21.658326111261044,-62.798245355859969,21.575689371384961
2,-1,F4,P0,0.5390625,-19.135085141675201,-59.945127014172265,23.970373065169234
2,-1,F4,P0,0.54296875,-16.555369662216116,-57.525399732155606,26.345125364305439
2,-1,F4,P0,0.546875,-13.884499579457666,-55.054581257851332,28.706678186527757
2,-1,F4,P0,0.55078125,-11.094781560204341,-52.51722391392078,31.075757363136528
2,-1,F4,P0,0.5546875,-8.1793314049777006,-49.903643130697667,33.485563153072313
2,-1,F4,P0,0.55859375,-5.1613992127829356,-46.543906789997763,36.219139810848645
2,-1,F4,P0,0.5625,-2.0909260037762447,-43.031811471854461,39.144875124351437
2,-1,F4,P0,0.56640625,0.97141344029005661,-39.593588878589621,41.947489540142527
2,-1,F4,P0,0.5703125,3.9756145697632825,-36.633686938466184,44.74642637714188
2,-1,F4,P0,0.57421875,6.9003645455358891,-33.841209917920054,47.41663710528583
2,-1,F4,P0,0.578125,9.7590149719130235,-30.770782827091722,49.916153192464201
2,-1,F4,P0,0.58203125,12.588055725451504,-27.222171288460171,52.249324776278371
2,-1,F4,P0,0.5859375,15.42188514957396,-24.263515899232807,54.588267084168827
2,-1,F4,P0,0.58984375,18.267757633214693,-21.371522844596402,56.872124577845604
2,-1,F4,P0,0.59375,21.095705711411981,-18.872713221221066,59.500014539129531
2,-1,F4,P0,0.59765625,23.848235153940326,-16.247095228682795,62.160966973588117
2,-1,F4,P0,0.6015625,26.46256028200181,-13.616402247655767,64.671870314516909
2,-1,F4,P0,0.60546875,28.892923308236885,-11.306802475041652,66.995424002453291
2,-1,F4,P0,0.609375,31.123172766834507,-9.0082707113633749,69.187031218995187
2,-1,F4,P0,0.61328125,33.166157162260674,-6.8069225952576584,71.223141694039995
2,-1,F4,P0,0.6171875,35.052711092087812,-4.6729264240994608,73.24131574026886
2,-1,F4,P0,0.62109375,36.817098588105601,-2.3725300800386795,75.17870940394711
2,-1,F4,P0,0.625,38.486803890908469,-0.33402735833956426,76.909923061483511
2,-1,F4,P0,0.62890625,40.081217068710068,1.6404550317691204,78.837938563242389
2,-1,F4,P0,0.6328125,41.616457138344821,3.4888884999640655,80.706051949673295
2,-1,F4,P0,0.63671875,43.108318004676008,5.2212425273175658,82.355443641646488
2,-1,F4,P0,0.640625,44.568074078325516,6.881430055429572,83.828395385790841
2,-1,F4,P0,0.64453125,45.992920358284906,8.6553588270515682,85.067616122347118
2,-1,F4,P0,0.6484375,47.356701939899587,10.611022767419167,86.040516305053359
2,-1,F4,P0,0.65234375,48.607856174224963,12.240461842657657,86.717627095688968
2,-1,F4,P0,0.65625,49.682185847176882,13.541160540717057,87.125225991145527
2,-1,F4,P0,0.66015625,50.531611367869765,14.857515103975784,87.523840974397032
2,-1,F4,P0,0.6640625,51.153929843316213,15.900993742666943,87.912124658544769
2,-1,F4,P0,0.66796875,51.599093419827376,16.400633008973376,88.480943294832443
2,-1,F4,P0,0.671875,51.941647947816293,16.63484399041301,88.858736177349655
2,-1,F4,P0,0.67578125,52.237203032732786,17.075457462979792,89.03774521988646
2,-1,F4,P0,0.6796875,52.495598587966619,17.562188196000374,89.060502358758924
2,-1,F4,P0,0.68359375,52.690790156693978,17.944079749411841,88.882748088098836
2,-1,F4,P0,0.6875,52.798406948745566,18.383772482976358,88.73712855645654
2,-1,F4,P0,0.69140625,52.829736176043518,18.786865225140332,88.729958979096139
2,-1,F4,P0,0.6953125,52.833318383162073,18.921924445382814,88.392527580153995
2,-1,F4,P0,0.69921875,52.861442782617289,19.069006147203741,87.999037146628524
2,-1,F4,P0,0.703125,52.928101852274928,19.313861433998607,87.654006543327185
2,-1,F4,P0,0.70703125,52.993078164146532,19.610592301896016,87.47117155539199
2,-1,F4,P0,0.7109375,52.986977895028758,19.858419295646879,87.356241562398282
2,-1,F4,P0,0.71484375,52.861373385835456,19.782449396830419,86.964356629879234
2,-1,F4,P0,0.71875,52.631006999941796,19.545383351922116,86.773919811760265
2,-1,F4,P0,0.72265625,52.380824399399742,19.481681483143831,86.33869529712284
2,-1,F4,P0,0.7265625,52.231507563668956,19.570489761050581,85.617179672864822
2,-1,F4,P0,0.73046875,52.280072377675559,19.874205014948032,85.030392392523808
2,-1,F4,P0,0.734375,52.546864836881468,20.329181718708156,84.61777309095703
2,-1,F4,P0,0.73828125,52.959013279877375,20.975581514909869,84.489107820809039
2,-1,F4,P0,0.7421875,53.380020058121644,21.697470698661618,84.759129308245207
2,-1,F4,P0,0.74609375,53.666966855377467,22.120551331739907,84.796862809550291
2,-1,F4,P0,0.75,53.723237994030036,22.510577003232981,84.654873915334406
2,-1,F4,P0,0.75390625,53.525509292429895,22.35962445469692,84.341066682573825
2,-1,F4,P0,0.7578125,53.123131973477406,22.013065479069713,84.017804242839418
2,-1,F4,P0,0.76171875,52.616736800079053,21.583415340630726,83.268711800545745
2,-1,F4,P0,0.765625,52.122848006669635,21.269901680660336,82.465675875878915
2,-1,F4,P0,0.76953125,51.734818385156615,21.058693960834603,81.815730998887318
2,-1,F4,P0,0.7734375,51.496258682850012,21.03387548886381,81.427247428584764
2,-1,F4,P0,0.77734375,51.399137224750582,21.253809460589572,81.318015012048306
2,-1,F4,P0,0.78125,51.403043378182787,21.665655487105287,81.404201481766648
2,-1,F4,P0,0.78515625,51.459368998121796,22.021673979286142,81.525359507560523
2,-1,F4,P0,0.7890625,51.526869258613381,22.325521592545538,81.500836623457147
2,-1,F4,P0,0.79296875,51.576700453242204,22.14838241083886,81.198615317106416
2,-1,F4,P0,0.796875,51.590968099383211,22.264692059069905,80.557257310918629
2,1,Fz,P0,-0.19921875,2.0452530021289714,-0.28744750454353435,4.304057260447598
2,1,Fz,P0,-0.1953125,2.013280862309887,-0.15166269646499614,4.1256173864324097
2,1,Fz,P0,-0.19140625,1.9632043282104013,-0.14714328922728226,3.8395873493315986
2,1,Fz,P0,-0.1875,1.918930185482461,-0.10075644023491635,3.7252828289168995
2,1,Fz,P0,-0.18359375,1.8856621983797635,0.0039359023412600678,3.612107883268473
2,1,Fz,P0,-0.1796875,1.8409619691798174,0.16586689487782386,3.4829915500070565
2,1,Fz,P0,-0.17578125,1.7532243461913215,0.25342575748466983,3.3190305138709957
2,1,Fz,P0,-0.171875,1.6148930453388621,0.17390300114904708,3.1927984964256253
2,1,Fz,P0,-0.16796875,1.4616351577064655,0.031729933846849266,3.0336973177457827
2,1,Fz,P0,-0.1640625,1.3595973006774615,-0.10000556659880988,2.9512321698500585
2,1,Fz,P0,-0.16015625,1.3679959773020429,0.035255602347643883,2.9069258577565464
2,1,Fz,P0,-0.15625,1.5015088100269312,0.18198254006855985,2.957619165473333
2,1,Fz,P0,-0.15234375,1.7161818267276405,0.38945841491128391,3.1375317083068377
2,1,Fz,P0,-0.1484375,1.9275676753558637,0.57786186306101228,3.3161318358118788
2,1,Fz,P0,-0.14453125,2.0505716467540878,0.67351473227287817,3.3503925517772832
2,1,Fz,P0,-0.140625,2.0383542607091258,0.78227632599300223,3.1998696158669104
2,1,Fz,P0,-0.13671875,1.9000379627366026,0.70625791016155071,2.9438214707490213
2,1,Fz,P0,-0.1328125,1.6909604208786149,0.72542345233308669,2.612632350363985
2,1,Fz,P0,-0.12890625,1.4836135141590072,0.59302565551865172,2.3576928373381705
2,1,Fz,P0,-0.125,1.3341302483395563,0.36349071447649917,2.2704227701554136
2,1,Fz,P0,-0.12109375,1.2587196171228323,0.10236500370943397,2.4470635997222399
2,1,Fz,P0,-0.1171875,1.2298010083454836,-0.12679995959125895,2.6360206516010032
2,1,Fz,P0,-0.11328125,1.1930200066242078,-0.29348614076816792,2.7879339880065865
2,1,Fz,P0,-0.109375,1.0950360013081093,-0.48262167573628967,2.9031677849938444
2,1,Fz,P0,-0.10546875,0.90552942240769563,-0.71000131716158377,2.8142291502285657
2,1,Fz,P0,-0.1015625,0.62321027562930842,-1.0675086275919716,2.6657858400395402
2,1,Fz,P0,-0.09765625,0.26935063440169088,-1.475564667813495,2.4373821884093561
2,1,Fz,P0,-0.09375,-0.12184137362300175,-1.915291122645318,2.0568847643679393
2,1,Fz,P0,-0.08984375,-0.51284619520309249,-2.319631673397033,1.621679341474443
2,1,Fz,P0,-0.0859375,-0.87487277873862668,-2.7695491620438268,1.2472008007418023
2,1,Fz,P0,-0.08203125,-1.2006826711909353,-2.9732498970143046,0.80729275805336131
2,1,Fz,P0,-0.078125,-1.5097568226319424,-3.0824255959124551,0.50227667807801302
2,1,Fz,P0,-0.07421875,-1.8384505550870107,-3.4406914250445615,0.078098760175954518
2,1,Fz,P0,-0.0703125,-2.2168307985386067,-3.8842493388443917,-0.43825944081434409
2,1,Fz,P0,-0.06640625,-2.643418292428477,-4.3612896396223615,-0.809455608184943
2,1,Fz,P0,-0.0625,-3.073137879187311,-4.8613664231456974,-1.2533944341489698
2,1,Fz,P0,-0.05859375,-3.4286268056029945,-5.3397894081780528,-1.5699057923445339
2,1,Fz,P0,-0.0546875,-3.6303239468546895,-5.6667642484638376,-1.6405744538138547
2,1,Fz,P0,-0.05078125,-3.6265395032063554,-5.5939301816769751,-1.7002619843567661
2,1,Fz,P0,-0.046875,-3.4059466950324566,-5.3070932156191875,-1.5100706689679666
2,1,Fz,P0,-0.04296875,-2.9917976921716822,-4.645669192600419,-1.3075797684386041
2,1,Fz,P0,-0.0390625,-2.4311405283400744,-3.945602299944305,-0.89676222408622663
2,1,Fz,P0,-0.03515625,-1.7893102895606707,-3.5057786494711163,-0.13343515393693828
2,1,Fz,P0,-0.03125,-1.147913008433463,-3.3265341398217982,0.89526828549269855
2,1,Fz,P0,-0.02734375,-0.59944338040312228,-3.1859649241946482,1.7912928125023462
2,1,Fz,P0,-0.0234375,-0.23514593654048788,-3.1267995372026109,2.5045548576811107
2,1,Fz,P0,-0.01953125,-0.1257008482483466,-3.1100109605896198,2.773875325172158
2,1,Fz,P0,-0.015625,-0.29643169437731137,-3.3711877052712653,2.6854343369298821
2,1,Fz,P0,-0.01171875,-0.70645499452610316,-3.6401257818989818,2.2005485061090049
2,1,Fz,P0,-0.0078125,-1.2493027570764608,-4.1826239494371817,1.5071523087072374
2,1,Fz,P0,-0.00390625,-1.7863162574310116,-4.6134697277045529,0.7240624985481936
2,1,Fz,P0,0,-2.2024849030840921,-5.076974982311067,0.35188868189398059
2,1,Fz,P0,0.00390625,-2.4561666733126342,-5.2624623084669349,0.021495511595385451
2,1,Fz,P0,0.0078125,-2.595955195198794,-5.6463160945258402,-0.027659824694253293
2,1,Fz,P0,0.01171875,-2.736288456527602,-5.7905743179866347,0.013079792882925101
2,1,Fz,P0,0.015625,-3.0032630487577974,-6.0682740029105489,-0.20957161745028963
2,1,Fz,P0,0.01953125,-3.4750231540955143,-6.4480918344089266,-0.98340909572769486
2,1,Fz,P0,0.0234375,-4.14522376089218,-7.0301510218355707,-1.919914929104759
2,1,Fz,P0,0.02734375,-4.92926998976432,-7.7010474613357891,-2.787325281522222
2,1,Fz,P0,0.03125,-5.7099886751046558,-8.4853793554241346,-3.4555344340830554
2,1,Fz,P0,0.03515625,-6.3949975215525869,-9.1860274199157796,-3.9364569205249533
2,1,Fz,P0,0.0390625,-6.9522213406235833,-9.8289206544281296,-4.3386568637904643
2,1,Fz,P0,0.04296875,-7.4080609225306944,-10.198553383223379,-4.7878287404344837
2,1,Fz,P0,0.046875,-7.8180182334749126,-10.603745857841835,-5.2658857474204401
2,1,Fz,P0,0.05078125,-8.231887580378821,-11.065511161542862,-5.652488764572718
2,1,Fz,P0,0.0546875,-8.6714966079880504,-11.373326337348608,-6.0198772678340271
2,1,Fz,P0,0.05859375,-9.1283471545250432,-11.714318291369908,-6.5187373287905457
2,1,Fz,P0,0.0625,-9.5782754269572372,-12.071742042272245,-7.1004642219827598
2,1,Fz,P0,0.06640625,-10.001954796338664,-12.554404715659762,-7.6403822070898091
2,1,Fz,P0,0.0703125,-10.397521522199764,-12.992973081208191,-8.0738619602011976
2,1,Fz,P0,0.07421875,-10.77833147353496,-13.402620129800336,-8.4135465242801111
2,1,Fz,P0,0.078125,-11.160166105318147,-13.844447046677997,-8.7113831772450148
2,1,Fz,P0,0.08203125,-11.548735464399639,-14.289738565294845,-9.0650703550791008
2,1,Fz,P0,0.0859375,-11.936345561073528,-14.942261831271033,-9.4807918619399043
2,1,Fz,P0,0.08984375,-12.309440093618157,-15.301256362331234,-9.82529374972097
2,1,Fz,P0,0.09375,-12.660649691890701,-15.656882659837798,-10.145479280900368
2,1,Fz,P0,0.09765625,-12.994086020612958,-16.173335041635823,-10.344989180999336
2,1,Fz,P0,0.1015625,-13.316652258755333,-16.558738411682544,-10.546163646695815
2,1,Fz,P0,0.10546875,-13.621589351549266,-16.811281650381169,-10.82659693598138
2,1,Fz,P0,0.109375,-13.881210737941389,-17.036854831237552,-10.993608616984591
2,1,Fz,P0,0.11328125,-14.060138322858769,-17.181958365079161,-11.200020593393821
2,1,Fz,P0,0.1171875,-14.142231379224942,-17.452599308718263,-11.139783418082583
2,1,Fz,P0,0.12109375,-14.152182981320989,-17.632242087672001,-11.147055226790654
2,1,Fz,P0,0.125,-14.156710552795236,-17.84234805529961,-10.837809675039992
2,1,Fz,P0,0.12890625,-14.243406729963938,-18.131889693087832,-10.530326876642173
2,1,Fz,P0,0.1328125,-14.486431782079105,-18.525106933929031,-10.419344022815618
2,1,Fz,P0,0.13671875,-14.913790035215607,-19.141158718807603,-10.568490960510145
2,1,Fz,P0,0.140625,-15.49184090835883,-19.846510772768404,-10.886236003257219
2,1,Fz,P0,0.14453125,-16.136664830104227,-20.495836500399971,-11.407967325335903
2,1,Fz,P0,0.1484375,-16.747321834628497,-21.206330654068189,-11.821078778526262
2,1,Fz,P0,0.15234375,-17.242019014750905,-21.795921589493211,-12.345613877285121
2,1,Fz,P0,0.15625,-17.57873243693421,-22.192796763411895,-12.597927376093162
2,1,Fz,P0,0.16015625,-17.756544996554595,-22.485048611779867,-12.6723464308419
2,1,Fz,P0,0.1640625,-17.80650061880948,-22.607434107816097,-12.731679688595772
2,1,Fz,P0,0.16796875,-17.780324696917845,-22.782217257367932,-12.709757770983275
2,1,Fz,P0,0.171875,-17.738937253161311,-22.709789812584081,-12.982422396991499
2,1,Fz,P0,0.17578125,-17.741125869760719,-22.485737404256376,-13.207407414644374
2,1,Fz,P0,0.1796875,-17.834764915807455,-22.362091490705946,-13.54811889581293
2,1,Fz,P0,0.18359375,-18.05161100377849,-22.151616407213552,-13.708284921432108
2,1,Fz,P0,0.1875,-18.403715421326353,-22.543160341584006,-14.145862558872127
2,1,Fz,P0,0.19140625,-18.881048095727859,-22.980487679418456,-14.692422234668323
2,1,Fz,P0,0.1953125,-19.453035395857924,-23.475469821944337,-15.412253022174879
2,1,Fz,P0,0.19921875,-20.074361392034351,-23.956753650118312,-16.079842907780197
2,1,Fz,P0,0.203125,-20.691489206633168,-24.751305756583843,-16.707378810295094
2,1,Fz,P0,0.20703125,-21.249173323060965,-25.433572467317443,-17.100599616704056
2,1,Fz,P0,0.2109375,-21.70081534161141,-26.135595232641332,-17.393773049216591
2,1,Fz,P0,0.21484375,-22.022108143976521,-26.759194713704204,-17.557503038907431
2,1,Fz,P0,0.21875,-22.218311395626483,-27.193685865534906,-17.619273371629866
2,1,Fz,P0,0.22265625,-22.316116637709637,-27.398793119677972,-17.732919764369655
2,1,Fz,P0,0.2265625,-22.343119844227424,-27.354744207753139,-17.809440349739511
2,1,Fz,P0,0.23046875,-22.308467468773969,-27.188738305513187,-17.902171620713649
2,1,Fz,P0,0.234375,-22.198074957186755,-26.839156607706258,-17.96928861838526
2,1,Fz,P0,0.23828125,-21.989347545409551,-26.353834429688568,-17.915301022775239
2,1,Fz,P0,0.2421875,-21.679258710628289,-25.813848393280214,-17.741309179186299
2,1,Fz,P0,0.24609375,-21.309820331771792,-25.38445159166664,-17.56896426812088
2,1,Fz,P0,0.25,-20.971858136722723,-25.075173085595601,-17.064488385702816
2,1,Fz,P0,0.25390625,-20.777637840037062,-25.120608482150523,-16.572602761495617
2,1,Fz,P0,0.2578125,-20.812610791666035,-25.409759663540754,-16.292247569578105
2,1,Fz,P0,0.26171875,-21.091977111518368,-25.72138769862039,-16.512436695673458
2,1,Fz,P0,0.265625,-21.546057982618507,-26.13129289546362,-16.927365306482812
2,1,Fz,P0,0.26953125,-22.042246374036573,-26.726683138104455,-17.466946129396451
2,1,Fz,P0,0.2734375,-22.433166264156913,-27.255317221511117,-18.015647831188051
2,1,Fz,P0,0.27734375,-22.608960760075359,-27.502491687640937,-18.214681128552979
2,1,Fz,P0,0.28125,-22.529991118550697,-27.41769533068495,-18.115525279462332
2,1,Fz,P0,0.28515625,-22.228111413389119,-27.069572153699301,-17.847343248530958
2,1,Fz,P0,0.2890625,-21.784862969453041,-26.621308979720414,-17.258105663182299
2,1,Fz,P0,0.29296875,-21.305624635304348,-26.23090284531229,-16.41447220703224
2,1,Fz,P0,0.296875,-20.899464263130003,-26.110666800906422,-15.742871899049005
2,1,Fz,P0,0.30078125,-20.658887050830725,-26.025389839616878,-15.172956884482423
2,1,Fz,P0,0.3046875,-20.633497543685149,-26.22252578333941,-14.716251286128189
2,1,Fz,P0,0.30859375,-20.807343113979968,-26.539941604314365,-14.660232727731042
2,1,Fz,P0,0.3125,-21.099644582343792,-26.84113557368109,-14.94459525766317
2,1,Fz,P0,0.31640625,-21.396777705406375,-27.066910164198074,-15.266087781928888
2,1,Fz,P0,0.3203125,-21.600059217021759,-27.268535633261788,-15.35573390072766
2,1,Fz,P0,0.32421875,-21.662577546344362,-27.47046943866355,-15.488241424328608
2,1,Fz,P0,0.328125,-21.597652545050202,-27.562475220264862,-15.268386540125837
2,1,Fz,P0,0.33203125,-21.459794613229377,-27.483080973610733,-15.055846255638546
2,1,Fz,P0,0.3359375,-21.312560561911404,-27.423685342616082,-14.707567616558103
2,1,Fz,P0,0.33984375,-21.202070749192771,-27.389247303048947,-14.486395144049855
2,1,Fz,P0,0.34375,-21.149605228012302,-27.435751565401848,-14.165334018500015
2,1,Fz,P0,0.34765625,-21.162827883515824,-27.682895607323971,-14.047533185112906
2,1,Fz,P0,0.3515625,-21.251773397177516,-27.921823567832348,-14.095245158202653
2,1,Fz,P0,0.35546875,-21.434952844052507,-28.016547131242525,-14.372292589402225
2,1,Fz,P0,0.359375,-21.732636686235541,-28.098282354767424,-14.951572938723897
2,1,Fz,P0,0.36328125,-22.155120183426096,-28.341527374038204,-15.528714424988237
2,1,Fz,P0,0.3671875,-22.694815347929008,-28.721275962022737,-16.317184076086352
2,1,Fz,P0,0.37109375,-23.326732969619933,-29.168348609841068,-17.091352408128397
2,1,Fz,P0,0.375,-24.01788728002315,-29.638246665718611,-17.943880947970698
2,1,Fz,P0,0.37890625,-24.741114108257406,-30.21451781884565,-18.983846410053388
2,1,Fz,P0,0.3828125,-25.483575142610917,-30.907453281043352,-19.880102161872831
2,1,Fz,P0,0.38671875,-26.242447719930809,-31.715951974412594,-20.591304320204578
2,1,Fz,P0,0.390625,-27.01156395750942,-32.577131414269459,-21.405230502998204
2,1,Fz,P0,0.39453125,-27.77128491481427,-33.521610420989745,-21.945127222191928
2,1,Fz,P0,0.3984375,-28.489801260548706,-34.365835024376999,-22.624971302894959
2,1,Fz,P0,0.40234375,-29.133508116162727,-35.055453900539838,-23.234568973910534
2,1,Fz,P0,0.40625,-29.679183195658187,-35.548321646160318,-23.856706794863094
2,1,Fz,P0,0.41015625,-30.122755738445303,-35.865735206103679,-24.251997268915325
2,1,Fz,P0,0.4140625,-30.48158242921987,-36.278688275170339,-24.479655287776637
2,1,Fz,P0,0.41796875,-30.787576491060271,-36.657228528770709,-24.707820170659151
2,1,Fz,P0,0.421875,-31.071583611266899,-37.197741024453769,-24.928910398243307
2,1,Fz,P0,0.42578125,-31.345268092786288,-37.753652882154604,-25.2973994759605
2,1,Fz,P0,0.4296875,-31.589856031326569,-38.195385470681416,-25.694519993124352
2,1,Fz,P0,0.43359375,-31.758451518543769,-38.313685049124153,-26.00037804394961
2,1,Fz,P0,0.4375,-31.792911143748888,-38.283684386922189,-25.992787488754882
2,1,Fz,P0,0.44140625,-31.650151341039578,-38.198992312098248,-25.879415680039564
2,1,Fz,P0,0.4453125,-31.327143094865345,-38.016462053027446,-25.42537996902368
2,1,Fz,P0,0.44921875,-30.871561264996355,-37.582491034003546,-24.807321744397939
2,1,Fz,P0,0.453125,-30.37067992123432,-37.176959471333312,-24.222130704752171
2,1,Fz,P0,0.45703125,-29.923379941062635,-36.729168264176842,-23.686948852636473
2,1,Fz,P0,0.4609375,-29.608931176366291,-36.540489862801607,-23.417820570618566
2,1,Fz,P0,0.46484375,-29.463816863714715,-36.687742843249303,-23.085552117487818
2,1,Fz,P0,0.46875,-29.470194476038163,-36.751451720735091,-22.909043697456198
2,1,Fz,P0,0.47265625,-29.557309456725672,-36.859941150585293,-22.921511987677782
2,1,Fz,P0,0.4765625,-29.619129814297168,-36.981803543791727,-23.021210085973646
2,1,Fz,P0,0.48046875,-29.547580582277714,-36.965112469775327,-22.604462463750082
2,1,Fz,P0,0.484375,-29.269774727739055,-36.896278158975647,-22.451585509047892
2,1,Fz,P0,0.48828125,-28.7711347256378,-36.608783989925435,-21.648731469332311
2,1,Fz,P0,0.4921875,-28.092809456437884,-36.098299103441803,-20.583159819936167
2,1,Fz,P0,0.49609375,-27.305612166960621,-35.543107687001417,-19.401417961375547
2,1,Fz,P0,0.5,-26.473238975188806,-34.958403314333886,-18.29464005579058
2,1,Fz,P0,0.50390625,-25.62142615219604,-34.396235843754262,-17.076273276192719
2,1,Fz,P0,0.5078125,-24.727550090374042,-33.530750080489646,-15.869971102164408
2,1,Fz,P0,0.51171875,-23.73561955921485,-32.54389296530249,-14.386750522773154
2,1,Fz,P0,0.515625,-22.587001380297057,-31.456844472594305,-13.04926000054774
2,1,Fz,P0,0.51953125,-21.247718933224554,-29.987973634923708,-11.557047664683028
2,1,Fz,P0,0.5234375,-19.717446333870836,-28.472019220128182,-10.013551981401902
2,1,Fz,P0,0.52734375,-18.01957811382708,-26.782608548854345,-8.2278404644199519
2,1,Fz,P0,0.53125,-16.18287472801395,-24.833461430520931,-6.393129387124425
2,1,Fz,P0,0.53515625,-14.225608919013931,-22.830796196127817,-4.4602595816225294
2,1,Fz,P0,0.5390625,-12.147888417892142,-21.155333139968192,-2.4776013532357921
2,1,Fz,P0,0.54296875,-9.9342290867918077,-19.097717298271213,-0.27269068887958409
2,1,Fz,P0,0.546875,-7.5660607709054277,-16.891351585039448,2.4665506314097332
2,1,Fz,P0,0.55078125,-5.0396664577108012,-14.588655153839223,5.2225451873569755
2,1,Fz,P0,0.5546875,-2.3810000787228911,-12.082895945257629,7.9102393804955256
2,1,Fz,P0,0.55859375,0.35155280690359292,-9.5611544050882245,10.585126398843592
2,1,Fz,P0,0.5625,3.0811839640236074,-6.8308907896807085,13.204126393778845
2,1,Fz,P0,0.56640625,5.7391875883962733,-3.6345422633964408,15.715422113669993
2,1,Fz,P0,0.5703125,8.2886771016174503,-0.82388973785195563,18.107995150896468
2,1,Fz,P0,0.57421875,10.72724961545924,1.4105438178102008,20.632992622035914
2,1,Fz,P0,0.578125,13.064777665119877,3.6392945754711987,23.011702301745768
2,1,Fz,P0,0.58203125,15.295392807419896,5.9804089317778129,25.348017241075354
2,1,Fz,P0,0.5859375,17.390418577073671,8.286696110699113,27.664873827109901
2,1,Fz,P0,0.58984375,19.320336388163863,9.9936630312116979,30.229641743552133
2,1,Fz,P0,0.59375,21.086183160694368,11.540754642679882,32.183132445357728
2,1,Fz,P0,0.59765625,22.73135442046696,13.281391020213734,34.123484735782434
2,1,Fz,P0,0.6015625,24.321388044586666,14.65372831711238,35.951878497188474
2,1,Fz,P0,0.60546875,25.905609156862543,16.420522039097804,37.502710799091943
2,1,Fz,P0,0.609375,27.489092841107521,18.023951242099475,38.814706249731444
2,1,Fz,P0,0.61328125,29.036233605874155,19.759208357047857,40.209553010105147
2,1,Fz,P0,0.6171875,30.503585559740483,21.561773863810032,41.793378834511344
2,1,Fz,P0,0.62109375,31.876911322584249,23.094590915704519,43.1740176266823
2,1,Fz,P0,0.625,33.184232316091929,24.398448352200447,44.301468073675963
2,1,Fz,P0,0.62890625,34.476669195222549,25.674993253896108,45.521636324297184
2,1,Fz,P0,0.6328125,35.794637742909998,26.741908700695809,47.124973505707601
2,1,Fz,P0,0.63671875,37.145738080988544,27.841484133110821,48.555963087311994
2,1,Fz,P0,0.640625,38.506912911935849,28.82232912890073,50.176854537021121
2,1,Fz,P0,0.64453125,39.843332502629089,29.736217267455647,51.685826202290443
2,1,Fz,P0,0.6484375,41.128050768898262,30.503373941756454,53.030273353515462
2,1,Fz,P0,0.65234375,42.351070668373652,31.329261984682937,54.409061868857606
2,1,Fz,P0,0.65625,43.514537946073034,32.463831244737598,55.673549482222896
2,1,Fz,P0,0.66015625,44.617985240601207,33.434072236091971,56.645893262739321
2,1,Fz,P0,0.6640625,45.64427622022982,34.325401655125582,57.685537025626815
2,1,Fz,P0,0.66796875,46.558242721098544,35.138078832201856,58.540226257901033
2,1,Fz,P0,0.671875,47.320431512503035,35.901143934524136,59.104766972300908
2,1,Fz,P0,0.67578125,47.905324023279064,36.524029516541823,59.508829411929412
2,1,Fz,P0,0.6796875,48.311485267790935,36.818451859485762,59.546758972670823
2,1,Fz,P0,0.68359375,48.561255599091126,37.108236591358335,59.431330815078709
2,1,Fz,P0,0.6875,48.695478054957086,37.526436539228087,59.185218291174472
2,1,Fz,P0,0.69140625,48.766121256459186,37.852863916724708,58.867398413938403
2,1,Fz,P0,0.6953125,48.824985618642209,38.258420804261831,58.589189612478009
2,1,Fz,P0,0.69921875,48.90977793779075,38.515782025018098,58.356982509742323
2,1,Fz,P0,0.703125,49.034987523574536,39.020841583311693,58.258860709392223
2,1,Fz,P0,0.70703125,49.193525547223238,39.350023258531984,58.237955642078177
2,1,Fz,P0,0.7109375,49.367076285470041,39.805147956286525,58.104770085232552
2,1,Fz,P0,0.71484375,49.538535632654195,40.127243066873937,58.065771291061488
2,1,Fz,P0,0.71875,49.701097324801886,40.393516033928847,58.268880209660217
2,1,Fz,P0,0.72265625,49.859669318837348,40.726231160823993,58.371770759309818
2,1,Fz,P0,0.7265625,50.021651905784736,41.124052877880786,58.528086671268973
2,1,Fz,P0,0.73046875,50.181347157791457,41.439503429302185,58.559517805183475
2,1,Fz,P0,0.734375,50.310347900841606,41.699217903732681,58.504455043299117
2,1,Fz,P0,0.73828125,50.362390989019723,42.010959405430746,58.26516848808172
2,1,Fz,P0,0.7421875,50.287649916411389,42.282922930580057,57.918752841832294
2,1,Fz,P0,0.74609375,50.045767457693849,42.221955278644018,57.58574180832106
2,1,Fz,P0,0.75,49.614595426313237,41.950535349909998,56.84994863979977
2,1,Fz,P0,0.75390625,48.998431167742069,41.421968378835075,56.050562569623516
2,1,Fz,P0,0.7578125,48.235608450568137,40.874788728457382,55.184900136497852
2,1,Fz,P0,0.76171875,47.398623069809219,40.031340243102299,54.185889918193652
2,1,Fz,P0,0.765625,46.581014129482952,39.228638317438516,53.104037299877916
2,1,Fz,P0,0.76953125,45.872693898267066,38.59458441561182,52.507284890900792
2,1,Fz,P0,0.7734375,45.332502529558944,38.057478544580455,51.953428908019873
2,1,Fz,P0,0.77734375,44.97010080191103,37.709896480270409,51.432089180427035
2,1,Fz,P0,0.78125,44.747448074794498,37.472338128870305,51.073582713825857
2,1,Fz,P0,0.78515625,44.601213355348335,37.423204840162349,50.98070823092057
2,1,Fz,P0,0.7890625,44.474203582392349,37.364350818948829,50.926183188807748
2,1,Fz,P0,0.79296875,44.336494966627733,37.251174018321649,50.645092389206745
2,1,Fz,P0,0.796875,44.184104934656347,37.143608351474477,50.301613631618252
2,1,F3,P0,-0.19921875,-1.127799531854067,-6.9168355265225969,4.5294629405833815
2,1,F3,P0,-0.1953125,-0.86591350128000089,-6.3636888200559332,4.6190020866294113
2,1,F3,P0,-0.19140625,-0.67212108879848642,-5.9880707325031937,4.5996653258441063
2,1,F3,P0,-0.1875,-0.50680822626458777,-5.4622458340399662,4.5570984538020021
2,1,F3,P0,-0.18359375,-0.3507323346902021,-5.1825801836614334,4.4942163220788274
2,1,F3,P0,-0.1796875,-0.2257380552114881,-4.5147585846805436,4.2094306076059205
2,1,F3,P0,-0.17578125,-0.17024671798995328,-4.0337685625530115,4.0041953125957654
2,1,F3,P0,-0.171875,-0.18930442711041717,-3.6375535091795301,3.7428691334224302
2,1,F3,P0,-0.16796875,-0.22605762247783351,-3.3857541079345017,3.4208229489471349
2,1,F3,P0,-0.1640625,-0.18328279104126696,-3.1189961127097323,3.2386501725231249
2,1,F3,P0,-0.16015625,0.019889325902059097,-2.8544142161893555,3.2995485595268339
2,1,F3,P0,-0.15625,0.39718616439235416,-2.33562374982428,3.3858564566432552
2,1,F3,P0,-0.15234375,0.88176378572042247,-1.6148941391220775,3.5935710644536325
2,1,F3,P0,-0.1484375,1.3529908574144496,-0.84202400620949502,3.7816739165439968
2,1,F3,P0,-0.14453125,1.6851116382368176,-0.087385684072464595,3.7627273106172328
2,1,F3,P0,-0.140625,1.7951185851378602,0.38125806105474674,3.5955908848006475
2,1,F3,P0,-0.13671875,1.6727085001591513,0.48384247108845768,3.2464144186038584
2,1,F3,P0,-0.1328125,1.3818909104406842,0.26534100813920325,2.8155595307796744
2,1,F3,P0,-0.12890625,1.0318371083262985,-0.18403758952757857,2.3831521057229503
2,1,F3,P0,-0.125,0.72834248385198752,-0.68377051875330741,2.193582527537933
2,1,F3,P0,-0.12109375,0.53058506215226464,-1.0765106254204702,2.1448086303682423
2,1,F3,P0,-0.1171875,0.43600767898789644,-1.3218558476414914,2.2133496837153523
2,1,F3,P0,-0.11328125,0.3974060147798289,-1.3689709248760284,2.2588968756184826
2,1,F3,P0,-0.109375,0.35632608012382194,-1.4854773272162209,2.2649104143877157
2,1,F3,P0,-0.10546875,0.27068484899942419,-1.6642083706490998,2.2611493831568494
2,1,F3,P0,-0.1015625,0.12431520380983274,-1.8262520733839815,2.1612980291406423
2,1,F3,P0,-0.09765625,-0.078257311888344408,-2.0742396760716706,1.9942818266019557
2,1,F3,P0,-0.09375,-0.32113211851300011,-2.2777655602666602,1.8453009756195906
2,1,F3,P0,-0.08984375,-0.58456962254043177,-2.5643918704901529,1.7600179820987891
2,1,F3,P0,-0.0859375,-0.85184951630822348,-2.8619961443320685,1.5646380416545174
2,1,F3,P0,-0.08203125,-1.1158016331671194,-3.1526316217794448,1.3770949598791498
2,1,F3,P0,-0.078125,-1.3798434150723502,-3.504240201304722,1.2164373118704037
2,1,F3,P0,-0.07421875,-1.6485849223496074,-3.6868474616085205,0.90033187684589755
2,1,F3,P0,-0.0703125,-1.9117056281140048,-3.9230241730858335,0.52775467234279361
2,1,F3,P0,-0.06640625,-2.133069271426181,-4.19586494738558,0.22778546727591376
2,1,F3,P0,-0.0625,-2.2561929635620266,-4.3796188318724036,0.036057771976207263
2,1,F3,P0,-0.05859375,-2.2266994263200819,-4.5568250012477494,0.14571935687842702
2,1,F3,P0,-0.0546875,-2.0188694031677139,-4.3886353689909479,0.49195655748264877
2,1,F3,P0,-0.05078125,-1.6478969138477284,-4.2445152914613455,0.92306610207454176
2,1,F3,P0,-0.046875,-1.1592245829426508,-4.0971844602858747,1.5886579499394577
2,1,F3,P0,-0.04296875,-0.60440304564864544,-3.9060952108598479,2.4846401668638984
2,1,F3,P0,-0.0390625,-0.022737556820134557,-3.6866272502486015,3.3836492132296732
2,1,F3,P0,-0.03515625,0.55880411242229344,-3.3333942524090299,4.2198320369182278
2,1,F3,P0,-0.03125,1.1105163781414507,-3.0199509055896301,4.9819767820516221
2,1,F3,P0,-0.02734375,1.583402558174603,-2.813886644375736,5.8330243489457603
2,1,F3,P0,-0.0234375,1.9053816888096624,-2.7580566718404063,6.5055819757128539
2,1,F3,P0,-0.01953125,1.9988821784272952,-3.0352281591732715,6.8751475956598807
2,1,F3,P0,-0.015625,1.8179221059400965,-3.5677027679165327,6.9006673677604038
2,1,F3,P0,-0.01171875,1.386695000421891,-4.2137415373423588,6.4152916910976332
2,1,F3,P0,-0.0078125,0.81092678866132406,-5.0231277743178211,5.7577952748633265
2,1,F3,P0,-0.00390625,0.24414656897289899,-5.6068671533832664,5.0470666215694617
2,1,F3,P0,0,-0.17941254080136851,-6.0361953775635104,4.5032136267601404
2,1,F3,P0,0.00390625,-0.4092842252582512,-6.2047780740996403,4.1874245490028503
2,1,F3,P0,0.0078125,-0.50431111126440564,-6.2030898165992525,3.9077436655149946
2,1,F3,P0,0.01171875,-0.60416908036940609,-6.1126926349560486,3.931953078581373
2,1,F3,P0,0.015625,-0.85995696307398117,-6.1992675108327688,3.9937501958032837
2,1,F3,P0,0.01953125,-1.3580520046716831,-6.643227359299777,3.5890579137508447
2,1,F3,P0,0.0234375,-2.07596302137802,-7.3064300010489118,2.9806901803761199
2,1,F3,P0,0.02734375,-2.8937475362694918,-8.1994406825089605,2.1025499296491099
2,1,F3,P0,0.03125,-3.6555117130975212,-9.1532260325906236,1.4319102936222108
2,1,F3,P0,0.03515625,-4.2470282857447028,-9.9274527969473922,1.1290658147888835
2,1,F3,P0,0.0390625,-4.6458271313726014,-10.630816048005086,0.78145856370966094
2,1,F3,P0,0.04296875,-4.9186347453074664,-10.929691986321739,0.37144958599159111
2,1,F3,P0,0.046875,-5.1750275049636425,-11.145266333125628,0.13242813970790138
2,1,F3,P0,0.05078125,-5.5091954977951216,-11.269946342464173,0.025127191617981579
2,1,F3,P0,0.0546875,-5.9608963474451206,-11.787622565722314,-0.14784606640661255
2,1,F3,P0,0.05859375,-6.5106816722580794,-12.589270363562614,-0.42180655424927693
2,1,F3,P0,0.0625,-7.1052144238350161,-13.195810111813898,-0.67114131258505494
2,1,F3,P0,0.06640625,-7.6926555597678679,-14.087591812860891,-0.91829205960901883
2,1,F3,P0,0.0703125,-8.2442642066352665,-14.879091933743119,-1.4075292939245125
2,1,F3,P0,0.07421875,-8.7516661821431878,-15.890593575619366,-1.7694253004857849
2,1,F3,P0,0.078125,-9.2093869088933147,-16.677976500517378,-2.0916396803928459
2,1,F3,P0,0.08203125,-9.6017669569114439,-17.386177807972011,-2.4375418808073452
2,1,F3,P0,0.0859375,-9.9066722244424401,-18.146805307957695,-2.6521129166816158
2,1,F3,P0,0.08984375,-10.113748518321666,-18.97982256766619,-2.7292349378039886
2,1,F3,P0,0.09375,-10.242813770287428,-19.492306853529016,-2.7146084708546399
2,1,F3,P0,0.09765625,-10.345306592741396,-19.760477534687162,-2.5880244605511398
2,1,F3,P0,0.1015625,-10.481967970164941,-19.960039521058519,-2.7456799899037918
2,1,F3,P0,0.10546875,-10.688515812513721,-20.26819596178526,-2.920852884867938
2,1,F3,P0,0.109375,-10.953171659660875,-20.242505502265875,-3.1472876489614583
2,1,F3,P0,0.11328125,-11.22312912094233,-20.533669266345427,-3.4096702745058094
2,1,F3,P0,0.1171875,-11.436727252668595,-20.921945576567015,-3.5107937969116536
2,1,F3,P0,0.12109375,-11.561500836630271,-21.387069913015477,-3.4936209778989684
2,1,F3,P0,0.125,-11.616071384828171,-21.890688651889114,-3.2959546198417367
2,1,F3,P0,0.12890625,-11.664448009128416,-22.501232057947821,-2.9296203936490217
2,1,F3,P0,0.1328125,-11.78695880918144,-23.25689412933389,-2.8435401384856926
2,1,F3,P0,0.13671875,-12.043858560848516,-24.090735707123585,-2.6274910582218181
2,1,F3,P0,0.140625,-12.450113021488331,-24.857703641063615,-2.6489697475164276
2,1,F3,P0,0.14453125,-12.972503762078533,-25.533068934074766,-3.1467659448534149
2,1,F3,P0,0.1484375,-13.546711495471094,-26.363019146724991,-3.6303992902670217
2,1,F3,P0,0.15234375,-14.101035319115169,-27.025812665798615,-4.1128639326006384
2,1,F3,P0,0.15625,-14.574127617487575,-27.545679748092208,-4.5856575329603295
2,1,F3,P0,0.16015625,-14.924919493911609,-28.093466034848145,-4.8207017330498774
2,1,F3,P0,0.1640625,-15.140189122776052,-28.749847052001268,-4.8090559814440814
2,1,F3,P0,0.16796875,-15.240550352801293,-29.254333120399842,-4.5674417706220156
2,1,F3,P0,0.171875,-15.278160639006977,-29.774175221762935,-4.2796078335830119
2,1,F3,P0,0.17578125,-15.322372167185623,-30.230823556324708,-3.9538517051997775
2,1,F3,P0,0.1796875,-15.439869498620281,-30.53535698996351,-3.7204855042934861
2,1,F3,P0,0.18359375,-15.679767124950713,-31.134716603670647,-3.6462532908935716
2,1,F3,P0,0.1875,-16.067933081366817,-31.859135308708744,-3.8841418775700216
2,1,F3,P0,0.19140625,-16.606960844073694,-32.594191013438611,-4.4257788171398946
2,1,F3,P0,0.1953125,-17.275117550164516,-33.436250285926498,-5.405813737502565
2,1,F3,P0,0.19921875,-18.019961546926247,-34.099327622203887,-6.1995496776658028
2,1,F3,P0,0.203125,-18.751194099607712,-34.892398113915242,-6.8096720437665059
2,1,F3,P0,0.20703125,-19.34892359053238,-35.628118328391174,-7.3023743799402956
2,1,F3,P0,0.2109375,-19.703119434129906,-36.40099336966496,-7.4371151685380763
2,1,F3,P0,0.21484375,-19.777637172223226,-37.003759654493486,-7.3761209400425738
2,1,F3,P0,0.21875,-19.662100203400108,-37.385003588830038,-6.9748173969686418
2,1,F3,P0,0.22265625,-19.565461273010449,-37.695587701839642,-6.6509240217318792
2,1,F3,P0,0.2265625,-19.729227103902861,-38.10402942460879,-6.6496795847550967
2,1,F3,P0,0.23046875,-20.282647060675632,-39.199412949905827,-6.9681049789082685
2,1,F3,P0,0.234375,-21.10241344693269,-40.511101762919921,-7.3220699168102641
2,1,F3,P0,0.23828125,-21.757579105327792,-41.571902689510189,-7.3088939769097703
2,1,F3,P0,0.2421875,-21.604710305110803,-41.335486663799401,-7.0785755931041701
2,1,F3,P0,0.24609375,-20.040088354688223,-39.557748101602968,-5.8775530103950668
2,1,F3,P0,0.25,-16.822507752816133,-35.194683877156798,-1.3551817071254346
2,1,F3,P0,0.25390625,-12.295925939625574,-33.58435913058883,9.0921363342215162
2,1,F3,P0,0.2578125,-7.3430258244683175,-32.058882733927945,22.463454857529509
2,1,F3,P0,0.26171875,-3.0391032528702482,-31.698973167119753,37.958549755048068
2,1,F3,P0,0.265625,-0.18254682853243329,-32.209167355867841,48.522880278865337
2,1,F3,P0,0.26953125,1.0213774381532297,-32.907652036211104,53.497062598723915
2,1,F3,P0,0.2734375,0.95557228893478829,-33.446536506207075,53.912522010714852
2,1,F3,P0,0.27734375,0.31559642083354372,-33.738988384990193,51.846752496735519
2,1,F3,P0,0.28125,-0.24423663168920959,-33.590315003640129,49.371563910370341
2,1,F3,P0,0.28515625,-0.36388698559588672,-33.014303342068473,47.813364379347206
2,1,F3,P0,0.2890625,-0.053682109327797566,-32.21408684418077,47.535332487683611
2,1,F3,P0,0.29296875,0.38954538321253041,-32.01254825202313,48.151773640901808
2,1,F3,P0,0.296875,0.57022050399189783,-32.5984288265796,48.955954941896458
2,1,F3,P0,0.30078125,0.22213727403285555,-33.969373984029474,49.353776421016896
2,1,F3,P0,0.3046875,-0.59730414535196574,-35.991941887976409,49.158386069830826
2,1,F3,P0,0.30859375,-1.4328979957685108,-37.639730297058748,48.428087273888373
2,1,F3,P0,0.3125,-1.5442666593677548,-37.800949093090949,48.331550364256785
2,1,F3,P0,0.31640625,-0.20078478929848972,-35.124941178317094,49.308048341713544
2,1,F3,P0,0.3203125,2.9495858484143138,-28.9187490229499,52.012685110844664
2,1,F3,P0,0.32421875,7.6260558579560369,-20.030119627048713,56.067955386034981
2,1,F3,P0,0.328125,12.94846069711663,-13.800791079359579,62.265037148584014
2,1,F3,P0,0.33203125,17.783923696098668,-12.195371256664794,68.641147103669468
2,1,F3,P0,0.3359375,21.226847159670843,-12.167320530202758,75.740117471401149
2,1,F3,P0,0.33984375,22.937311839749093,-12.116770289359868,79.093286861272816
2,1,F3,P0,0.34375,23.170045026385491,-12.201306492901811,79.296576755847369
2,1,F3,P0,0.34765625,22.535834051334771,-12.147349346539619,77.746975311046725
2,1,F3,P0,0.3515625,21.675232308271283,-12.068271643016809,75.781712800024621
2,1,F3,P0,0.35546875,21.018124360610816,-11.997630443679512,74.319220328025068
2,1,F3,P0,0.359375,20.705276146778758,-12.105277515456446,73.627949609715955
2,1,F3,P0,0.36328125,20.648714437176597,-12.294042859415995,73.520571060759082
2,1,F3,P0,0.3671875,20.657750851031317,-12.523377586582356,73.626035017435399
2,1,F3,P0,0.37109375,20.557123758257379,-12.839105970755842,73.623127000068408
2,1,F3,P0,0.375,20.252203159396323,-13.248412285095624,73.344105291782725
2,1,F3,P0,0.37890625,19.73524702343747,-13.779451814112271,72.843132696057509
2,1,F3,P0,0.3828125,19.058272067737327,-14.413804183303526,72.22994639498458
2,1,F3,P0,0.38671875,18.303741242935651,-15.039989996628316,71.370999232883349
2,1,F3,P0,0.390625,17.564642994281563,-15.686437245310694,70.125354942678612
2,1,F3,P0,0.39453125,16.926520340654356,-16.293366410186849,69.045833075504945
2,1,F3,P0,0.3984375,16.446015366529778,-16.794740461840952,68.412752161273417
2,1,F3,P0,0.40234375,16.133824418543181,-17.165646248396257,68.101492915079817
2,1,F3,P0,0.40625,15.953604672192199,-17.476520431679166,68.031465941905893
2,1,F3,P0,0.41015625,15.838709543636272,-17.646995831693822,68.101010501313624
2,1,F3,P0,0.4140625,15.717766494629936,-17.907383888937716,68.17020238222149
2,1,F3,P0,0.41796875,15.537575158445724,-18.148123769783226,68.120639860591766
2,1,F3,P0,0.421875,15.276986418166077,-18.443494682216528,67.899553729635784
2,1,F3,P0,0.42578125,14.951795949730435,-18.722454504964055,67.527494429798764
2,1,F3,P0,0.4296875,14.612512488435817,-19.093351032724705,67.10325042991353
2,1,F3,P0,0.43359375,14.334349883735889,-19.442118008492709,66.710920970212484
2,1,F3,P0,0.4375,14.197738174668382,-19.685253406852532,66.447936549069766
2,1,F3,P0,0.44140625,14.262209565322253,-19.700198081705672,66.527710534156029
2,1,F3,P0,0.4453125,14.543395394504342,-19.412865757948044,66.742452005047241
2,1,F3,P0,0.44921875,15.004854546816835,-18.986096836007533,67.031057192336675
2,1,F3,P0,0.453125,15.569894530113048,-18.36779636335141,67.331498171531592
2,1,F3,P0,0.45703125,16.146966628056823,-17.737431888688096,67.452268142483121
2,1,F3,P0,0.4609375,16.655442620456309,-17.225686495733704,67.439978331923953
2,1,F3,P0,0.46484375,17.043628561134444,-16.792556432159781,67.274239808895331
2,1,F3,P0,0.46875,17.30013324931523,-16.506481950502906,66.968900909176611
2,1,F3,P0,0.47265625,17.459413833204902,-16.264173429333741,66.591062450003875
2,1,F3,P0,0.4765625,17.594830741461656,-16.10113730289417,66.243032664774873
2,1,F3,P0,0.48046875,17.793800792404717,-15.961583197329908,66.021267412050179
2,1,F3,P0,0.484375,18.123294074514888,-15.691150460304172,66.214793614686087
2,1,F3,P0,0.48828125,18.604921643582653,-15.153647169865906,67.068431190904718
2,1,F3,P0,0.4921875,19.214711206447706,-14.446434197461874,68.347390679429864
2,1,F3,P0,0.49609375,19.907571790611417,-13.646066712986052,69.647070053597119
2,1,F3,P0,0.5,20.65202859863243,-12.81026465855137,70.942016820940196
2,1,F3,P0,0.50390625,21.454537814303205,-11.998982575362568,72.267380098255529
2,1,F3,P0,0.5078125,22.357966695686411,-11.565057647672656,73.441390143891951
2,1,F3,P0,0.51171875,23.414524085739149,-11.185296939902502,75.094085084565265
2,1,F3,P0,0.515625,24.650100293075909,-10.611255496567319,77.003962017649116
2,1,F3,P0,0.51953125,26.042453869475505,-9.6786048558575768,79.053529346053821
2,1,F3,P0,0.5234375,27.526512535854835,-8.5227595600687547,81.044719800820232
2,1,F3,P0,0.52734375,29.02437623355523,-7.069122986533193,82.764044552147425
2,1,F3,P0,0.53125,30.487104671765152,-5.4346887212280901,84.083079924947626
2,1,F3,P0,0.53515625,31.933325600195175,-3.654688888022013,85.066909816045623
2,1,F3,P0,0.5390625,33.469020022347586,-1.7563331640074933,86.041829371667816
2,1,F3,P0,0.54296875,35.269952560258915,0.24247615963489266,87.555677181224425
2,1,F3,P0,0.546875,37.512143128841714,2.1317067996612296,90.176028071703456
2,1,F3,P0,0.55078125,40.256692162311843,4.0796187374944752,94.138349215618632
2,1,F3,P0,0.5546875,43.329830636718007,6.2070239582404243,98.97291286903517
2,1,F3,P0,0.55859375,46.269231805102208,8.5845353439311527,103.18180030554943
2,1,F3,P0,0.5625,48.40736948769915,10.802075884213655,105.12980881367113
2,1,F3,P0,0.56640625,49.110297274811202,12.981702645530765,102.55265696256036
2,1,F3,P0,0.5703125,48.091845628976778,15.376387126700029,95.035357753235786
2,1,F3,P0,0.57421875,45.633532640443363,17.977207508798504,82.500133230606878
2,1,F3,P0,0.578125,42.545253389717494,18.924416985986731,69.363880095300928
2,1,F3,P0,0.58203125,39.843665772619531,19.382219569566072,59.713224238187152
2,1,F3,P0,0.5859375,38.3214335434565,18.03584816712992,58.884634588015864
2,1,F3,P0,0.58984375,38.260595126550996,17.875896591038998,58.797849955728708
2,1,F3,P0,0.59375,39.428533169553269,18.912936579943018,60.19865495217811
2,1,F3,P0,0.59765625,41.297704924689548,20.765755816947799,62.438759147796276
2,1,F3,P0,0.6015625,43.319889418402447,22.404018554049816,64.414280742715405
2,1,F3,P0,0.60546875,45.113573655943135,24.711766589155001,66.184565975384572
2,1,F3,P0,0.609375,46.519748116551199,26.560007598004379,67.488535916183721
2,1,F3,P0,0.61328125,47.560248705894416,27.742345373941792,68.513847585138009
2,1,F3,P0,0.6171875,48.356937008274976,28.516778360657931,69.216427948653987
2,1,F3,P0,0.62109375,49.05426637840386,29.173057208417372,69.963006725969336
2,1,F3,P0,0.625,49.765127283612692,29.889300279888332,70.887870782940311
2,1,F3,P0,0.62890625,50.546193762732372,30.717280690457716,71.76281422285976
2,1,F3,P0,0.6328125,51.399742454991717,31.623979833449802,72.890723769026678
2,1,F3,P0,0.63671875,52.290826976791685,32.0450314217276,73.723637718309377
2,1,F3,P0,0.640625,53.167456102795867,32.672978296107885,74.923009255305985
2,1,F3,P0,0.64453125,53.978330710788704,33.38385659277067,75.951670337396422
2,1,F3,P0,0.6484375,54.688591816646678,33.852420623879823,76.903683434848418
2,1,F3,P0,0.65234375,55.291461277395456,34.457875830617319,77.742172177305932
2,1,F3,P0,0.65625,55.808166596907327,35.102401407083804,78.094197920801207
2,1,F3,P0,0.66015625,56.272035284263751,35.843300919099036,78.382162467018844
2,1,F3,P0,0.6640625,56.705766321075075,36.438968040906602,79.072894653826893
2,1,F3,P0,0.66796875,57.108539222465772,36.874314631269137,79.563044670667125
2,1,F3,P0,0.671875,57.460661869332498,37.282603400738076,79.654373255893645
2,1,F3,P0,0.67578125,57.738322070181674,37.76211737037768,79.720645407503781
2,1,F3,P0,0.6796875,57.92701030931935,38.293120113101516,79.75544213737561
2,1,F3,P0,0.68359375,58.028687637665719,38.789606494566748,79.753894833737704
2,1,F3,P0,0.6875,58.062063333461296,39.340315568979875,79.642154700042084
2,1,F3,P0,0.69140625,58.054854535975736,39.715378852548149,79.270781858721492
2,1,F3,P0,0.6953125,58.029466277879528,40.052641946227936,79.081563251284635
2,1,F3,P0,0.69921875,57.990727863428837,40.137752815210874,78.786938450084364
2,1,F3,P0,0.703125,57.92669383230001,40.120109349464876,78.406538355363892
2,1,F3,P0,0.70703125,57.824111264948442,40.207320315806584,77.991609965522002
2,1,F3,P0,0.7109375,57.686781150670633,40.054298236883426,77.847028795500592
2,1,F3,P0,0.71484375,57.541846435649234,39.787186634901872,77.819746506245124
2,1,F3,P0,0.71875,57.428143661174666,39.40069137746697,77.724133034223428
2,1,F3,P0,0.72265625,57.372125351738291,39.342453420623166,77.46990041051717
2,1,F3,P0,0.7265625,57.364004818179062,39.158217186957387,77.454520501455761
2,1,F3,P0,0.73046875,57.349649320158711,39.031144387756363,77.306121930981689
2,1,F3,P0,0.734375,57.248567590963901,38.911426760257577,76.929029888652451
2,1,F3,P0,0.73828125,56.991362016742123,38.841390726150436,76.416587918420802
2,1,F3,P0,0.7421875,56.552481467443698,38.542998208045681,75.948079340426176
2,1,F3,P0,0.74609375,55.955886792993127,38.102875579535805,75.419662631432445
2,1,F3,P0,0.75,55.253746073721302,37.102235033626584,74.369343550819607
2,1,F3,P0,0.75390625,54.498446245619775,36.162344634717144,73.359212545453076
2,1,F3,P0,0.7578125,53.727361994373865,35.187721957639702,72.692957029724013
2,1,F3,P0,0.76171875,52.964667861285278,34.173902385364158,72.092506309524651
2,1,F3,P0,0.765625,52.231828766690917,33.435200717888605,71.435742298493707
2,1,F3,P0,0.76953125,51.554852578739393,32.608949878496993,70.700201796663549
2,1,F3,P0,0.7734375,50.96032549999326,31.670863405319679,69.877017645586264
2,1,F3,P0,0.77734375,50.461308055525549,31.130607896484442,69.143487798986513
2,1,F3,P0,0.78125,50.043752433354811,30.896873928885121,68.498382384815727
2,1,F3,P0,0.78515625,49.666421972910271,30.87001110425361,67.789820326568204
2,1,F3,P0,0.7890625,49.277947752758031,30.915835096184502,67.050233195050026
2,1,F3,P0,0.79296875,48.84038403995816,31.010461732940129,66.270834092730951
2,1,F3,P0,0.796875,48.343338750412066,30.783020119270407,65.486404217362292
2,1,F4,P0,-0.19921875,5.1620353519245272,-2.1046814590236735,12.853255062615075
2,1,F4,P0,-0.1953125,5.0673148719236965,-1.9449967364849743,12.456002369610506
2,1,F4,P0,-0.19140625,4.992685553984396,-1.5341886821948643,11.897823916516785
2,1,F4,P0,-0.1875,4.9657010408172928,-1.1644571855204549,11.515527271198673
2,1,F4,P0,-0.18359375,4.9696245793409384,-0.85188999670903853,11.203064493969515
2,1,F4,P0,-0.1796875,4.9443480514944111,-0.56677965699732746,11.00001133376499
2,1,F4,P0,-0.17578125,4.8209498905653563,-0.44926121161428451,10.702520608093618
2,1,F4,P0,-0.171875,4.5686667712357174,-0.73232108276351093,10.229400213415087
2,1,F4,P0,-0.16796875,4.2208899794382679,-0.93914676058929403,9.8418941383881506
2,1,F4,P0,-0.1640625,3.8615363027367602,-0.97550382453627771,9.3391552858057789
2,1,F4,P0,-0.16015625,3.580486564699036,-1.0028251244896786,8.8568010639820525
2,1,F4,P0,-0.15625,3.4255314131443875,-0.96771236597054899,8.4356133137450051
2,1,F4,P0,-0.15234375,3.3788134091227446,-0.71193723689452748,7.9747584973207681
2,1,F4,P0,-0.1484375,3.3703538323701183,-0.45420874306946424,7.6101873716829278
2,1,F4,P0,-0.14453125,3.3184323129656859,-0.16149964162172964,7.1674745235806201
2,1,F4,P0,-0.140625,3.17065549751349,-0.04376238127818375,6.6140687884970903
2,1,F4,P0,-0.13671875,2.9230833114789045,0.11852972603487671,5.9555946848964707
2,1,F4,P0,-0.1328125,2.6133020630130601,0.35692739155716391,5.1936503696586227
2,1,F4,P0,-0.12890625,2.2980787465954235,0.38970437742470615,4.5201475026904605
2,1,F4,P0,-0.125,2.0276736765948535,0.4831260409621474,3.8895643532518331
2,1,F4,P0,-0.12109375,1.8253726362045892,0.37489286259502946,3.5389428620803072
2,1,F4,P0,-0.1171875,1.6800455289104104,0.13787122138594252,3.27782883651183
2,1,F4,P0,-0.11328125,1.5560068877692523,-0.070706874491904256,3.1779974163939957
2,1,F4,P0,-0.109375,1.4130734376523373,-0.26072168122317418,3.089327292635025
2,1,F4,P0,-0.10546875,1.2210705855040744,-0.46424765592608397,3.0103141845899373
2,1,F4,P0,-0.1015625,0.96074706658187814,-0.84995909548580917,2.8721982417341385
2,1,F4,P0,-0.09765625,0.61972883467914097,-1.3038342785785986,2.7902529727597014
2,1,F4,P0,-0.09375,0.19564987283536542,-2.0089090882008955,2.6273531296671138
2,1,F4,P0,-0.08984375,-0.29564300562776125,-2.6518279330123242,2.3202576360681229
2,1,F4,P0,-0.0859375,-0.82032309234510437,-3.1939025873915807,1.95660589277755
2,1,F4,P0,-0.08203125,-1.3416534184456383,-3.8427577095611753,1.5570015233487116
2,1,F4,P0,-0.078125,-1.8405387090107501,-4.5051900633521065,1.1695593683525349
2,1,F4,P0,-0.07421875,-2.3260229209580898,-5.1741483462659712,0.7765787769469642
2,1,F4,P0,-0.0703125,-2.826950576160963,-5.7347808646066696,0.36622341044665158
2,1,F4,P0,-0.06640625,-3.3678712457739008,-6.578584251474684,0.068394144441871002
2,1,F4,P0,-0.0625,-3.9430341345110116,-7.4225422147612736,-0.33711118113052951
2,1,F4,P0,-0.05859375,-4.5060271157664546,-8.3237990644222357,-0.67633980243185543
2,1,F4,P0,-0.0546875,-4.9830726697380889,-9.1169870353825342,-0.99745394838431112
2,1,F4,P0,-0.05078125,-5.300558122086688,-9.6304190306950552,-1.1472859089467524
2,1,F4,P0,-0.046875,-5.4093317046080589,-9.9066605975614461,-1.1603394633285662
2,1,F4,P0,-0.04296875,-5.2972567438668046,-9.8630501990992983,-0.95583488569499986
2,1,F4,P0,-0.0390625,-4.9934802371307789,-9.6375937163608167,-0.60385190201034122
2,1,F4,P0,-0.03515625,-4.5677563388294615,-9.3250206060840242,-0.35615515067236464
2,1,F4,P0,-0.03125,-4.1217766908237428,-9.1822890958440926,0.092955820417545423
2,1,F4,P0,-0.02734375,-3.7703314486177755,-9.1514213159653703,1.0074604908485487
2,1,F4,P0,-0.0234375,-3.6161165966351292,-9.4777508783665372,1.6786714764135624
2,1,F4,P0,-0.01953125,-3.7235923710310077,-10.154273966011383,2.1220312852886685
2,1,F4,P0,-0.015625,-4.0972403046293921,-11.188203964046556,2.0672788295069009
2,1,F4,P0,-0.01171875,-4.674163904017294,-12.229336210628537,1.6616849887860543
2,1,F4,P0,-0.0078125,-5.3426777789413036,-13.333708517639458,1.0821821973299039
2,1,F4,P0,-0.00390625,-5.9864389415409374,-14.225720176667574,0.4347549803549523
2,1,F4,P0,0,-6.5341211987677665,-14.863395255167946,0.057612833275462114
2,1,F4,P0,0.00390625,-6.9866984633956779,-15.495691487563338,0.061733766403174906
2,1,F4,P0,0.0078125,-7.4074867951905592,-15.976023766161958,-0.29987511135964157
2,1,F4,P0,0.01171875,-7.883320140880083,-16.520485223115408,-0.76115079057024426
2,1,F4,P0,0.015625,-8.4797593461355909,-17.039130245141802,-1.1681343235550852
2,1,F4,P0,0.01953125,-9.2117119890205412,-17.987897726754056,-1.68936056122662
2,1,F4,P0,0.0234375,-10.040251098573297,-19.002970340572258,-2.2647452186216479
2,1,F4,P0,0.02734375,-10.894546127248177,-20.162435654696822,-2.7980698148138958
2,1,F4,P0,0.03125,-11.706937620842082,-21.306002418775829,-3.4176537743087647
2,1,F4,P0,0.03515625,-12.442704734600447,-22.322972136361241,-3.9616319854540758
2,1,F4,P0,0.0390625,-13.109698523049712,-23.295142771541066,-4.348037750812245
2,1,F4,P0,0.04296875,-13.745870616097974,-24.354006470742668,-4.8103217151314066
2,1,F4,P0,0.046875,-14.395023510941439,-25.48194708096656,-5.2485413261076985
2,1,F4,P0,0.05078125,-15.084537502057765,-26.215735129365473,-5.6259160193930029
2,1,F4,P0,0.0546875,-15.814550881554144,-27.060476577594418,-6.1042902782774942
2,1,F4,P0,0.05859375,-16.561661652307773,-28.132556542972463,-6.5803032882936137
2,1,F4,P0,0.0625,-17.294099356273492,-29.0178130335639,-7.1071032320634107
2,1,F4,P0,0.06640625,-17.989977170357459,-29.961825876487485,-7.5625839302912219
2,1,F4,P0,0.0703125,-18.648331470458633,-30.928624084450938,-7.9062767138741972
2,1,F4,P0,0.07421875,-19.286982095308332,-31.875096194109005,-8.2299878814635328
2,1,F4,P0,0.078125,-19.929787107068215,-32.970674114314527,-8.5817325826220561
2,1,F4,P0,0.08203125,-20.592237995030306,-33.929201780363307,-8.8279845753877808
2,1,F4,P0,0.0859375,-21.274278949979923,-35.078605133108816,-9.2847457358072649
2,1,F4,P0,0.08984375,-21.96408337306044,-36.32585050022174,-9.9443224275716346
2,1,F4,P0,0.09375,-22.649358908884757,-37.293594968481585,-10.338738522923462
2,1,F4,P0,0.09765625,-23.326498856262504,-38.056136181683257,-10.75107347569338
2,1,F4,P0,0.1015625,-23.998159687432036,-38.77588307290582,-11.158504934504929
2,1,F4,P0,0.10546875,-24.659981339810823,-39.51758200556953,-11.553325386117713
2,1,F4,P0,0.109375,-25.288696168320271,-40.554615364695046,-11.908184424909811
2,1,F4,P0,0.11328125,-25.843436564028213,-41.55267996190392,-12.00021501410327
2,1,F4,P0,0.1171875,-26.280253522872059,-42.428114780767821,-11.901744692469025
2,1,F4,P0,0.12109375,-26.571300459262083,-43.208098157589113,-11.698779878231152
2,1,F4,P0,0.125,-26.72241735623258,-43.742788095348232,-11.574562329839418
2,1,F4,P0,0.12890625,-26.78744802681102,-44.021756599511129,-11.493816469984685
2,1,F4,P0,0.1328125,-26.875276287469049,-43.987430264781814,-11.357462489630279
2,1,F4,P0,0.13671875,-27.139770449845333,-44.171845850229623,-11.584638332932705
2,1,F4,P0,0.140625,-27.74196652465319,-44.885259167254532,-11.919804805712106
2,1,F4,P0,0.14453125,-28.779443145244272,-45.993957898050489,-12.676401121994589
2,1,F4,P0,0.1484375,-30.190004656285513,-48.213345594306993,-13.39436520674065
2,1,F4,P0,0.15234375,-31.660578712644202,-50.62514671014177,-14.005052873370401
2,1,F4,P0,0.15625,-32.601971919104685,-52.571906759506369,-14.670994397849608
2,1,F4,P0,0.16015625,-32.254297352124212,-51.586497231504858,-14.655543194947027
2,1,F4,P0,0.1640625,-29.933697895354761,-49.206290430247812,-14.119354899585563
2,1,F4,P0,0.16796875,-25.333414691098046,-47.10942808661423,-9.9233833883140026
2,1,F4,P0,0.171875,-18.726958257183348,-41.831478782544778,-0.82611266630377411
2,1,F4,P0,0.17578125,-10.958766495219155,-30.964179460179977,9.7139791452260091
2,1,F4,P0,0.1796875,-3.2213038966195233,-23.001292497032978,20.238789040490509
2,1,F4,P0,0.18359375,3.2929161759882861,-19.60454935139693,28.944362560082901
2,1,F4,P0,0.1875,7.7466433844889213,-19.278838211807852,39.514157172313908
2,1,F4,P0,0.19140625,9.893599065611113,-19.971098615043019,46.273198132463307
2,1,F4,P0,0.1953125,10.089847333320821,-20.696404103202557,47.86397592485239
2,1,F4,P0,0.19921875,9.0765330756682641,-21.563955407940657,47.028917265564012
2,1,F4,P0,0.203125,7.655853175587227,-22.42706875170656,45.048903606774317
2,1,F4,P0,0.20703125,6.422200427889762,-22.875740949371298,41.3805397814304
2,1,F4,P0,0.2109375,5.6446672896455699,-23.012345704990871,39.352083077883684
2,1,F4,P0,0.21484375,5.3014478201063007,-23.141059224925719,39.212327825817418
2,1,F4,P0,0.21875,5.2060602035832595,-23.267304465483093,39.385598477011001
2,1,F4,P0,0.22265625,5.1504778562375764,-23.494896132715095,39.507074450923909
2,1,F4,P0,0.2265625,5.0069018982455118,-23.725902032225054,39.42956100186953
2,1,F4,P0,0.23046875,4.7622833627169179,-23.954693548122176,39.202946587542904
2,1,F4,P0,0.234375,4.4920441409360015,-24.287729871838842,38.973247855930119
2,1,F4,P0,0.23828125,4.2993382942935945,-24.539173613093197,38.715765427670895
2,1,F4,P0,0.2421875,4.2511379394271938,-24.866720557439837,38.506181328530523
2,1,F4,P0,0.24609375,4.3374920246226347,-24.773558246022677,38.371229892057322
2,1,F4,P0,0.25,4.4699314213728538,-24.507175070061624,38.271601793043089
2,1,F4,P0,0.25390625,4.519511564971082,-24.231400924656473,37.959997521778
2,1,F4,P0,0.2578125,4.3763774626361513,-24.423141957655304,37.553187442882745
2,1,F4,P0,0.26171875,4.0010973796292779,-24.678219814785027,37.023141470808213
2,1,F4,P0,0.265625,3.4435820879238497,-24.768131622575552,36.337574178151534
2,1,F4,P0,0.26953125,2.8240255781369537,-24.768261609773496,35.59116767495297
2,1,F4,P0,0.2734375,2.2877105543040215,-24.722273944291992,34.967220943630906
2,1,F4,P0,0.27734375,1.9541963732303127,-24.94089345180014,34.612072205619114
2,1,F4,P0,0.28125,1.8814549972202013,-25.199641231136301,34.660333297548306
2,1,F4,P0,0.28515625,2.056164685796896,-25.106223403991752,35.2467498302886
2,1,F4,P0,0.2890625,2.4060025130823943,-24.686306514950605,35.978630482229661
2,1,F4,P0,0.29296875,2.8212130341159574,-24.218488767683471,36.653471147770546
2,1,F4,P0,0.296875,3.178760113178396,-24.010408741698896,37.099856316958608
2,1,F4,P0,0.30078125,3.3719007220168908,-23.710509059055337,37.250406235604096
2,1,F4,P0,0.3046875,3.3443875062970165,-23.636244930353225,37.149657711138403
2,1,F4,P0,0.30859375,3.1140907156508302,-23.909342298587177,36.874967651986644
2,1,F4,P0,0.3125,2.7664989758576857,-24.345869807138186,36.53331339110094
2,1,F4,P0,0.31640625,2.4156659834085876,-24.702400544038717,36.301430123782943
2,1,F4,P0,0.3203125,2.1534634274619444,-25.028785527982095,36.186931794873928
2,1,F4,P0,0.32421875,2.0145053827776214,-25.10618659448734,36.370216382995089
2,1,F4,P0,0.328125,1.9710800595364837,-25.146048868793073,36.618083411474785
2,1,F4,P0,0.33203125,1.9552066113785738,-24.978640761837106,36.78512696629096
2,1,F4,P0,0.3359375,1.894049166770239,-24.892305268418507,36.774890657339313
2,1,F4,P0,0.33984375,1.7403225154574102,-25.097286086910348,36.539857085498802
2,1,F4,P0,0.34375,1.4823883734590391,-25.426514585238881,36.118575094033893
2,1,F4,P0,0.34765625,1.1320632395958081,-25.731346839029456,35.552517809089743
2,1,F4,P0,0.3515625,0.70370666141357319,-25.975213548920127,34.934681160457686
2,1,F4,P0,0.35546875,0.20150825632997738,-26.167665291822491,34.289845109879899
2,1,F4,P0,0.359375,-0.37882663857087079,-26.351062743047468,33.589175574412671
2,1,F4,P0,0.36328125,-1.0392965256672426,-26.871668742105239,32.699107687102092
2,1,F4,P0,0.3671875,-1.7679374673791706,-27.495487698022099,31.739161926819452
2,1,F4,P0,0.37109375,-2.5330914944450655,-28.165365804811188,30.783936105977386
2,1,F4,P0,0.375,-3.2895627240641945,-28.838956981287776,29.87523880961637
2,1,F4,P0,0.37890625,-3.9976182002406335,-29.46933218430032,29.029679195085109
2,1,F4,P0,0.3828125,-4.6444433047701832,-30.014093481592216,28.353166205918541
2,1,F4,P0,0.38671875,-5.2512581498419832,-30.471847794249999,27.569237749002898
2,1,F4,P0,0.390625,-5.8587262790532684,-30.877281932215059,26.723760830427757
2,1,F4,P0,0.39453125,-6.5003006962093384,-31.443041811556384,25.801419948408775
2,1,F4,P0,0.3984375,-7.1799777925150847,-32.11690502396177,24.835800885767082
2,1,F4,P0,0.40234375,-7.8647145906794753,-32.780303024356797,23.913630818281629
2,1,F4,P0,0.40625,-8.4946223214216268,-33.452077000446039,23.143805102609136
2,1,F4,P0,0.41015625,-9.0112117502215678,-34.128084584821856,22.583870839508755
2,1,F4,P0,0.4140625,-9.3977687571561486,-34.775312126455617,22.216389630500153
2,1,F4,P0,0.41796875,-9.7128854467429697,-35.344629659196428,21.93297857680496
2,1,F4,P0,0.421875,-10.08871287828253,-35.800523592014095,21.531835328157253
2,1,F4,P0,0.42578125,-10.672675773400584,-36.082097202530534,20.822187951310159
2,1,F4,P0,0.4296875,-11.517724251404653,-36.164478632655374,19.385489326705695
2,1,F4,P0,0.43359375,-12.463090358988678,-36.266508738667945,17.921856322454275
2,1,F4,P0,0.4375,-13.078004444253981,-36.148644903250592,16.52047002916963
2,1,F4,P0,0.44140625,-12.740542695542588,-35.810119209297717,16.547143505924719
2,1,F4,P0,0.4453125,-10.871784821197195,-34.97732535815345,18.326760124234536
2,1,F4,P0,0.44921875,-7.2482174069931578,-34.066430945524672,23.748404515932581
2,1,F4,P0,0.453125,-2.224821392694794,-33.35573107798453,33.303561089845608
2,1,F4,P0,0.45703125,3.2996429301817551,-32.745915543171314,44.455414144987849
2,1,F4,P0,0.4609375,8.2086865476008857,-32.179635605875561,55.343858923378285
2,1,F4,P0,0.46484375,11.621858057033229,-31.809918973404564,62.640262742643166
2,1,F4,P0,0.46875,13.220308980472366,-31.653178207738005,66.015174795075851
2,1,F4,P0,0.47265625,13.287722806382529,-31.674441631574833,65.814203084362944
2,1,F4,P0,0.4765625,12.501969177829482,-31.7868674669018,63.582797749568371
2,1,F4,P0,0.48046875,11.633042950651088,-31.873667215295974,61.268698309338845
2,1,F4,P0,0.484375,11.29246327468076,-31.892596368584098,60.089871034247849
2,1,F4,P0,0.48828125,11.794544869112807,-31.780561426027663,60.706210249519309
2,1,F4,P0,0.4921875,13.113900502664391,-31.520296201947438,63.543687538122903
2,1,F4,P0,0.49609375,14.903509496496682,-31.168125260945835,67.531403390850244
2,1,F4,P0,0.5,16.566369229683293,-30.774884436100333,70.948385004603011
2,1,F4,P0,0.50390625,17.403914085000618,-30.344719126675027,71.582598518935825
2,1,F4,P0,0.5078125,16.850344880010258,-29.559025661736626,68.269892189293728
2,1,F4,P0,0.51171875,14.737066455599216,-27.919826348741822,60.326809210512792
2,1,F4,P0,0.515625,11.458139635904587,-26.501621631468264,51.199090155343242
2,1,F4,P0,0.51953125,7.9016200989247674,-24.333580131403529,40.855502687797731
2,1,F4,P0,0.5234375,5.1247971023662418,-22.369224550236282,35.321714384174555
2,1,F4,P0,0.52734375,3.9275890202012942,-20.445243923886395,34.907945601423037
2,1,F4,P0,0.53125,4.5635980441302513,-18.470433488656397,36.039832634986759
2,1,F4,P0,0.53515625,6.7331519109727287,-15.992089942996939,38.364924225579095
2,1,F4,P0,0.5390625,9.8154133197300588,-13.475393943367482,41.614291184940519
2,1,F4,P0,0.54296875,13.175464883217753,-10.888722247040018,44.798275961599558
2,1,F4,P0,0.546875,16.389767777438337,-8.2785153590204903,47.858038991673034
2,1,F4,P0,0.55078125,19.319813986515328,-5.6017504412116885,51.081935420760253
2,1,F4,P0,0.5546875,22.05242931410541,-2.9488305735359228,54.536438319424626
2,1,F4,P0,0.55859375,24.773026903853221,-0.31849391248313658,58.12596474988915
2,1,F4,P0,0.5625,27.641722028414616,2.763101322073739,61.416407683557054
2,1,F4,P0,0.56640625,30.716867501946922,5.8770856901197908,64.579540355737578
2,1,F4,P0,0.5703125,33.935041405375856,9.0704872900916556,67.562775185321996
2,1,F4,P0,0.57421875,37.131703824598361,12.274496925426357,70.603276623063351
2,1,F4,P0,0.578125,40.087438212257773,15.01654891557302,73.41836250365094
2,1,F4,P0,0.58203125,42.601629645279658,17.708017193080359,76.186494953938237
2,1,F4,P0,0.5859375,44.598091243205744,19.740731831036715,78.675690472530903
2,1,F4,P0,0.58984375,46.237393602203802,21.910255419518737,81.735446382761751
2,1,F4,P0,0.59375,47.969012204507997,23.680987677561163,84.772144211309268
2,1,F4,P0,0.59765625,50.447376786861675,26.14033297352151,87.553609131657367
2,1,F4,P0,0.6015625,54.288951799081893,29.114160294820003,89.947656674087426
2,1,F4,P0,0.60546875,59.750465358257543,31.324337305812239,93.291619851927479
2,1,F4,P0,0.609375,66.503163016604475,33.473659194187071,98.403289575429227
2,1,F4,P0,0.61328125,73.677766758436007,35.634281556049473,110.67619709564238
2,1,F4,P0,0.6171875,80.209390900703937,38.015041119304577,123.1418871640201
2,1,F4,P0,0.62109375,85.29945350729632,39.848167167286967,130.43675874858351
2,1,F4,P0,0.625,88.717077714281828,41.484744620896436,136.45670058605967
2,1,F4,P0,0.62890625,90.783539756166277,43.084566798100809,138.91275117159503
2,1,F4,P0,0.6328125,92.106172683441073,44.884603586113485,139.22652141805494
2,1,F4,P0,0.63671875,93.260363401597928,46.626411671678056,139.32514455271524
2,1,F4,P0,0.640625,94.589410619253243,48.34293222740839,140.31904945972241
2,1,F4,P0,0.64453125,96.17486164051796,50.006751547480555,141.78047218636655
2,1,F4,P0,0.6484375,97.92750227291387,52.004983821986023,143.32272848810237
2,1,F4,P0,0.65234375,99.710508188115099,53.86695367264214,145.10429635135065
2,1,F4,P0,0.65625,101.42412151567822,55.538982926452718,146.80416448653648
2,1,F4,P0,0.66015625,103.02621573927763,57.282309749630627,148.28280769967262
2,1,F4,P0,0.6640625,104.50620036270379,58.668749639413086,149.52891713855823
2,1,F4,P0,0.66796875,105.84958417723522,60.130349046269117,150.57777900053753
2,1,F4,P0,0.671875,107.02230299568379,61.524188978844528,151.1837016705762
2,1,F4,P0,0.67578125,107.9823387610907,62.679515108302283,151.7259251117631
2,1,F4,P0,0.6796875,108.70980307350976,63.725406481348493,152.2108855768987
2,1,F4,P0,0.68359375,109.23980066066525,64.463996732624238,152.62626711254649
2,1,F4,P0,0.6875,109.67848324542484,64.946639474607949,152.96868202267987
2,1,F4,P0,0.69140625,110.18134546945227,65.198585763505733,153.5753987572736
2,1,F4,P0,0.6953125,110.88348996165612,65.259469084861649,154.79962189831616
2,1,F4,P0,0.69921875,111.79894047425873,65.190189076162355,156.55977009090373
2,1,F4,P0,0.703125,112.73770113081829,65.069280533412339,158.78324329424819
2,1,F4,P0,0.70703125,113.3028770475095,64.982925915047559,160.04622535005154
2,1,F4,P0,0.7109375,113.00979523405179,65.003639708019151,159.42312368819796
2,1,F4,P0,0.71484375,111.5118261557205,65.179638795787696,156.11115326944926
2,1,F4,P0,0.71875,108.83669276546787,65.517921759109782,150.13736602964445
2,1,F4,P0,0.72265625,105.47604928578181,65.97977040617171,142.55904942681101
2,1,F4,P0,0.7265625,102.20680987756573,66.633689578060611,134.63695287991254
2,1,F4,P0,0.73046875,99.696261316822302,67.275521472101815,129.7473530757315
2,1,F4,P0,0.734375,98.147207472679298,67.824803019301825,128.46787150942097
2,1,F4,P0,0.73828125,97.253979005602019,68.145855662665085,125.79768397080309
2,1,F4,P0,0.7421875,96.492137110063084,68.051539597034662,123.73854485309768
2,1,F4,P0,0.74609375,95.488025121766114,67.669424271453579,122.4787873440102
2,1,F4,P0,0.75,94.194716969964986,67.198492043015605,121.69503449609729
2,1,F4,P0,0.75390625,92.817757396375768,66.870104607551937,120.86756677971259
2,1,F4,P0,0.7578125,91.625753035309486,66.527228966005197,119.52748775150108
2,1,F4,P0,0.76171875,90.797216675808585,66.206602977919843,118.47733210449353
2,1,F4,P0,0.765625,90.36596599883228,66.240346640864303,117.78935465422748
2,1,F4,P0,0.76953125,90.248045824556215,66.576619752037942,117.43705053061863
2,1,F4,P0,0.7734375,90.303736988345463,66.895776066049933,117.2834282950826
2,1,F4,P0,0.77734375,90.396470546391456,67.236066391648222,116.99582679019764
2,1,F4,P0,0.78125,90.432400866925036,67.43729557241636,116.88636413301523
2,1,F4,P0,0.78515625,90.379387242798302,67.500946435979898,116.6042143317769
2,1,F4,P0,0.7890625,90.265746033250039,67.377162609262029,116.39710323827488
2,1,F4,P0,0.79296875,90.157548189327443,67.257356174575932,116.24728540625082
2,1,F4,P0,0.796875,90.119633454093346,67.131655229249432,116.24048736663815
2,-1,Fz,W0,-0.19921875,2.6533384771887443,0.029691601240011689,5.333505441932334
2,-1,Fz,W0,-0.1953125,2.5190170787831376,-0.30504327106455337,5.4417458876235729
2,-1,Fz,W0,-0.19140625,2.3521653916556602,-0.69493307981936536,5.5591320510750872
2,-1,Fz,W0,-0.1875,2.2055803291902363,-0.98490927857247101,5.4959475785981731
2,-1,Fz,W0,-0.18359375,2.1181468960539349,-1.050578532349123,5.3836040410150696
2,-1,Fz,W0,-0.1796875,2.0858920835471286,-0.9390984931633829,5.1606317850413737
2,-1,Fz,W0,-0.17578125,2.05606632781855,-0.79069704900954219,4.9169209495397102
2,-1,Fz,W0,-0.171875,1.9534514626060138,-0.66035695535048067,4.5874487986338419
2,-1,Fz,W0,-0.16796875,1.7261357206431227,-0.62111701464547087,4.2306846445649766
2,-1,Fz,W0,-0.1640625,1.3835859592998365,-0.73363251304436761,3.9267332630535559
2,-1,Fz,W0,-0.16015625,1.0034891195681015,-1.254582440674723,3.4925578977774077
2,-1,Fz,W0,-0.15625,0.70165500263255209,-1.5210677703547606,3.4133992319576998
2,-1,Fz,W0,-0.15234375,0.58024123049873277,-1.7167788585317625,3.3148221357001613
2,-1,Fz,W0,-0.1484375,0.68265569799182224,-1.6681369560475698,3.5125970071060508
2,-1,Fz,W0,-0.14453125,0.97974827939958009,-1.4957235887976386,3.8184420205257008
2,-1,Fz,W0,-0.140625,1.3912096895489428,-1.0275144398255112,4.0320810191155374
2,-1,Fz,W0,-0.13671875,1.8236222770962949,-0.33830835894352257,4.1232743467014155
2,-1,Fz,W0,-0.1328125,2.2010378951372771,0.28658965936987124,4.1800624406972515
2,-1,Fz,W0,-0.12890625,2.4764034115248563,0.69424773069756207,4.1531952465925723
2,-1,Fz,W0,-0.125,2.626650905022518,0.95496183427526116,4.0215819115381288
2,-1,Fz,W0,-0.12109375,2.640002848291271,1.1772856647326411,3.8350661576054237
2,-1,Fz,W0,-0.1171875,2.504693499251089,1.1872273138696046,3.5875967991359037
2,-1,Fz,W0,-0.11328125,2.20816644806095,1.0866890268241249,3.1834403717873432
2,-1,Fz,W0,-0.109375,1.7509006910453484,0.78940683988695692,2.6727259557931871
2,-1,Fz,W0,-0.10546875,1.1670090376972369,0.30062945244046113,2.0425305905532656
2,-1,Fz,W0,-0.1015625,0.53347381200426647,-0.3928576186556561,1.5921645947348522
2,-1,Fz,W0,-0.09765625,-0.046160344501779096,-1.2161895926206705,1.2255810219956764
2,-1,Fz,W0,-0.09375,-0.47983998636365027,-2.0094963934764238,1.0105946894123012
2,-1,Fz,W0,-0.08984375,-0.72655022671825964,-2.596263478761955,1.036572820323628
2,-1,Fz,W0,-0.0859375,-0.81571110017686865,-2.9406956558300226,1.1179874752786185
2,-1,Fz,W0,-0.08203125,-0.83654297971729619,-3.0755833181347891,1.1142996011928665
2,-1,Fz,W0,-0.078125,-0.90210096880444635,-3.1556618695966447,1.0998702847244919
2,-1,Fz,W0,-0.07421875,-1.1030475983361856,-3.3764900586174478,1.0590773494539705
2,-1,Fz,W0,-0.0703125,-1.4698182782739184,-3.8191923537709656,0.77773195669210304
2,-1,Fz,W0,-0.06640625,-1.9580134888386829,-4.3403508599242668,0.46510464655988587
2,-1,Fz,W0,-0.0625,-2.4627197233102289,-4.8198388529371696,0.017449215578736327
2,-1,Fz,W0,-0.05859375,-2.8567675062506797,-5.1193227600737465,-0.36947813394217865
2,-1,Fz,W0,-0.0546875,-3.0381914858147874,-5.1862592231654565,-0.63492715958333079
2,-1,Fz,W0,-0.05078125,-2.9665241755407283,-4.9825967990161182,-0.802009561687411
2,-1,Fz,W0,-0.046875,-2.6716339694516931,-4.4854733566868124,-0.70717381148192515
2,-1,Fz,W0,-0.04296875,-2.2341393642003951,-3.8955142210911204,-0.47089397370975727
2,-1,Fz,W0,-0.0390625,-1.7537862701389459,-3.4945885645656767,-0.086939055946122723
2,-1,Fz,W0,-0.03515625,-1.3267742159359852,-3.4154671638372758,0.48877328652844743
2,-1,Fz,W0,-0.03125,-1.0392814419632304,-3.4987996086378637,1.0471552697545148
2,-1,Fz,W0,-0.02734375,-0.96561078590551019,-3.6648815681542271,1.2713574302788697
2,-1,Fz,W0,-0.0234375,-1.1561723394628407,-4.2198867370080286,1.2899422907887796
2,-1,Fz,W0,-0.01953125,-1.6165174280368628,-4.8620894727295818,1.0314522853160177
2,-1,Fz,W0,-0.015625,-2.2946891693165306,-5.6661641917163372,0.63423835427098785
2,-1,Fz,W0,-0.01171875,-3.091997355696265,-6.4101920075992913,-0.12058853875619255
2,-1,Fz,W0,-0.0078125,-3.8955139632909366,-7.2274025522165939,-0.79566435311439321
2,-1,Fz,W0,-0.00390625,-4.6162354055104737,-8.1510137112660406,-1.4952749802747933
2,-1,Fz,W0,0,-5.2148883387648741,-8.9695738272260197,-2.1181242058999761
2,-1,Fz,W0,0.00390625,-5.7054237985820517,-9.5320543730711709,-2.5818687240875979
2,-1,Fz,W0,0.0078125,-6.1379734704176458,-9.7783468968815654,-2.9802278309922254
2,-1,Fz,W0,0.01171875,-6.5724061069487272,-10.139253996283411,-3.4100578566345829
2,-1,Fz,W0,0.015625,-7.0553795686834757,-10.287668194181867,-3.9873794069108901
2,-1,Fz,W0,0.01953125,-7.6073249680432662,-10.709071924204286,-4.4771443484723852
2,-1,Fz,W0,0.0234375,-8.2178170399016555,-11.21187203665707,-5.139956169578916
2,-1,Fz,W0,0.02734375,-8.8460657668170164,-11.797349315765601,-5.7801737698215963
2,-1,Fz,W0,0.03125,-9.4272917321791123,-12.369445743691022,-6.4078172261871087
2,-1,Fz,W0,0.03515625,-9.8875201634713275,-12.829442100405382,-6.868285340325575
2,-1,Fz,W0,0.0390625,-10.164743532114159,-12.937915619646288,-7.1997611682281279
2,-1,Fz,W0,0.04296875,-10.228977180336679,-13.10738265086983,-7.1787403787671753
2,-1,Fz,W0,0.046875,-10.093688393005488,-13.01937029559309,-6.9248285066553743
2,-1,Fz,W0,0.05078125,-9.8144308974541765,-12.889618589340669,-6.6350555328729151
2,-1,Fz,W0,0.0546875,-9.4731888775516424,-12.801202755471005,-6.0754044536652643
2,-1,Fz,W0,0.05859375,-9.1514021158669703,-12.734675158115662,-5.4944888093782014
2,-1,Fz,W0,0.0625,-8.90291957838072,-12.942683098509747,-4.8436187734658214
2,-1,Fz,W0,0.06640625,-8.7421828333441027,-13.206066841972889,-4.3359884903971082
2,-1,Fz,W0,0.0703125,-8.6545364584371498,-13.420119083723701,-3.9974026433494161
2,-1,Fz,W0,0.07421875,-8.6207848436763932,-13.440743977568484,-3.8695569047698104
2,-1,Fz,W0,0.078125,-8.6400310282034134,-13.432854661743161,-3.9330603365347923
2,-1,Fz,W0,0.08203125,-8.7373582817573823,-13.500572235202602,-4.138943811534781
2,-1,Fz,W0,0.0859375,-8.9516168560299949,-13.628048458336956,-4.5685699015828805
2,-1,Fz,W0,0.08984375,-9.3096919940750134,-13.791273505773704,-5.0388780960587427
2,-1,Fz,W0,0.09375,-9.8032274131965735,-14.129027150334753,-5.4880371162444703
2,-1,Fz,W0,0.09765625,-10.384326326245072,-14.590014345209223,-5.9166174435386845
2,-1,Fz,W0,0.1015625,-10.984334101732802,-15.23822216935941,-6.4293095879154913
2,-1,Fz,W0,0.10546875,-11.543314372650986,-16.041749527200203,-6.7664122869199606
2,-1,Fz,W0,0.109375,-12.032007622937703,-16.752515409927796,-6.9469512343167459
2,-1,Fz,W0,0.11328125,-12.456585405028484,-17.21340726765925,-7.251709546574661
2,-1,Fz,W0,0.1171875,-12.849027728376191,-17.463263397819233,-7.836315622436663
2,-1,Fz,W0,0.12109375,-13.251494060222383,-17.772897025277942,-8.537678722223875
2,-1,Fz,W0,0.125,-13.700576015923202,-18.114382239460383,-9.1136715654097458
2,-1,Fz,W0,0.12890625,-14.213469758660471,-18.461777559543258,-9.8848106227949799
2,-1,Fz,W0,0.1328125,-14.778199689794402,-18.941416026791771,-10.78607008287544
2,-1,Fz,W0,0.13671875,-15.352098640382826,-19.594237125494065,-11.409170774485093
2,-1,Fz,W0,0.140625,-15.871599238792538,-20.178409285296304,-11.787297755043307
2,-1,Fz,W0,0.14453125,-16.271851547981836,-20.727511952648754,-12.15689371789526
2,-1,Fz,W0,0.1484375,-16.510835621497868,-21.247534265057915,-12.281458476749432
2,-1,Fz,W0,0.15234375,-16.590426822758982,-21.723572654252759,-12.196042810985649
2,-1,Fz,W0,0.15625,-16.564906436544071,-21.893841383433923,-11.98353269580479
2,-1,Fz,W0,0.16015625,-16.528725370986638,-22.016950772282801,-11.811697454993563
2,-1,Fz,W0,0.1640625,-16.584489513202747,-22.135994529246418,-11.717848061859783
2,-1,Fz,W0,0.16796875,-16.805093630119888,-22.476205978623099,-11.748363811176919
2,-1,Fz,W0,0.171875,-17.209056660101453,-22.935427860617356,-11.988776190525574
2,-1,Fz,W0,0.17578125,-17.759970446899718,-23.500643434364164,-12.370024773565284
2,-1,Fz,W0,0.1796875,-18.387057270112049,-24.126997474676273,-12.857413069438682
2,-1,Fz,W0,0.18359375,-19.014815215807847,-24.803950132657828,-13.442722517186521
2,-1,Fz,W0,0.1875,-19.588660045011263,-25.393978044929828,-14.014431868093791
2,-1,Fz,W0,0.19140625,-20.087773549871915,-25.841133808920226,-14.582973192268195
2,-1,Fz,W0,0.1953125,-20.523545720885309,-26.300719149047765,-15.184333100460353
2,-1,Fz,W0,0.19921875,-20.928487899176456,-27.007116069740707,-15.807405739065818
2,-1,Fz,W0,0.203125,-21.341932664729377,-27.213881230699098,-16.265076960611783
2,-1,Fz,W0,0.20703125,-21.795970906361941,-27.58358827193338,-16.783585628045298
2,-1,Fz,W0,0.2109375,-22.303403689973162,-28.095234434991244,-17.332378049565321
2,-1,Fz,W0,0.21484375,-22.850954318627043,-28.53552669176133,-17.807859776541253
2,-1,Fz,W0,0.21875,-23.401465200530609,-28.956261125028039,-18.316559880963236
2,-1,Fz,W0,0.22265625,-23.905036650054896,-29.666884126221721,-18.704961217297154
2,-1,Fz,W0,0.2265625,-24.314090855134179,-30.236532793567331,-19.146417825079904
2,-1,Fz,W0,0.23046875,-24.596260783424164,-30.652714788478338,-19.343809897239684
2,-1,Fz,W0,0.234375,-24.741232785103257,-30.977142167754117,-19.355901590945312
2,-1,Fz,W0,0.23828125,-24.759186287925754,-31.106799135544701,-19.210077456291536
2,-1,Fz,W0,0.2421875,-24.670706357069946,-31.238519633487865,-18.937845309192493
2,-1,Fz,W0,0.24609375,-24.494157557668483,-31.128841966605968,-18.632197095028786
2,-1,Fz,W0,0.25,-24.24022635215622,-30.934668478426698,-18.499345050384534
2,-1,Fz,W0,0.25390625,-23.916783153674199,-30.706800409809496,-18.218898352602569
2,-1,Fz,W0,0.2578125,-23.537246788157162,-30.405755842975349,-17.694512905984784
2,-1,Fz,W0,0.26171875,-23.124910185492453,-30.212386144919829,-17.193400862377452
2,-1,Fz,W0,0.265625,-22.71229736589224,-30.047682047372938,-16.649077214718741
2,-1,Fz,W0,0.26953125,-22.33743146741941,-29.648164570659631,-16.202674629334801
2,-1,Fz,W0,0.2734375,-22.036429877327809,-29.268202617855398,-16.161343867191647
2,-1,Fz,W0,0.27734375,-21.831692797199583,-29.019559268447622,-16.026581958682236
2,-1,Fz,W0,0.28125,-21.719893786721784,-29.080606080647559,-15.89177649051002
2,-1,Fz,W0,0.28515625,-21.668343415797668,-29.143791797421311,-15.7381064708596
2,-1,Fz,W0,0.2890625,-21.625853340917057,-29.083450702874952,-15.564968138313612
2,-1,Fz,W0,0.29296875,-21.545701588135522,-28.946423994919108,-15.486889092427059
2,-1,Fz,W0,0.296875,-21.410577192794129,-28.742811810274812,-15.365758744949577
2,-1,Fz,W0,0.30078125,-21.247249196405782,-28.536809939629396,-15.248236507109253
2,-1,Fz,W0,0.3046875,-21.121156389457315,-28.351034541029268,-15.221801029789019
2,-1,Fz,W0,0.30859375,-21.108146388389805,-28.243966961883075,-15.383485537055094
2,-1,Fz,W0,0.3125,-21.253928362175252,-28.443246629891242,-15.597123886369317
2,-1,Fz,W0,0.31640625,-21.543944693623274,-28.718313085626885,-15.872062187440719
2,-1,Fz,W0,0.3203125,-21.903425238786088,-29.064772779930827,-16.096514981653637
2,-1,Fz,W0,0.32421875,-22.228961805602879,-29.382194976837376,-16.372373785615327
2,-1,Fz,W0,0.328125,-22.43485899031888,-29.536961675233652,-16.724828100802419
2,-1,Fz,W0,0.33203125,-22.491971668916044,-29.511115238521111,-16.962183814169048
2,-1,Fz,W0,0.3359375,-22.442075681027944,-29.333561823129017,-16.94339991745025
2,-1,Fz,W0,0.33984375,-22.380943762561486,-29.152633125962431,-16.790502391771568
2,-1,Fz,W0,0.34375,-22.416218595986898,-29.306436320682977,-16.805894972686286
2,-1,Fz,W0,0.34765625,-22.619653726883399,-29.693013113770405,-16.835676330243089
2,-1,Fz,W0,0.3515625,-22.998642303431858,-30.249710819631947,-16.981848596478223
2,-1,Fz,W0,0.35546875,-23.501208125987365,-30.932412402678558,-17.298475089112987
2,-1,Fz,W0,0.359375,-24.047803953644223,-31.525330840596823,-17.777158988950145
2,-1,Fz,W0,0.36328125,-24.569019457662531,-32.131647756298747,-18.257925175543278
2,-1,Fz,W0,0.3671875,-25.029732287560336,-32.415409160180182,-18.741992233798392
2,-1,Fz,W0,0.37109375,-25.432068476420099,-32.613078009053105,-19.211807363145166
2,-1,Fz,W0,0.375,-25.802545153134712,-32.978312435443456,-19.66378259763944
2,-1,Fz,W0,0.37890625,-26.176513215999627,-33.352540928470688,-20.109277218891247
2,-1,Fz,W0,0.3828125,-26.590372727376703,-33.864017944494087,-20.540238579044491
2,-1,Fz,W0,0.38671875,-27.080063250614224,-34.532509768188739,-20.860484569962917
2,-1,Fz,W0,0.390625,-27.675676873095139,-35.282342463746524,-21.3122560119015
2,-1,Fz,W0,0.39453125,-28.388126476269182,-36.059253383136237,-21.864693192708547
2,-1,Fz,W0,0.3984375,-29.197110006290906,-36.735094095697143,-22.591216949264165
2,-1,Fz,W0,0.40234375,-30.051892230108884,-37.526691627262657,-23.335234545886806
2,-1,Fz,W0,0.40625,-30.884671198102179,-38.467014297601843,-24.119827239753988
2,-1,Fz,W0,0.41015625,-31.626652148062462,-39.483166119993335,-24.878985725728292
2,-1,Fz,W0,0.4140625,-32.22028355937519,-40.287413705772657,-25.295601725578873
2,-1,Fz,W0,0.41796875,-32.628856964992508,-40.821378864206046,-25.624420967521548
2,-1,Fz,W0,0.421875,-32.844821644880085,-41.233482740963296,-25.64142788359144
2,-1,Fz,W0,0.42578125,-32.89277329311173,-41.506561532256015,-25.498580923649424
2,-1,Fz,W0,0.4296875,-32.822035438349936,-41.685123098332589,-25.09018351031105
2,-1,Fz,W0,0.43359375,-32.689795964702391,-41.8863114331091,-24.787519550458313
2,-1,Fz,W0,0.4375,-32.542558187887799,-42.046118378568352,-24.522404253785556
2,-1,Fz,W0,0.44140625,-32.404586046136856,-42.00813252314542,-24.143102978689083
2,-1,Fz,W0,0.4453125,-32.276790911873299,-42.086518744826463,-23.667210528404929
2,-1,Fz,W0,0.44921875,-32.143131011526314,-42.11864516386391,-23.1214628007546
2,-1,Fz,W0,0.453125,-31.978489298667846,-41.978995424008602,-22.680617459405902
2,-1,Fz,W0,0.45703125,-31.752941285919263,-41.665351426327732,-22.287970638348792
2,-1,Fz,W0,0.4609375,-31.431450563398773,-41.450353220011081,-22.065749611283245
2,-1,Fz,W0,0.46484375,-30.973527610168503,-41.197222425715182,-21.829470106868264
2,-1,Fz,W0,0.46875,-30.339921323575432,-40.673103537567322,-21.407366556300797
2,-1,Fz,W0,0.47265625,-29.50903254245242,-39.851380770522042,-20.537065256699982
2,-1,Fz,W0,0.4765625,-28.49658268729597,-38.570255870081596,-19.809925824214204
2,-1,Fz,W0,0.48046875,-27.365338588563759,-37.357737613741612,-18.811434172389532
2,-1,Fz,W0,0.484375,-26.213306889509301,-35.983650399666296,-17.8252584199737
2,-1,Fz,W0,0.48828125,-25.139851515655799,-34.746002217394661,-17.103679072425969
2,-1,Fz,W0,0.4921875,-24.204157276949843,-33.702233707965235,-16.389484975209211
2,-1,Fz,W0,0.49609375,-23.398111556153147,-32.676498295514733,-15.585768276833697
2,-1,Fz,W0,0.5,-22.648505925691744,-31.768795019531098,-14.859582063568489
2,-1,Fz,W0,0.50390625,-21.846726565145733,-31.122718717973296,-13.815329318693093
2,-1,Fz,W0,0.5078125,-20.890355197623293,-30.192323483959161,-12.744865948815162
2,-1,Fz,W0,0.51171875,-19.717900046635474,-28.962169687183739,-11.460197221518913
2,-1,Fz,W0,0.515625,-18.323771230304612,-27.708752414274255,-9.9091571013952073
2,-1,Fz,W0,0.51953125,-16.750096724343795,-26.218856356277296,-8.3693988679550078
2,-1,Fz,W0,0.5234375,-15.061181875863632,-24.530463094590782,-6.7817119223468154
2,-1,Fz,W0,0.52734375,-13.313390617541781,-22.618244822083465,-5.1166694016464493
2,-1,Fz,W0,0.53125,-11.534648024726726,-20.425391151068006,-3.3785294637908438
2,-1,Fz,W0,0.53515625,-9.7206165518334089,-18.676224317274787,-1.6041179185972785
2,-1,Fz,W0,0.5390625,-7.8431934221919413,-16.963491113032898,0.28803671714913437
2,-1,Fz,W0,0.54296875,-5.8621464247333632,-15.288364801786321,2.1532677308419013
2,-1,Fz,W0,0.546875,-3.7364298704907779,-13.15457600733111,4.2283146456997187
2,-1,Fz,W0,0.55078125,-1.4381877221421424,-10.656903426208938,6.742627676751991
2,-1,Fz,W0,0.5546875,1.0305255115293017,-8.2871765693124679,9.0296876164853739
2,-1,Fz,W0,0.55859375,3.6264580159482778,-5.6870600052961331,11.698168431187819
2,-1,Fz,W0,0.5625,6.2689747629575097,-3.0226605058854918,14.197669988844542
2,-1,Fz,W0,0.56640625,8.8609361130477176,-0.47122052100203526,16.661655779738577
2,-1,Fz,W0,0.5703125,11.319591063335949,1.7825599575779476,19.374349866075196
2,-1,Fz,W0,0.57421875,13.605662595728443,3.9805511585422506,21.739415257348973
2,-1,Fz,W0,0.578125,15.737675374769006,5.8758054192379117,24.392828561766787
2,-1,Fz,W0,0.58203125,17.782122084790579,7.8103292132293252,26.592151803416726
2,-1,Fz,W0,0.5859375,19.821046011602736,9.8596973134221155,28.765438424422097
2,-1,Fz,W0,0.58984375,21.912284526250545,12.15559119799916,30.994562113551861
2,-1,Fz,W0,0.59375,24.062414407016053,14.246411544891538,33.374397611659688
2,-1,Fz,W0,0.59765625,26.223564168723723,16.710014095865649,35.785738469167825
2,-1,Fz,W0,0.6015625,28.311240608381905,19.200499473358757,38.250336555240018
2,-1,Fz,W0,0.60546875,30.23265695333113,21.312893405494098,40.305850307370051
2,-1,Fz,W0,0.609375,31.915583361057426,23.14106194724069,42.289712590838278
2,-1,Fz,W0,0.61328125,33.330314377973664,24.481114243738084,43.922349098806208
2,-1,Fz,W0,0.6171875,34.498562388223732,25.533427133452726,45.241948410378889
2,-1,Fz,W0,0.62109375,35.485671397198296,26.423134275696405,46.554044303203312
2,-1,Fz,W0,0.625,36.378769930883927,27.012659397380816,47.889972799872126
2,-1,Fz,W0,0.62890625,37.259861239841683,27.783753195804724,48.806825361460369
2,-1,Fz,W0,0.6328125,38.18408055060884,28.458691922260346,49.660245887717686
2,-1,Fz,W0,0.63671875,39.169447801409021,29.440693722088159,50.870813550986178
2,-1,Fz,W0,0.640625,40.199208020145306,30.443740297942959,52.056064660466994
2,-1,Fz,W0,0.64453125,41.232638508301839,31.615365377870152,53.135546142718326
2,-1,Fz,W0,0.6484375,42.216466507133532,32.746976482328201,53.893715539211755
2,-1,Fz,W0,0.65234375,43.09209652493864,33.821575727508325,54.478767156599318
2,-1,Fz,W0,0.65625,43.803449245806242,34.606943181334252,54.861422402350122
2,-1,Fz,W0,0.66015625,44.313425863265749,35.204909225462707,55.111808719661781
2,-1,Fz,W0,0.6640625,44.624452729782725,35.755825249640509,55.169576027613374
2,-1,Fz,W0,0.66796875,44.783676182106532,35.808398205676312,55.122080822529455
2,-1,Fz,W0,0.671875,44.859025511023987,35.71792346742216,54.780011521814998
2,-1,Fz,W0,0.67578125,44.898168402794155,35.778842551953751,54.572023571577681
2,-1,Fz,W0,0.6796875,44.901567926033323,35.719326609865362,54.499109431613071
2,-1,Fz,W0,0.68359375,44.832493523188298,35.573166818824653,54.463837745941667
2,-1,Fz,W0,0.6875,44.658223755536469,35.40432672531869,53.882031856114416
2,-1,Fz,W0,0.69140625,44.391628762812338,35.458369167966268,53.455934909147992
2,-1,Fz,W0,0.6953125,44.099368647143606,35.314156722298868,52.868820054245745
2,-1,Fz,W0,0.69921875,43.865704252602832,35.520184609885114,52.216752883552047
2,-1,Fz,W0,0.703125,43.735654312396868,35.593433714741352,52.070731915265334
2,-1,Fz,W0,0.70703125,43.68089992482291,35.887141446937903,51.90129019867144
2,-1,Fz,W0,0.7109375,43.617238522657161,35.698970685479068,51.580698881928946
2,-1,Fz,W0,0.71484375,43.464136437770975,35.629600733934673,51.580266314697617
2,-1,Fz,W0,0.71875,43.206269657225427,35.156716898530554,51.267677683732209
2,-1,Fz,W0,0.72265625,42.915419221169834,34.611502033040594,50.702580056266854
2,-1,Fz,W0,0.7265625,42.71659383402789,34.402530383561725,50.41789703861896
2,-1,Fz,W0,0.73046875,42.717297101629669,34.382577209417121,50.610190577520051
2,-1,Fz,W0,0.734375,42.942255284837451,34.882151825514292,50.731766579473991
2,-1,Fz,W0,0.73828125,43.312573265703797,35.530915967159274,51.157691476268205
2,-1,Fz,W0,0.7421875,43.679401971725468,36.09725709795034,51.776508357726371
2,-1,Fz,W0,0.74609375,43.888187299826214,36.344212498978614,51.975449907766354
2,-1,Fz,W0,0.75,43.836070640086547,36.236901880051768,51.920261226512395
2,-1,Fz,W0,0.75390625,43.499160953857228,35.716980489428252,51.613415105057037
2,-1,Fz,W0,0.7578125,42.929462811747875,35.093506873763296,51.086734881915248
2,-1,Fz,W0,0.76171875,42.231671461935662,34.346601904543313,50.467029354250812
2,-1,Fz,W0,0.765625,41.528336510554453,33.569916771058246,49.848491629175449
2,-1,Fz,W0,0.76953125,40.922368371275624,32.850449464212559,49.312892815327551
2,-1,Fz,W0,0.7734375,40.470863673830678,32.316461260041258,49.053683019291206
2,-1,Fz,W0,0.77734375,40.181703192057114,32.153032526996121,49.069454351479209
2,-1,Fz,W0,0.78125,40.029839830439904,31.894406494241551,49.044554509525433
2,-1,Fz,W0,0.78515625,39.977010336330714,31.851389235741788,49.189019318140772
2,-1,Fz,W0,0.7890625,39.980795889068588,31.689873918315325,49.581226609922041
2,-1,Fz,W0,0.79296875,39.992575952389814,31.474224828638672,49.589770182035771
2,-1,Fz,W0,0.796875,39.953978925022987,31.077435839807233,49.919040425465639
2,-1,F3,W0,-0.19921875,-5.2116558287981132,-13.538290522034684,2.837834239424045
2,-1,F3,W0,-0.1953125,-4.3226411264544566,-11.990772917322857,3.2505994756551373
2,-1,F3,W0,-0.19140625,-3.5282305605488533,-10.820819723796543,3.4921131333438646
2,-1,F3,W0,-0.1875,-3.0115336583924459,-9.8828765346516132,3.9113337035552944
2,-1,F3,W0,-0.18359375,-2.7489928736121767,-9.3215212667101373,4.1064820405350133
2,-1,F3,W0,-0.1796875,-2.6320975373974171,-8.987051814730501,3.9926917780130298
2,-1,F3,W0,-0.17578125,-2.5751418378852726,-8.863307631890196,3.8960295653238188
2,-1,F3,W0,-0.171875,-2.5575411308621638,-8.6224705178651657,3.6768166661322872
2,-1,F3,W0,-0.16796875,-2.6004840991406954,-8.5721617729151038,3.4419775884566866
2,-1,F3,W0,-0.1640625,-2.7148520713480604,-8.3800181797063633,3.2953244651099438
2,-1,F3,W0,-0.16015625,-2.8646513085430807,-8.400165375256849,3.1325046337537241
2,-1,F3,W0,-0.15625,-2.9705028536598461,-8.4367034308423818,2.9476331196563379
2,-1,F3,W0,-0.15234375,-2.9472026339032298,-8.1893274431787386,2.94895538764432
2,-1,F3,W0,-0.1484375,-2.7472814668754131,-7.777951211636311,3.0169213393007279
2,-1,F3,W0,-0.14453125,-2.3813242012723554,-7.1812209586472555,3.0928795595624421
2,-1,F3,W0,-0.140625,-1.90477375522212,-6.3338546294084699,3.2229921372621648
2,-1,F3,W0,-0.13671875,-1.3847336630079436,-5.3947861896728604,3.2317212352816238
2,-1,F3,W0,-0.1328125,-0.87020019277458915,-4.4493201754690874,3.0738359492785623
2,-1,F3,W0,-0.12890625,-0.38129225200868105,-3.4116521542744791,2.8539959610233661
2,-1,F3,W0,-0.125,0.080939578327234946,-2.4756714768466588,2.7292157564789012
2,-1,F3,W0,-0.12109375,0.51317684442218015,-1.5095818730761015,2.7430674704256548
2,-1,F3,W0,-0.1171875,0.89209488622399025,-0.82477590781956267,2.7487000072465668
2,-1,F3,W0,-0.11328125,1.1743755585069158,-0.21123410146829344,2.6581592046272804
2,-1,F3,W0,-0.109375,1.3176079056949861,0.21479320715977146,2.5209582793562015
2,-1,F3,W0,-0.10546875,1.3099066243900672,0.31823305674490893,2.4487918593830744
2,-1,F3,W0,-0.1015625,1.1881207137471979,0.074788306435867341,2.3439240929210374
2,-1,F3,W0,-0.09765625,1.0303242676790445,-0.35214171054183036,2.5022204080173664
2,-1,F3,W0,-0.09375,0.92383042024268391,-0.77062374497092756,2.6540876572412926
2,-1,F3,W0,-0.08984375,0.92452977672612435,-1.2598603662715406,3.0493240621281901
2,-1,F3,W0,-0.0859375,1.0285431352826844,-1.6396352417478899,3.5359829048514513
2,-1,F3,W0,-0.08203125,1.1716768150887515,-1.7906409853349834,3.9569673626577715
2,-1,F3,W0,-0.078125,1.2588916209515899,-2.0196388609998275,4.2895824431901968
2,-1,F3,W0,-0.07421875,1.2105015327671407,-2.3709582974769781,4.5780574968671868
2,-1,F3,W0,-0.0703125,1.0027466932106179,-2.8286260968264467,4.7888301182709032
2,-1,F3,W0,-0.06640625,0.68356991970332026,-3.5776896105195481,4.724883864145335
2,-1,F3,W0,-0.0625,0.35665193498801168,-4.2385127898321144,4.7729321128258047
2,-1,F3,W0,-0.05859375,0.14104773284944239,-4.5960873251497647,4.7771431465471776
2,-1,F3,W0,-0.0546875,0.12591837529145655,-4.8789718764019625,4.9222115779053333
2,-1,F3,W0,-0.05078125,0.34378843736572967,-4.8596008669756001,5.2308647271607258
2,-1,F3,W0,-0.046875,0.77395022176004435,-4.7390681838596578,5.7650903741549779
2,-1,F3,W0,-0.04296875,1.3653954340286054,-4.2206696903231151,6.5314380213372596
2,-1,F3,W0,-0.0390625,2.0556790195947525,-3.643693398942272,7.3736227400607852
2,-1,F3,W0,-0.03515625,2.7714555430311658,-3.3149494549124294,8.3332926763169812
2,-1,F3,W0,-0.03125,3.4193536201250225,-2.9824186413981537,9.163617316046178
2,-1,F3,W0,-0.02734375,3.8900556690571335,-2.9564101351671175,9.8628547372945707
2,-1,F3,W0,-0.0234375,4.0887711087467276,-2.9101535636181599,10.366372874240319
2,-1,F3,W0,-0.01953125,3.9789795418156717,-3.1732716697982726,10.592274571397933
2,-1,F3,W0,-0.015625,3.6078576238480413,-3.6498701817180792,10.363860677166533
2,-1,F3,W0,-0.01171875,3.0896992987572793,-4.4065289657388096,10.24631799387112
2,-1,F3,W0,-0.0078125,2.5528733851435237,-5.1950653270706981,10.073555941878666
2,-1,F3,W0,-0.00390625,2.0828198123397734,-6.1141698180499615,9.930909295697635
2,-1,F3,W0,0,1.6960909866000837,-6.8530447373174965,9.8022424433128599
2,-1,F3,W0,0.00390625,1.3564911840813301,-7.408578513274481,9.68412350795702
2,-1,F3,W0,0.0078125,1.0149290735444267,-7.9155423116936214,9.4310086065422674
2,-1,F3,W0,0.01171875,0.64391248672074297,-8.3824961179908186,9.4590463891386616
2,-1,F3,W0,0.015625,0.24966946321597261,-9.0862073279586255,9.1167872944349693
2,-1,F3,W0,0.01953125,-0.13607978468830517,-9.5797553842375684,8.7995803086156155
2,-1,F3,W0,0.0234375,-0.47243571419950886,-9.904914869367321,8.6721123511564393
2,-1,F3,W0,0.02734375,-0.72325567787958078,-10.281864147585672,8.5540716625971367
2,-1,F3,W0,0.03125,-0.86535857703481445,-10.405343796370369,8.6368234729716846
2,-1,F3,W0,0.03515625,-0.89208669965577247,-10.639900274080993,8.7159257971690351
2,-1,F3,W0,0.0390625,-0.81312462944429653,-10.839760885088824,8.7980077846686875
2,-1,F3,W0,0.04296875,-0.65067014732817741,-10.929848749029336,9.2474022462096848
2,-1,F3,W0,0.046875,-0.43334857776212132,-11.021697982484518,9.8162294380967072
2,-1,F3,W0,0.05078125,-0.19016962382623556,-11.248696026332004,10.35079329734382
2,-1,F3,W0,0.0546875,0.054856361978323435,-11.397429363126243,10.753847207389441
2,-1,F3,W0,0.05859375,0.28819835142530281,-11.691139610718464,11.295864329602678
2,-1,F3,W0,0.0625,0.51111696678809493,-12.095236979088497,12.042037774422349
2,-1,F3,W0,0.06640625,0.73884236704295425,-12.472920826204396,12.588019277682251
2,-1,F3,W0,0.0703125,0.99141773184205495,-12.806638680181024,13.250208127326664
2,-1,F3,W0,0.07421875,1.2769961342048233,-12.99856925071404,14.007797920264956
2,-1,F3,W0,0.078125,1.5743279328382718,-12.887075143040134,14.766655598783304
2,-1,F3,W0,0.08203125,1.8272058503084998,-12.585048150616226,15.135323170419053
2,-1,F3,W0,0.0859375,1.9617955342703155,-12.220200628341439,15.20833633014629
2,-1,F3,W0,0.08984375,1.922479553919997,-12.241156047029891,15.135432669359265
2,-1,F3,W0,0.09375,1.7043129340118082,-12.672030238328265,15.093199894169812
2,-1,F3,W0,0.09765625,1.3593493214776919,-13.159688457643888,14.979834099768954
2,-1,F3,W0,0.1015625,0.97244094877531684,-13.779413935175317,14.863894679525272
2,-1,F3,W0,0.10546875,0.62241760153986281,-14.566441543875719,14.878107000045548
2,-1,F3,W0,0.109375,0.35089372370947364,-15.182539592017534,14.877754668430301
2,-1,F3,W0,0.11328125,0.15285018562371139,-15.604445444604849,14.780137632644193
2,-1,F3,W0,0.1171875,-0.01074012704603053,-15.906062077278039,14.640654705535903
2,-1,F3,W0,0.12109375,-0.18882926355068408,-16.112230753634471,14.672563335464634
2,-1,F3,W0,0.125,-0.41770603477410434,-16.27834601410504,14.816588685415441
2,-1,F3,W0,0.12890625,-0.70791584271177732,-16.694425100245244,14.333109043144367
2,-1,F3,W0,0.1328125,-1.0425113319785944,-17.228559665807182,14.045291942720803
2,-1,F3,W0,0.13671875,-1.3844504615641358,-17.905275359905513,14.05201365351852
2,-1,F3,W0,0.140625,-1.6888396222402045,-18.668839664102876,13.906357139320699
2,-1,F3,W0,0.14453125,-1.9160368190818275,-19.356274387964262,14.026414520684382
2,-1,F3,W0,0.1484375,-2.0445294289395299,-19.915074066413503,14.202499145138283
2,-1,F3,W0,0.15234375,-2.0834154437671368,-20.314671720213727,14.604780545709707
2,-1,F3,W0,0.15625,-2.0793762538212963,-20.614027248174683,14.66101365745326
2,-1,F3,W0,0.16015625,-2.1088241607409386,-21.023619511279232,14.528327359606205
2,-1,F3,W0,0.1640625,-2.2524002480801544,-21.549297295221617,14.780663062514902
2,-1,F3,W0,0.16796875,-2.5621603668555499,-22.215052298507064,14.792524835404103
2,-1,F3,W0,0.171875,-3.0377102779053775,-22.960727755318924,14.567743270758553
2,-1,F3,W0,0.17578125,-3.6225084868277784,-23.793465170701534,14.106696088788151
2,-1,F3,W0,0.1796875,-4.2228925087970239,-24.574897788829059,13.608776433833263
2,-1,F3,W0,0.18359375,-4.7440025089521196,-25.202019470266986,13.204484707185038
2,-1,F3,W0,0.1875,-5.1283207953501782,-25.603379697360321,12.986523611814112
2,-1,F3,W0,0.19140625,-5.3782624093480047,-25.815342165536322,12.839204666999386
2,-1,F3,W0,0.1953125,-5.5505726704912872,-25.896796316363048,12.757714196614444
2,-1,F3,W0,0.19921875,-5.7259833731049889,-25.933197539506036,12.534636309076308
2,-1,F3,W0,0.203125,-5.9719474392672476,-26.108028630928462,12.264120029294926
2,-1,F3,W0,0.20703125,-6.3178234406466149,-26.549044901006862,11.988345647795308
2,-1,F3,W0,0.2109375,-6.7499584425351795,-27.021194460491866,11.650535453793854
2,-1,F3,W0,0.21484375,-7.2210418297424335,-27.639717186781986,11.532009748804997
2,-1,F3,W0,0.21875,-7.6652596036804637,-28.35440026464633,11.604206249693377
2,-1,F3,W0,0.22265625,-8.0153045181752614,-29.395129131028877,11.661466724328424
2,-1,F3,W0,0.2265625,-8.2194947711406297,-30.272329838615704,11.68708843408756
2,-1,F3,W0,0.23046875,-8.2554534822977086,-30.851803663959338,11.89873492873086
2,-1,F3,W0,0.234375,-8.1354907242179095,-31.248525958899577,12.270871158002642
2,-1,F3,W0,0.23828125,-7.8996944682640384,-31.386605883437504,12.77198407715829
2,-1,F3,W0,0.2421875,-7.5967785896785367,-31.247737890300357,13.336218646955896
2,-1,F3,W0,0.24609375,-7.2611292012159971,-31.027300372018701,13.967931255523046
2,-1,F3,W0,0.25,-6.9005348887040237,-30.754204589408999,14.666727105841717
2,-1,F3,W0,0.25390625,-6.5028906654266763,-30.47616970558224,15.411388811775813
2,-1,F3,W0,0.2578125,-6.0556023487283497,-30.189163698186999,16.153303881042156
2,-1,F3,W0,0.26171875,-5.5635302606351704,-29.872208960052109,17.046592019033042
2,-1,F3,W0,0.265625,-5.0555386870116683,-29.559479986968007,17.804170072193369
2,-1,F3,W0,0.26953125,-4.5777513561614001,-29.140147049075789,18.362300570369392
2,-1,F3,W0,0.2734375,-4.1766627069185303,-28.646010358691768,18.694327058147689
2,-1,F3,W0,0.27734375,-3.8786145676332726,-28.219611976373717,18.812298931457647
2,-1,F3,W0,0.28125,-3.6753485048898615,-27.934223490704902,18.765510577603347
2,-1,F3,W0,0.28515625,-3.5251761713782823,-27.775451323197739,18.634823819777214
2,-1,F3,W0,0.2890625,-3.3720437634009368,-27.723430376441495,18.644831903309342
2,-1,F3,W0,0.29296875,-3.173192123393044,-27.595832793254345,18.93391242417842
2,-1,F3,W0,0.296875,-2.9204225172180838,-27.352928869008807,19.448722939940886
2,-1,F3,W0,0.30078125,-2.6458685426199611,-27.295919484072407,20.084309123800043
2,-1,F3,W0,0.3046875,-2.4121733665794425,-27.144243953544173,20.582938494000594
2,-1,F3,W0,0.30859375,-2.2898901584053379,-27.092380255995248,20.808382013222499
2,-1,F3,W0,0.3125,-2.3269029528357073,-27.425757319353156,20.761537977272106
2,-1,F3,W0,0.31640625,-2.5218385960931471,-28.010225106300563,20.672322460149086
2,-1,F3,W0,0.3203125,-2.8174571424892862,-28.458666959641064,20.441405164447712
2,-1,F3,W0,0.32421875,-3.1210760181472157,-28.875376248181212,20.185878254426395
2,-1,F3,W0,0.328125,-3.3423704822653426,-29.208673412509089,20.027463690554615
2,-1,F3,W0,0.33203125,-3.4283712002880868,-29.221750596707089,20.048534719735848
2,-1,F3,W0,0.3359375,-3.3789051175099711,-29.142229349204122,20.265722010899253
2,-1,F3,W0,0.33984375,-3.238574495349329,-29.053320870384884,20.628697141856343
2,-1,F3,W0,0.34375,-3.0731061215222519,-29.000602684111819,20.928621090094097
2,-1,F3,W0,0.34765625,-2.942640473130314,-29.00063375458549,21.446259771732493
2,-1,F3,W0,0.3515625,-2.8832477492682749,-29.337515908539242,22.049034709427957
2,-1,F3,W0,0.35546875,-2.9031448130127395,-29.879355095103605,22.33856752565277
2,-1,F3,W0,0.359375,-2.9930361092370505,-30.374616814904055,22.528974216517714
2,-1,F3,W0,0.36328125,-3.1424447406374139,-30.747403457975214,22.45903650057091
2,-1,F3,W0,0.3671875,-3.3501489440675871,-30.990026534812799,22.15415456076931
2,-1,F3,W0,0.37109375,-3.6218621023576967,-31.165312053067932,21.780670668397899
2,-1,F3,W0,0.375,-3.9604120390285282,-31.349933275970489,21.360633290077086
2,-1,F3,W0,0.37890625,-4.3614412563161613,-31.654000745386472,20.986173771459278
2,-1,F3,W0,0.3828125,-4.8206029796195731,-32.178910952329055,20.791771713275459
2,-1,F3,W0,0.38671875,-5.3424330895705738,-32.842380000353444,20.73808866076677
2,-1,F3,W0,0.390625,-5.9364528270876296,-33.586756482181748,20.634574593886907
2,-1,F3,W0,0.39453125,-6.600941798081271,-34.355240681735125,20.165566859183219
2,-1,F3,W0,0.3984375,-7.3110138983473041,-35.093748897990373,19.622210095308208
2,-1,F3,W0,0.40234375,-8.0234766039010399,-35.781156453975498,18.752404653580339
2,-1,F3,W0,0.40625,-8.692175143450541,-36.421469669435943,17.819900484810791
2,-1,F3,W0,0.41015625,-9.2787209039442224,-37.122385382927824,17.066661832157525
2,-1,F3,W0,0.4140625,-9.7534783358544246,-37.511947457142313,16.573542674443267
2,-1,F3,W0,0.41796875,-10.094347933528541,-37.91916734966513,16.308374088289611
2,-1,F3,W0,0.421875,-10.29045051531704,-38.268552279178152,16.282486496291202
2,-1,F3,W0,0.42578125,-10.348144790006911,-38.567587143542234,16.538766728646308
2,-1,F3,W0,0.4296875,-10.291905829004,-38.886427139131548,16.813912861422146
2,-1,F3,W0,0.43359375,-10.157427685532456,-39.026712718346445,17.280921928382661
2,-1,F3,W0,0.4375,-9.9809153326364761,-39.127743635266974,17.82087578882777
2,-1,F3,W0,0.44140625,-9.7888443032138763,-39.169816103064477,18.334682194356922
2,-1,F3,W0,0.4453125,-9.5893915465585646,-39.124246013909008,18.759633537235953
2,-1,F3,W0,0.44921875,-9.3676024127039756,-38.829460354512889,18.994962380924552
2,-1,F3,W0,0.453125,-9.0891110260704675,-38.375574681914202,19.054555684978254
2,-1,F3,W0,0.45703125,-8.7133617680955222,-37.784860408054541,19.369569890747787
2,-1,F3,W0,0.4609375,-8.2080747223470922,-37.020973523909582,19.839278480723497
2,-1,F3,W0,0.46484375,-7.5545336807231331,-36.325422742921702,20.261655614344175
2,-1,F3,W0,0.46875,-6.7435955908699698,-35.215584614581878,20.793820860188681
2,-1,F3,W0,0.47265625,-5.7738674162958992,-33.880898630205465,21.580430886041675
2,-1,F3,W0,0.4765625,-4.6614574261133299,-32.483479911560671,22.561028112465195
2,-1,F3,W0,0.48046875,-3.4552623927419397,-31.080562645163514,23.680167042746564
2,-1,F3,W0,0.484375,-2.2394576819747756,-29.687308879004771,24.836037920502598
2,-1,F3,W0,0.48828125,-1.1109006825938808,-28.365123510766683,25.948100975477541
2,-1,F3,W0,0.4921875,-0.13929607344096254,-27.146918043717012,27.073341160716055
2,-1,F3,W0,0.49609375,0.66745351434954847,-26.019122027969257,27.908496882583801
2,-1,F3,W0,0.5,1.3731695960586112,-25.111866055402331,28.452427387433264
2,-1,F3,W0,0.50390625,2.0928727008909682,-24.225974837726653,29.18276976597647
2,-1,F3,W0,0.5078125,2.9498256256632933,-23.032663219825764,29.852354480537134
2,-1,F3,W0,0.51171875,4.027561759539819,-21.683588219383505,31.163575297535711
2,-1,F3,W0,0.515625,5.3372596979280695,-20.214099820055619,32.427169090181103
2,-1,F3,W0,0.51953125,6.8150258356580036,-18.845422766976146,33.97438202881311
2,-1,F3,W0,0.5234375,8.351135660777139,-17.726447706499016,35.661109624606091
2,-1,F3,W0,0.52734375,9.8392286907002084,-16.586317465264028,37.385396290110521
2,-1,F3,W0,0.53125,11.22311757889239,-15.469425666698783,39.021616632212137
2,-1,F3,W0,0.53515625,12.519157057858337,-14.391602100436593,40.514733851166127
2,-1,F3,W0,0.5390625,13.806649375992318,-13.17237686945546,41.940122808840407
2,-1,F3,W0,0.54296875,15.197736354567107,-11.752254184980185,43.417156663599521
2,-1,F3,W0,0.546875,16.804630259288739,-10.130071770384705,44.920009114907103
2,-1,F3,W0,0.55078125,18.712132630240728,-8.2249336244532394,46.730548395269203
2,-1,F3,W0,0.5546875,20.952095660900142,-6.0027946867160002,48.827278374453272
2,-1,F3,W0,0.55859375,23.479088875340242,-3.6228316514968411,51.36198686422447
2,-1,F3,W0,0.5625,26.160244923451998,-1.271834874603524,54.028603092687497
2,-1,F3,W0,0.56640625,28.798898843120664,1.1091650858159583,56.761504910772054
2,-1,F3,W0,0.5703125,31.197429999118604,3.4117769285700286,59.467269242330424
2,-1,F3,W0,0.57421875,33.23616669172393,5.0914509355130839,61.919494620070502
2,-1,F3,W0,0.578125,34.925764031367244,6.1735723770398243,64.069887866388228
2,-1,F3,W0,0.58203125,36.399592441781706,7.1692610704678881,66.019163677059566
2,-1,F3,W0,0.5859375,37.846605736572172,8.3312858629668316,67.906148344189546
2,-1,F3,W0,0.58984375,39.419963795175811,9.607269118263515,69.827389840372135
2,-1,F3,W0,0.59375,41.168886803784446,11.171174561046479,71.792526675904369
2,-1,F3,W0,0.59765625,43.024422010453151,13.004818335930638,73.735925795332662
2,-1,F3,W0,0.6015625,44.837763041031508,14.622327097485808,75.534389513647895
2,-1,F3,W0,0.60546875,46.44526112376608,16.11715958357134,77.092227036604925
2,-1,F3,W0,0.609375,47.729759847837585,17.197759022780623,78.477619523925298
2,-1,F3,W0,0.61328125,48.657354290439798,17.697108238036257,79.694382136589667
2,-1,F3,W0,0.6171875,49.280321757608895,17.798302095077254,80.77209115947548
2,-1,F3,W0,0.62109375,49.707717524901661,17.865458076714088,81.433349337383348
2,-1,F3,W0,0.625,50.057185709220107,17.818331676748915,81.938578698740443
2,-1,F3,W0,0.62890625,50.410718163285608,18.108593821717221,82.330243509477981
2,-1,F3,W0,0.6328125,50.794725862245379,18.480117463181813,82.600720792099551
2,-1,F3,W0,0.63671875,51.190131802986549,18.751292318567724,82.730049729763323
2,-1,F3,W0,0.640625,51.560841219632508,19.008419785818916,82.701249433982454
2,-1,F3,W0,0.64453125,51.879800115535382,19.216605614934931,82.519452622269654
2,-1,F3,W0,0.6484375,52.136480977214148,19.535203851412362,82.599332394582461
2,-1,F3,W0,0.65234375,52.325750101694098,20.058863037214422,82.620507250256964
2,-1,F3,W0,0.65625,52.434244687465259,20.501620062292915,82.792632667080142
2,-1,F3,W0,0.66015625,52.441626906595651,20.726875104920804,82.628113902149437
2,-1,F3,W0,0.6640625,52.336467025000019,20.905411129573043,82.402866214087297
2,-1,F3,W0,0.66796875,52.127367301599364,20.748551260778523,82.122308708471337
2,-1,F3,W0,0.671875,51.833291272083422,20.468869930299338,81.836894792448518
2,-1,F3,W0,0.67578125,51.461894354771019,20.05405253392097,81.772836042326816
2,-1,F3,W0,0.6796875,51.00112490779,19.414600100276957,81.621145054493084
2,-1,F3,W0,0.68359375,50.437092184407405,18.5689369734515,81.197408445449412
2,-1,F3,W0,0.6875,49.784941091190234,17.726365536876099,80.345244070227253
2,-1,F3,W0,0.69140625,49.106109994604125,16.992296941237996,79.599322008015704
2,-1,F3,W0,0.6953125,48.493341524265674,16.553211161311626,78.932208718135158
2,-1,F3,W0,0.69921875,48.026070018679263,16.284398865840657,78.520981966654219
2,-1,F3,W0,0.703125,47.721392602936696,16.017077455234929,78.259147607789487
2,-1,F3,W0,0.70703125,47.514950245171853,15.85092259891325,78.087001716035189
2,-1,F3,W0,0.7109375,47.29052139003165,15.646948260038387,77.899540583812822
2,-1,F3,W0,0.71484375,46.944656964373799,15.29558020240305,77.597266166972005
2,-1,F3,W0,0.71875,46.447125003627129,14.88590999599497,77.165341356372579
2,-1,F3,W0,0.72265625,45.858201610007889,14.345678920236669,76.743061085045952
2,-1,F3,W0,0.7265625,45.290575846330668,13.630251894678995,76.359759539117036
2,-1,F3,W0,0.73046875,44.840004316642492,13.020174727356933,75.877195554450793
2,-1,F3,W0,0.734375,44.529350291208175,12.75896572236319,75.396666563253277
2,-1,F3,W0,0.73828125,44.299355978625911,13.030706498003727,74.912334098578896
2,-1,F3,W0,0.7421875,44.04599862002307,13.031016028886036,74.55823772963376
2,-1,F3,W0,0.74609375,43.675461154767284,13.065519932510254,74.157688697865666
2,-1,F3,W0,0.75,43.143294291184652,12.591729287082806,73.646492721286194
2,-1,F3,W0,0.75390625,42.462567026869714,11.801550675370155,73.055650730516291
2,-1,F3,W0,0.7578125,41.68809320991123,10.935280536630199,72.538869317801016
2,-1,F3,W0,0.76171875,40.892367233253744,10.019594121669121,72.050603843436448
2,-1,F3,W0,0.765625,40.143405142383173,9.1594854355556947,71.527101019711722
2,-1,F3,W0,0.76953125,39.488005382390661,8.4907006676652319,71.067742989419841
2,-1,F3,W0,0.7734375,38.94261547534613,7.9008421226710919,70.650623456583901
2,-1,F3,W0,0.77734375,38.493766701327964,7.2950174548199254,70.214332450267491
2,-1,F3,W0,0.78125,38.106942117431409,6.9161767881215228,69.721111743753823
2,-1,F3,W0,0.78515625,37.738953314700247,6.824443308101479,69.205711327109313
2,-1,F3,W0,0.7890625,37.348354033999136,6.6094193396302074,68.524679297626363
2,-1,F3,W0,0.79296875,36.901364334033346,6.0528047641932581,67.928173420464802
2,-1,F3,W0,0.796875,36.374209549780161,5.2107924523811482,67.452178158514016
2,-1,F4,W0,-0.19921875,1.5033110798703873,-12.037284976290561,14.163414998400146
2,-1,F4,W0,-0.1953125,2.0017464146653441,-11.242927624664903,14.723617975767457
2,-1,F4,W0,-0.19140625,2.5700958764580615,-10.48288565858129,15.261256276555136
2,-1,F4,W0,-0.1875,3.1429015174470187,-9.8872437006909966,15.882812510678264
2,-1,F4,W0,-0.18359375,3.5744509097187778,-9.206830380334539,15.994046366932528
2,-1,F4,W0,-0.1796875,3.6688871973566557,-8.5157847005816212,15.468738233600698
2,-1,F4,W0,-0.17578125,3.2532782489357435,-7.9940020549780559,14.035641923689514
2,-1,F4,W0,-0.171875,2.2651196085759913,-7.5555085326843434,11.464950739951624
2,-1,F4,W0,-0.16796875,0.80723924132573321,-7.4767934196068362,7.7257745969091287
2,-1,F4,W0,-0.1640625,-0.86279392191051141,-7.5519684980678203,5.1224358171737618
2,-1,F4,W0,-0.16015625,-2.4070882228816131,-8.5476647040981444,3.747576014273414
2,-1,F4,W0,-0.15625,-3.5176473112978193,-10.08647626292877,3.2922705473501521
2,-1,F4,W0,-0.15234375,-4.0206205442978327,-11.442238780909067,3.3179962800832548
2,-1,F4,W0,-0.1484375,-3.9274186186193996,-11.197579732540385,3.3158540817059308
2,-1,F4,W0,-0.14453125,-3.4050561815180651,-10.36368221615859,3.2554453412004247
2,-1,F4,W0,-0.140625,-2.685215659864737,-9.1298994059915213,3.3599686218491867
2,-1,F4,W0,-0.13671875,-1.968145183143019,-7.7778324189371721,3.4037670988932707
2,-1,F4,W0,-0.1328125,-1.3703749555190212,-6.4752573453262006,3.3108285388069909
2,-1,F4,W0,-0.12890625,-0.92675118798952127,-5.3662098441593589,3.1853142507238923
2,-1,F4,W0,-0.125,-0.62448588558403462,-4.6470515959131147,2.9908585795606299
2,-1,F4,W0,-0.12109375,-0.44041883049102371,-4.1382587920639002,2.6357375609675078
2,-1,F4,W0,-0.1171875,-0.36383232118977277,-3.7685104120266444,2.4241315792917844
2,-1,F4,W0,-0.11328125,-0.39847794006660758,-3.7822969769825443,2.1178283678787571
2,-1,F4,W0,-0.109375,-0.54544459503268583,-3.922473462878707,1.8724530701142501
2,-1,F4,W0,-0.10546875,-0.77886034749102473,-4.062426674110359,1.5835610592417912
2,-1,F4,W0,-0.1015625,-1.0348655770377033,-4.1587880066902976,1.4374947035541781
2,-1,F4,W0,-0.09765625,-1.2278562306400636,-4.2575734118608572,1.5265013796647098
2,-1,F4,W0,-0.09375,-1.2870762826860485,-4.5277494755670453,1.630723301794363
2,-1,F4,W0,-0.08984375,-1.1901730264043928,-4.5367947980479988,1.8911240684224406
2,-1,F4,W0,-0.0859375,-0.97285600795509641,-4.3297538841333258,2.3977540050059192
2,-1,F4,W0,-0.08203125,-0.71003794963997646,-3.8723598397153407,2.8546962990237956
2,-1,F4,W0,-0.078125,-0.48004037788525417,-3.6174183924845162,3.31256511472378
2,-1,F4,W0,-0.07421875,-0.33118869677860058,-3.5435057962467389,3.861630412717131
2,-1,F4,W0,-0.0703125,-0.26661133819883942,-3.6688734521502173,4.0234959126200511
2,-1,F4,W0,-0.06640625,-0.25057688243418857,-3.874345381670369,4.1798386083984287
2,-1,F4,W0,-0.0625,-0.22768744351327419,-4.1342493966354024,4.1826737194665062
2,-1,F4,W0,-0.05859375,-0.14402517969963555,-4.1885750632883676,4.4571810554583937
2,-1,F4,W0,-0.0546875,0.035400724838188548,-4.2201074281911612,4.8868711647132796
2,-1,F4,W0,-0.05078125,0.31573580394339024,-4.1428034627247534,5.3619794479654583
2,-1,F4,W0,-0.046875,0.67197558225873599,-3.9792844071884494,5.8845336088615499
2,-1,F4,W0,-0.04296875,1.0603322397373225,-3.9675688671667251,6.5565172725723535
2,-1,F4,W0,-0.0390625,1.4329591366083125,-4.0796025727721403,7.2803604280967349
2,-1,F4,W0,-0.03515625,1.7439983377311172,-4.1547554891030138,8.0347051712816615
2,-1,F4,W0,-0.03125,1.94591690511784,-4.410316213293064,8.7640440991657194
2,-1,F4,W0,-0.02734375,1.9893762802973829,-4.8956950357970479,9.4388757895258983
2,-1,F4,W0,-0.0234375,1.8381073504804966,-5.4908211280250567,9.8450382841227899
2,-1,F4,W0,-0.01953125,1.4925806999982085,-6.1555808911350258,9.7764619580250063
2,-1,F4,W0,-0.015625,1.0034285891887087,-6.9827807643519266,9.5706817438353244
2,-1,F4,W0,-0.01171875,0.4619357431444181,-7.8082062961941139,9.3848783988452755
2,-1,F4,W0,-0.0078125,-0.028341249325942876,-8.5432401785666574,9.1567542750040385
2,-1,F4,W0,-0.00390625,-0.38480953860220352,-9.2172272218700595,9.1620640832567855
2,-1,F4,W0,0,-0.57097200693302286,-9.762121195932469,9.1581408207130544
2,-1,F4,W0,0.00390625,-0.60579106535462746,-10.156410491509373,9.2566821463518334
2,-1,F4,W0,0.0078125,-0.55533752026514116,-10.351174095388929,9.4401354528910044
2,-1,F4,W0,0.01171875,-0.51083363529594195,-10.337711577578348,9.5011800788695044
2,-1,F4,W0,0.015625,-0.56053621706239087,-10.391163465926741,9.4449082704259464
2,-1,F4,W0,0.01953125,-0.76141098497223492,-10.643396238832258,9.2519011423966795
2,-1,F4,W0,0.0234375,-1.11545140012634,-11.111210295309789,9.0084550137422195
2,-1,F4,W0,0.02734375,-1.5592652999401406,-11.71505540806141,8.9041330931889799
2,-1,F4,W0,0.03125,-1.9774254429966094,-12.333325804927187,8.8247613801001101
2,-1,F4,W0,0.03515625,-2.24068902038145,-12.822733046982531,8.896259903411794
2,-1,F4,W0,0.0390625,-2.253941035888368,-13.079844222768495,9.1017473528167709
2,-1,F4,W0,0.04296875,-1.9911972288497102,-13.170950894003488,9.5154968892217138
2,-1,F4,W0,0.046875,-1.503564888864322,-13.02933808802316,10.066626207930543
2,-1,F4,W0,0.05078125,-0.90075370998850213,-12.760189078252472,10.853761569330615
2,-1,F4,W0,0.0546875,-0.31476973154022281,-12.453459330085282,11.795916773964043
2,-1,F4,W0,0.05859375,0.14327433751889379,-12.244093401788717,12.691527599613366
2,-1,F4,W0,0.0625,0.41871579646755258,-12.446754719165567,13.45264480148089
2,-1,F4,W0,0.06640625,0.52551284980219959,-12.869656156078774,14.044436203136234
2,-1,F4,W0,0.0703125,0.52860119395783267,-13.307218438676999,14.402696928003779
2,-1,F4,W0,0.07421875,0.5058171956856905,-13.62321964062976,14.745958966963771
2,-1,F4,W0,0.078125,0.5086472171796288,-13.876563195490037,15.142260148995613
2,-1,F4,W0,0.08203125,0.53978535504246361,-14.022665248646671,15.428670929509146
2,-1,F4,W0,0.0859375,0.5565994365956638,-14.07328754439906,15.556877685012013
2,-1,F4,W0,0.08984375,0.49732407562508713,-14.132364493386614,15.551338804077725
2,-1,F4,W0,0.09375,0.31491409493077915,-14.388158004929688,15.394343448106918
2,-1,F4,W0,0.09765625,-0.00058068116747813942,-14.904454441517181,15.203667117901766
2,-1,F4,W0,0.1015625,-0.42086367144156023,-15.678615866053123,14.938699688046125
2,-1,F4,W0,0.10546875,-0.89363318696234539,-16.456717903014368,14.720786227358845
2,-1,F4,W0,0.109375,-1.3596316844086798,-17.120742004003141,14.606803699254442
2,-1,F4,W0,0.11328125,-1.765797409655099,-17.598950160720293,14.384996044343286
2,-1,F4,W0,0.1171875,-2.0756912935551557,-17.880593228954663,14.219989353254341
2,-1,F4,W0,0.12109375,-2.2788769738288557,-18.0098508892419,14.038907011690734
2,-1,F4,W0,0.125,-2.39585021157803,-18.263395575301022,13.820554992077611
2,-1,F4,W0,0.12890625,-2.4724310394071178,-18.775062223379258,13.658222945505779
2,-1,F4,W0,0.1328125,-2.5620287803062372,-19.060084725507132,13.6989942641246
2,-1,F4,W0,0.13671875,-2.7024524775211498,-19.524060035259591,13.784676172803232
2,-1,F4,W0,0.140625,-2.8984953207804827,-19.842714026919772,13.898775466520243
2,-1,F4,W0,0.14453125,-3.1194826266559521,-20.186591410519469,13.942950665717861
2,-1,F4,W0,0.1484375,-3.3146272957197453,-20.492665319235503,13.954513351416839
2,-1,F4,W0,0.15234375,-3.4405137280901248,-20.7350543747214,14.017561221036008
2,-1,F4,W0,0.15625,-3.4870579334625456,-21.145504321728886,14.18508543108374
2,-1,F4,W0,0.16015625,-3.4867713945134264,-21.484752902560356,14.332901301969484
2,-1,F4,W0,0.1640625,-3.5011161391542545,-21.71453404373926,14.401306518105418
2,-1,F4,W0,0.16796875,-3.5925186464153662,-21.913065569772144,14.44910188712495
2,-1,F4,W0,0.171875,-3.7994666998843956,-22.20069377849271,14.505979202586884
2,-1,F4,W0,0.17578125,-4.1272642309102441,-22.708512994879985,14.564640002800818
2,-1,F4,W0,0.1796875,-4.5541106358470325,-23.26870490502084,14.43692816969887
2,-1,F4,W0,0.18359375,-5.0437976617667362,-23.896968684192569,14.156066162726539
2,-1,F4,W0,0.1875,-5.5571244216019959,-24.599299968418126,13.756329599194787
2,-1,F4,W0,0.19140625,-6.059356615234778,-25.253610383601313,13.17412636797852
2,-1,F4,W0,0.1953125,-6.5253210003874864,-25.80811581830115,12.78686871745697
2,-1,F4,W0,0.19921875,-6.9439417023648859,-26.235435851367761,12.448014535831952
2,-1,F4,W0,0.203125,-7.3204246224617062,-26.728448231738394,12.030506121229864
2,-1,F4,W0,0.20703125,-7.6724456296393519,-27.237842365936586,11.935927966612125
2,-1,F4,W0,0.2109375,-8.020783823612371,-27.764194278407448,11.938541557330311
2,-1,F4,W0,0.21484375,-8.3798320750416675,-28.446964884569006,11.624329167112835
2,-1,F4,W0,0.21875,-8.7520664720856693,-29.154055872154085,11.373961958377537
2,-1,F4,W0,0.22265625,-9.1253034611776087,-29.878261225121939,11.264846032835649
2,-1,F4,W0,0.2265625,-9.470995376380003,-30.595357659368805,11.232353437004031
2,-1,F4,W0,0.23046875,-9.7466569398134482,-31.27926642224417,11.289647349660761
2,-1,F4,W0,0.234375,-9.9067378606015524,-31.835663185745808,11.444174108871296
2,-1,F4,W0,0.23828125,-9.9192973111249625,-32.229639781845577,11.697524424808156
2,-1,F4,W0,0.2421875,-9.7790786105712417,-32.393713987882791,11.925144387531821
2,-1,F4,W0,0.24609375,-9.5101059760906175,-32.460666247195554,12.199882016897732
2,-1,F4,W0,0.25,-9.1584301642994674,-32.461671798289444,12.577199513697856
2,-1,F4,W0,0.25390625,-8.7786679740715705,-32.470650082869653,13.046991251159637
2,-1,F4,W0,0.2578125,-8.4177100637705369,-32.571433566372853,13.54101641290695
2,-1,F4,W0,0.26171875,-8.1015638901952354,-32.704614819307658,13.924517687945089
2,-1,F4,W0,0.265625,-7.8330679556212459,-32.452611367079648,14.353183805229692
2,-1,F4,W0,0.26953125,-7.6019516874610149,-32.136585798400738,14.641689118748086
2,-1,F4,W0,0.2734375,-7.3987251614514493,-31.885758941115633,14.945928430172716
2,-1,F4,W0,0.27734375,-7.2213113479678563,-31.66095687582558,15.335305285267841
2,-1,F4,W0,0.28125,-7.0711452685574621,-31.459185660012068,15.701176235516291
2,-1,F4,W0,0.28515625,-6.9457916224859817,-31.394406276096642,15.90643666223235
2,-1,F4,W0,0.2890625,-6.838131129878767,-31.452063782323251,16.201844563323537
2,-1,F4,W0,0.29296875,-6.7451725496484869,-31.575675432397325,16.609672522881549
2,-1,F4,W0,0.296875,-6.679455903714401,-31.737858975962769,16.964583242449169
2,-1,F4,W0,0.30078125,-6.672003340536544,-31.919855230097859,17.203968021764261
2,-1,F4,W0,0.3046875,-6.7604812037174664,-32.129965271449514,17.247092261820733
2,-1,F4,W0,0.30859375,-6.9661683862640889,-32.389376082241498,17.169696716341594
2,-1,F4,W0,0.3125,-7.2730525815523102,-32.698637301427439,17.125239082044541
2,-1,F4,W0,0.31640625,-7.6246960368344103,-33.01559248673599,17.008940051070162
2,-1,F4,W0,0.3203125,-7.9445605951271618,-33.26748958161177,16.802025053625112
2,-1,F4,W0,0.32421875,-8.1693066943148072,-33.393205453659903,16.440548670867695
2,-1,F4,W0,0.328125,-8.2762451155147794,-33.454748175605715,16.145842927987982
2,-1,F4,W0,0.33203125,-8.2924087953199876,-33.428932142665438,15.948485684802908
2,-1,F4,W0,0.3359375,-8.2852196494036878,-33.413135341450058,15.790908715499935
2,-1,F4,W0,0.33984375,-8.3409071158795811,-33.54197278664688,15.589619988982212
2,-1,F4,W0,0.34375,-8.5362840134760152,-34.035224265966384,15.259778488051667
2,-1,F4,W0,0.34765625,-8.9112140494311234,-34.876251759070108,14.916206887358372
2,-1,F4,W0,0.3515625,-9.4534191167328032,-35.974838548275983,14.617481173356163
2,-1,F4,W0,0.35546875,-10.104144301119936,-37.174108737282666,14.23966988381309
2,-1,F4,W0,0.359375,-10.781193697537276,-38.100613829455263,13.690638243902194
2,-1,F4,W0,0.36328125,-11.407103830960789,-38.847231372713161,13.177150818006426
2,-1,F4,W0,0.3671875,-11.931963763946062,-39.4006849231763,12.729530556309335
2,-1,F4,W0,0.37109375,-12.346169171080998,-39.808163642993506,12.398663399776796
2,-1,F4,W0,0.375,-12.681766516136335,-40.159280598009609,12.073178398093136
2,-1,F4,W0,0.37890625,-13.003279790442454,-40.547899014584672,11.856444488891212
2,-1,F4,W0,0.3828125,-13.390460278362021,-41.184905045043934,11.573109084574124
2,-1,F4,W0,0.38671875,-13.914788739743326,-42.149326152187882,11.176770969444167
2,-1,F4,W0,0.390625,-14.61297679344883,-43.391438909976685,10.633759222062725
2,-1,F4,W0,0.39453125,-15.467513299186413,-44.778443767605971,9.9484838315973914
2,-1,F4,W0,0.3984375,-16.407757199176128,-46.036195568269697,9.1731211071870042
2,-1,F4,W0,0.40234375,-17.334987968335085,-47.064529121309462,8.3914361770318173
2,-1,F4,W0,0.40625,-18.158029113783677,-47.891978280322405,7.6886976630342589
2,-1,F4,W0,0.41015625,-18.820012195177032,-48.671505060133214,7.1282670627580158
2,-1,F4,W0,0.4140625,-19.306570335284871,-49.258741378301679,6.7433432647678231
2,-1,F4,W0,0.41796875,-19.638910959098837,-49.574078946589935,6.4327221716268443
2,-1,F4,W0,0.421875,-19.859601870432805,-49.819719560190251,6.2511139755673852
2,-1,F4,W0,0.42578125,-20.015703615464808,-50.126659107308143,6.1892846769033305
2,-1,F4,W0,0.4296875,-20.141949618390644,-50.516604463424848,6.1737784154844562
2,-1,F4,W0,0.43359375,-20.249202333486814,-51.00446437047281,6.1984126050069843
2,-1,F4,W0,0.4375,-20.324691343041994,-51.467132536452461,6.3405644886283801
2,-1,F4,W0,0.44140625,-20.345235156387556,-51.658225774358712,6.3080133001784775
2,-1,F4,W0,0.4453125,-20.295702086624768,-51.642334740506037,6.3095963624193931
2,-1,F4,W0,0.44921875,-20.18009601287433,-51.467568870692041,6.294119622376094
2,-1,F4,W0,0.453125,-20.01633709192555,-51.22081658491954,6.2531267970929925
2,-1,F4,W0,0.45703125,-19.816476130644801,-50.974450027098513,6.4533537253582374
2,-1,F4,W0,0.4609375,-19.56535645444642,-50.736311770260222,6.5451389671283575
2,-1,F4,W0,0.46484375,-19.214274079521672,-50.432961949441534,6.6453959403384584
2,-1,F4,W0,0.46875,-18.697966836732935,-49.940315094704538,6.9767904494025874
2,-1,F4,W0,0.47265625,-17.9683972169383,-49.149166316939258,7.4300654118462406
2,-1,F4,W0,0.4765625,-17.027265877264664,-47.946183711867569,8.299892540163933
2,-1,F4,W0,0.48046875,-15.937625897252509,-46.437305311294622,9.5207659081998486
2,-1,F4,W0,0.484375,-14.804297232437536,-44.745476291944669,10.77349518563109
2,-1,F4,W0,0.48828125,-13.729511817858281,-43.120896446166412,11.988280319604042
2,-1,F4,W0,0.4921875,-12.76541908317661,-41.631981668944526,12.994309441066433
2,-1,F4,W0,0.49609375,-11.887799379034043,-40.438333558521528,13.771726972467608
2,-1,F4,W0,0.5,-11.003526700334881,-39.389464351193929,14.415303826436828
2,-1,F4,W0,0.50390625,-9.9873221554586689,-38.273652836831509,14.968794372669759
2,-1,F4,W0,0.5078125,-8.7308096441697511,-36.526537220598044,15.983680355667358
2,-1,F4,W0,0.51171875,-7.1825065856660748,-34.777811908657071,17.812487224531253
2,-1,F4,W0,0.515625,-5.3618975478905719,-33.029802316158253,19.939976741243505
2,-1,F4,W0,0.51953125,-3.3427148273645955,-31.238205282039214,21.902039443584481
2,-1,F4,W0,0.5234375,-1.2151865576604968,-29.231797366100274,24.00305035594938
2,-1,F4,W0,0.52734375,0.95255396705696704,-26.877972005063878,26.144440563354173
2,-1,F4,W0,0.53125,3.1343007513448824,-24.409778492754914,28.31619144649807
2,-1,F4,W0,0.53515625,5.3407859609190638,-21.972086690096511,30.516771495747413
2,-1,F4,W0,0.5390625,7.6010047571887327,-19.407329971478237,32.547744822941965
2,-1,F4,W0,0.54296875,9.946299321734994,-16.36272416925577,34.79382193653926
2,-1,F4,W0,0.546875,12.403040518630528,-13.231192316296097,37.121802873294392
2,-1,F4,W0,0.55078125,14.987786003357069,-10.317445214945138,39.401733114182271
2,-1,F4,W0,0.5546875,17.699770742147301,-7.5707446939709673,41.724849284661694
2,-1,F4,W0,0.55859375,20.514576017985856,-4.9163997422612882,44.035154098674454
2,-1,F4,W0,0.5625,23.385680537843115,-1.903020017214901,46.574667717594473
2,-1,F4,W0,0.56640625,26.255200887774723,0.8842831951819925,49.205712049095418
2,-1,F4,W0,0.5703125,29.070216892994708,3.5267299017376481,51.771878287269075
2,-1,F4,W0,0.57421875,31.799762814884129,5.9905205823084122,54.369815056459736
2,-1,F4,W0,0.578125,34.445762218747838,8.6228538472772644,57.226802113098429
2,-1,F4,W0,0.58203125,37.039850190504325,10.960430445474762,59.881907297219442
2,-1,F4,W0,0.5859375,39.623510193620525,13.186866793535033,62.428589994933105
2,-1,F4,W0,0.58984375,42.220490074277542,15.426262727863625,65.287227876737148
2,-1,F4,W0,0.59375,44.817751341322833,17.844338858590653,67.791622073821216
2,-1,F4,W0,0.59765625,47.366429131871243,20.464584074564556,70.351866687020888
2,-1,F4,W0,0.6015625,49.801034254032921,23.185699465077782,72.830498674896745
2,-1,F4,W0,0.60546875,52.064433162640135,25.59608963408407,75.149425344866003
2,-1,F4,W0,0.609375,54.125632557251201,27.730305316257436,77.355537394505404
2,-1,F4,W0,0.61328125,55.984890036310937,29.716596163240343,79.437285031887455
2,-1,F4,W0,0.6171875,57.668149058527405,31.412117057225615,81.291579025725071
2,-1,F4,W0,0.62109375,59.215767803163246,32.877223321749078,83.148101334419636
2,-1,F4,W0,0.625,60.670722769575399,34.239985832827934,84.963612556446009
2,-1,F4,W0,0.62890625,62.070347397915071,35.555268254251914,86.99663817728127
2,-1,F4,W0,0.6328125,63.442214001320593,36.667073339949589,88.988614418980717
2,-1,F4,W0,0.63671875,64.801579694798434,37.592796181395961,90.683117771131563
2,-1,F4,W0,0.640625,66.148826020253424,38.571164496859794,92.093961079519815
2,-1,F4,W0,0.64453125,67.467470690638805,39.60163069437619,93.322652134416543
2,-1,F4,W0,0.6484375,68.722593662620611,40.979597256045693,94.426573010758787
2,-1,F4,W0,0.65234375,69.860624861654415,42.320025530551426,95.372918749789577
2,-1,F4,W0,0.65625,70.817374034451831,43.51430994759216,96.136104727734477
2,-1,F4,W0,0.66015625,71.540928763350948,44.448232223025116,96.798603762609716
2,-1,F4,W0,0.6640625,72.02078942535951,45.09077968527987,97.225309428603765
2,-1,F4,W0,0.66796875,72.299423434119419,45.457481210560339,97.398345146215377
2,-1,F4,W0,0.671875,72.450573076944096,45.366172168112563,97.460662393319978
2,-1,F4,W0,0.67578125,72.536999204660148,45.23847538656004,97.418762731606904
2,-1,F4,W0,0.6796875,72.580078544332963,45.389237937919461,97.371046284978263
2,-1,F4,W0,0.68359375,72.564797224053777,45.57019449607975,97.284439851192516
2,-1,F4,W0,0.6875,72.474692968645968,46.120380900423392,96.847063355449237
2,-1,F4,W0,0.69140625,72.326904809344427,46.730588110976008,96.149293061409679
2,-1,F4,W0,0.6953125,72.176738518051948,47.272350430536434,95.610005895034774
2,-1,F4,W0,0.69921875,72.084983638277095,47.809631664383645,95.214182503332339
2,-1,F4,W0,0.703125,72.072106580805894,48.280927759369561,95.026926687557449
2,-1,F4,W0,0.70703125,72.096458879120419,48.524294489088511,94.759830315732373
2,-1,F4,W0,0.7109375,72.076687585216419,48.593910521500504,94.761896707214603
2,-1,F4,W0,0.71484375,71.945382955014693,48.061441725914619,94.687205911793683
2,-1,F4,W0,0.71875,71.698625881685558,47.391940833598156,94.476012885622609
2,-1,F4,W0,0.72265625,71.409290946807744,46.835324251393089,94.060933104866322
2,-1,F4,W0,0.7265625,71.194754682003605,46.611648920863068,93.533141199487119
2,-1,F4,W0,0.73046875,71.156264629760003,46.833109872881685,93.296838832488248
2,-1,F4,W0,0.734375,71.323517272233531,47.570982063792975,93.344531654605305
2,-1,F4,W0,0.73828125,71.635434292021515,48.58037663743842,92.700832417455871
2,-1,F4,W0,0.7421875,71.966533497718032,49.675250423339691,92.954482436352762
2,-1,F4,W0,0.74609375,72.180460486957003,50.603725082988142,92.884905234222032
2,-1,F4,W0,0.75,72.179329787817323,51.181414342775476,92.59758567637661
2,-1,F4,W0,0.75390625,71.928550507142731,51.32146546557653,92.254359450248955
2,-1,F4,W0,0.7578125,71.456514076030416,51.051156070637454,91.662166216687865
2,-1,F4,W0,0.76171875,70.837236848664375,50.472890781299093,90.814376717849754
2,-1,F4,W0,0.765625,70.162682175406346,49.945413061703491,89.972602853339623
2,-1,F4,W0,0.76953125,69.513012791854749,49.456803127098603,89.227606993471781
2,-1,F4,W0,0.7734375,68.93796196036287,49.22238805426813,88.556423172315618
2,-1,F4,W0,0.77734375,68.458701264687633,48.983094644533828,87.62765732515328
2,-1,F4,W0,0.78125,68.083921909564253,48.871011761625567,86.891083522444589
2,-1,F4,W0,0.78515625,67.821622021112205,49.08011673789435,86.430700906879267
2,-1,F4,W0,0.7890625,67.674320606191557,48.977616248360668,86.21999666921586
2,-1,F4,W0,0.79296875,67.623447141739561,49.388980605936254,86.223148447582986
2,-1,F4,W0,0.796875,67.618865772861795,49.789667269317675,86.130538759285201
2,1,Fz,W0,-0.19921875,2.0916005584373685,-0.78166991679974773,5.2137925370625027
2,1,Fz,W0,-0.1953125,2.0133648542118889,-0.63093791551935663,4.9265240131677084
2,1,Fz,W0,-0.19140625,1.8972024844633604,-0.66553171500301889,4.515490643268202
2,1,Fz,W0,-0.1875,1.7834160714737941,-0.67766161293512928,4.0430908323212567
2,1,Fz,W0,-0.18359375,1.6934361207820026,-0.58285912366501336,3.7527257798069336
2,1,Fz,W0,-0.1796875,1.6141935798932421,-0.33302593268446629,3.3829619050896866
2,1,Fz,W0,-0.17578125,1.5130121016734566,-0.24743518453240354,3.1134169215499887
2,1,Fz,W0,-0.171875,1.3714487990964848,-0.08988568447629465,2.9223568791671397
2,1,Fz,W0,-0.16796875,1.208998404598435,-0.13851018290305389,2.6919181954901941
2,1,Fz,W0,-0.1640625,1.0777108821612764,-0.16179373230104427,2.46119672651542
2,1,Fz,W0,-0.16015625,1.0327071555751166,-0.1892101795035315,2.3983035514048061
2,1,Fz,W0,-0.15625,1.0990141223611394,-0.13364799820703821,2.471159321313829
2,1,Fz,W0,-0.15234375,1.2545070921541717,-0.099878130364634832,2.6455876723353988
2,1,Fz,W0,-0.1484375,1.4378728995885646,-0.00089458368371969621,2.9148324510824146
2,1,Fz,W0,-0.14453125,1.5767768246575611,0.18180317288384201,3.0002518505579654
2,1,Fz,W0,-0.140625,1.6207417960722499,0.34078526293571837,2.9640250260188257
2,1,Fz,W0,-0.13671875,1.561549689668551,0.34243711643808045,2.7233442654702134
2,1,Fz,W0,-0.1328125,1.4323789014751782,0.37562872087820959,2.392981800037854
2,1,Fz,W0,-0.12890625,1.2883053083125484,0.30356548764518387,2.2170250408447725
2,1,Fz,W0,-0.125,1.177915561005177,0.074380333345246769,2.1848177567534059
2,1,Fz,W0,-0.12109375,1.1186055663507133,-0.17608589532559049,2.3373092182650193
2,1,Fz,W0,-0.1171875,1.0882348202432006,-0.32551631707058293,2.4680568604149826
2,1,Fz,W0,-0.11328125,1.0394191220193143,-0.49255671761484754,2.6216719247770448
2,1,Fz,W0,-0.109375,0.92815533196412381,-0.63505660146693288,2.7133540173503037
2,1,Fz,W0,-0.10546875,0.73681630242183527,-0.85985383742634147,2.653712772710759
2,1,Fz,W0,-0.1015625,0.47715860319489634,-1.0970397163768648,2.5381969770608945
2,1,Fz,W0,-0.09765625,0.1771368317664628,-1.552649405431894,2.2881538217468438
2,1,Fz,W0,-0.09375,-0.13464041199556573,-1.9705044481820271,1.9750551735406552
2,1,Fz,W0,-0.08984375,-0.43892434755255577,-2.3417444274356409,1.7117683047411534
2,1,Fz,W0,-0.0859375,-0.73112832798794092,-2.6489891759233863,1.2878069048183092
2,1,Fz,W0,-0.08203125,-1.0229990282392529,-2.8281095307088071,0.95631170793798259
2,1,Fz,W0,-0.078125,-1.3384214762415798,-3.0057998073874295,0.604909432539954
2,1,Fz,W0,-0.07421875,-1.7021508743057956,-3.3795442219323482,0.17547340254521582
2,1,Fz,W0,-0.0703125,-2.1242267008554259,-3.7834663401128164,-0.3054995387214392
2,1,Fz,W0,-0.06640625,-2.5857275753838693,-4.3183708531181546,-0.81493921048031814
2,1,Fz,W0,-0.0625,-3.0337122847309681,-4.8276551632173499,-1.189526183987192
2,1,Fz,W0,-0.05859375,-3.3924559380201398,-5.2667565860024972,-1.4576874882605544
2,1,Fz,W0,-0.0546875,-3.5888654190230378,-5.6152811323948777,-1.5643390901855352
2,1,Fz,W0,-0.05078125,-3.5772576320371652,-5.6430139880621093,-1.4290162561463335
2,1,Fz,W0,-0.046875,-3.3482167558510176,-5.4309695435860572,-1.1338001675693006
2,1,Fz,W0,-0.04296875,-2.9215524251714875,-4.8833074842197046,-0.81322351112995961
2,1,Fz,W0,-0.0390625,-2.3367503346395941,-4.2511645755568397,-0.34591325677290397
2,1,Fz,W0,-0.03515625,-1.650510412244325,-3.6180454735949015,0.4178699272034806
2,1,Fz,W0,-0.03125,-0.93813973465181189,-3.2516154796687866,1.5310063919276005
2,1,Fz,W0,-0.02734375,-0.2908117416676067,-2.9612740044021191,2.5482495357664661
2,1,Fz,W0,-0.0234375,0.19498675163049112,-2.9042131233795376,3.1963716742320067
2,1,Fz,W0,-0.01953125,0.43662137633607218,-2.9620532576430101,3.5945888887427819
2,1,Fz,W0,-0.015625,0.39234579169672212,-2.906797057958896,3.5490333574943005
2,1,Fz,W0,-0.01171875,0.086927940011518837,-3.0847097485986494,3.0796074266351261
2,1,Fz,W0,-0.0078125,-0.38363557201097537,-3.2478194352348875,2.3813295158514753
2,1,Fz,W0,-0.00390625,-0.88243465268683607,-3.6120065513695976,1.6152535549913869
2,1,Fz,W0,0,-1.2878040152400909,-4.0419595467685259,1.0890135281695676
2,1,Fz,W0,0.00390625,-1.5458499842634765,-4.1408226182668617,0.90460411118797024
2,1,Fz,W0,0.0078125,-1.6913810185521443,-4.2147317020925641,0.87625007018246892
2,1,Fz,W0,0.01171875,-1.8278745350564691,-4.4187640076999344,0.76516107757784257
2,1,Fz,W0,0.015625,-2.0763577841936445,-4.8020724851891821,0.53754573847104947
2,1,Fz,W0,0.01953125,-2.5159386044477929,-5.2145837879378645,-0.067496798348612885
2,1,Fz,W0,0.0234375,-3.1448448276730616,-5.7156849218574211,-0.87016713743973528
2,1,Fz,W0,0.02734375,-3.8840426601854898,-6.413013235455395,-1.6422790916398289
2,1,Fz,W0,0.03125,-4.6218209703192183,-7.3052425815543556,-2.4000535210137102
2,1,Fz,W0,0.03515625,-5.2710431844622319,-8.1083920345327076,-3.0285329005999642
2,1,Fz,W0,0.0390625,-5.8041852133217633,-8.6142746364954981,-3.4271345915440903
2,1,Fz,W0,0.04296875,-6.2507063915258838,-9.0447023355321932,-3.6758264689540128
2,1,Fz,W0,0.046875,-6.6674695502304697,-9.5556459375956919,-4.0027738054181841
2,1,Fz,W0,0.05078125,-7.104186847281512,-10.103268938323289,-4.1454937106466341
2,1,Fz,W0,0.0546875,-7.5809345646932274,-10.421966670915044,-4.560028427803446
2,1,Fz,W0,0.05859375,-8.0852264950372277,-10.845302540570032,-5.0336310453881632
2,1,Fz,W0,0.0625,-8.586761046920266,-11.301120494902726,-5.6904036997905312
2,1,Fz,W0,0.06640625,-9.0584152811407623,-11.776842360885601,-6.1278616893530344
2,1,Fz,W0,0.0703125,-9.4885470804454819,-12.216803992234372,-6.6024967623438737
2,1,Fz,W0,0.07421875,-9.8782746045151608,-12.647704903875598,-7.1524237073845924
2,1,Fz,W0,0.078125,-10.230895216564537,-13.070878020726536,-7.5451382473745241
2,1,Fz,W0,0.08203125,-10.545418051995172,-13.342041055234228,-7.9716000404364129
2,1,Fz,W0,0.0859375,-10.819717413395688,-13.596494737740771,-8.3221889430860294
2,1,Fz,W0,0.08984375,-11.059717556721916,-13.701832414919332,-8.5671137562079185
2,1,Fz,W0,0.09375,-11.285822369262656,-13.881968047796795,-8.7459099463390704
2,1,Fz,W0,0.09765625,-11.527670069524742,-14.172567412109281,-8.8800202798221619
2,1,Fz,W0,0.1015625,-11.805242744783344,-14.455866010445924,-9.1624885140967027
2,1,Fz,W0,0.10546875,-12.1076676514789,-14.724061281973459,-9.4778444733068223
2,1,Fz,W0,0.109375,-12.389058646697302,-15.067952801222884,-9.6590288037284893
2,1,Fz,W0,0.11328125,-12.590879764457014,-15.321649469701162,-9.6115007133355306
2,1,Fz,W0,0.1171875,-12.678838118340352,-15.554521256638326,-9.350036340498411
2,1,Fz,W0,0.12109375,-12.670376088082179,-15.721459292458418,-9.038955126261893
2,1,Fz,W0,0.125,-12.636284332843196,-15.908536108597223,-8.7929746580446171
2,1,Fz,W0,0.12890625,-12.676042490950479,-16.293797209369533,-8.455352496961142
2,1,Fz,W0,0.1328125,-12.878037649609427,-16.689319406105405,-8.3734699196070395
2,1,Fz,W0,0.13671875,-13.281224709501648,-17.330248377756369,-8.6437744250145752
2,1,Fz,W0,0.140625,-13.85616977857533,-18.089314844615792,-9.0818417869095978
2,1,Fz,W0,0.14453125,-14.51651552775559,-18.909441634503548,-9.5739254308808786
2,1,Fz,W0,0.1484375,-15.154501297533978,-19.556146069940368,-10.10983525772442
2,1,Fz,W0,0.15234375,-15.678694999443348,-20.070397478773554,-10.595376881124944
2,1,Fz,W0,0.15625,-16.034875375811776,-20.464188096791286,-10.961615215098353
2,1,Fz,W0,0.16015625,-16.208743264755007,-20.699216977823152,-11.195939629678984
2,1,Fz,W0,0.1640625,-16.22113926774011,-20.710115479712115,-11.154157412667223
2,1,Fz,W0,0.16796875,-16.122389119616642,-20.627309259331085,-11.182338025638414
2,1,Fz,W0,0.171875,-15.983823764102812,-20.430641317743429,-11.084457999415081
2,1,Fz,W0,0.17578125,-15.884486717602977,-20.17642585624068,-11.148990807621246
2,1,Fz,W0,0.1796875,-15.895963275939707,-19.96348676692207,-11.156694598204053
2,1,Fz,W0,0.18359375,-16.068719759080331,-20.208766765506756,-11.474169055504625
2,1,Fz,W0,0.1875,-16.421275675719198,-20.551084806509792,-11.847587309943645
2,1,Fz,W0,0.19140625,-16.935293848746635,-20.987979938890408,-12.238779154876614
2,1,Fz,W0,0.1953125,-17.560864381424125,-21.750251335733676,-12.825449231760174
2,1,Fz,W0,0.19921875,-18.230149348117585,-22.551193229766223,-13.48036781423491
2,1,Fz,W0,0.203125,-18.871386005999675,-23.158622273290376,-14.055643277057417
2,1,Fz,W0,0.20703125,-19.419390433537256,-23.836118844796005,-14.644018129813308
2,1,Fz,W0,0.2109375,-19.826239892457778,-24.21862907075824,-15.158450824776345
2,1,Fz,W0,0.21484375,-20.073063760714092,-24.388934141729557,-15.28067041947785
2,1,Fz,W0,0.21875,-20.17492883018857,-24.549259479158309,-15.386357052570354
2,1,Fz,W0,0.22265625,-20.171161461191083,-24.530892603207015,-15.24031865970373
2,1,Fz,W0,0.2265625,-20.104522339833807,-24.48188133901682,-15.193304191930153
2,1,Fz,W0,0.23046875,-20.001176221442137,-24.328819473043009,-15.203642099146775
2,1,Fz,W0,0.234375,-19.862277272416282,-24.137345302747555,-15.123815270524645
2,1,Fz,W0,0.23828125,-19.671962935216069,-23.952960284068297,-14.934070922713262
2,1,Fz,W0,0.2421875,-19.419608689662063,-23.615873572081711,-14.833600196467515
2,1,Fz,W0,0.24609375,-19.125388159702506,-23.342314077143211,-14.690328944073652
2,1,Fz,W0,0.25,-18.851170826365262,-22.966723118018596,-14.370768325295128
2,1,Fz,W0,0.25390625,-18.683572108873847,-22.857864895658913,-14.142447399024789
2,1,Fz,W0,0.2578125,-18.69442472212566,-22.959023233630354,-14.229745438136455
2,1,Fz,W0,0.26171875,-18.901373007630934,-23.324651515938776,-14.453635820735196
2,1,Fz,W0,0.265625,-19.251763563045095,-23.505547452530973,-14.650638603851831
2,1,Fz,W0,0.26953125,-19.63822554802686,-23.807438423467968,-14.945435542430141
2,1,Fz,W0,0.2734375,-19.937860258206545,-24.408427626601981,-15.118826385222837
2,1,Fz,W0,0.27734375,-20.056497059373662,-24.678146027320491,-15.2256516568352
2,1,Fz,W0,0.28125,-19.957004520311642,-24.66099223898987,-14.97175757849064
2,1,Fz,W0,0.28515625,-19.660370689814766,-24.271792299004662,-14.665906371723676
2,1,Fz,W0,0.2890625,-19.227408667532341,-23.903201334829337,-14.18810825010191
2,1,Fz,W0,0.29296875,-18.739719687119571,-23.763060417425031,-13.509931305661596
2,1,Fz,W0,0.296875,-18.288246105999676,-23.56936170583716,-12.874120873447159
2,1,Fz,W0,0.30078125,-17.960274253981524,-23.540925355381685,-12.154870714431199
2,1,Fz,W0,0.3046875,-17.81557748214292,-23.683506799726896,-11.610426139368919
2,1,Fz,W0,0.30859375,-17.860667394199552,-23.968391633637935,-11.452615288246836
2,1,Fz,W0,0.3125,-18.042290241155364,-24.199604180666917,-11.479951747659189
2,1,Fz,W0,0.31640625,-18.269904293033413,-24.593812648883393,-11.608984408216429
2,1,Fz,W0,0.3203125,-18.454135337597251,-24.746930963726498,-11.790623747564553
2,1,Fz,W0,0.32421875,-18.538649303201328,-24.793435018175444,-11.691609148931256
2,1,Fz,W0,0.328125,-18.512209154869137,-24.865378151426142,-11.692313316515428
2,1,Fz,W0,0.33203125,-18.401405476408353,-24.948349916775449,-11.33133287146423
2,1,Fz,W0,0.3359375,-18.251921748115706,-24.867791925965573,-11.05774356156016
2,1,Fz,W0,0.33984375,-18.109057078416892,-24.756088056711473,-10.924003404876414
2,1,Fz,W0,0.34375,-18.007687057355685,-24.711133247495209,-10.613980540653465
2,1,Fz,W0,0.34765625,-17.974317288820007,-24.76087172500905,-10.355648153235828
2,1,Fz,W0,0.3515625,-18.033404336476359,-24.858113877780937,-10.395365515902
2,1,Fz,W0,0.35546875,-18.208225200752043,-24.938141374745349,-10.889058062675662
2,1,Fz,W0,0.359375,-18.514956997547209,-25.071879552722898,-11.495837816868265
2,1,Fz,W0,0.36328125,-18.955760118950888,-25.260998750009925,-12.213201320666261
2,1,Fz,W0,0.3671875,-19.515683350255379,-25.616660877602378,-12.835015813900517
2,1,Fz,W0,0.37109375,-20.164813113747126,-25.785949779674507,-13.615418599861531
2,1,Fz,W0,0.375,-20.866109752092012,-26.222313953846868,-14.396504123423412
2,1,Fz,W0,0.37890625,-21.586920971912484,-26.865439011082614,-15.060447797697504
2,1,Fz,W0,0.3828125,-22.306988354011036,-27.711224697093023,-15.952170106223972
2,1,Fz,W0,0.38671875,-23.016230936237701,-28.730869587212421,-16.567653881048074
2,1,Fz,W0,0.390625,-23.705456696504932,-29.459733197758258,-17.058330452941405
2,1,Fz,W0,0.39453125,-24.3608578415481,-30.316506566785982,-17.711876999323881
2,1,Fz,W0,0.3984375,-24.967744885589397,-31.217060047802786,-18.069291303723688
2,1,Fz,W0,0.40234375,-25.51788428879842,-31.892443447044272,-18.468652807539431
2,1,Fz,W0,0.40625,-26.01267038962138,-32.430256045845887,-18.758168464399233
2,1,Fz,W0,0.41015625,-26.461354375495098,-33.04351405057816,-19.014424502646193
2,1,Fz,W0,0.4140625,-26.877702612167749,-33.67048154611264,-19.375431846894553
2,1,Fz,W0,0.41796875,-27.275529728026655,-34.306179312568254,-19.594402417955518
2,1,Fz,W0,0.421875,-27.661440343576803,-34.896970396081926,-19.796083239592363
2,1,Fz,W0,0.42578125,-28.026484724392752,-35.366885708296145,-20.043025947734598
2,1,Fz,W0,0.4296875,-28.341719879900804,-35.648864319512072,-20.226507860532124
2,1,Fz,W0,0.43359375,-28.561304772888789,-35.70929202440503,-20.589946147710705
2,1,Fz,W0,0.4375,-28.633897309547699,-35.619401498833568,-20.671194469665362
2,1,Fz,W0,0.44140625,-28.521170496279925,-35.364102795940909,-20.70652849896301
2,1,Fz,W0,0.4453125,-28.218355424259862,-35.196720886917248,-20.346801087187508
2,1,Fz,W0,0.44921875,-27.766429611346563,-34.861256172601529,-19.766993104181058
2,1,Fz,W0,0.453125,-27.246652767988131,-34.254405924590408,-19.360444394124315
2,1,Fz,W0,0.45703125,-26.758525738920461,-33.68135271807747,-18.987625042254859
2,1,Fz,W0,0.4609375,-26.391787068166913,-33.248349525119288,-18.649330071204471
2,1,Fz,W0,0.46484375,-26.201884029887321,-33.044944022894491,-18.478960123922441
2,1,Fz,W0,0.46875,-26.192224378246202,-33.007830633319408,-18.640374827904324
2,1,Fz,W0,0.47265625,-26.306972662746176,-33.059010598244754,-18.785254611014526
2,1,Fz,W0,0.4765625,-26.442401838672268,-32.908137497818878,-18.994826842924073
2,1,Fz,W0,0.48046875,-26.479821926355388,-33.229952473668689,-19.172280459178758
2,1,Fz,W0,0.484375,-26.328012024695674,-33.262075010744852,-19.007143881048702
2,1,Fz,W0,0.48828125,-25.95337591939861,-33.190550661271836,-18.536808383899775
2,1,Fz,W0,0.4921875,-25.382796058662059,-32.922210950903718,-17.986459246340836
2,1,Fz,W0,0.49609375,-24.680279144736982,-32.46223053599531,-17.047697722186395
2,1,Fz,W0,0.5,-23.910625142642129,-31.78430807136937,-16.108916130920619
2,1,Fz,W0,0.50390625,-23.10725946264278,-31.189755222197757,-15.121888248258067
2,1,Fz,W0,0.5078125,-22.258730763797821,-30.392173621034008,-14.239593504279631
2,1,Fz,W0,0.51171875,-21.318997755708054,-29.595956199848466,-13.132133797621126
2,1,Fz,W0,0.515625,-20.232983884723613,-28.933861658194001,-11.995794841887877
2,1,Fz,W0,0.51953125,-18.960675358430329,-28.074418971554348,-10.676060914591865
2,1,Fz,W0,0.5234375,-17.487789585717096,-26.726729583748003,-9.049250130386044
2,1,Fz,W0,0.52734375,-15.823107572048343,-25.175583354218919,-7.4933666561834187
2,1,Fz,W0,0.53125,-13.98908798086422,-23.436686060405876,-5.6532121639636079
2,1,Fz,W0,0.53515625,-12.010139564465089,-21.537740460132415,-3.6425665503501805
2,1,Fz,W0,0.5390625,-9.9009735136881982,-19.34032756079603,-1.477966119530671
2,1,Fz,W0,0.54296875,-7.6605810871309297,-17.346565170892838,0.92711484972194202
2,1,Fz,W0,0.546875,-5.2781934491499429,-15.142714846158583,3.723276035073551
2,1,Fz,W0,0.55078125,-2.7504073941367304,-12.98778994154571,6.5030237084795557
2,1,Fz,W0,0.5546875,-0.099624346519891882,-10.544704167819273,8.9409589026758969
2,1,Fz,W0,0.55859375,2.6188136644582727,-7.8659072501304843,11.410812560669306
2,1,Fz,W0,0.5625,5.3287343741337345,-4.9766821318762968,14.133796631791954
2,1,Fz,W0,0.56640625,7.9616100005095527,-1.8463581668563822,16.886363757995447
2,1,Fz,W0,0.5703125,10.484503153769653,1.1080688180149574,19.443158351593159
2,1,Fz,W0,0.57421875,12.904965124874197,4.1457225080245426,21.896813054525083
2,1,Fz,W0,0.578125,15.245496568495634,6.8860842211892646,24.401729897360486
2,1,Fz,W0,0.58203125,17.507936742483,9.3509620648207186,26.750827000655555
2,1,Fz,W0,0.5859375,19.660383124908034,11.407447875936086,29.337798945062062
2,1,Fz,W0,0.58984375,21.659730495201188,13.210472995482489,31.59365268147922
2,1,Fz,W0,0.59375,23.489922182453693,14.582017953839859,33.600829262020689
2,1,Fz,W0,0.59765625,25.182339604051503,16.154618864480462,35.345070939478781
2,1,Fz,W0,0.6015625,26.801192258357034,17.95346061709833,37.035351761057193
2,1,Fz,W0,0.60546875,28.405325360088952,19.784787902476346,38.857910746665908
2,1,Fz,W0,0.609375,30.015099859370974,21.548394257133282,40.609171861114199
2,1,Fz,W0,0.61328125,31.608450123932602,23.310258714847844,42.206457541427426
2,1,Fz,W0,0.6171875,33.147970795875757,24.876134554685368,43.532994931522367
2,1,Fz,W0,0.62109375,34.616604429964823,26.43102834652619,44.92169880821163
2,1,Fz,W0,0.625,36.032932549935936,28.153421960898591,46.18430214721112
2,1,Fz,W0,0.62890625,37.435205732901558,29.762591774849028,47.673174674534103
2,1,Fz,W0,0.6328125,38.850207825566052,30.443255924799242,49.109789991471345
2,1,Fz,W0,0.63671875,40.273871238639053,31.071382466597189,50.739814526620719
2,1,Fz,W0,0.640625,41.67706126429848,32.047082536817278,52.563661136945342
2,1,Fz,W0,0.64453125,43.028303384552629,33.027239774298053,54.205549688006663
2,1,Fz,W0,0.6484375,44.315313247921949,34.281092420490118,55.485541745752755
2,1,Fz,W0,0.65234375,45.551544873812105,35.458952808291635,56.544081564197676
2,1,Fz,W0,0.65625,46.763399131678462,36.968902835016323,57.777849847442297
2,1,Fz,W0,0.66015625,47.964025499312861,38.48642498695056,58.988049224056368
2,1,Fz,W0,0.6640625,49.13018075556932,39.927769885652026,60.066088658975609
2,1,Fz,W0,0.66796875,50.201013158517235,40.781546545460401,60.893436972981199
2,1,Fz,W0,0.671875,51.103381032468221,41.568989575177675,61.422770317939531
2,1,Fz,W0,0.67578125,51.787206329612687,42.1785103112828,62.265604422087669
2,1,Fz,W0,0.6796875,52.247937276404329,42.51429670672038,62.390382703429083
2,1,Fz,W0,0.68359375,52.52661481087506,42.794544239747566,62.464001283970738
2,1,Fz,W0,0.6875,52.693959171443986,42.889544849044611,62.181588906100245
2,1,Fz,W0,0.69140625,52.828406311865926,43.350920531340201,62.108635633382427
2,1,Fz,W0,0.6953125,52.994003717095275,43.885227145131914,61.964849716663203
2,1,Fz,W0,0.69921875,53.223756433761132,44.362367676743894,62.11556774979001
2,1,Fz,W0,0.703125,53.515709815979662,44.927003008316262,62.415915303631081
2,1,Fz,W0,0.70703125,53.843965167054087,45.378407112502181,62.780514177699182
2,1,Fz,W0,0.7109375,54.177218424595388,45.820448877974393,63.081632501207835
2,1,Fz,W0,0.71484375,54.494134731544413,46.203434907452966,63.230265991351921
2,1,Fz,W0,0.71875,54.78948792201863,46.426079428788739,63.100120609712029
2,1,Fz,W0,0.72265625,55.069366447076746,46.931655094232617,63.204581488715149
2,1,Fz,W0,0.7265625,55.336517542031103,47.522081548497702,63.276598158001448
2,1,Fz,W0,0.73046875,55.57368958169306,48.027394927976175,63.391468657828341
2,1,Fz,W0,0.734375,55.738694904292792,48.38957430073156,63.371304065866305
2,1,Fz,W0,0.73828125,55.777283544266218,48.629695322110109,63.178267522436343
2,1,Fz,W0,0.7421875,55.643486737410996,48.643086673075722,62.851138956145391
2,1,Fz,W0,0.74609375,55.31264528663943,48.340133039138188,62.349198013683228
2,1,Fz,W0,0.75,54.784757792527266,47.906933169637497,61.659538364861767
2,1,Fz,W0,0.75390625,54.086066728751362,47.345288645021441,60.732709672295726
2,1,Fz,W0,0.7578125,53.272023993020582,46.631073640959201,59.600308134012884
2,1,Fz,W0,0.76171875,52.425115989585144,45.799979062565356,58.53632491366141
2,1,Fz,W0,0.765625,51.640648594857616,45.073685829251488,57.874859238238244
2,1,Fz,W0,0.76953125,51.001833959054231,44.586002845926146,57.229396451393796
2,1,Fz,W0,0.7734375,50.553488826571837,44.364946221355702,56.666944539450597
2,1,Fz,W0,0.77734375,50.286766885093286,44.197625237000885,56.247109189334871
2,1,Fz,W0,0.78125,50.144863398281494,44.10799278894234,55.812155236965431
2,1,Fz,W0,0.78515625,50.050164597560737,44.271762781961591,55.421922821855382
2,1,Fz,W0,0.7890625,49.939177354489075,44.350946754383486,54.93030013916416
2,1,Fz,W0,0.79296875,49.783927142038763,44.374185253398977,54.50264999047301
2,1,Fz,W0,0.796875,49.587544303608752,44.359817318749784,54.180510355189369
2,1,F3,W0,-0.19921875,-4.3815526119121735,-12.147144068922909,2.4183956731481069
2,1,F3,W0,-0.1953125,-4.0187338691859624,-11.452959178580057,2.6118443426761311
2,1,F3,W0,-0.19140625,-3.7458084300160346,-10.896313292426967,2.6771906880057843
2,1,F3,W0,-0.1875,-3.5137795117678032,-10.220994554144148,2.6142572587778616
2,1,F3,W0,-0.18359375,-3.29089096524641,-9.3762352630468087,2.4085197920679238
2,1,F3,W0,-0.1796875,-3.0890957537954806,-8.5455086117707442,2.0471908176362441
2,1,F3,W0,-0.17578125,-2.9441572817036756,-7.7697618219787659,1.6059761728568547
2,1,F3,W0,-0.171875,-2.8668357443893338,-7.2260493444512761,1.2140441659933592
2,1,F3,W0,-0.16796875,-2.8113138397675952,-6.8911724694148422,0.9853680298208336
2,1,F3,W0,-0.1640625,-2.6908550674598803,-6.4830910344940689,1.0007976079049137
2,1,F3,W0,-0.16015625,-2.4284015846620912,-5.9721277145239329,1.0143660532327987
2,1,F3,W0,-0.15625,-2.0038386956607388,-5.3923819810073796,1.2169753885413972
2,1,F3,W0,-0.15234375,-1.4686374566907396,-4.5973563151079411,1.5785016291773111
2,1,F3,W0,-0.1484375,-0.92482349736561986,-3.8276292136874681,1.8851665854546866
2,1,F3,W0,-0.14453125,-0.48366344899539926,-2.9761385476832869,1.9944886676086588
2,1,F3,W0,-0.140625,-0.2232098834583941,-2.3514355834122909,1.833632079860084
2,1,F3,W0,-0.13671875,-0.16003340247046985,-2.0322596022201513,1.5307107382472263
2,1,F3,W0,-0.1328125,-0.24542911922046623,-1.7576138190812596,1.116531519117772
2,1,F3,W0,-0.12890625,-0.38927578357568587,-1.7757298657939455,0.90522380631902821
2,1,F3,W0,-0.125,-0.50228138723555693,-1.9289276768393449,0.90402930283811544
2,1,F3,W0,-0.12109375,-0.53472937349833605,-2.0591604946192907,1.1645996475704505
2,1,F3,W0,-0.1171875,-0.48985220384372674,-2.1158643330696383,1.3498210784427735
2,1,F3,W0,-0.11328125,-0.40656775292522029,-2.082528052123453,1.4679384293324282
2,1,F3,W0,-0.109375,-0.32726655145904265,-2.0015311159299873,1.6285337453679747
2,1,F3,W0,-0.10546875,-0.27454999120903872,-1.9212379218950606,1.6460875626345337
2,1,F3,W0,-0.1015625,-0.24958546924115016,-2.0108897988542083,1.6522867743749352
2,1,F3,W0,-0.09765625,-0.24518600567743062,-2.0866378694070926,1.7864620812033185
2,1,F3,W0,-0.09375,-0.25795167156418108,-2.231664116410478,1.7950174067511899
2,1,F3,W0,-0.08984375,-0.29130811797589462,-2.408490213613983,2.009129501994118
2,1,F3,W0,-0.0859375,-0.3522316724722534,-2.6433649098238119,2.3095935412928217
2,1,F3,W0,-0.08203125,-0.44659460725874967,-2.9883903992579413,2.5695895889951146
2,1,F3,W0,-0.078125,-0.57368712626018603,-3.1447909889731704,2.4340563660839254
2,1,F3,W0,-0.07421875,-0.71899547433826894,-3.2505812579507105,2.3444532240371618
2,1,F3,W0,-0.0703125,-0.84802927570400299,-3.4043301091257274,2.2445778060965176
2,1,F3,W0,-0.06640625,-0.9071967575867077,-3.4562219741345452,2.1067348283783787
2,1,F3,W0,-0.0625,-0.83620222624227669,-3.4591063170925422,2.2291204552239243
2,1,F3,W0,-0.05859375,-0.59003547854478533,-3.2861612850904529,2.5526556116070784
2,1,F3,W0,-0.0546875,-0.15964579974727861,-3.1017982313480346,3.2128633882125373
2,1,F3,W0,-0.05078125,0.42348355331875404,-2.7416113683910521,4.0115413097200996
2,1,F3,W0,-0.046875,1.1044598805246753,-2.3996037824647951,4.9793857091737834
2,1,F3,W0,-0.04296875,1.8324152774787141,-1.9300595393007671,6.2248564171619121
2,1,F3,W0,-0.0390625,2.5782437080542233,-1.5648092835317686,7.2663908091040925
2,1,F3,W0,-0.03515625,3.3306677339502166,-0.94376694377870785,8.2908470914091144
2,1,F3,W0,-0.03125,4.0750984083606951,-0.61404364963253044,9.2649567740240641
2,1,F3,W0,-0.02734375,4.7709304387785627,0.031743389005095074,10.137782663162866
2,1,F3,W0,-0.0234375,5.3439166345067743,0.34610336072995268,10.665040095211992
2,1,F3,W0,-0.01953125,5.7042424613143972,0.45410952448673264,11.103004416629604
2,1,F3,W0,-0.015625,5.7885100964453917,0.66853088581339093,11.15790743406915
2,1,F3,W0,-0.01171875,5.6053032557296403,0.4764965098976211,11.032559857214562
2,1,F3,W0,-0.0078125,5.2520462213639014,-0.12304871386464664,10.778328516179416
2,1,F3,W0,-0.00390625,4.8829152203021886,-0.57588598577951644,10.396622313130822
2,1,F3,W0,0,4.6397711429895896,-0.94741509653969624,10.122079059752153
2,1,F3,W0,0.00390625,4.5840315327061552,-1.065911977796453,9.8807565377356585
2,1,F3,W0,0.0078125,4.6673925045015139,-0.93121840522698063,10.030920434582837
2,1,F3,W0,0.01171875,4.7573986927950251,-0.72594468096110298,10.293028413733197
2,1,F3,W0,0.015625,4.7055786540799351,-0.77802798397754025,10.39616159231193
2,1,F3,W0,0.01953125,4.4241717738394106,-1.2147538075368087,10.219780211459812
2,1,F3,W0,0.0234375,3.9318050484974409,-1.9258718075927943,10.070828082388459
2,1,F3,W0,0.02734375,3.343523122344271,-2.604291476101495,9.688964003683969
2,1,F3,W0,0.03125,2.8106344866915944,-3.4703581810614241,9.3707794338490054
2,1,F3,W0,0.03515625,2.4446554559581273,-3.995265477999371,9.2945927050354307
2,1,F3,W0,0.0390625,2.2682385756826822,-4.1494355374955516,9.0664728520175224
2,1,F3,W0,0.04296875,2.2166522164061844,-4.0695238928603832,9.038711321022646
2,1,F3,W0,0.046875,2.1808546172486238,-4.1914603673656385,9.1693818477317617
2,1,F3,W0,0.05078125,2.0629640216140777,-4.3518937880156114,9.2096737002182198
2,1,F3,W0,0.0546875,1.816190341464051,-4.7258169560203402,9.4483118145297897
2,1,F3,W0,0.05859375,1.4540907231837852,-5.4639616930096926,9.513457998387981
2,1,F3,W0,0.0625,1.030172934332275,-6.3781506633962826,9.5456986587915633
2,1,F3,W0,0.06640625,0.60513609134153956,-7.2299111665904663,9.3456799004055622
2,1,F3,W0,0.0703125,0.22484816944413394,-7.8688110412464516,9.1246889566572502
2,1,F3,W0,0.07421875,-0.08091284325254397,-8.2591661214068832,8.6427270759586552
2,1,F3,W0,0.078125,-0.28909708770685011,-8.4343475084560477,8.3114188724759384
2,1,F3,W0,0.08203125,-0.38020716856805381,-8.4087628023542536,8.0238437152614299
2,1,F3,W0,0.0859375,-0.34767001522672208,-8.1560821743987635,7.782710745649652
2,1,F3,W0,0.08984375,-0.21211620397060987,-7.8899850907310727,7.7435889467378045
2,1,F3,W0,0.09375,-0.02671138753022238,-7.6969249023979502,7.9409310466376457
2,1,F3,W0,0.09765625,0.13658579133147603,-7.4481479878033063,8.1760897030086515
2,1,F3,W0,0.1015625,0.21789875951351231,-7.4182114723865746,8.3323035810264372
2,1,F3,W0,0.10546875,0.20094799925939028,-7.439798081247182,8.4814216733855119
2,1,F3,W0,0.109375,0.12371361527989236,-7.5458210978372948,8.7978683186301652
2,1,F3,W0,0.11328125,0.058844717456091912,-7.8807770987661927,9.045837352026588
2,1,F3,W0,0.1171875,0.0745857297472063,-8.0919044635485058,9.3638770819410837
2,1,F3,W0,0.12109375,0.19832647663404504,-8.2564158851741478,9.589891283798412
2,1,F3,W0,0.125,0.40123206873564993,-8.3639551122991271,10.22813477486368
2,1,F3,W0,0.12890625,0.61001589433359227,-8.4407858844706602,10.559155078166675
2,1,F3,W0,0.1328125,0.73875713503681117,-8.5550397307109662,10.688913611771836
2,1,F3,W0,0.13671875,0.72494295761672023,-8.7327018016102933,10.605912587640674
2,1,F3,W0,0.140625,0.55280443790331868,-9.0000526592089258,10.503345021539962
2,1,F3,W0,0.14453125,0.25466253207150846,-9.3522114738483388,10.359577213473628
2,1,F3,W0,0.1484375,-0.10568651071276998,-9.7415615361524441,10.072823829213437
2,1,F3,W0,0.15234375,-0.45405481955653082,-9.9962122802420161,9.6894041088599643
2,1,F3,W0,0.15625,-0.72120823093653585,-10.166612522381511,9.3747858525023808
2,1,F3,W0,0.16015625,-0.85391725432407994,-10.134526364991121,9.1200323853479333
2,1,F3,W0,0.1640625,-0.82791944993839817,-9.9974031084928878,9.1040844818720448
2,1,F3,W0,0.16796875,-0.66062453044215652,-9.9973647501920695,9.1445643945252169
2,1,F3,W0,0.171875,-0.41249990526996627,-9.888306925725308,9.5625619432577693
2,1,F3,W0,0.17578125,-0.17060143536081587,-9.7992973339514062,10.049364711385699
2,1,F3,W0,0.1796875,-0.020990290005466601,-9.7337186992343305,10.346533728984218
2,1,F3,W0,0.18359375,-0.023768680996414479,-9.6510786686334669,10.584422261819133
2,1,F3,W0,0.1875,-0.20066071435208319,-9.8827882473498718,10.602545862942868
2,1,F3,W0,0.19140625,-0.5370227331310089,-10.208464816697761,10.186901238833242
2,1,F3,W0,0.1953125,-0.99263431457318363,-10.427165333957255,9.6367830644672985
2,1,F3,W0,0.19921875,-1.5112582470666778,-10.859254206463444,9.0474424911944116
2,1,F3,W0,0.203125,-2.0234351854556669,-11.39516885312333,8.6040472244085109
2,1,F3,W0,0.20703125,-2.4493812798035437,-11.802143724256458,8.0987259134139915
2,1,F3,W0,0.2109375,-2.714336964839223,-12.105563854585231,7.9927778501029447
2,1,F3,W0,0.21484375,-2.7764687822024454,-12.485009640240747,7.9813718720511169
2,1,F3,W0,0.21875,-2.6495490323433448,-12.560535979884998,8.24774924647412
2,1,F3,W0,0.22265625,-2.4007438569821455,-12.509537714252644,8.5999856425032934
2,1,F3,W0,0.2265625,-2.1214291051212633,-12.459084686346856,9.083188665165677
2,1,F3,W0,0.23046875,-1.8883317487891271,-12.392762156245238,9.4639080127781661
2,1,F3,W0,0.234375,-1.7366988931689129,-12.442837812916931,9.8164057247077725
2,1,F3,W0,0.23828125,-1.6570018109575164,-12.804119572589347,10.129330436145095
2,1,F3,W0,0.2421875,-1.612995078295403,-13.033449157722988,10.466646408145214
2,1,F3,W0,0.24609375,-1.5694650647734254,-13.111852428161203,10.791477488353648
2,1,F3,W0,0.25,-1.514485569821219,-13.247220662055055,11.155293653477326
2,1,F3,W0,0.25390625,-1.4643268288423636,-13.315380686592144,11.382154261222844
2,1,F3,W0,0.2578125,-1.448701430865295,-13.423339032277244,11.455973724267359
2,1,F3,W0,0.26171875,-1.485130646859266,-13.34877200789623,11.463875569714752
2,1,F3,W0,0.265625,-1.5582916748704945,-13.271998503250574,11.296737853536694
2,1,F3,W0,0.26953125,-1.6191475850153709,-13.44552869623246,11.401963731000407
2,1,F3,W0,0.2734375,-1.6070185178372904,-13.562646410400776,11.553551891614244
2,1,F3,W0,0.27734375,-1.4803586662457913,-13.740383521484736,11.966598764772845
2,1,F3,W0,0.28125,-1.234142691915757,-13.681644253847422,12.542506105495475
2,1,F3,W0,0.28515625,-0.89459675197616162,-13.60409608326465,13.181297626353583
2,1,F3,W0,0.2890625,-0.50373833262564283,-13.507357472057159,13.804236639827121
2,1,F3,W0,0.29296875,-0.11125530521327832,-13.262370471826031,14.285115208131566
2,1,F3,W0,0.296875,0.22618014227162644,-12.938085399157526,14.324127961646063
2,1,F3,W0,0.30078125,0.45351389179784829,-12.757986174248384,14.420742414553562
2,1,F3,W0,0.3046875,0.54048240795139557,-12.328675075399394,14.283736911973868
2,1,F3,W0,0.30859375,0.50406084415782559,-12.273099100278808,14.137749616696942
2,1,F3,W0,0.3125,0.4083107752674352,-12.441972592083888,13.823412914904326
2,1,F3,W0,0.31640625,0.33706779511973306,-12.373245976295777,13.58975975442076
2,1,F3,W0,0.3203125,0.3564562855151408,-12.369839692089455,13.665809824253124
2,1,F3,W0,0.32421875,0.48925453974421157,-12.220318725881631,14.1109398386471
2,1,F3,W0,0.328125,0.71182423652808635,-12.159338097584053,14.681665598606521
2,1,F3,W0,0.33203125,0.97048306484537572,-12.098989727888117,15.212694529221015
2,1,F3,W0,0.3359375,1.2069418488835737,-11.975614219137992,15.610607462510023
2,1,F3,W0,0.33984375,1.3809751356550302,-11.959795124680429,15.875512925292645
2,1,F3,W0,0.34375,1.4803969880717929,-11.698552819605338,16.127352311675864
2,1,F3,W0,0.34765625,1.5149710143347073,-11.624892914286438,16.027555040302165
2,1,F3,W0,0.3515625,1.5007230266974707,-11.584204532710245,16.022929476578575
2,1,F3,W0,0.35546875,1.445886446537157,-11.663961843959394,16.089351121418744
2,1,F3,W0,0.359375,1.3451529443164367,-11.706445916679696,15.928875779041709
2,1,F3,W0,0.36328125,1.1822406537974213,-11.81542507645041,15.725925645349276
2,1,F3,W0,0.3671875,0.93824272659842933,-12.228624064973481,15.606037311890388
2,1,F3,W0,0.37109375,0.60156152671254981,-12.492266013238156,15.508256229568845
2,1,F3,W0,0.375,0.17320988521925948,-12.805428772908449,15.235878998581928
2,1,F3,W0,0.37890625,-0.33488722609905458,-13.37908688318657,15.015917824440409
2,1,F3,W0,0.3828125,-0.90219464067420785,-14.079016120326896,14.69082460311945
2,1,F3,W0,0.38671875,-1.4958740037379052,-14.823583831223488,14.40248340250527
2,1,F3,W0,0.390625,-2.0668280255936109,-15.618854572564187,14.269568218311365
2,1,F3,W0,0.39453125,-2.5584268313506819,-16.435749099666058,14.166821212467696
2,1,F3,W0,0.3984375,-2.9294314049404044,-17.09864275280167,14.058830359626734
2,1,F3,W0,0.40234375,-3.175750784117521,-17.510848967820809,13.927790426543513
2,1,F3,W0,0.40625,-3.334164785230588,-17.667222292869802,13.775517632276825
2,1,F3,W0,0.41015625,-3.4655192225241347,-17.647957475692611,13.618592578942598
2,1,F3,W0,0.4140625,-3.6290086335586058,-17.770331239698695,13.408796269659632
2,1,F3,W0,0.41796875,-3.8614382387002752,-18.107230698182487,13.173873573465951
2,1,F3,W0,0.421875,-4.1678004808231632,-18.620718610079422,12.904853325829997
2,1,F3,W0,0.42578125,-4.5212659521460781,-19.313229200213513,12.590247930750033
2,1,F3,W0,0.4296875,-4.8684255429054017,-19.995066132266427,12.26375094090667
2,1,F3,W0,0.43359375,-5.1387574183901421,-20.540255645362244,11.982293420914585
2,1,F3,W0,0.4375,-5.2600226453155656,-20.777284312189899,11.882591956428474
2,1,F3,W0,0.44140625,-5.1789512892217795,-21.019907590173585,12.023313336330506
2,1,F3,W0,0.4453125,-4.8806985100717322,-20.980984142067946,12.297838506116065
2,1,F3,W0,0.44921875,-4.3973481905399021,-20.645403623688996,12.723593669473034
2,1,F3,W0,0.453125,-3.8000031802500573,-19.981181964353993,13.337753363939598
2,1,F3,W0,0.45703125,-3.1787289080002328,-19.201909642239801,13.969397469499427
2,1,F3,W0,0.4609375,-2.6204896660010957,-18.346669023984692,14.454645350874534
2,1,F3,W0,0.46484375,-2.1906408151261223,-17.69774714927582,14.619434442940543
2,1,F3,W0,0.46875,-1.9165684482954555,-17.04209946228384,14.806625105975048
2,1,F3,W0,0.47265625,-1.7752504437911658,-16.741906378437665,15.076858015753434
2,1,F3,W0,0.4765625,-1.6949983263386956,-16.441488283956911,14.82474628303949
2,1,F3,W0,0.48046875,-1.578802796456618,-16.175046328278579,14.669452666497723
2,1,F3,W0,0.484375,-1.3409253962955325,-15.808170290638367,14.725784753941278
2,1,F3,W0,0.48828125,-0.93660912708407318,-15.553226346140708,15.357463473162076
2,1,F3,W0,0.4921875,-0.3690726707013246,-14.927856089050529,15.855389236585458
2,1,F3,W0,0.49609375,0.32739728788883155,-14.309643184671559,16.593242751627855
2,1,F3,W0,0.5,1.1162760826012685,-13.747000488105696,17.590343922382623
2,1,F3,W0,0.50390625,1.9821366628353272,-13.012732245607767,18.699001085640639
2,1,F3,W0,0.5078125,2.935589004787746,-12.573950170026967,20.111066241554063
2,1,F3,W0,0.51171875,3.9999411861862972,-11.650073048722913,21.47161886489755
2,1,F3,W0,0.515625,5.1923074015262909,-11.181997339163305,22.724966203005369
2,1,F3,W0,0.51953125,6.5136840020878575,-10.324262181853829,23.948852428992311
2,1,F3,W0,0.5234375,7.9528007354135974,-9.1445963759464295,25.434567774568368
2,1,F3,W0,0.52734375,9.4971938024099405,-7.6910972767116554,26.854657247710712
2,1,F3,W0,0.53125,11.142315079429075,-6.0678517151896774,28.575890617595196
2,1,F3,W0,0.53515625,12.895342720282162,-4.323098533802896,30.272244291532598
2,1,F3,W0,0.5390625,14.774872328416,-2.4842807414453167,32.212484375418803
2,1,F3,W0,0.54296875,16.806048141027251,-0.54463458855169622,34.340622360408716
2,1,F3,W0,0.546875,19.009172242881863,1.5312079356782891,36.937800270286274
2,1,F3,W0,0.55078125,21.383657919628988,3.7940472458312158,39.531536688665632
2,1,F3,W0,0.5546875,23.894859250623899,6.2659721558966428,42.111734931024245
2,1,F3,W0,0.55859375,26.473428363844619,8.8497777449404182,44.804459832310464
2,1,F3,W0,0.5625,29.03304377196627,11.501640087990596,47.294033861166234
2,1,F3,W0,0.56640625,31.501380900746014,13.915255600646043,49.637951933317979
2,1,F3,W0,0.5703125,33.845558045049401,16.459186069669354,51.876487504791882
2,1,F3,W0,0.57421875,36.071540019450246,18.672176523523444,54.278565961600187
2,1,F3,W0,0.578125,38.196190397324692,20.536491725540554,56.715329861479667
2,1,F3,W0,0.58203125,40.215665964613436,22.259005229063185,59.346674553814609
2,1,F3,W0,0.5859375,42.098232026790122,23.823929123794233,61.782567838274147
2,1,F3,W0,0.58984375,43.807694825106111,25.365305287454095,64.253665553296543
2,1,F3,W0,0.59375,45.336860134143642,26.723783654048511,66.102933248721939
2,1,F3,W0,0.59765625,46.722410625021801,27.853897672888532,67.436729829638239
2,1,F3,W0,0.6015625,48.027916469694773,28.88287883122651,68.768605617689033
2,1,F3,W0,0.60546875,49.306623297840424,30.146144260105576,69.956512914735868
2,1,F3,W0,0.609375,50.571356022745462,31.49923352083934,71.040163838546022
2,1,F3,W0,0.61328125,51.79357664623312,32.733785765864624,72.029221143558246
2,1,F3,W0,0.6171875,52.930665428666629,33.956749867191199,72.940554085765839
2,1,F3,W0,0.62109375,53.958882683779528,35.091658124687562,73.891480525951323
2,1,F3,W0,0.625,54.888401068292218,36.028344343864667,74.999872440048875
2,1,F3,W0,0.62890625,55.75440633945869,36.546375094443782,76.176266851633429
2,1,F3,W0,0.6328125,56.594913028083013,36.873110794562081,77.479470537804247
2,1,F3,W0,0.63671875,57.429555110577809,37.244208272372376,78.79392509882841
2,1,F3,W0,0.640625,58.249407545712188,37.603634967946732,79.985386878140545
2,1,F3,W0,0.64453125,59.023261908987891,38.080844328983126,80.935395458412245
2,1,F3,W0,0.6484375,59.719095733045862,38.532137234868181,81.579065027663077
2,1,F3,W0,0.65234375,60.328542084111859,39.268121859657825,81.949361464513217
2,1,F3,W0,0.65625,60.875245698689049,40.293427958385124,82.186727632078984
2,1,F3,W0,0.66015625,61.397159056707125,41.271870330436123,82.727294110295247
2,1,F3,W0,0.6640625,61.915199130392836,42.181454206041707,83.314014448605064
2,1,F3,W0,0.66796875,62.414447848162546,43.271095780479584,83.91750858561899
2,1,F3,W0,0.671875,62.852840061817098,43.679648175269605,84.536649861076995
2,1,F3,W0,0.67578125,63.188211791944042,43.958019331027039,85.068224110652793
2,1,F3,W0,0.6796875,63.403088302344948,44.287186469413278,85.142526958608514
2,1,F3,W0,0.68359375,63.513734650244743,44.669684826453015,84.913708651326303
2,1,F3,W0,0.6875,63.561917270662804,44.921459626046527,84.607297017437574
2,1,F3,W0,0.69140625,63.594836006682854,45.19632986856854,84.437154970975769
2,1,F3,W0,0.6953125,63.642643813877783,45.444030563887772,84.099902020803711
2,1,F3,W0,0.69921875,63.705573460874277,45.440824566517165,83.838676898627796
2,1,F3,W0,0.703125,63.759468157567937,45.286920670399709,83.806101886132353
2,1,F3,W0,0.70703125,63.776947863108845,45.173306226367373,83.800010690320974
2,1,F3,W0,0.7109375,63.749543693414097,44.82913974895321,83.708880424768012
2,1,F3,W0,0.71484375,63.695403794237933,44.589435962565574,83.537199171832555
2,1,F3,W0,0.71875,63.647610296460897,44.251448385802377,83.44211030752011
2,1,F3,W0,0.72265625,63.62945822355087,43.985913044540425,83.495506736154354
2,1,F3,W0,0.7265625,63.629811196435803,43.893050309296818,83.598970829921882
2,1,F3,W0,0.73046875,63.594679413623076,43.84892109089278,83.377911763340123
2,1,F3,W0,0.734375,63.445889978578705,43.921647234289708,83.014662420510206
2,1,F3,W0,0.73828125,63.119429950116519,43.980137929351741,82.506444957186943
2,1,F3,W0,0.7421875,62.59754181268417,43.939449416355544,81.861983193895341
2,1,F3,W0,0.74609375,61.911956740716754,43.507321760772754,81.026694110330183
2,1,F3,W0,0.75,61.120640483014149,42.699705273554223,80.192872205633932
2,1,F3,W0,0.75390625,60.280392963151385,41.698808335725346,79.436425005169781
2,1,F3,W0,0.7578125,59.433676493182297,40.488951848835839,78.733182967774965
2,1,F3,W0,0.76171875,58.61067573369769,39.757575039672155,78.102557845344236
2,1,F3,W0,0.765625,57.836643799675294,38.997901627739203,77.543287345835168
2,1,F3,W0,0.76953125,57.135130464485002,38.262321409704377,77.035488873449651
2,1,F3,W0,0.7734375,56.523561314287413,37.552232732334566,76.474843920324744
2,1,F3,W0,0.77734375,56.004003126880477,36.699952321775093,75.937600984253677
2,1,F3,W0,0.78125,55.556719336084655,36.415321764033806,75.431945136294104
2,1,F3,W0,0.78515625,55.144058161197194,36.426159418198999,74.863475572916826
2,1,F3,W0,0.7890625,54.724877924729896,36.314288465260894,74.224603925658386
2,1,F3,W0,0.79296875,54.270267419632752,36.111356628616448,73.56882682607764
2,1,F3,W0,0.796875,53.770235355586891,35.843439799993831,72.877697405402245
2,1,F4,W0,-0.19921875,-0.52413394029728666,-6.6083281181700197,5.1529009302597952
2,1,F4,W0,-0.1953125,-0.49087907109320833,-6.4076208100773506,5.067449139288704
2,1,F4,W0,-0.19140625,-0.44483196587488399,-6.1705995413548083,5.0708628218889453
2,1,F4,W0,-0.1875,-0.33930042640314639,-5.904633209455957,4.9643272760183308
2,1,F4,W0,-0.18359375,-0.17425168487485751,-5.428130140533538,4.7699323925850878
2,1,F4,W0,-0.1796875,-0.0014254519962145732,-4.9604052092877531,4.5502915160149291
2,1,F4,W0,-0.17578125,0.10690920475032364,-4.5025036278673465,4.3468784802983267
2,1,F4,W0,-0.171875,0.10538386084585646,-4.2862540183628859,4.0920324280333142
2,1,F4,W0,-0.16796875,0.0060273408969638599,-4.0701026578362338,3.6626391579085209
2,1,F4,W0,-0.1640625,-0.12723595621689768,-3.8300460933476388,3.3508423852722213
2,1,F4,W0,-0.16015625,-0.21372963962844588,-3.7940995955362653,3.1346293639910958
2,1,F4,W0,-0.15625,-0.19843554565685739,-3.6794535422175163,2.973904952684348
2,1,F4,W0,-0.15234375,-0.078468342121609566,-3.4370448901588295,2.9692131349114752
2,1,F4,W0,-0.1484375,0.099632825962166549,-3.0967744143765663,2.9960944433169137
2,1,F4,W0,-0.14453125,0.26837605205753318,-2.7800528757011467,2.9826451818445516
2,1,F4,W0,-0.140625,0.37467933383404611,-2.3754711484990616,2.8871378135505372
2,1,F4,W0,-0.13671875,0.40162180428813743,-1.9086816286094144,2.4825331680351637
2,1,F4,W0,-0.1328125,0.36934450880461234,-1.3799666859921111,2.0098245204242038
2,1,F4,W0,-0.12890625,0.32069526938177606,-0.92561408731961292,1.5128711236797328
2,1,F4,W0,-0.125,0.29953884268358605,-0.69452992591743545,1.3169598505125828
2,1,F4,W0,-0.12109375,0.32909091149852371,-0.72203036784942909,1.3780946752658694
2,1,F4,W0,-0.1171875,0.40093314986417911,-0.86984108099065161,1.6928462076417841
2,1,F4,W0,-0.11328125,0.48342757049310009,-0.95257178543631871,2.0165970786474028
2,1,F4,W0,-0.109375,0.54356550608492538,-0.91820247353289197,2.2489387497319986
2,1,F4,W0,-0.10546875,0.56301309968354341,-1.0044104683930688,2.4091946000239406
2,1,F4,W0,-0.1015625,0.53644485370165906,-1.2241509527404637,2.4970144001759622
2,1,F4,W0,-0.09765625,0.46095697028992316,-1.4356181162058017,2.5607329996811257
2,1,F4,W0,-0.09375,0.33269239715836579,-1.7151126913103429,2.5885930492473448
2,1,F4,W0,-0.08984375,0.15314041879680645,-1.9994946600528201,2.472010778109119
2,1,F4,W0,-0.0859375,-0.066117414870423094,-2.3546472060949535,2.2888040438078527
2,1,F4,W0,-0.08203125,-0.30819444111992633,-2.6453709710296236,1.9659352512165678
2,1,F4,W0,-0.078125,-0.56133881121269924,-2.9402185862567096,1.6721010898339201
2,1,F4,W0,-0.07421875,-0.82586286674729836,-3.3472245188861391,1.5354649669593232
2,1,F4,W0,-0.0703125,-1.1110353425987816,-3.8419044646331133,1.4541418739732139
2,1,F4,W0,-0.06640625,-1.4211073182028096,-4.2748452088069664,1.3051022844028237
2,1,F4,W0,-0.0625,-1.7378835521486191,-4.7735843694400106,1.1307160906535154
2,1,F4,W0,-0.05859375,-2.0135793450325066,-5.1259992346811813,1.022245252270402
2,1,F4,W0,-0.0546875,-2.1820910188323634,-5.3648466554493446,0.80781908435464922
2,1,F4,W0,-0.05078125,-2.1812824031605271,-5.6525116199212571,1.1068270700868943
2,1,F4,W0,-0.046875,-1.9712253760116549,-5.4528128651347743,1.436968713060099
2,1,F4,W0,-0.04296875,-1.5424540843941388,-5.1264644547590486,2.1111666376796863
2,1,F4,W0,-0.0390625,-0.91961315456179582,-4.6052707160050268,2.8015170701050591
2,1,F4,W0,-0.03515625,-0.16369837369530585,-3.8428438411638877,4.0296381780885993
2,1,F4,W0,-0.03125,0.63222062005601554,-3.1157965927782918,5.2452808695779707
2,1,F4,W0,-0.02734375,1.3579229148776688,-2.4496253382178192,6.4037758657839436
2,1,F4,W0,-0.0234375,1.9084145490512585,-2.2897938963574869,7.1860851776747241
2,1,F4,W0,-0.01953125,2.2087303044459681,-2.2003612749998411,7.6261134490091944
2,1,F4,W0,-0.015625,2.2370236113007871,-2.5397389539683268,7.6423479257352396
2,1,F4,W0,-0.01171875,2.0368619266240016,-2.7432842667429544,7.4777413235315064
2,1,F4,W0,-0.0078125,1.7056131236424286,-3.0863007665932041,7.2037174244717352
2,1,F4,W0,-0.00390625,1.3559145556780787,-3.2463290463214065,6.4671353631446156
2,1,F4,W0,0,1.0673952641481894,-3.4049103489909496,6.1606511300731777
2,1,F4,W0,0.00390625,0.85612797153530928,-3.541704502537883,5.7381097091556921
2,1,F4,W0,0.0078125,0.6782149989191284,-3.7598662962488589,5.2711809707794393
2,1,F4,W0,0.01171875,0.4619098450999885,-4.0611043924723633,5.1260290024111148
2,1,F4,W0,0.015625,0.14853432220849205,-4.6254069073904267,4.7953296724600376
2,1,F4,W0,0.01953125,-0.27759878619446704,-5.0774137232484051,4.5623428375428512
2,1,F4,W0,0.0234375,-0.78261685288718807,-6.025084474975726,4.5147107970533344
2,1,F4,W0,0.02734375,-1.3020848311122168,-6.8118286475437282,4.4468011756976145
2,1,F4,W0,0.03125,-1.7753074169115468,-7.5472913452537531,4.2972824997800227
2,1,F4,W0,0.03515625,-2.1753411831171472,-8.1779805581637941,4.1452334592438005
2,1,F4,W0,0.0390625,-2.5179706570794611,-8.5953336299460759,4.0955031601923766
2,1,F4,W0,0.04296875,-2.8474200526441842,-8.9095041055086011,3.746136766662493
2,1,F4,W0,0.046875,-3.2103297627652898,-9.2412713891220601,3.4309229904099974
2,1,F4,W0,0.05078125,-3.632588349279998,-9.7149994007582272,3.0052332293909441
2,1,F4,W0,0.0546875,-4.1085453904642195,-10.227705053289645,2.7851139443155417
2,1,F4,W0,0.05859375,-4.6058820988417697,-10.851265935120923,2.6838423897404597
2,1,F4,W0,0.0625,-5.0831191765629766,-11.727055277578232,2.6315169084262444
2,1,F4,W0,0.06640625,-5.5099434170998176,-12.708683296933966,2.5602961028585902
2,1,F4,W0,0.0703125,-5.8782569590984393,-13.636396660408673,2.4188734417372677
2,1,F4,W0,0.07421875,-6.1987773697356179,-14.401284110598917,2.2536192084082041
2,1,F4,W0,0.078125,-6.4891123459195983,-14.897306082122954,2.0335209193163153
2,1,F4,W0,0.08203125,-6.7639633773342762,-15.002455705838443,1.6976645388471467
2,1,F4,W0,0.0859375,-7.0333903578979857,-15.019402434834683,1.3676820329359922
2,1,F4,W0,0.08984375,-7.3074495306817848,-15.041706912934441,1.2404476095130195
2,1,F4,W0,0.09375,-7.6007731299975028,-15.078042295688585,1.2697842274470583
2,1,F4,W0,0.09765625,-7.9295720607155022,-15.394952372098357,1.2250535496620361
2,1,F4,W0,0.1015625,-8.2979547953969224,-15.939019419979138,1.0495227255178381
2,1,F4,W0,0.10546875,-8.6814765983411899,-16.62991215936221,0.75631005999350065
2,1,F4,W0,0.109375,-9.0243669545293805,-17.27349114962113,0.53574241431545944
2,1,F4,W0,0.11328125,-9.260070561879564,-17.588054852246181,0.51372756645600692
2,1,F4,W0,0.1171875,-9.345830083291391,-17.845599625976138,0.74790521485696981
2,1,F4,W0,0.12109375,-9.2901761012822082,-17.90086247174375,1.1728959847878093
2,1,F4,W0,0.125,-9.1577735946905285,-17.955340234483451,1.615513230151318
2,1,F4,W0,0.12890625,-9.0496137929118401,-18.129255340256069,1.9497378856552487
2,1,F4,W0,0.1328125,-9.0663947081600362,-18.415033208968723,2.161819406252961
2,1,F4,W0,0.13671875,-9.2694443849033377,-18.889772771554142,2.2860461378833219
2,1,F4,W0,0.140625,-9.6578477910423892,-19.627349232585249,2.249479140982563
2,1,F4,W0,0.14453125,-10.174253550386313,-20.385613863244256,2.0148306782933436
2,1,F4,W0,0.1484375,-10.732755831551424,-21.050158123467913,1.5007010192341006
2,1,F4,W0,0.15234375,-11.247650005004461,-21.643160097651766,0.87877916467065176
2,1,F4,W0,0.15625,-11.648766950537143,-22.102310793177413,0.26585768637345197
2,1,F4,W0,0.16015625,-11.887740493992874,-22.38234510596445,-0.11454682907023275
2,1,F4,W0,0.1640625,-11.945823845992443,-22.322755807469026,-0.11282441073232805
2,1,F4,W0,0.16796875,-11.843056833253625,-22.148028766270439,0.012594632586645449
2,1,F4,W0,0.171875,-11.639353881875588,-21.852948157190969,0.11575840894770728
2,1,F4,W0,0.17578125,-11.422957335957628,-21.705098780205649,0.35083402162647348
2,1,F4,W0,0.1796875,-11.290460030173755,-21.850423150967419,0.61112171964203799
2,1,F4,W0,0.18359375,-11.322805415144042,-22.201404071422509,0.87264410130712422
2,1,F4,W0,0.1875,-11.560072789150842,-22.813917476849998,1.0957747300910046
2,1,F4,W0,0.19140625,-11.984394218601514,-23.31063773935891,0.99251681009330062
2,1,F4,W0,0.1953125,-12.524673475100853,-23.869350826510175,0.55625847779225279
2,1,F4,W0,0.19921875,-13.084721224162923,-24.328140102103198,0.062790218056058084
2,1,F4,W0,0.203125,-13.578684646244701,-24.925985246710276,-0.35826046708994636
2,1,F4,W0,0.20703125,-13.955563573506597,-25.56454113901405,-0.83260739416588847
2,1,F4,W0,0.2109375,-14.206856217153282,-25.756946548108939,-1.3196340179707764
2,1,F4,W0,0.21484375,-14.360079105122335,-26.1235898776889,-1.4853235046524269
2,1,F4,W0,0.21875,-14.461430041936817,-26.327192321897453,-1.3627964420796912
2,1,F4,W0,0.22265625,-14.552337579047334,-26.531167461045186,-1.2926555885238999
2,1,F4,W0,0.2265625,-14.648922593734738,-26.626580637329546,-1.2714611176180632
2,1,F4,W0,0.23046875,-14.733698851073894,-26.696716923682281,-1.3132308146324116
2,1,F4,W0,0.234375,-14.763611261787119,-26.766409032006599,-1.4657460395940545
2,1,F4,W0,0.23828125,-14.692333336963882,-26.761963300259051,-1.1172148834210385
2,1,F4,W0,0.2421875,-14.499572453496528,-26.819069593973225,-0.65054378403211044
2,1,F4,W0,0.24609375,-14.214916448285631,-26.759696058920365,-0.18371649793828121
2,1,F4,W0,0.25,-13.921062381315725,-26.480889627627548,0.24639504138400853
2,1,F4,W0,0.25390625,-13.727907810059873,-26.413919378184328,0.53891260780102623
2,1,F4,W0,0.2578125,-13.726023776840277,-26.474921808971743,0.62702028316737812
2,1,F4,W0,0.26171875,-13.943191314503217,-26.682084596760077,0.30521304787742876
2,1,F4,W0,0.265625,-14.326822806497388,-26.950852376763493,-0.15684344598069694
2,1,F4,W0,0.26953125,-14.75999691902636,-27.315028594269624,-0.60526345863077202
2,1,F4,W0,0.2734375,-15.102770450763064,-27.559177746954038,-0.93916312168512761
2,1,F4,W0,0.27734375,-15.240640979139769,-27.596211085521258,-0.98057272640302084
2,1,F4,W0,0.28125,-15.119649116556243,-27.435914862871261,-0.76434309539816336
2,1,F4,W0,0.28515625,-14.755683777854662,-27.000120489039134,-0.27133620356114518
2,1,F4,W0,0.2890625,-14.221579123243815,-26.475375294342893,0.41342394938148458
2,1,F4,W0,0.29296875,-13.625350030839245,-25.965979709015862,1.1226027847379405
2,1,F4,W0,0.296875,-13.086995060360882,-25.565436744580399,1.7026854427439302
2,1,F4,W0,0.30078125,-12.710848850937154,-25.345017662693678,2.4038417124284792
2,1,F4,W0,0.3046875,-12.553307736248367,-25.339720393314323,2.8305110181438153
2,1,F4,W0,0.30859375,-12.600132466029716,-25.542693341483833,3.1052924929686907
2,1,F4,W0,0.3125,-12.772255481695723,-25.886586517014379,3.078108360982954
2,1,F4,W0,0.31640625,-12.962392513311947,-26.279010860170725,3.022545075794993
2,1,F4,W0,0.3203125,-13.082278841393105,-26.63271497584255,3.1126015318418698
2,1,F4,W0,0.32421875,-13.09491562096686,-26.690474311987323,3.1683594897295926
2,1,F4,W0,0.328125,-13.019452909027343,-26.597484504474096,3.3439858757532011
2,1,F4,W0,0.33203125,-12.912141571661801,-26.511342664074167,3.5873852752458633
2,1,F4,W0,0.3359375,-12.83564927432603,-26.478116757823969,3.8595755197530277
2,1,F4,W0,0.33984375,-12.832686032494962,-26.615618877981259,4.0293998672913718
2,1,F4,W0,0.34375,-12.917391392676251,-27.021361786115868,4.1091073538663458
2,1,F4,W0,0.34765625,-13.086003779727506,-27.300678941353855,3.9800808067085267
2,1,F4,W0,0.3515625,-13.334301735927788,-27.565692251490717,3.591456710086562
2,1,F4,W0,0.35546875,-13.666943391646607,-27.87473232763891,3.0172967483722686
2,1,F4,W0,0.359375,-14.094242007380441,-28.151646830255117,2.348974823874924
2,1,F4,W0,0.36328125,-14.62186937182843,-28.282341470925132,1.412473894585939
2,1,F4,W0,0.3671875,-15.240247346242414,-28.601784049412551,0.43168806945320465
2,1,F4,W0,0.37109375,-15.918514555016969,-28.940972988022853,-0.55061097141290682
2,1,F4,W0,0.375,-16.608235152705596,-29.504680981227931,-1.4420424057682848
2,1,F4,W0,0.37890625,-17.25911702477665,-29.977979327623011,-2.2220734474670691
2,1,F4,W0,0.3828125,-17.839140448572348,-30.576818870360327,-2.8036247798638447
2,1,F4,W0,0.38671875,-18.345013548126502,-31.250043557532539,-3.048677978511849
2,1,F4,W0,0.390625,-18.796855661791501,-31.907572037092386,-3.1847673432201296
2,1,F4,W0,0.39453125,-19.225199594212288,-32.646257437195715,-3.4823376642351365
2,1,F4,W0,0.3984375,-19.660936583403011,-33.275756138073341,-3.9599955049278739
2,1,F4,W0,0.40234375,-20.129089610541648,-33.942615244003491,-4.4690814751888395
2,1,F4,W0,0.40625,-20.641751447002509,-34.458056244592569,-4.9492417267987108
2,1,F4,W0,0.41015625,-21.191332875303861,-34.904091402941042,-5.3011323596054352
2,1,F4,W0,0.4140625,-21.750972334429811,-35.406475942079567,-5.5875410875154667
2,1,F4,W0,0.41796875,-22.284363343708893,-35.864931038731299,-5.9496444088309408
2,1,F4,W0,0.421875,-22.758392219600406,-36.2314090098169,-6.4432273573609349
2,1,F4,W0,0.42578125,-23.149911035036872,-36.517337651918368,-6.8770748511196604
2,1,F4,W0,0.4296875,-23.443431059347379,-36.695369998005631,-7.2630514137332991
2,1,F4,W0,0.43359375,-23.62331499691081,-36.58386057522597,-7.6109511716822214
2,1,F4,W0,0.4375,-23.66865594770055,-36.48053378854479,-7.9033965345435293
2,1,F4,W0,0.44140625,-23.559175794102906,-36.215015994008027,-7.983225949343133
2,1,F4,W0,0.4453125,-23.292877176420845,-35.860783604934184,-8.0266551083478106
2,1,F4,W0,0.44921875,-22.904008501887756,-35.358504920395902,-7.9197097865595971
2,1,F4,W0,0.453125,-22.465309931340887,-34.75907049445248,-7.6654454453622716
2,1,F4,W0,0.45703125,-22.068660866921853,-34.180530726441404,-7.3768587878231537
2,1,F4,W0,0.4609375,-21.793637111600887,-33.715409960272233,-7.1458523468590576
2,1,F4,W0,0.46484375,-21.679424908190498,-33.398213608471963,-7.239906464505717
2,1,F4,W0,0.46875,-21.710528070795455,-33.22672849670203,-7.3803011967202936
2,1,F4,W0,0.47265625,-21.819913788209767,-33.206136195234514,-7.7239833393078552
2,1,F4,W0,0.4765625,-21.908896523117569,-33.248424947398419,-7.5803062859229255
2,1,F4,W0,0.48046875,-21.877814457061131,-33.214323923526287,-7.49911174798837
2,1,F4,W0,0.484375,-21.65551354387787,-33.177329635446526,-7.0915453789130476
2,1,F4,W0,0.48828125,-21.21547897407293,-32.809703700886473,-6.2914644415620611
2,1,F4,W0,0.4921875,-20.574241209238565,-32.481113007035837,-5.568451985310567
2,1,F4,W0,0.49609375,-19.77581464300054,-32.128790831564075,-4.6476301087697385
2,1,F4,W0,0.5,-18.868535586057952,-31.519998943513674,-3.6231240985541815
2,1,F4,W0,0.50390625,-17.881403099603602,-30.665668309621079,-2.8253597467719587
2,1,F4,W0,0.5078125,-16.809269890569237,-29.315987761355395,-1.8282176382616671
2,1,F4,W0,0.51171875,-15.614904074231477,-28.232186266833608,-0.75838418656553364
2,1,F4,W0,0.515625,-14.246785779994813,-27.093119436839451,0.31241538931915913
2,1,F4,W0,0.51953125,-12.661368140451497,-25.411205662293952,1.3577872033132015
2,1,F4,W0,0.5234375,-10.837933400118356,-23.340641212701676,3.0576651645451078
2,1,F4,W0,0.52734375,-8.7825210518212078,-21.028550788273435,5.1185762084754547
2,1,F4,W0,0.53125,-6.5237509949390144,-18.664924836180035,7.4965918496874888
2,1,F4,W0,0.53515625,-4.1025917155938041,-16.213326890413953,10.10609023074092
2,1,F4,W0,0.5390625,-1.5572473180152926,-13.890531549229145,12.476561873280323
2,1,F4,W0,0.54296875,1.0914069664956219,-11.73781706386343,15.220271517769438
2,1,F4,W0,0.546875,3.8450439693944656,-9.5972122992852977,18.180459188085376
2,1,F4,W0,0.55078125,6.7188905052323538,-7.1533455860501087,21.334549300465333
2,1,F4,W0,0.5546875,9.7218370952255508,-4.1664877731297807,24.639938307130734
2,1,F4,W0,0.55859375,12.835766153234252,-1.2499456838272625,27.738958116055642
2,1,F4,W0,0.5625,16.007424524278829,1.6696706154966712,30.947986192323309
2,1,F4,W0,0.56640625,19.162015957332386,4.9412097316013126,34.304995654636386
2,1,F4,W0,0.5703125,22.232934954497804,8.1549829096430759,37.576922145443156
2,1,F4,W0,0.57421875,25.186566556474769,10.933633055793925,40.755628207875901
2,1,F4,W0,0.578125,28.023368036887209,13.471773775599939,43.832483673720724
2,1,F4,W0,0.58203125,30.758251219131147,16.270757447298514,46.695921144515147
2,1,F4,W0,0.5859375,33.401561533725896,18.912509310479528,49.703440605044712
2,1,F4,W0,0.58984375,35.956541446085765,21.441260670085573,52.71332094616767
2,1,F4,W0,0.59375,38.428432477289469,23.873541635745294,55.300829742369729
2,1,F4,W0,0.59765625,40.828859307965757,26.192708013042051,58.167056826693738
2,1,F4,W0,0.6015625,43.167228171585158,28.416069268837674,61.265534828291194
2,1,F4,W0,0.60546875,45.437083906882606,30.736678392823414,63.87391981242687
2,1,F4,W0,0.609375,47.613226720892897,32.953261847086445,66.144805140987629
2,1,F4,W0,0.61328125,49.66818915459482,35.071977277972664,68.223767918766256
2,1,F4,W0,0.6171875,51.599694683173759,37.153351502418587,70.019004497862696
2,1,F4,W0,0.62109375,53.44735917321502,39.082511854651081,71.434379995366456
2,1,F4,W0,0.625,55.280294785701614,41.01087013291658,73.000388121728321
2,1,F4,W0,0.62890625,57.158485238418045,42.50564309950839,75.126477702110563
2,1,F4,W0,0.6328125,59.093931161564221,44.152646668598393,77.059810142686857
2,1,F4,W0,0.63671875,61.04106161425684,45.847532341022607,79.077601650727217
2,1,F4,W0,0.640625,62.924174085405859,47.122426065969165,81.12233866602665
2,1,F4,W0,0.64453125,64.681952080459908,48.611965952864445,83.120808776829733
2,1,F4,W0,0.6484375,66.299494245234996,50.09508512129289,84.898163000980944
2,1,F4,W0,0.65234375,67.810171146613271,51.771027272619925,86.275510913682098
2,1,F4,W0,0.65625,69.268924479652611,53.407925835715872,87.762560455516223
2,1,F4,W0,0.66015625,70.713816495508638,54.635577292611586,88.97454604292848
2,1,F4,W0,0.6640625,72.139025953137562,56.419418042509669,90.560465376062183
2,1,F4,W0,0.66796875,73.495742814518238,58.037439980413765,92.226274384478856
2,1,F4,W0,0.671875,74.718611842846784,59.155273200121918,93.49102333868494
2,1,F4,W0,0.67578125,75.758209692646034,60.24781122480114,94.501529377163507
2,1,F4,W0,0.6796875,76.599470592768796,61.047862879462095,95.355706191283787
2,1,F4,W0,0.68359375,77.260429025439052,61.84126090166292,95.935599944695781
2,1,F4,W0,0.6875,77.779334775297897,62.241507554957082,96.373611155473199
2,1,F4,W0,0.69140625,78.200294717729918,62.670584604272008,96.740956614105002
2,1,F4,W0,0.6953125,78.562291171274552,63.068692038002979,97.098933208109187
2,1,F4,W0,0.69921875,78.892954462838986,63.459983917800045,97.476521588829073
2,1,F4,W0,0.703125,79.207958669452353,63.78866394089863,97.867326957376378
2,1,F4,W0,0.70703125,79.515005329315088,64.117758748018005,98.246343541535879
2,1,F4,W0,0.7109375,79.818778306532494,64.187064938269287,98.625875074058442
2,1,F4,W0,0.71484375,80.124179233958913,64.359081960959188,98.695046522685431
2,1,F4,W0,0.71875,80.437475281806471,64.646359351914171,98.592956753991331
2,1,F4,W0,0.72265625,80.763397282801677,64.90496377246734,98.284071817572865
2,1,F4,W0,0.7265625,81.094815474142052,65.376958624897782,98.102508431376307
2,1,F4,W0,0.73046875,81.399060116976273,66.05436836894313,98.090516965098999
2,1,F4,W0,0.734375,81.615010112571269,66.650151112273633,98.027654338896511
2,1,F4,W0,0.73828125,81.670691315755974,67.051381271149125,97.841801388488477
2,1,F4,W0,0.7421875,81.512778677208161,67.241360217064098,97.207963447035667
2,1,F4,W0,0.74609375,81.128742560808732,66.934280191745842,96.711001950302389
2,1,F4,W0,0.75,80.551172439460885,66.413286441596625,95.827894468232643
2,1,F4,W0,0.75390625,79.848433723979738,65.63154954652795,95.039000952886624
2,1,F4,W0,0.7578125,79.109716551596662,64.888071573152232,94.037027011087531
2,1,F4,W0,0.76171875,78.427430580311167,64.245040415656575,93.165127712130158
2,1,F4,W0,0.765625,77.876987221821594,63.855350809670185,92.327812485050032
2,1,F4,W0,0.76953125,77.496885198252173,63.698505458684458,91.748944141337418
2,1,F4,W0,0.7734375,77.276172232711772,63.97540556714678,91.190671477801175
2,1,F4,W0,0.77734375,77.157524176247961,64.35071929203805,90.823921605400812
2,1,F4,W0,0.78125,77.060211473414213,64.633404795243862,90.457053039084002
2,1,F4,W0,0.78515625,76.916844201256154,64.634276834529928,90.029783947262416
2,1,F4,W0,0.7890625,76.705190175501599,64.520630095646851,89.519237325651858
2,1,F4,W0,0.79296875,76.453748031066667,64.384917756657487,88.815123616351002
2,1,F4,W0,0.796875,76.214955087220488,64.420961267869046,88.20069956913332
2,-1,Fz,SELECTED,-0.19921875,2.5317214093890437,-0.34610286803508833,5.3837222170846992
2,-1,Fz,SELECTED,-0.1953125,2.5144074745328489,-0.42984047412407189,5.5347323700012607
2,-1,Fz,SELECTED,-0.19140625,2.4528236863072745,-0.49788196600341439,5.5777138875795647
2,-1,Fz,SELECTED,-0.1875,2.3553097054406398,-0.61629603409396982,5.4920071084003332
2,-1,Fz,SELECTED,-0.18359375,2.2330910360067504,-0.73791911602754778,5.3912726698579574
2,-1,Fz,SELECTED,-0.1796875,2.0913272050965035,-0.81150188360129993,5.181194632742077
2,-1,Fz,SELECTED,-0.17578125,1.927663138754985,-0.84964791977996967,4.7833211841759189
2,-1,Fz,SELECTED,-0.171875,1.7388883988798889,-0.81410582569988343,4.4174686786679898
2,-1,Fz,SELECTED,-0.16796875,1.5298495446568945,-0.85330082380473338,4.24062851805175
2,-1,Fz,SELECTED,-0.1640625,1.3189199756302363,-0.87564077489735959,3.8932550200732892
2,-1,Fz,SELECTED,-0.16015625,1.1381328168643841,-1.0275628876497396,3.5735997481637325
2,-1,Fz,SELECTED,-0.15625,1.0273611267573506,-1.1102226171909018,3.4993379149048889
2,-1,Fz,SELECTED,-0.15234375,1.0220104823013245,-1.034110611243362,3.4915539093854289
2,-1,Fz,SELECTED,-0.1484375,1.1374191489872776,-0.9106274143693821,3.5986397361315912
2,-1,Fz,SELECTED,-0.14453125,1.3580982565406534,-0.76629199496052314,3.71901971405623
2,-1,Fz,SELECTED,-0.140625,1.638913816508514,-0.37710281420454778,3.8276223453453624
2,-1,Fz,SELECTED,-0.13671875,1.9182419382610376,0.023155243023339635,3.9414895750618379
2,-1,Fz,SELECTED,-0.1328125,2.1371290887623968,0.36666368111234959,3.9537806562719569
2,-1,Fz,SELECTED,-0.12890625,2.2568192917222323,0.63804263555256957,3.9416720676370365
2,-1,Fz,SELECTED,-0.125,2.2673259955401783,0.77424117917413238,3.7186415332008993
2,-1,Fz,SELECTED,-0.12109375,2.1823476795044106,0.84170282768236149,3.5015530298262156
2,-1,Fz,SELECTED,-0.1171875,2.0232123482852384,0.77393638670220144,3.1351738531228195
2,-1,Fz,SELECTED,-0.11328125,1.8027257051355563,0.73142454870611884,2.7298586284282855
2,-1,Fz,SELECTED,-0.109375,1.5202885941528803,0.57845339503201942,2.420523587956795
2,-1,Fz,SELECTED,-0.10546875,1.1707924862037,0.27972738708930472,2.1264223661958925
2,-1,Fz,SELECTED,-0.1015625,0.75956198294479871,-0.25156378873770047,1.8145656973919633
2,-1,Fz,SELECTED,-0.09765625,0.31223031768762727,-0.91422865583338686,1.5562588256223298
2,-1,Fz,SELECTED,-0.09375,-0.12743087499732036,-1.728112799373196,1.3050863719215444
2,-1,Fz,SELECTED,-0.08984375,-0.51177583872232735,-2.4266167118753859,1.1364585802277642
2,-1,Fz,SELECTED,-0.0859375,-0.80948536397912518,-2.9108395444920103,1.0215908071911082
2,-1,Fz,SELECTED,-0.08203125,-1.0212323698379586,-3.1444556977519373,0.91346846811109161
2,-1,Fz,SELECTED,-0.078125,-1.1805021710953714,-3.2584867415743379,0.78304250342618653
2,-1,Fz,SELECTED,-0.07421875,-1.3367763364986831,-3.3784036726444651,0.64642569348416978
2,-1,Fz,SELECTED,-0.0703125,-1.5297527320276982,-3.5182623246554483,0.50008978980721219
2,-1,Fz,SELECTED,-0.06640625,-1.7691965731854979,-3.7586275955124706,0.36889724801162377
2,-1,Fz,SELECTED,-0.0625,-2.0302487731931134,-4.0788465874999957,0.20596973411874342
2,-1,Fz,SELECTED,-0.05859375,-2.2640092524725888,-4.3473683851932243,0.07009981137401719
2,-1,Fz,SELECTED,-0.0546875,-2.416642596311716,-4.5069667095432306,-0.024067018966380509
2,-1,Fz,SELECTED,-0.05078125,-2.4492899482038446,-4.5648142048636169,-0.15177161769011505
2,-1,Fz,SELECTED,-0.046875,-2.3525868565364556,-4.3533543579554363,-0.19728016546864721
2,-1,Fz,SELECTED,-0.04296875,-2.1519219661083544,-4.0427202743008239,-0.18059359554234594
2,-1,Fz,SELECTED,-0.0390625,-1.9029462607813126,-3.8913893453602735,-0.093490751870892397
2,-1,Fz,SELECTED,-0.03515625,-1.6795714335811271,-3.8285824720727217,0.24042065103093896
2,-1,Fz,SELECTED,-0.03125,-1.5568474064093949,-3.9215421438972169,0.39863338562200024
2,-1,Fz,SELECTED,-0.02734375,-1.5910870569111337,-4.2124924748557682,0.46571958140925146
2,-1,Fz,SELECTED,-0.0234375,-1.8027615906269792,-4.5769220954575642,0.40664104439035836
2,-1,Fz,SELECTED,-0.01953125,-2.1708478601911114,-5.0559334366260709,0.22257418115000011
2,-1,Fz,SELECTED,-0.015625,-2.6439224649852178,-5.5943536888153718,-0.046685284543749338
2,-1,Fz,SELECTED,-0.01171875,-3.1638391906288756,-6.3032313614022559,-0.46947716155274238
2,-1,Fz,SELECTED,-0.0078125,-3.6902100560050131,-6.9566966487862159,-0.89271963738327587
2,-1,Fz,SELECTED,-0.00390625,-4.2137276775644068,-7.5989303822003444,-1.3476067964252894
2,-1,Fz,SELECTED,0,-4.7522895176867497,-8.1545557921244285,-1.8471101658076743
2,-1,Fz,SELECTED,0.00390625,-5.3322648036729818,-8.7935480532027217,-2.3602239456971215
2,-1,Fz,SELECTED,0.0078125,-5.9652167577924811,-9.3807400852683589,-2.9749526284789116
2,-1,Fz,SELECTED,0.01171875,-6.633735299204969,-9.9352135831591202,-3.6537974409362026
2,-1,Fz,SELECTED,0.015625,-7.2946814670012357,-10.54768623991645,-4.2578157800653571
2,-1,Fz,SELECTED,0.01953125,-7.8966863186420451,-10.939047114932324,-4.8856413660706997
2,-1,Fz,SELECTED,0.0234375,-8.4003861760539529,-11.41507974810205,-5.4018163539843904
2,-1,Fz,SELECTED,0.02734375,-8.7907284225588675,-11.80686759292753,-5.7515800577891989
2,-1,Fz,SELECTED,0.03125,-9.0774455256614939,-12.035459173731411,-5.9917600422356969
2,-1,Fz,SELECTED,0.03515625,-9.285590406463184,-12.206648500787605,-6.1681156128845114
2,-1,Fz,SELECTED,0.0390625,-9.4409663613723591,-12.37198441055032,-6.2705608629100045
2,-1,Fz,SELECTED,0.04296875,-9.5572480233254637,-12.585125294306208,-6.3517045236976708
2,-1,Fz,SELECTED,0.046875,-9.6316172516082581,-12.845252070135217,-6.4210801360883778
2,-1,Fz,SELECTED,0.05078125,-9.6510254171835843,-12.982134461295042,-6.3150315657324798
2,-1,Fz,SELECTED,0.0546875,-9.6041296370500486,-13.136391371940199,-6.0810168040241823
2,-1,Fz,SELECTED,0.05859375,-9.4913189888136706,-13.245861130423656,-5.7899404671973462
2,-1,Fz,SELECTED,0.0625,-9.3288002301810184,-13.214387640228489,-5.508506953515699
2,-1,Fz,SELECTED,0.06640625,-9.1468594126535301,-13.266334208263553,-5.1541181617807048
2,-1,Fz,SELECTED,0.0703125,-8.9834395809750909,-13.312820986406006,-4.8554259097502364
2,-1,Fz,SELECTED,0.07421875,-8.8749482366868762,-13.215010719760022,-4.668511709327146
2,-1,Fz,SELECTED,0.078125,-8.8486053359607819,-13.314186721622738,-4.5745914072407716
2,-1,Fz,SELECTED,0.08203125,-8.9205298570107594,-13.407512258823063,-4.5556701514643692
2,-1,Fz,SELECTED,0.0859375,-9.0986120568935664,-13.702905963437889,-4.6872977227217563
2,-1,Fz,SELECTED,0.08984375,-9.3846297193258028,-13.984181824556559,-4.9598727111316343
2,-1,Fz,SELECTED,0.09375,-9.7723578181247976,-14.364493069946425,-5.3313857914324307
2,-1,Fz,SELECTED,0.09765625,-10.244606874290284,-14.770287024749091,-5.6804153046172665
2,-1,Fz,SELECTED,0.1015625,-10.774003763164115,-15.17366220367091,-6.2412322653090486
2,-1,Fz,SELECTED,0.10546875,-11.32846007697402,-15.645804524038427,-6.7755673943382648
2,-1,Fz,SELECTED,0.109375,-11.878692967918802,-16.165383907406088,-7.2712991052736005
2,-1,Fz,SELECTED,0.11328125,-12.405078639188043,-16.687386126425839,-7.8245210846973094
2,-1,Fz,SELECTED,0.1171875,-12.901766594560598,-17.216327258913861,-8.4278463546895797
2,-1,Fz,SELECTED,0.12109375,-13.375831368742082,-17.730826468956629,-8.9297303906548393
2,-1,Fz,SELECTED,0.125,-13.840557532615081,-18.215016090317519,-9.302994199535302
2,-1,Fz,SELECTED,0.12890625,-14.305304281867281,-18.653816582743051,-9.8477682494279577
2,-1,Fz,SELECTED,0.1328125,-14.766751075954803,-19.161149766832992,-10.479214413009601
2,-1,Fz,SELECTED,0.13671875,-15.205792921020157,-19.722957880535699,-10.966508454746053
2,-1,Fz,SELECTED,0.140625,-15.592409162625088,-20.249056748926261,-11.312588210109118
2,-1,Fz,SELECTED,0.14453125,-15.898552245004216,-20.645163743774678,-11.588330648474104
2,-1,Fz,SELECTED,0.1484375,-16.115058226302274,-21.067433649619456,-11.780725438737424
2,-1,Fz,SELECTED,0.15234375,-16.263493264551428,-21.3829111989719,-11.868014266736974
2,-1,Fz,SELECTED,0.15625,-16.393595823262551,-21.56711386400406,-11.891711651880904
2,-1,Fz,SELECTED,0.16015625,-16.565295701063771,-21.848975812204202,-11.953855453748586
2,-1,Fz,SELECTED,0.1640625,-16.825060367260392,-22.223064424145985,-11.996795237233931
2,-1,Fz,SELECTED,0.16796875,-17.189546084362771,-22.671759872442898,-12.192734748029839
2,-1,Fz,SELECTED,0.171875,-17.643518755269323,-23.172405491157537,-12.531381086742055
2,-1,Fz,SELECTED,0.17578125,-18.150549642266803,-23.70175655428628,-12.962475016856084
2,-1,Fz,SELECTED,0.1796875,-18.669658857522801,-24.26268006469806,-13.424939730130179
2,-1,Fz,SELECTED,0.18359375,-19.169705514472589,-24.81503888740616,-13.82941522028746
2,-1,Fz,SELECTED,0.1875,-19.635857256539271,-25.326664751558557,-14.203941862344053
2,-1,Fz,SELECTED,0.19140625,-20.068314949372837,-25.887525706995657,-14.756981662070793
2,-1,Fz,SELECTED,0.1953125,-20.478287163361557,-26.301775241496511,-15.349835627067922
2,-1,Fz,SELECTED,0.19921875,-20.884853934044248,-26.671014829461939,-15.834641136218568
2,-1,Fz,SELECTED,0.203125,-21.310831922931047,-27.060575134996014,-16.323910816570677
2,-1,Fz,SELECTED,0.20703125,-21.774367162606428,-27.509832073650955,-16.872173661650177
2,-1,Fz,SELECTED,0.2109375,-22.27837140339485,-27.976763607242852,-17.347901303156426
2,-1,Fz,SELECTED,0.21484375,-22.804508084860458,-28.532366080991562,-17.742585999485694
2,-1,Fz,SELECTED,0.21875,-23.316037820793007,-29.017622311099931,-18.199711475397304
2,-1,Fz,SELECTED,0.22265625,-23.768265889262789,-29.583146690264748,-18.62284105993588
2,-1,Fz,SELECTED,0.2265625,-24.122570013502148,-30.027572113599629,-18.918469330602043
2,-1,Fz,SELECTED,0.23046875,-24.359294648659894,-30.456495782347986,-19.096112225375759
2,-1,Fz,SELECTED,0.234375,-24.483460442105258,-30.663544969235424,-19.18947737260013
2,-1,Fz,SELECTED,0.23828125,-24.518108460316654,-30.759373893584559,-19.142222769478394
2,-1,Fz,SELECTED,0.2421875,-24.487390261520495,-30.88125231048253,-19.004240868440846
2,-1,Fz,SELECTED,0.24609375,-24.400910570121091,-30.932234736491985,-18.770484665015609
2,-1,Fz,SELECTED,0.25,-24.251290544218925,-30.901422933099468,-18.598899580107286
2,-1,Fz,SELECTED,0.25390625,-24.025639625230848,-30.721386964641034,-18.299600611860217
2,-1,Fz,SELECTED,0.2578125,-23.720361638054353,-30.456934809732722,-17.958113793423003
2,-1,Fz,SELECTED,0.26171875,-23.348818135894032,-30.282813551827285,-17.549381834389106
2,-1,Fz,SELECTED,0.265625,-22.939500842741491,-30.02301423180884,-17.117778921614821
2,-1,Fz,SELECTED,0.26953125,-22.528425494606683,-29.593063576655968,-16.488429120281971
2,-1,Fz,SELECTED,0.2734375,-22.15043910055487,-29.309266075414858,-16.271857366513384
2,-1,Fz,SELECTED,0.27734375,-21.832820015488988,-29.139897568264935,-16.00033049478499
2,-1,Fz,SELECTED,0.28125,-21.592354215550618,-29.023237035259225,-15.752349063027058
2,-1,Fz,SELECTED,0.28515625,-21.434673099537001,-28.868194443869847,-15.521854914895496
2,-1,Fz,SELECTED,0.2890625,-21.354233468976282,-28.70753672872695,-15.38589767231719
2,-1,Fz,SELECTED,0.29296875,-21.335429379141551,-28.542227581668161,-15.301085364099803
2,-1,Fz,SELECTED,0.296875,-21.356628785519998,-28.448679572267057,-15.429243681053572
2,-1,Fz,SELECTED,0.30078125,-21.396750319087172,-28.449451307944809,-15.571256986275857
2,-1,Fz,SELECTED,0.3046875,-21.440989799763877,-28.444913377388257,-15.730159772217808
2,-1,Fz,SELECTED,0.30859375,-21.482988848732468,-28.506903524196652,-15.816616510017383
2,-1,Fz,SELECTED,0.3125,-21.524344619186706,-28.553912690095395,-15.980297264709538
2,-1,Fz,SELECTED,0.31640625,-21.57364563914723,-28.584037107547417,-16.041315597153453
2,-1,Fz,SELECTED,0.3203125,-21.644652172647078,-28.66302460722644,-16.068339635598157
2,-1,Fz,SELECTED,0.32421875,-21.751678338038666,-28.796460332515739,-16.110387690038962
2,-1,Fz,SELECTED,0.328125,-21.903263210724429,-28.947038043837171,-16.256401816519251
2,-1,Fz,SELECTED,0.33203125,-22.098765859408989,-29.116077532463734,-16.439119528710574
2,-1,Fz,SELECTED,0.3359375,-22.330627651421192,-29.340823150445626,-16.581978210303262
2,-1,Fz,SELECTED,0.33984375,-22.589585273857416,-29.618069391703955,-16.758751903570364
2,-1,Fz,SELECTED,0.34375,-22.868309594901302,-29.905756184908263,-17.021963461184086
2,-1,Fz,SELECTED,0.34765625,-23.162211087929478,-30.28736873393019,-17.301251894243524
2,-1,Fz,SELECTED,0.3515625,-23.469008316303977,-30.58269355232278,-17.551147869555749
2,-1,Fz,SELECTED,0.35546875,-23.788356753756869,-30.937187217225073,-17.749262366444405
2,-1,Fz,SELECTED,0.359375,-24.121978938980984,-31.231183606909685,-18.092435489375173
2,-1,Fz,SELECTED,0.36328125,-24.474505873228733,-31.534777412484182,-18.490817616282975
2,-1,Fz,SELECTED,0.3671875,-24.854067549007222,-31.945072798370894,-18.885805927270361
2,-1,Fz,SELECTED,0.37109375,-25.270591098710881,-32.447784126655677,-19.322664510678127
2,-1,Fz,SELECTED,0.375,-25.731799505305165,-32.938296536371261,-19.722217072281431
2,-1,Fz,SELECTED,0.37890625,-26.240418735921299,-33.460866765505834,-20.200439560000259
2,-1,Fz,SELECTED,0.3828125,-26.795430657874626,-34.131283104000296,-20.716050852484738
2,-1,Fz,SELECTED,0.38671875,-27.395025732930318,-34.843563414266342,-21.204202749072753
2,-1,Fz,SELECTED,0.390625,-28.036483088994107,-35.573405330856964,-21.742406504953603
2,-1,Fz,SELECTED,0.39453125,-28.712411863903498,-36.198199312702023,-22.276486671666692
2,-1,Fz,SELECTED,0.3984375,-29.407426726630909,-36.882272478430679,-22.862880577498029
2,-1,Fz,SELECTED,0.40234375,-30.097970403798172,-37.600705515098397,-23.495351229207436
2,-1,Fz,SELECTED,0.40625,-30.754038684260557,-38.481826368411845,-24.124149980644503
2,-1,Fz,SELECTED,0.41015625,-31.34165043718242,-39.340886012336618,-24.633264512290097
2,-1,Fz,SELECTED,0.4140625,-31.827800664796762,-39.998688315728195,-24.941053202166188
2,-1,Fz,SELECTED,0.41796875,-32.18916492286089,-40.543733055036675,-25.070427853810898
2,-1,Fz,SELECTED,0.421875,-32.421398863187719,-40.956484487265655,-25.006455031067127
2,-1,Fz,SELECTED,0.42578125,-32.543045093888502,-41.25072739470135,-24.924992307017014
2,-1,Fz,SELECTED,0.4296875,-32.590085075608648,-41.545813893343791,-24.77962476871998
2,-1,Fz,SELECTED,0.43359375,-32.601957462517653,-41.799937907988884,-24.571392790619697
2,-1,Fz,SELECTED,0.4375,-32.604475607200222,-42.024665839554068,-24.460752037658516
2,-1,Fz,SELECTED,0.44140625,-32.597872081313398,-42.153602922377409,-24.310699054863676
2,-1,Fz,SELECTED,0.4453125,-32.556848150444516,-42.230568220653659,-23.981412732790247
2,-1,Fz,SELECTED,0.44921875,-32.442722056367558,-42.196988777811065,-23.540246367701446
2,-1,Fz,SELECTED,0.453125,-32.219817022213697,-41.930231896581084,-23.168157767809401
2,-1,Fz,SELECTED,0.45703125,-31.866477386535543,-41.489511943147008,-22.707141389767202
2,-1,Fz,SELECTED,0.4609375,-31.377113898917575,-40.944204087382651,-22.31029659254833
2,-1,Fz,SELECTED,0.46484375,-30.758715117573331,-40.490742882744037,-21.792824857755406
2,-1,Fz,SELECTED,0.46875,-30.026816356803849,-39.95695856203821,-21.236507341739284
2,-1,Fz,SELECTED,0.47265625,-29.203109277701905,-39.314686883850776,-20.450406937139494
2,-1,Fz,SELECTED,0.4765625,-28.314379505514385,-38.439040082031305,-19.506545205620334
2,-1,Fz,SELECTED,0.48046875,-27.391178206251123,-37.46860952833196,-18.809459957255282
2,-1,Fz,SELECTED,0.484375,-26.46351210698916,-36.411525230580665,-18.003803267107475
2,-1,Fz,SELECTED,0.48828125,-25.552064990407946,-35.409735995930191,-17.170964138487442
2,-1,Fz,SELECTED,0.4921875,-24.658552005194274,-34.370271627840403,-16.362611715758575
2,-1,Fz,SELECTED,0.49609375,-23.76249500488505,-33.200100429152613,-15.543517488576221
2,-1,Fz,SELECTED,0.5,-22.828008372968952,-32.237581472397437,-14.72474726583004
2,-1,Fz,SELECTED,0.50390625,-21.81640151081897,-31.202130288592322,-13.686501492748986
2,-1,Fz,SELECTED,0.5078125,-20.697264364688955,-30.059588968104357,-12.548254631543188
2,-1,Fz,SELECTED,0.51171875,-19.454134647783619,-28.79931112748125,-11.342416035343239
2,-1,Fz,SELECTED,0.515625,-18.084843802353436,-27.330264196518044,-9.93908491845343
2,-1,Fz,SELECTED,0.51953125,-16.597414209382588,-25.766523118291833,-8.4524452233397191
2,-1,Fz,SELECTED,0.5234375,-15.002614176910177,-24.038764024070161,-6.9906282491018112
2,-1,Fz,SELECTED,0.52734375,-13.306346105521468,-22.127528679345385,-5.3800172180685157
2,-1,Fz,SELECTED,0.53125,-11.506178490178964,-20.189735317802089,-3.5402894528928446
2,-1,Fz,SELECTED,0.53515625,-9.5936648028404008,-18.328719643720632,-1.6251568890717012
2,-1,Fz,SELECTED,0.5390625,-7.5602911626355427,-16.391884752875576,0.35857166464265555
2,-1,Fz,SELECTED,0.54296875,-5.4042637518423247,-14.552214772292443,2.4771028876083534
2,-1,Fz,SELECTED,0.546875,-3.1367378531799757,-12.319460505713703,5.0208712447697668
2,-1,Fz,SELECTED,0.55078125,-0.78530315504352588,-10.135779336052174,7.7283016867610055
2,-1,Fz,SELECTED,0.5546875,1.609279532988003,-7.9044493016274435,10.035021998751391
2,-1,Fz,SELECTED,0.55859375,4.0043589330212308,-5.841662557699153,12.357007793562229
2,-1,Fz,SELECTED,0.5625,6.3689415797231721,-3.4480305406193121,14.782876378780566
2,-1,Fz,SELECTED,0.56640625,8.6906888714838679,-0.92485596690268701,16.919837351028232
2,-1,Fz,SELECTED,0.5703125,10.972971525640967,1.3921966585423882,18.998323383471504
2,-1,Fz,SELECTED,0.57421875,13.22617452188066,3.6970378773471442,21.246221989994194
2,-1,Fz,SELECTED,0.578125,15.459234397938854,5.9876894558181615,23.849730712786265
2,-1,Fz,SELECTED,0.58203125,17.674270025290856,8.2200181756902957,26.226632089971343
2,-1,Fz,SELECTED,0.5859375,19.864617677334419,10.483016181716225,28.489983865195807
2,-1,Fz,SELECTED,0.58984375,22.015726155158283,12.587252940392208,30.894046448287106
2,-1,Fz,SELECTED,0.59375,24.107369340360016,14.633841397582918,33.278701983519866
2,-1,Fz,SELECTED,0.59765625,26.115520887808067,16.642915309741923,35.633161401388939
2,-1,Fz,SELECTED,0.6015625,28.01455823176499,18.772766189010191,37.844627660066287
2,-1,Fz,SELECTED,0.60546875,29.781957683146238,20.560558189090745,40.052865921803658
2,-1,Fz,SELECTED,0.609375,31.404738257673557,22.108854426642043,41.792061451893872
2,-1,Fz,SELECTED,0.61328125,32.883384248916911,23.563706680340971,43.603458247319459
2,-1,Fz,SELECTED,0.6171875,34.230692882707999,24.776311214555722,45.034141726370002
2,-1,Fz,SELECTED,0.62109375,35.467525902950939,26.180747231679781,46.510667456657764
2,-1,Fz,SELECTED,0.625,36.618049639837736,27.52983817764601,47.901257177784146
2,-1,Fz,SELECTED,0.62890625,37.704249926270542,28.611295495546081,49.057509693065789
2,-1,Fz,SELECTED,0.6328125,38.739492103927347,29.487472163490917,50.04106236331144
2,-1,Fz,SELECTED,0.63671875,39.724240594827805,30.260680726442391,51.106338546873573
2,-1,Fz,SELECTED,0.640625,40.647623477159016,31.393777837744523,52.179362916215787
2,-1,Fz,SELECTED,0.64453125,41.493921471386145,32.316889088809148,52.920044162291148
2,-1,Fz,SELECTED,0.6484375,42.249012306985897,33.040648006150178,53.568396627720894
2,-1,Fz,SELECTED,0.65234375,42.903480506736351,33.655989799250605,54.264766036900831
2,-1,Fz,SELECTED,0.65625,43.453400658649578,34.196837553759174,54.635816515045065
2,-1,Fz,SELECTED,0.66015625,43.900663974019153,34.540703159026194,54.760456733495261
2,-1,Fz,SELECTED,0.6640625,44.252373590275354,34.961438847868216,54.789067482021451
2,-1,Fz,SELECTED,0.66796875,44.518235130804101,35.384384863850343,55.051527857143533
2,-1,Fz,SELECTED,0.671875,44.707007540257074,35.66271638622716,54.950941405293776
2,-1,Fz,SELECTED,0.67578125,44.82408890679168,35.884170072624933,54.73654241950608
2,-1,Fz,SELECTED,0.6796875,44.870958831020332,35.967221410905942,54.565250646384506
2,-1,Fz,SELECTED,0.68359375,44.846628488224162,35.871588857204529,54.400667987790683
2,-1,Fz,SELECTED,0.6875,44.751943013080641,35.892098397353116,53.88283914317487
2,-1,Fz,SELECTED,0.69140625,44.595691545575235,35.805241049374096,53.660740543828979
2,-1,Fz,SELECTED,0.6953125,44.39731183511104,35.697271024748574,53.127949517319664
2,-1,Fz,SELECTED,0.69921875,44.181577810084406,35.664305631695989,52.611310978656526
2,-1,Fz,SELECTED,0.703125,43.968468671578769,35.582079282363189,52.111354022845205
2,-1,Fz,SELECTED,0.70703125,43.767508513008451,35.667176851405202,51.830884864285295
2,-1,Fz,SELECTED,0.7109375,43.58184761941844,35.69668384330047,51.829572718470402
2,-1,Fz,SELECTED,0.71484375,43.417753469243813,35.572222221575664,51.405078662917639
2,-1,Fz,SELECTED,0.71875,43.29049577895227,35.452996423798169,51.211776741018852
2,-1,Fz,SELECTED,0.72265625,43.220871559645552,35.354872990045102,50.971476212875913
2,-1,Fz,SELECTED,0.7265625,43.223284207307671,35.302473349844959,50.990520638804107
2,-1,Fz,SELECTED,0.73046875,43.292010270078578,35.27060935171189,51.265011581656715
2,-1,Fz,SELECTED,0.734375,43.394738665863166,35.346443071575941,51.234420663118087
2,-1,Fz,SELECTED,0.73828125,43.479501254410515,35.698384322449094,51.331638119648233
2,-1,Fz,SELECTED,0.7421875,43.49285205100567,35.864359181827915,51.506368213565409
2,-1,Fz,SELECTED,0.74609375,43.399158983792233,35.930052781758917,51.479519488592395
2,-1,Fz,SELECTED,0.75,43.190518732718814,35.608358731171442,51.198463321794492
2,-1,Fz,SELECTED,0.75390625,42.884519157446817,35.188712360265399,51.074938471664929
2,-1,Fz,SELECTED,0.7578125,42.514692851188357,34.69573944465985,50.783451919961614
2,-1,Fz,SELECTED,0.76171875,42.119413147114386,34.188996982353743,50.552849391575855
2,-1,Fz,SELECTED,0.765625,41.732074779046435,33.772595500495314,50.325493156459657
2,-1,Fz,SELECTED,0.76953125,41.374553160066689,33.376007662493308,50.047712720505785
2,-1,Fz,SELECTED,0.7734375,41.056121079490879,33.032086086486785,49.733918285858429
2,-1,Fz,SELECTED,0.77734375,40.776882707175183,32.775843605155657,49.543926219859216
2,-1,Fz,SELECTED,0.78125,40.530748133893681,32.38858413462043,49.526819009505559
2,-1,Fz,SELECTED,0.78515625,40.304607309202851,32.015812085747974,49.588706394200031
2,-1,Fz,SELECTED,0.7890625,40.076649904379849,31.691695579617651,49.623356859608144
2,-1,Fz,SELECTED,0.79296875,39.819002722845774,31.194622425024388,49.384367031981469
2,-1,Fz,SELECTED,0.796875,39.505082343440783,30.549509898488665,49.270707632714974
2,-1,F3,SELECTED,-0.19921875,-4.5416162506054629,-12.104429660862552,2.9646771898532047
2,-1,F3,SELECTED,-0.1953125,-4.1174853257473671,-11.588223553703791,3.2187775063713513
2,-1,F3,SELECTED,-0.19140625,-3.7189015118462661,-11.028698221362239,3.4743279336859563
2,-1,F3,SELECTED,-0.1875,-3.3576425158989114,-10.38609615351676,3.679698404994372
2,-1,F3,SELECTED,-0.18359375,-3.0496505955608164,-10.011303747265876,3.9320259154346022
2,-1,F3,SELECTED,-0.1796875,-2.8162847059390335,-9.6198807577562349,4.1219279986704827
2,-1,F3,SELECTED,-0.17578125,-2.6769450349340382,-9.2591485492889802,3.9775678291413037
2,-1,F3,SELECTED,-0.171875,-2.6369615490491847,-8.8757346761079976,3.7479198530676729
2,-1,F3,SELECTED,-0.16796875,-2.6792121561125088,-8.551080562128865,3.4724754956976844
2,-1,F3,SELECTED,-0.1640625,-2.7640637974353113,-8.3716792690003938,3.18865270536585
2,-1,F3,SELECTED,-0.16015625,-2.8361552417699207,-8.2796772449639029,2.9701424221560035
2,-1,F3,SELECTED,-0.15625,-2.8352318193235115,-8.1066329845668577,2.784717193228333
2,-1,F3,SELECTED,-0.15234375,-2.7102585440673632,-7.7668941577702357,2.7827310899260254
2,-1,F3,SELECTED,-0.1484375,-2.4353227280121064,-7.1443214713166343,2.8642638919969379
2,-1,F3,SELECTED,-0.14453125,-2.0214537816891509,-6.436575996848978,3.0520910226046167
2,-1,F3,SELECTED,-0.140625,-1.5164513964189517,-5.6630475004246152,3.2036794209498667
2,-1,F3,SELECTED,-0.13671875,-0.98969586586436842,-4.7316024009234861,3.2740588911116726
2,-1,F3,SELECTED,-0.1328125,-0.50761722363108741,-3.815693038557828,3.2564670745001822
2,-1,F3,SELECTED,-0.12890625,-0.11142396882974306,-3.0590237125847222,3.0372167944813224
2,-1,F3,SELECTED,-0.125,0.19194188124801745,-2.3065163996148721,2.8807005795034772
2,-1,F3,SELECTED,-0.12109375,0.42187394764933622,-1.7041632291844042,2.7209473838956386
2,-1,F3,SELECTED,-0.1171875,0.60542367088615046,-1.117843880245404,2.5888346841899064
2,-1,F3,SELECTED,-0.11328125,0.75980073013094962,-0.57639127849339444,2.3728233879825238
2,-1,F3,SELECTED,-0.109375,0.8853476209236375,-0.083643162821806075,2.1375211369533975
2,-1,F3,SELECTED,-0.10546875,0.97077940114224004,0.083116692289281605,2.0378476831608818
2,-1,F3,SELECTED,-0.1015625,1.0060279516554156,-0.079735901500301173,2.0639178844924886
2,-1,F3,SELECTED,-0.09765625,0.99487516697554046,-0.39938604953386164,2.2193588427755349
2,-1,F3,SELECTED,-0.09375,0.95943217334079001,-0.83131711566056665,2.6133454767390543
2,-1,F3,SELECTED,-0.08984375,0.93207901477647748,-1.3106955258924335,2.9567379535278833
2,-1,F3,SELECTED,-0.0859375,0.93797558866465525,-1.69354381372091,3.3301011695384086
2,-1,F3,SELECTED,-0.08203125,0.97885037093050686,-1.9184013521144672,3.6727132164204268
2,-1,F3,SELECTED,-0.078125,1.0298942197739722,-2.1719005434904757,3.9681632207869639
2,-1,F3,SELECTED,-0.07421875,1.053632857659041,-2.3459332892179967,4.2690818505250077
2,-1,F3,SELECTED,-0.0703125,1.0229142297266862,-2.582116457349549,4.5313757385810476
2,-1,F3,SELECTED,-0.06640625,0.93896844179177275,-2.9973615066394195,4.7558402894743645
2,-1,F3,SELECTED,-0.0625,0.834813101055636,-3.4675765883311356,4.9379954595294402
2,-1,F3,SELECTED,-0.05859375,0.76442982626529166,-3.9232035807386572,5.1844366635089196
2,-1,F3,SELECTED,-0.0546875,0.7849206967529534,-4.2003475984706675,5.4599661971958096
2,-1,F3,SELECTED,-0.05078125,0.93868903784142399,-4.3200381017713143,5.8070437220182054
2,-1,F3,SELECTED,-0.046875,1.2395970518797041,-4.2633012002575477,6.3516505956229183
2,-1,F3,SELECTED,-0.04296875,1.6655184359703046,-4.0692696945420597,6.9670632735396287
2,-1,F3,SELECTED,-0.0390625,2.1597575763213466,-3.6317433810526372,7.5357437139542602
2,-1,F3,SELECTED,-0.03515625,2.6429356592555324,-3.3166583854356544,8.0590909775738648
2,-1,F3,SELECTED,-0.03125,3.0337564419457452,-3.2058582973063019,8.528995067051337
2,-1,F3,SELECTED,-0.02734375,3.2725320995250939,-3.1596062250496875,8.9561480823325024
2,-1,F3,SELECTED,-0.0234375,3.3382712256327132,-3.3356196205255819,9.3546219992821875
2,-1,F3,SELECTED,-0.01953125,3.2514261125682182,-3.8481404261454957,9.6293994100830744
2,-1,F3,SELECTED,-0.015625,3.0603518946329289,-4.4122613480631037,9.7977877011090246
2,-1,F3,SELECTED,-0.01171875,2.8171774038756312,-4.9390765281837865,9.9919344187794898
2,-1,F3,SELECTED,-0.0078125,2.5543757453930205,-5.4565568513272353,10.108155416855659
2,-1,F3,SELECTED,-0.00390625,2.2740044365443808,-5.9377368034634879,10.120819140119639
2,-1,F3,SELECTED,0,1.9557868674442849,-6.4228218324931206,10.003203095208139
2,-1,F3,SELECTED,0.00390625,1.5794619137108341,-6.9229518512813417,9.7157002271886235
2,-1,F3,SELECTED,0.0078125,1.1473796959883336,-7.5273542728932608,9.4626114622233271
2,-1,F3,SELECTED,0.01171875,0.69279720517649401,-8.1928824671423168,9.261892630277492
2,-1,F3,SELECTED,0.015625,0.26919723682232777,-8.8188844880843895,9.0330146455154701
2,-1,F3,SELECTED,0.01953125,-0.071556249999322502,-9.2142931278800386,8.8136950320426948
2,-1,F3,SELECTED,0.0234375,-0.299099214571654,-9.6358350624949356,8.8371232583266224
2,-1,F3,SELECTED,0.02734375,-0.41334596856966599,-10.028441165870897,8.8759627328793833
2,-1,F3,SELECTED,0.03125,-0.44048337797568216,-10.227349189345702,8.994695732820416
2,-1,F3,SELECTED,0.03515625,-0.41966265236529215,-10.385016981546483,9.1688321242028543
2,-1,F3,SELECTED,0.0390625,-0.38609753463731639,-10.676611705357017,9.4719851156286428
2,-1,F3,SELECTED,0.04296875,-0.35719353543514565,-11.046815491400169,9.7836273189073797
2,-1,F3,SELECTED,0.046875,-0.32750834761387715,-11.405832097070975,10.089738701488422
2,-1,F3,SELECTED,0.05078125,-0.27432911529851994,-11.617653820459712,10.446182785390624
2,-1,F3,SELECTED,0.0546875,-0.17004506287900228,-11.83095233809391,10.900950532904597
2,-1,F3,SELECTED,0.05859375,0.0053449641027235517,-12.088483094140813,11.374294705611812
2,-1,F3,SELECTED,0.0625,0.25642452068556187,-12.283906919098955,11.943808175949952
2,-1,F3,SELECTED,0.06640625,0.57039005206724547,-12.374806737951287,12.622701078553694
2,-1,F3,SELECTED,0.0703125,0.9197014732156289,-12.402079285359729,13.351671482413074
2,-1,F3,SELECTED,0.07421875,1.2671974527032515,-12.472197139039116,14.063109958944263
2,-1,F3,SELECTED,0.078125,1.5714114845321441,-12.454466987233488,14.647310584656807
2,-1,F3,SELECTED,0.08203125,1.7913981051317931,-12.402436408424956,15.083414863429734
2,-1,F3,SELECTED,0.0859375,1.892772065413693,-12.432456904406727,15.256157278111736
2,-1,F3,SELECTED,0.08984375,1.8561858217079408,-12.51585745599475,15.319322216834854
2,-1,F3,SELECTED,0.09375,1.6852653788766176,-12.869597314792477,15.295720206660391
2,-1,F3,SELECTED,0.09765625,1.4081891652906604,-13.365913073783323,15.196724542210035
2,-1,F3,SELECTED,0.1015625,1.0701527105416917,-13.94520799567016,14.990705046297409
2,-1,F3,SELECTED,0.10546875,0.72004539342852747,-14.451134989949251,14.754157663430449
2,-1,F3,SELECTED,0.109375,0.39747936700389497,-15.008421943492015,14.551927623954681
2,-1,F3,SELECTED,0.11328125,0.12445609929286658,-15.526697330198017,14.531698398855584
2,-1,F3,SELECTED,0.1171875,-0.097136674174767706,-15.866074623561261,14.613133377765219
2,-1,F3,SELECTED,0.12109375,-0.28286490278245258,-16.081769062149601,14.670510160374276
2,-1,F3,SELECTED,0.125,-0.45921105120009381,-16.355977348194521,14.68888224355042
2,-1,F3,SELECTED,0.12890625,-0.65435775088160819,-16.763041973395637,14.550774691609291
2,-1,F3,SELECTED,0.1328125,-0.88748496917561492,-17.250795270320427,14.35754221882998
2,-1,F3,SELECTED,0.13671875,-1.1590110356626693,-17.828070472297743,14.2900915845188
2,-1,F3,SELECTED,0.140625,-1.4466750845664575,-18.467359779838635,14.288575133443487
2,-1,F3,SELECTED,0.14453125,-1.7131267782822694,-19.115437571372372,14.3747476484534
2,-1,F3,SELECTED,0.1484375,-1.9255538834572767,-19.718670049944901,14.55845433577416
2,-1,F3,SELECTED,0.15234375,-2.0777287805751259,-20.257145295869726,14.782778459530665
2,-1,F3,SELECTED,0.15625,-2.1989791581985432,-20.738273223012122,14.847965587447833
2,-1,F3,SELECTED,0.16015625,-2.3417814900486307,-21.198361386889527,14.671837086609859
2,-1,F3,SELECTED,0.1640625,-2.5555448166922852,-21.675760924283949,14.461134906455829
2,-1,F3,SELECTED,0.16796875,-2.8637941966189766,-22.190223508591252,14.227803053451634
2,-1,F3,SELECTED,0.171875,-3.2572207390383436,-22.766315272933511,14.068142883334712
2,-1,F3,SELECTED,0.17578125,-3.7027275597710827,-23.443023823714608,13.815265528120594
2,-1,F3,SELECTED,0.1796875,-4.1598279298164771,-24.087783715713659,13.497208025748535
2,-1,F3,SELECTED,0.18359375,-4.5947541443404161,-24.669387394784106,13.237652130308932
2,-1,F3,SELECTED,0.1875,-4.9873090892725394,-25.172787779927724,12.991627702418754
2,-1,F3,SELECTED,0.19140625,-5.3315778498949111,-25.599151178722234,12.768000439624302
2,-1,F3,SELECTED,0.1953125,-5.6343921827742252,-25.963497832176152,12.563508605328439
2,-1,F3,SELECTED,0.19921875,-5.91309581916145,-26.299530870591902,12.43560772247872
2,-1,F3,SELECTED,0.203125,-6.1906819194823566,-26.648999569376606,12.282594842768166
2,-1,F3,SELECTED,0.20703125,-6.4870204049154525,-27.052160486086258,12.121476274190393
2,-1,F3,SELECTED,0.2109375,-6.8089170384908142,-27.529129126775064,11.979976474560495
2,-1,F3,SELECTED,0.21484375,-7.143867056182982,-28.076342275580714,12.160697611324624
2,-1,F3,SELECTED,0.21875,-7.4607340145889554,-28.664426057993655,12.237393581537409
2,-1,F3,SELECTED,0.22265625,-7.7180238053752577,-29.24338244314195,12.241830605095002
2,-1,F3,SELECTED,0.2265625,-7.8781828610703588,-29.757038211030828,12.181839007479075
2,-1,F3,SELECTED,0.23046875,-7.9228166032350078,-30.162798784336378,12.261475090480429
2,-1,F3,SELECTED,0.234375,-7.8601545046985759,-30.446345549759048,12.438177449673962
2,-1,F3,SELECTED,0.23828125,-7.7178358983111011,-30.620148171281823,12.886893305678161
2,-1,F3,SELECTED,0.2421875,-7.523608032931504,-30.705304575731766,13.404290878531226
2,-1,F3,SELECTED,0.24609375,-7.2873463500820321,-30.739868648457819,13.943652375597386
2,-1,F3,SELECTED,0.25,-6.9984990935875908,-30.685557831081777,14.510988336330444
2,-1,F3,SELECTED,0.25390625,-6.6404242081954621,-30.505556783853198,15.104834995420241
2,-1,F3,SELECTED,0.2578125,-6.2090222662766514,-30.198318902619842,15.714728839872558
2,-1,F3,SELECTED,0.26171875,-5.7215018022859079,-29.778133927321441,16.352218069633388
2,-1,F3,SELECTED,0.265625,-5.2112934977473522,-29.30349819770619,17.001525593712131
2,-1,F3,SELECTED,0.26953125,-4.715408886321911,-28.829180664478042,17.597722128466312
2,-1,F3,SELECTED,0.2734375,-4.2633749843843773,-28.480477387682555,18.121905504705794
2,-1,F3,SELECTED,0.27734375,-3.8730630226522038,-28.176729457018794,18.555163648901729
2,-1,F3,SELECTED,0.28125,-3.5526292319491821,-27.94188989067931,18.876876432491986
2,-1,F3,SELECTED,0.28515625,-3.3040887002223438,-27.793837194831383,19.069842581870528
2,-1,F3,SELECTED,0.2890625,-3.1250421622769626,-27.740650396929549,19.191070090443787
2,-1,F3,SELECTED,0.29296875,-3.0083674770393878,-27.776011359592413,19.386680673998132
2,-1,F3,SELECTED,0.296875,-2.941460863838476,-27.796929938243267,19.550521615786852
2,-1,F3,SELECTED,0.30078125,-2.9065524746351232,-27.779291000472529,19.696286912353361
2,-1,F3,SELECTED,0.3046875,-2.8834191100532731,-27.820723032534932,19.838392511355963
2,-1,F3,SELECTED,0.30859375,-2.8550507768587172,-27.914673977200835,19.988101738201664
2,-1,F3,SELECTED,0.3125,-2.8142921984673896,-28.041277791576281,20.145680114068572
2,-1,F3,SELECTED,0.31640625,-2.7670633446365902,-28.193561105375736,20.306295920192746
2,-1,F3,SELECTED,0.3203125,-2.7288887826705799,-28.372338872968118,20.457525253082721
2,-1,F3,SELECTED,0.32421875,-2.7161052745570533,-28.574016507155772,20.590061532315136
2,-1,F3,SELECTED,0.328125,-2.7372248756371453,-28.771626938289387,20.702427235462697
2,-1,F3,SELECTED,0.33203125,-2.7896712176493055,-28.842113224915945,20.800851943287835
2,-1,F3,SELECTED,0.3359375,-2.8627825122220059,-28.8836714469242,20.894205662350146
2,-1,F3,SELECTED,0.33984375,-2.9438725069937277,-28.922493193370418,20.987773423738528
2,-1,F3,SELECTED,0.34375,-3.0236811451341099,-28.964957726612333,21.156100399619781
2,-1,F3,SELECTED,0.34765625,-3.0994623901704821,-29.128447721872565,21.233226134760123
2,-1,F3,SELECTED,0.3515625,-3.175275097997436,-29.453115405831483,21.347209578616489
2,-1,F3,SELECTED,0.35546875,-3.2597078956390488,-29.822325909308045,21.560730456656394
2,-1,F3,SELECTED,0.359375,-3.3626054965116907,-30.160163881683136,21.687274109151314
2,-1,F3,SELECTED,0.36328125,-3.4932407856561669,-30.482534238552809,21.786382282030562
2,-1,F3,SELECTED,0.3671875,-3.6609003400774416,-30.814744253514647,21.758771155976792
2,-1,F3,SELECTED,0.37109375,-3.8764112960754402,-31.203245092069956,21.667755257738225
2,-1,F3,SELECTED,0.375,-4.1526760990124369,-31.612734334425834,21.516583227322968
2,-1,F3,SELECTED,0.37890625,-4.5035126106245897,-31.990287360022769,21.306934789029796
2,-1,F3,SELECTED,0.3828125,-4.940514188683677,-32.51908561511668,21.024976847217147
2,-1,F3,SELECTED,0.38671875,-5.4674714315592867,-33.077175534806457,20.641554866755232
2,-1,F3,SELECTED,0.390625,-6.0737707011348103,-33.697030483861354,20.231757850062841
2,-1,F3,SELECTED,0.39453125,-6.7314741183876876,-34.365798538370846,19.811282181864733
2,-1,F3,SELECTED,0.3984375,-7.4003990021862061,-35.07630278530214,19.176249468881153
2,-1,F3,SELECTED,0.40234375,-8.0393500785751186,-35.791693969840807,18.48793785328456
2,-1,F3,SELECTED,0.40625,-8.6159151861301169,-36.420769237683018,17.836207327251099
2,-1,F3,SELECTED,0.41015625,-9.1090861160053489,-37.032451148667853,17.262365804920869
2,-1,F3,SELECTED,0.4140625,-9.5063142540111567,-37.604585581797906,16.963276561335618
2,-1,F3,SELECTED,0.41796875,-9.8009720393193298,-38.057824260107559,16.891133202406596
2,-1,F3,SELECTED,0.421875,-9.9936435865933415,-38.380824074300847,16.983086686236781
2,-1,F3,SELECTED,0.42578125,-10.094908109725337,-38.584600979308377,17.220799563385128
2,-1,F3,SELECTED,0.4296875,-10.124210121460456,-38.702821379345167,17.409883134995205
2,-1,F3,SELECTED,0.43359375,-10.102074763195208,-38.764514814621236,17.56376576222619
2,-1,F3,SELECTED,0.4375,-10.039221787421413,-38.789457103965177,17.763288427905927
2,-1,F3,SELECTED,0.44140625,-9.9300337837864703,-38.767875935987234,17.855202170655694
2,-1,F3,SELECTED,0.4453125,-9.7551384615705636,-38.716598510790895,18.010037893254616
2,-1,F3,SELECTED,0.44921875,-9.4908654665493444,-38.558108761058726,18.198896529843992
2,-1,F3,SELECTED,0.453125,-9.1185412537886847,-38.051313214446388,18.561507591569622
2,-1,F3,SELECTED,0.45703125,-8.628221270082248,-37.365494734354193,19.166592326064464
2,-1,F3,SELECTED,0.4609375,-8.0174188226135961,-36.633111967063179,19.85947539027314
2,-1,F3,SELECTED,0.46484375,-7.2893404583774224,-35.96225168656148,20.528307036999841
2,-1,F3,SELECTED,0.46875,-6.4535293494030759,-34.999398098758334,21.082416115304326
2,-1,F3,SELECTED,0.47265625,-5.5278677250993171,-33.767093721315746,21.900245320603709
2,-1,F3,SELECTED,0.4765625,-4.5394137436347668,-32.453650657238313,22.842541301409295
2,-1,F3,SELECTED,0.48046875,-3.5224469536567047,-31.248247098087841,23.805822550276261
2,-1,F3,SELECTED,0.484375,-2.5128888306801214,-30.030217382687443,24.748809653082336
2,-1,F3,SELECTED,0.48828125,-1.5394802382005459,-28.757876626183553,25.594447630404776
2,-1,F3,SELECTED,0.4921875,-0.61469999685483567,-27.504921451165995,26.5597471085275
2,-1,F3,SELECTED,0.49609375,0.27035140912312361,-26.372153270723999,27.523604405957133
2,-1,F3,SELECTED,0.5,1.1450875253526078,-25.351143495993117,28.178599921432614
2,-1,F3,SELECTED,0.50390625,2.0531821391408256,-24.248419308947319,29.180800078552103
2,-1,F3,SELECTED,0.5078125,3.0417548978173272,-23.121229586021357,30.175280122679027
2,-1,F3,SELECTED,0.51171875,4.1472753229849495,-21.727508392612364,31.347961281796589
2,-1,F3,SELECTED,0.515625,5.3826338456932614,-20.351881597442453,32.619290232142355
2,-1,F3,SELECTED,0.51953125,6.7325337505136114,-19.0715359996233,34.032658787996944
2,-1,F3,SELECTED,0.5234375,8.1619101490339308,-17.938150884826161,35.547112000718947
2,-1,F3,SELECTED,0.52734375,9.6347440457556814,-16.751561594937375,37.124945951490332
2,-1,F3,SELECTED,0.53125,11.1335906067885,-15.508034370681846,38.747849904261457
2,-1,F3,SELECTED,0.53515625,12.668936175373936,-14.137844713985169,40.426533593797075
2,-1,F3,SELECTED,0.5390625,14.27351123963011,-12.615441795076187,42.211891578103184
2,-1,F3,SELECTED,0.54296875,15.985534085579259,-10.976752979892133,44.112754929696393
2,-1,F3,SELECTED,0.546875,17.830213003772407,-9.1950324410954245,46.01120975550571
2,-1,F3,SELECTED,0.55078125,19.808189046814192,-7.2655706737538939,47.985530439718829
2,-1,F3,SELECTED,0.5546875,21.894901961424626,-5.2130060664791182,50.07182177561738
2,-1,F3,SELECTED,0.55859375,24.048998826841601,-3.0947433666783555,52.233009523827405
2,-1,F3,SELECTED,0.5625,26.223760012519246,-1.180880838364329,54.408652346004871
2,-1,F3,SELECTED,0.56640625,28.376011792155783,0.6533887597321103,56.630119845872471
2,-1,F3,SELECTED,0.5703125,30.471463888358336,2.3066465694327771,58.872280796682041
2,-1,F3,SELECTED,0.57421875,32.48848962623736,4.0299087607234716,61.174192809749421
2,-1,F3,SELECTED,0.578125,34.420689796952189,5.7784163937288762,63.472424885784207
2,-1,F3,SELECTED,0.58203125,36.275401427357792,7.4264645905891395,65.706167988433151
2,-1,F3,SELECTED,0.5859375,38.06574888770146,9.0091294710490857,67.859467064841979
2,-1,F3,SELECTED,0.58984375,39.798579700055562,10.531951069028928,69.920415731368578
2,-1,F3,SELECTED,0.59375,41.465237053858999,11.938032578522231,71.87563635274671
2,-1,F3,SELECTED,0.59765625,43.041489471021478,13.252087682473881,73.708201339112975
2,-1,F3,SELECTED,0.6015625,44.496914467468009,14.286059718372904,75.401177226793749
2,-1,F3,SELECTED,0.60546875,45.807548991578777,15.163588377823643,76.905499380081494
2,-1,F3,SELECTED,0.609375,46.963768255019048,15.874968658960951,78.204416438341482
2,-1,F3,SELECTED,0.61328125,47.969784049264618,16.418820335854406,79.377890721982411
2,-1,F3,SELECTED,0.6171875,48.838182025335577,16.957305943446443,80.447719948555232
2,-1,F3,SELECTED,0.62109375,49.585322771473457,17.594181152161831,81.285838568963825
2,-1,F3,SELECTED,0.625,50.229007028222739,18.117421980625508,81.891731344465427
2,-1,F3,SELECTED,0.62890625,50.785441003026612,18.713166856894439,82.327198904799133
2,-1,F3,SELECTED,0.6328125,51.264526530649981,19.119672540009766,82.592432899209612
2,-1,F3,SELECTED,0.63671875,51.667198244943165,19.492417098623218,82.689869916229952
2,-1,F3,SELECTED,0.640625,51.988196912761531,19.704015074000594,82.625714631409167
2,-1,F3,SELECTED,0.64453125,52.222083645053679,19.878866662261462,82.506902429163304
2,-1,F3,SELECTED,0.6484375,52.366879941615608,20.143892975843961,82.616379888484332
2,-1,F3,SELECTED,0.65234375,52.4229453505367,20.359058613098153,82.740927250338331
2,-1,F3,SELECTED,0.65625,52.390389135261024,20.495735792980547,82.889930978143639
2,-1,F3,SELECTED,0.66015625,52.269622458974126,20.440711408132628,82.713768290328218
2,-1,F3,SELECTED,0.6640625,52.065445777550806,20.394011831674248,82.340158117804506
2,-1,F3,SELECTED,0.66796875,51.790462502290538,20.247160371976271,81.917656322808739
2,-1,F3,SELECTED,0.671875,51.463736341194981,19.968105428719628,81.564447308593373
2,-1,F3,SELECTED,0.67578125,51.104929223875672,19.615925713083527,81.349186437068795
2,-1,F3,SELECTED,0.6796875,50.727853775010402,19.238423430463445,81.10688411898083
2,-1,F3,SELECTED,0.68359375,50.337565332094847,18.797559822227708,80.835152311046073
2,-1,F3,SELECTED,0.6875,49.932735170955034,18.281054416213287,80.18493160781567
2,-1,F3,SELECTED,0.69140625,49.511472461749086,17.771888316898252,79.764806917258937
2,-1,F3,SELECTED,0.6953125,49.075608278615839,17.394654576186035,79.370235343736368
2,-1,F3,SELECTED,0.69921875,48.629341586801537,17.019161735369803,78.975856088438221
2,-1,F3,SELECTED,0.703125,48.174169335655456,16.625242117699617,78.613220583280139
2,-1,F3,SELECTED,0.70703125,47.707021562033859,16.126228532126706,78.262696008328106
2,-1,F3,SELECTED,0.7109375,47.225758540542415,15.631036402124938,77.88181368797342
2,-1,F3,SELECTED,0.71484375,46.738039808763062,15.148451889685214,77.473097436953012
2,-1,F3,SELECTED,0.71875,46.264776448753906,14.688174762650071,77.050056570881154
2,-1,F3,SELECTED,0.72265625,45.83261724851225,14.268345202852972,76.634487403400669
2,-1,F3,SELECTED,0.7265625,45.45824432350242,13.903956882577917,76.247626161825096
2,-1,F3,SELECTED,0.73046875,45.134099825585352,13.592719122629186,75.899581463029861
2,-1,F3,SELECTED,0.734375,44.825281492698878,13.306924804371839,75.575782537624889
2,-1,F3,SELECTED,0.73828125,44.480557703820239,13.058665162059977,75.246936699835373
2,-1,F3,SELECTED,0.7421875,44.052095964988872,12.831310965612474,74.883782272691917
2,-1,F3,SELECTED,0.74609375,43.514403976974272,12.465704097582684,74.470769448514559
2,-1,F3,SELECTED,0.75,42.874555439679725,11.931119815592558,73.950139546661561
2,-1,F3,SELECTED,0.75390625,42.170487164516267,11.220698126541196,73.342819841940056
2,-1,F3,SELECTED,0.7578125,41.458615287130186,10.64546667573202,72.738773440215056
2,-1,F3,SELECTED,0.76171875,40.794805562300439,10.094671705194237,72.083152539730762
2,-1,F3,SELECTED,0.765625,40.215120474186968,9.596525058107078,71.525920008403759
2,-1,F3,SELECTED,0.76953125,39.724514964027421,9.1362480540573188,71.077723501185204
2,-1,F3,SELECTED,0.7734375,39.298798034324001,8.5323654262965789,70.706665355133694
2,-1,F3,SELECTED,0.77734375,38.897071863520033,7.9360359188172076,70.279456126589309
2,-1,F3,SELECTED,0.78125,38.475823098695329,7.3302772824057678,69.841153111774872
2,-1,F3,SELECTED,0.78515625,37.998394016796873,6.8595772088727136,69.350113998643991
2,-1,F3,SELECTED,0.7890625,37.440690604032923,6.3824161605490666,68.761131170452416
2,-1,F3,SELECTED,0.79296875,36.796100336498824,5.7893585789619966,68.110780226285257
2,-1,F3,SELECTED,0.796875,36.078049734327799,5.1402813304296942,67.413861734863531
2,-1,F4,SELECTED,-0.19921875,2.9794791506578218,-11.591111855927581,17.503081487653091
2,-1,F4,SELECTED,-0.1953125,2.9275920577330847,-10.94916046389778,16.57842358611709
2,-1,F4,SELECTED,-0.19140625,2.8218849001130231,-10.351845238548865,15.731117062542332
2,-1,F4,SELECTED,-0.1875,2.6417005971490481,-9.8378374869348697,14.732168533172834
2,-1,F4,SELECTED,-0.18359375,2.3647236190151562,-9.4284866869148445,13.356517632247373
2,-1,F4,SELECTED,-0.1796875,1.9692080775374645,-8.8322473229616847,11.724871377573601
2,-1,F4,SELECTED,-0.17578125,1.4429999806095568,-8.2764305889220324,10.319506825869057
2,-1,F4,SELECTED,-0.171875,0.79620592282537506,-8.0495558524014843,8.3233788714337624
2,-1,F4,SELECTED,-0.16796875,0.068599241203402661,-7.6778817798408809,6.5967283508598031
2,-1,F4,SELECTED,-0.1640625,-0.67409249944312255,-7.3218938673829026,5.1464985504257639
2,-1,F4,SELECTED,-0.16015625,-1.3532720827076246,-7.4965682116330239,4.3742913825098935
2,-1,F4,SELECTED,-0.15625,-1.8948709621259325,-7.56984445294826,3.7305451918868884
2,-1,F4,SELECTED,-0.15234375,-2.2468927319517333,-7.4765342693196395,3.3472585971411259
2,-1,F4,SELECTED,-0.1484375,-2.3924553206471413,-7.6308902532205556,3.390173736765774
2,-1,F4,SELECTED,-0.14453125,-2.3527520948206107,-7.975165542112153,3.3170227500790332
2,-1,F4,SELECTED,-0.140625,-2.17787168213375,-7.616840551107698,3.3134582957267811
2,-1,F4,SELECTED,-0.13671875,-1.9297623321644726,-7.4908302547211028,3.3768789718774799
2,-1,F4,SELECTED,-0.1328125,-1.6645914070808392,-7.2083159394128486,3.2905089126144795
2,-1,F4,SELECTED,-0.12890625,-1.4204070917393632,-6.7086616144247735,3.0271227377785013
2,-1,F4,SELECTED,-0.125,-1.2139653991470112,-6.2611640425657349,2.8159243726052652
2,-1,F4,SELECTED,-0.12109375,-1.0477973518450483,-5.7790454921395256,2.5753671445109196
2,-1,F4,SELECTED,-0.1171875,-0.92283355170659642,-5.273961099264497,2.3541563263725882
2,-1,F4,SELECTED,-0.11328125,-0.84674925257717393,-4.8136725652914301,2.1030100350776642
2,-1,F4,SELECTED,-0.109375,-0.8306123291682177,-4.4925358189801221,1.9010286260739413
2,-1,F4,SELECTED,-0.10546875,-0.87625010770925449,-4.3926099889095154,1.6240000130754459
2,-1,F4,SELECTED,-0.1015625,-0.96504796849663843,-4.1881159131426404,1.528206176008851
2,-1,F4,SELECTED,-0.09765625,-1.0579326062118461,-4.1008251436688656,1.5165564035216152
2,-1,F4,SELECTED,-0.09375,-1.1078954728482919,-4.1939552418129118,1.5919663448089871
2,-1,F4,SELECTED,-0.08984375,-1.078592749487268,-4.2254961527003108,1.7132633593977389
2,-1,F4,SELECTED,-0.0859375,-0.95989936571450485,-4.0589294254534689,2.2372473529879686
2,-1,F4,SELECTED,-0.08203125,-0.7725797834039202,-3.7950971097146309,2.6620410662479839
2,-1,F4,SELECTED,-0.078125,-0.55849537846603925,-3.5258458300256805,3.0305998010340232
2,-1,F4,SELECTED,-0.07421875,-0.36044295522317665,-3.4282445542154103,3.4967153703561413
2,-1,F4,SELECTED,-0.0703125,-0.20292416149717193,-3.3531364518415079,3.8347938796028078
2,-1,F4,SELECTED,-0.06640625,-0.084701062800187507,-3.5512586198289937,4.252804178088974
2,-1,F4,SELECTED,-0.0625,0.014873200796435742,-3.7075699679021947,4.3772342267150623
2,-1,F4,SELECTED,-0.05859375,0.12269221378880028,-3.849751390589701,4.5862208289816335
2,-1,F4,SELECTED,-0.0546875,0.26037719950340377,-4.038851538937922,5.0506682323402519
2,-1,F4,SELECTED,-0.05078125,0.43845957543199199,-4.1009352631670195,5.5329794280969828
2,-1,F4,SELECTED,-0.046875,0.65567840897489582,-4.2046118899998115,6.0659481701766387
2,-1,F4,SELECTED,-0.04296875,0.90037303031483606,-4.140512902700868,6.5949063828612431
2,-1,F4,SELECTED,-0.0390625,1.1507634668069315,-4.3331143312123226,7.2226883390257601
2,-1,F4,SELECTED,-0.03515625,1.3739226506413154,-4.5612694120193087,7.8704796765983271
2,-1,F4,SELECTED,-0.03125,1.5281122220097194,-4.8259717231404595,8.5448619488411612
2,-1,F4,SELECTED,-0.02734375,1.573591864823656,-5.2213690509626298,9.1289864633522431
2,-1,F4,SELECTED,-0.0234375,1.4894983803203725,-5.6947759690583117,9.4517988355225917
2,-1,F4,SELECTED,-0.01953125,1.2859615539351945,-6.2681168048856684,9.590773357191031
2,-1,F4,SELECTED,-0.015625,1.0016122746999576,-6.843416593375002,9.641867556350908
2,-1,F4,SELECTED,-0.01171875,0.68706152724280034,-7.3672285812644862,9.672180008319657
2,-1,F4,SELECTED,-0.0078125,0.38443536384093929,-7.9406920669061432,9.5975232815047118
2,-1,F4,SELECTED,-0.00390625,0.11388122114171652,-8.5803751619739081,9.5358123969865574
2,-1,F4,SELECTED,0,-0.12774341039619849,-9.2312841665148451,9.4738659561513749
2,-1,F4,SELECTED,0.00390625,-0.35724124754364434,-9.7886787089056249,9.4258341916496597
2,-1,F4,SELECTED,0.0078125,-0.59059646487474793,-10.265126603275149,9.326280864570526
2,-1,F4,SELECTED,0.01171875,-0.83195389977378276,-10.630229753416236,9.1608764400616138
2,-1,F4,SELECTED,0.015625,-1.0715487020523831,-10.90116524871935,8.919841687810349
2,-1,F4,SELECTED,0.01953125,-1.2910696003602045,-11.170510536003688,8.7485863264472776
2,-1,F4,SELECTED,0.0234375,-1.4703154004839756,-11.503328012607229,8.7714741059771661
2,-1,F4,SELECTED,0.02734375,-1.5913240346669422,-11.842084487339445,8.9157823175387456
2,-1,F4,SELECTED,0.03125,-1.6409658519675163,-12.12491831935052,9.1558304440604932
2,-1,F4,SELECTED,0.03515625,-1.6134501218377035,-12.332565559220402,9.4163636032552525
2,-1,F4,SELECTED,0.0390625,-1.5113978128578003,-12.45064645093901,9.722749890166682
2,-1,F4,SELECTED,0.04296875,-1.3441139345714779,-12.559036920116318,10.087766368037457
2,-1,F4,SELECTED,0.046875,-1.1247916944878154,-12.647760813652438,10.527082037365147
2,-1,F4,SELECTED,0.05078125,-0.86922092834612341,-12.627682296563414,11.053778315502511
2,-1,F4,SELECTED,0.0546875,-0.59576230792613549,-12.60376829098057,11.699246492476171
2,-1,F4,SELECTED,0.05859375,-0.32460645506365871,-12.737521649313855,12.414660697282766
2,-1,F4,SELECTED,0.0625,-0.075808931977087837,-12.90240944491244,13.143834835941629
2,-1,F4,SELECTED,0.06640625,0.13324320905977624,-13.095985314402604,13.820115781143812
2,-1,F4,SELECTED,0.0703125,0.29090668252436247,-13.261091872786901,14.336039256635928
2,-1,F4,SELECTED,0.07421875,0.39410422274003709,-13.404096839420768,14.680962604798271
2,-1,F4,SELECTED,0.078125,0.44764650047363197,-13.599375864899134,14.92164546109613
2,-1,F4,SELECTED,0.08203125,0.45764639604484136,-13.859741910326278,15.083142697448835
2,-1,F4,SELECTED,0.0859375,0.42250676014221139,-14.171881284013653,15.220764389075654
2,-1,F4,SELECTED,0.08984375,0.32944402383018556,-14.46766486856969,15.315903427087834
2,-1,F4,SELECTED,0.09375,0.16089944201012826,-14.785908269027829,15.308764888024198
2,-1,F4,SELECTED,0.09765625,-0.093316769167849783,-15.165063253128128,15.233456009770173
2,-1,F4,SELECTED,0.1015625,-0.42632232319138302,-15.572413536295992,15.04003867114575
2,-1,F4,SELECTED,0.10546875,-0.81193932910913458,-16.070036101894058,14.844223043609784
2,-1,F4,SELECTED,0.109375,-1.210512529681447,-16.551506871832842,14.622830900424066
2,-1,F4,SELECTED,0.11328125,-1.5809911879422258,-16.991135019857975,14.357125083038483
2,-1,F4,SELECTED,0.1171875,-1.8950505018002219,-17.378123687527559,14.110891781330158
2,-1,F4,SELECTED,0.12109375,-2.1463688116861941,-17.78125320169686,13.907978771199209
2,-1,F4,SELECTED,0.125,-2.3493518101753379,-18.371951917591467,13.756763694506677
2,-1,F4,SELECTED,0.12890625,-2.5276276237834443,-18.980996565129963,13.671130039261456
2,-1,F4,SELECTED,0.1328125,-2.6988942849476136,-19.476101909487411,13.688963258575011
2,-1,F4,SELECTED,0.13671875,-2.8645887128729375,-19.85060619381715,13.771470482949335
2,-1,F4,SELECTED,0.140625,-3.0101857076949989,-20.142040339731214,13.844434108409661
2,-1,F4,SELECTED,0.14453125,-3.1167425836715612,-20.359906668171828,13.917502644701582
2,-1,F4,SELECTED,0.1484375,-3.1778995183231658,-20.505049908088555,14.00808546007133
2,-1,F4,SELECTED,0.15234375,-3.2116848173226513,-20.617370904154747,14.121307095852487
2,-1,F4,SELECTED,0.15625,-3.2582070017169729,-20.77747087143327,14.237317010012374
2,-1,F4,SELECTED,0.16015625,-3.3634875905651693,-21.091480723570083,14.31512753685649
2,-1,F4,SELECTED,0.1640625,-3.5590944091700503,-21.464638436467158,14.311132160813177
2,-1,F4,SELECTED,0.16796875,-3.8492133711869672,-21.884127180832927,14.201264860180606
2,-1,F4,SELECTED,0.171875,-4.2113105226036494,-22.402899960503703,13.994141147332838
2,-1,F4,SELECTED,0.17578125,-4.6086992522390409,-22.978565487974517,13.843425362629363
2,-1,F4,SELECTED,0.1796875,-5.0074284000269014,-23.552587551319444,13.674218277873942
2,-1,F4,SELECTED,0.18359375,-5.3883479040481062,-24.11170105330703,13.481738734044981
2,-1,F4,SELECTED,0.1875,-5.7490636318015715,-24.657198815279184,13.275855961288956
2,-1,F4,SELECTED,0.19140625,-6.0978423254674992,-25.193034720035499,13.050667524690008
2,-1,F4,SELECTED,0.1953125,-6.4465366835478823,-25.725555753627642,12.874801996686859
2,-1,F4,SELECTED,0.19921875,-6.8071448823134011,-26.245439057530273,12.739512593193441
2,-1,F4,SELECTED,0.203125,-7.1898360730171165,-26.750590637211548,12.548692043519292
2,-1,F4,SELECTED,0.20703125,-7.5984972588386777,-27.300356194613254,12.281258044541616
2,-1,F4,SELECTED,0.2109375,-8.0252785602099745,-27.938666995720638,11.918254496914983
2,-1,F4,SELECTED,0.21484375,-8.4494206994914798,-28.570560011645817,11.575496655006289
2,-1,F4,SELECTED,0.21875,-8.8421215190170575,-29.200011954904252,11.300169416007124
2,-1,F4,SELECTED,0.22265625,-9.1741858907408282,-29.83020906218109,11.12786403946183
2,-1,F4,SELECTED,0.2265625,-9.4231624763422754,-30.43396684108124,11.103843801162519
2,-1,F4,SELECTED,0.23046875,-9.5788464169135548,-30.982230816195063,11.230737340979783
2,-1,F4,SELECTED,0.234375,-9.6454666709881991,-31.445259958537232,11.472414561335375
2,-1,F4,SELECTED,0.23828125,-9.6377088608003625,-31.881561526295958,11.774871887493452
2,-1,F4,SELECTED,0.2421875,-9.5710309662372257,-32.329196853112002,12.079736110570138
2,-1,F4,SELECTED,0.24609375,-9.4526842452926765,-32.586225071951972,12.344106537006981
2,-1,F4,SELECTED,0.25,-9.2805144340746377,-32.745122468406443,12.661714276483597
2,-1,F4,SELECTED,0.25390625,-9.0496961899337371,-32.836040289630581,13.010062068461803
2,-1,F4,SELECTED,0.2578125,-8.7610975100824984,-32.849826900563826,13.404490945943108
2,-1,F4,SELECTED,0.26171875,-8.4258724431247938,-32.635702265221838,13.85460652906151
2,-1,F4,SELECTED,0.265625,-8.0654423437869642,-32.332859635511397,14.326302246223237
2,-1,F4,SELECTED,0.26953125,-7.7080247649821123,-32.021204155195271,14.717498045760054
2,-1,F4,SELECTED,0.2734375,-7.3829942132647641,-31.785394955529348,15.034968028978785
2,-1,F4,SELECTED,0.27734375,-7.1151913880630344,-31.562146855137147,15.376456984401333
2,-1,F4,SELECTED,0.28125,-6.9212892037892342,-31.385457128718969,15.764026693217842
2,-1,F4,SELECTED,0.28515625,-6.8083556271773764,-31.299462493796149,16.091013186703034
2,-1,F4,SELECTED,0.2890625,-6.7735832312802655,-31.438690423384113,16.363260255121325
2,-1,F4,SELECTED,0.29296875,-6.8054019456349524,-31.64051526092522,16.588783871427587
2,-1,F4,SELECTED,0.296875,-6.886987747840303,-31.862863752126362,16.772277875482288
2,-1,F4,SELECTED,0.30078125,-7.0010654874915863,-32.083692298501816,16.857446459372685
2,-1,F4,SELECTED,0.3046875,-7.1328034975878607,-32.287719700479833,16.85335383686386
2,-1,F4,SELECTED,0.30859375,-7.2697030580671296,-32.469713388124532,16.837556249212003
2,-1,F4,SELECTED,0.3125,-7.4016373438076988,-32.632755771729371,16.82113621509869
2,-1,F4,SELECTED,0.31640625,-7.5242361748143676,-32.785143177402773,16.801676283958599
2,-1,F4,SELECTED,0.3203125,-7.6435695133827686,-32.938775057996921,16.775470470995799
2,-1,F4,SELECTED,0.32421875,-7.7763186128009991,-33.10901604215325,16.722844000034492
2,-1,F4,SELECTED,0.328125,-7.9430313816691624,-33.314549858079097,16.530067643923964
2,-1,F4,SELECTED,0.33203125,-8.1590195783517441,-33.576233480580839,16.245351336375112
2,-1,F4,SELECTED,0.3359375,-8.4293857511776835,-33.914593700189414,15.859016532548388
2,-1,F4,SELECTED,0.33984375,-8.7497987958758632,-34.345751568506351,15.393160397341834
2,-1,F4,SELECTED,0.34375,-9.1100458205764436,-34.876415564138824,14.877158432722162
2,-1,F4,SELECTED,0.34765625,-9.4978764638086677,-35.500234132126245,14.552711626381246
2,-1,F4,SELECTED,0.3515625,-9.9027224119538904,-36.198093348780183,14.311186793018782
2,-1,F4,SELECTED,0.35546875,-10.318662969380291,-36.943519685490273,14.002235868732523
2,-1,F4,SELECTED,0.359375,-10.745325500449997,-37.709587086786577,13.606798536165931
2,-1,F4,SELECTED,0.36328125,-11.186529489385819,-38.356978436951266,13.239713093657139
2,-1,F4,SELECTED,0.3671875,-11.647895006506992,-39.003420903432342,12.883708426941283
2,-1,F4,SELECTED,0.37109375,-12.134700174908463,-39.657150613072091,12.515945843840898
2,-1,F4,SELECTED,0.375,-12.650952526748558,-40.335903298629638,12.115330351513952
2,-1,F4,SELECTED,0.37890625,-13.200360687243469,-41.172491604625549,11.667880295225237
2,-1,F4,SELECTED,0.3828125,-13.788066999529359,-42.046659538225335,11.209940970555602
2,-1,F4,SELECTED,0.38671875,-14.419645056317162,-42.93160959094994,10.770791548079343
2,-1,F4,SELECTED,0.390625,-15.095600697267185,-43.855570855450885,10.258113712356074
2,-1,F4,SELECTED,0.39453125,-15.805419252647658,-44.803735547571229,9.6857118282131704
2,-1,F4,SELECTED,0.3984375,-16.527309579634604,-45.6829411484511,9.0828832962620627
2,-1,F4,SELECTED,0.40234375,-17.2340745211227,-46.519004703856019,8.4868018643580001
2,-1,F4,SELECTED,0.40625,-17.899317812148247,-47.363726215614605,7.9343202813009333
2,-1,F4,SELECTED,0.41015625,-18.499737635478713,-48.212628950032936,7.4586165680971543
2,-1,F4,SELECTED,0.4140625,-19.015575504647931,-48.981772945760923,7.0965351411555151
2,-1,F4,SELECTED,0.41796875,-19.433381831459432,-49.628296092286767,6.8610715232711081
2,-1,F4,SELECTED,0.421875,-19.751005407463875,-50.113888743270969,6.5674592352324552
2,-1,F4,SELECTED,0.42578125,-19.980375667621697,-50.527576129461238,6.3155520806370165
2,-1,F4,SELECTED,0.4296875,-20.144306145767192,-50.878336607195216,6.1227591622914641
2,-1,F4,SELECTED,0.43359375,-20.267552684532582,-51.138289715937773,6.102445169190017
2,-1,F4,SELECTED,0.4375,-20.365864197519851,-51.337854030920788,6.0754633836284402
2,-1,F4,SELECTED,0.44140625,-20.438408020563738,-51.480547019944559,6.0780347512763555
2,-1,F4,SELECTED,0.4453125,-20.467958630387365,-51.527434330059705,5.9889515097635808
2,-1,F4,SELECTED,0.44921875,-20.428582084180661,-51.475532144596954,5.9368633257791341
2,-1,F4,SELECTED,0.453125,-20.29508489126772,-51.320626971930153,6.0282213684853305
2,-1,F4,SELECTED,0.45703125,-20.048187630254301,-51.055181773778685,6.2479035402844936
2,-1,F4,SELECTED,0.4609375,-19.674939748061416,-50.667623358544908,6.4989473070213126
2,-1,F4,SELECTED,0.46484375,-19.168531585764814,-50.144784744270254,6.6353417035355902
2,-1,F4,SELECTED,0.46875,-18.530380266386466,-49.477450100648774,6.9459719008865903
2,-1,F4,SELECTED,0.47265625,-17.7732354110512,-48.666547318972533,7.3947182628958261
2,-1,F4,SELECTED,0.4765625,-16.922209789258709,-47.731423829056851,8.4153554637394876
2,-1,F4,SELECTED,0.48046875,-16.011245444169592,-46.449383951204119,9.5844317578940519
2,-1,F4,SELECTED,0.484375,-15.073692847192687,-45.038576702077691,10.704695910710123
2,-1,F4,SELECTED,0.48828125,-14.128568351405971,-43.654504626876964,11.707426335311126
2,-1,F4,SELECTED,0.4921875,-13.169035672661371,-42.403283909077487,12.49145466361607
2,-1,F4,SELECTED,0.49609375,-12.161437266785496,-41.119154100717225,13.309563467154788
2,-1,F4,SELECTED,0.5,-11.057291941910867,-39.777864488971744,14.091799539999617
2,-1,F4,SELECTED,0.50390625,-9.8117784969661024,-38.195415226095371,15.053445406380224
2,-1,F4,SELECTED,0.5078125,-8.3989205563718947,-36.290788914414605,16.277651079559959
2,-1,F4,SELECTED,0.51171875,-6.8173641081529723,-34.434224499757782,17.966945005578896
2,-1,F4,SELECTED,0.515625,-5.0858979017152013,-32.570348101634202,19.932057388545186
2,-1,F4,SELECTED,0.51953125,-3.2313736647443498,-30.636409726429982,21.975609496521642
2,-1,F4,SELECTED,0.5234375,-1.2744574802731039,-28.783609227027839,23.798658628724709
2,-1,F4,SELECTED,0.52734375,0.7795437426438061,-26.68040290757229,25.79110917522851
2,-1,F4,SELECTED,0.53125,2.9398239447549828,-24.271880806502548,27.996857315455642
2,-1,F4,SELECTED,0.53515625,5.2207699176150788,-21.744824816290354,30.272895263539759
2,-1,F4,SELECTED,0.5390625,7.6308264284653324,-19.086622630581594,32.386179833241513
2,-1,F4,SELECTED,0.54296875,10.164896028460237,-16.196427030711103,34.798083168710654
2,-1,F4,SELECTED,0.546875,12.801314385138765,-13.080437096470529,37.417136927986135
2,-1,F4,SELECTED,0.55078125,15.503471753644446,-9.9859999308205669,39.903285585291243
2,-1,F4,SELECTED,0.5546875,18.227701215339767,-7.1687636220640094,42.229632621100492
2,-1,F4,SELECTED,0.55859375,20.936759908022857,-4.5999824791794461,44.439179925816006
2,-1,F4,SELECTED,0.5625,23.612269242301171,-1.8176787665562519,46.901657216646555
2,-1,F4,SELECTED,0.56640625,26.258031594643079,0.63913811262170084,49.353286865904899
2,-1,F4,SELECTED,0.5703125,28.892532920665211,3.1148363974067546,51.748374735312296
2,-1,F4,SELECTED,0.57421875,31.536083749794827,5.7864417094617639,54.217390864766429
2,-1,F4,SELECTED,0.578125,34.1992255542214,8.5215650568472796,57.005664864724373
2,-1,F4,SELECTED,0.58203125,36.876237340157033,11.079137442998626,59.731123749813626
2,-1,F4,SELECTED,0.5859375,39.545230060450763,13.55927807694763,62.298298300024165
2,-1,F4,SELECTED,0.58984375,42.174124665276622,15.877099011684617,65.12371103360968
2,-1,F4,SELECTED,0.59375,44.728830046120478,18.095940690299578,67.677804267117338
2,-1,F4,SELECTED,0.59765625,47.179354527432842,20.195387830490617,70.007177548821772
2,-1,F4,SELECTED,0.6015625,49.503200657188472,22.458453756003486,72.533980677204255
2,-1,F4,SELECTED,0.60546875,51.688249851208255,24.64338608586602,74.939326190953352
2,-1,F4,SELECTED,0.609375,53.735067998445636,26.874177435373895,77.240444386764949
2,-1,F4,SELECTED,0.61328125,55.655504942145861,28.967480398878596,79.529196281674203
2,-1,F4,SELECTED,0.6171875,57.466600856605091,30.935781348776452,81.41383884347816
2,-1,F4,SELECTED,0.62109375,59.18339299126432,32.796964412971626,83.321697017488006
2,-1,F4,SELECTED,0.625,60.814590032716886,34.569385928436681,85.387800800221498
2,-1,F4,SELECTED,0.62890625,62.361532532811452,36.268448146582841,87.352403280564673
2,-1,F4,SELECTED,0.6328125,63.819033426075819,37.533338153000763,89.067394291660477
2,-1,F4,SELECTED,0.63671875,65.1779963872509,38.371114295354765,90.596496390523896
2,-1,F4,SELECTED,0.640625,66.429903593337812,39.141720909036685,91.886754590998692
2,-1,F4,SELECTED,0.64453125,67.570636586195775,39.851433730399201,93.01433366047857
2,-1,F4,SELECTED,0.6484375,68.60013700335837,40.908742594474411,94.008646263415741
2,-1,F4,SELECTED,0.65234375,69.518352180096187,41.91788718374886,94.953718017154543
2,-1,F4,SELECTED,0.65625,70.322305918326222,42.842205562268255,95.761913801649229
2,-1,F4,SELECTED,0.66015625,71.007786012764896,43.668998485996674,96.410878354782454
2,-1,F4,SELECTED,0.6640625,71.57352710735411,44.391569243445893,96.925737505088605
2,-1,F4,SELECTED,0.66796875,72.023219348766659,45.007054126847883,97.355824138142879
2,-1,F4,SELECTED,0.671875,72.363763612337976,45.421077700254315,97.635697301872824
2,-1,F4,SELECTED,0.67578125,72.601879651565696,45.598087690356955,97.772151686906568
2,-1,F4,SELECTED,0.6796875,72.741628960258595,45.824753352379339,97.671069034630875
2,-1,F4,SELECTED,0.68359375,72.784742423133864,46.325129831928031,97.376431634808583
2,-1,F4,SELECTED,0.6875,72.735221500700092,46.842759761472415,96.896309788020417
2,-1,F4,SELECTED,0.69140625,72.60672615511433,47.239762269493255,96.492853965997384
2,-1,F4,SELECTED,0.6953125,72.426448409167293,47.412071259084946,96.12950363574366
2,-1,F4,SELECTED,0.69921875,72.229685735955925,47.631725018030131,95.624668869474149
2,-1,F4,SELECTED,0.703125,72.047647898191158,47.751500649739647,94.983729326614935
2,-1,F4,SELECTED,0.70703125,71.898026006397458,47.838015658015919,94.495203377254001
2,-1,F4,SELECTED,0.7109375,71.785022791796919,47.76308284733728,94.397160723875928
2,-1,F4,SELECTED,0.71484375,71.706968765348179,47.653345970398441,94.300204717301312
2,-1,F4,SELECTED,0.71875,71.664479840835881,47.622930710475408,93.962855925155154
2,-1,F4,SELECTED,0.72265625,71.662861688488249,47.689314655534254,93.719645165042522
2,-1,F4,SELECTED,0.7265625,71.706570470737617,47.913742069417914,93.646806390716947
2,-1,F4,SELECTED,0.73046875,71.788981858757069,48.204270567673063,93.617812811925575
2,-1,F4,SELECTED,0.734375,71.885191450917702,48.551201577821843,93.579848073308852
2,-1,F4,SELECTED,0.73828125,71.955081705540522,48.928346303577484,93.299954261393211
2,-1,F4,SELECTED,0.7421875,71.956794915604078,49.325537899032419,92.847382524274707
2,-1,F4,SELECTED,0.74609375,71.862228890860862,49.689977524808697,92.603974980738826
2,-1,F4,SELECTED,0.75,71.664674872586048,49.980197099718261,92.248194237410587
2,-1,F4,SELECTED,0.75390625,71.375819770048196,50.180631919847002,91.801028740991484
2,-1,F4,SELECTED,0.7578125,71.017057573025909,50.28421309438675,91.296596203297355
2,-1,F4,SELECTED,0.76171875,70.61133144972348,50.280040624932049,90.653429793324364
2,-1,F4,SELECTED,0.765625,70.178528875335672,50.126329963290708,89.960462009893035
2,-1,F4,SELECTED,0.76953125,69.734950923704318,49.981758469993601,89.309323503481195
2,-1,F4,SELECTED,0.7734375,69.295886808849531,49.757183407376608,88.735669021022758
2,-1,F4,SELECTED,0.77734375,68.877955940149192,49.620488697602909,88.01332795872014
2,-1,F4,SELECTED,0.78125,68.496729396417578,49.563150260239482,87.391452838798855
2,-1,F4,SELECTED,0.78515625,68.158771465872746,49.470142200796907,86.863727963549422
2,-1,F4,SELECTED,0.7890625,67.853412018172378,49.315127463860335,86.524156516970038
2,-1,F4,SELECTED,0.79296875,67.551390996288347,49.287973858452617,86.142491800610713
2,-1,F4,SELECTED,0.796875,67.212902865629232,49.312926597310565,85.545319898165602
2,1,Fz,SELECTED,-0.19921875,1.6867572938700597,-0.76068920893419623,4.1751761110003205
2,1,Fz,SELECTED,-0.1953125,1.6358115240287832,-0.59731745857720864,3.8097412683350744
2,1,Fz,SELECTED,-0.19140625,1.5525968141113722,-0.51713841927602289,3.415932921515735
2,1,Fz,SELECTED,-0.1875,1.4507316433306658,-0.44728656972741293,3.1746836448294165
2,1,Fz,SELECTED,-0.18359375,1.3462848089496136,-0.4488445397087461,2.9654015033490846
2,1,Fz,SELECTED,-0.1796875,1.2563663718074378,-0.42149346823639366,2.7640874773315476
2,1,Fz,SELECTED,-0.17578125,1.1976525819538337,-0.38470377434600622,2.7091894270209331
2,1,Fz,SELECTED,-0.171875,1.182955392840169,-0.33338341581959524,2.7263619972410891
2,1,Fz,SELECTED,-0.16796875,1.2163797693316865,-0.22356164485814287,2.7443066686250743
2,1,Fz,SELECTED,-0.1640625,1.2896559454699963,-0.081898300564224633,2.7847748205916121
2,1,Fz,SELECTED,-0.16015625,1.3826530405729942,0.033534134938640194,2.8093626444031754
2,1,Fz,SELECTED,-0.15625,1.4693735226077635,0.20821062649155964,2.7836397090672134
2,1,Fz,SELECTED,-0.15234375,1.5272582423246193,0.37747516584481111,2.7352440937890083
2,1,Fz,SELECTED,-0.1484375,1.5449353139804682,0.49317053149253354,2.6616331311256771
2,1,Fz,SELECTED,-0.14453125,1.5243445233278701,0.48091316530378236,2.5317365455071017
2,1,Fz,SELECTED,-0.140625,1.4769647651840312,0.50617048105692253,2.3935068814613332
2,1,Fz,SELECTED,-0.13671875,1.4173873540406599,0.50786597015761026,2.2752324054755246
2,1,Fz,SELECTED,-0.1328125,1.3579515337785346,0.46326639946142334,2.2038571386467822
2,1,Fz,SELECTED,-0.12890625,1.3058620956511902,0.37491945623757672,2.1878552856266706
2,1,Fz,SELECTED,-0.125,1.2619888833050696,0.30424881847306323,2.1549046107123613
2,1,Fz,SELECTED,-0.12109375,1.2203202584002246,0.23951710211196328,2.193755693253177
2,1,Fz,SELECTED,-0.1171875,1.1679660533385823,0.062713788249599889,2.2473188476873029
2,1,Fz,SELECTED,-0.11328125,1.0863774991733037,-0.061931571475188497,2.2900873582132171
2,1,Fz,SELECTED,-0.109375,0.95467487959886044,-0.22832857859574224,2.3256774063648118
2,1,Fz,SELECTED,-0.10546875,0.75519631128911813,-0.52840180326386066,2.3017409750389599
2,1,Fz,SELECTED,-0.1015625,0.47977272757380446,-0.87863831739334974,2.1346966983462594
2,1,Fz,SELECTED,-0.09765625,0.13430214005712093,-1.2722117760536982,1.9234575333152955
2,1,Fz,SELECTED,-0.09375,-0.26029133534703375,-1.7466743926728188,1.5912739578698989
2,1,Fz,SELECTED,-0.08984375,-0.67170142454445037,-2.2205091407882618,1.1614290370591525
2,1,Fz,SELECTED,-0.0859375,-1.0647170804381461,-2.7279893992544091,0.75459749239010876
2,1,Fz,SELECTED,-0.08203125,-1.4129793475898531,-3.0439657276550167,0.4422861578314361
2,1,Fz,SELECTED,-0.078125,-1.7089931570385088,-3.2869475309731175,0.096281350041298064
2,1,Fz,SELECTED,-0.07421875,-1.965048856087009,-3.4702484958776383,-0.18508270691737352
2,1,Fz,SELECTED,-0.0703125,-2.2013789911372981,-3.7094094584097053,-0.41224234795487785
2,1,Fz,SELECTED,-0.06640625,-2.4275282359139037,-4.059234090657732,-0.62826627066204921
2,1,Fz,SELECTED,-0.0625,-2.6300032824725466,-4.3143197868785528,-0.81020532304202109
2,1,Fz,SELECTED,-0.05859375,-2.7752163275005088,-4.5251266631917639,-0.94291781715994638
2,1,Fz,SELECTED,-0.0546875,-2.8247177504492238,-4.5802945256847734,-0.93447858023084063
2,1,Fz,SELECTED,-0.05078125,-2.7517073498866824,-4.548271352069821,-0.8431911459337581
2,1,Fz,SELECTED,-0.046875,-2.5500395919821695,-4.2895328003711244,-0.71729928912966356
2,1,Fz,SELECTED,-0.04296875,-2.2344018320079782,-3.7645051164872028,-0.60158776277121651
2,1,Fz,SELECTED,-0.0390625,-1.8353910226915144,-3.3068403815013476,-0.31943274651923254
2,1,Fz,SELECTED,-0.03515625,-1.3935923217902493,-2.9139871722025408,0.22401627293454465
2,1,Fz,SELECTED,-0.03125,-0.95467536692435684,-2.6949332383480491,0.91998864652395929
2,1,Fz,SELECTED,-0.02734375,-0.56529696323985157,-2.7144547991991947,1.5598963840831113
2,1,Fz,SELECTED,-0.0234375,-0.26835687373922112,-2.648162482784044,1.993946134192611
2,1,Fz,SELECTED,-0.01953125,-0.096603358893376373,-2.6394480817668606,2.2240540205504313
2,1,Fz,SELECTED,-0.015625,-0.065702307042871277,-2.6271217841583501,2.4061322127310891
2,1,Fz,SELECTED,-0.01171875,-0.16998409625877453,-2.7911415334378771,2.3714052571639175
2,1,Fz,SELECTED,-0.0078125,-0.38396551322017075,-3.0324676146370688,2.199737909843865
2,1,Fz,SELECTED,-0.00390625,-0.67022890370213695,-3.3392241469095545,1.7556435433921571
2,1,Fz,SELECTED,0,-0.99125668183101912,-3.6421500606587363,1.3773053369412886
2,1,Fz,SELECTED,0.00390625,-1.3210119765344623,-3.9230882648385577,1.0283912257858585
2,1,Fz,SELECTED,0.0078125,-1.6518117299337738,-4.2395843767104751,0.62162477009869299
2,1,Fz,SELECTED,0.01171875,-1.9934530504084735,-4.5411770642319826,0.17921567142565148
2,1,Fz,SELECTED,0.015625,-2.3646883153935789,-4.8628569000980981,-0.24400634106140059
2,1,Fz,SELECTED,0.01953125,-2.7810672708674722,-5.3005386803419672,-0.73855018624927071
2,1,Fz,SELECTED,0.0234375,-3.245620772546733,-5.7376320504613778,-1.184885655826964
2,1,Fz,SELECTED,0.02734375,-3.7477791318018325,-6.1382947736483482,-1.6615156559386668
2,1,Fz,SELECTED,0.03125,-4.2712497108742742,-6.7071028911977315,-2.0894912277501736
2,1,Fz,SELECTED,0.03515625,-4.8055218494123428,-7.3008782324143953,-2.5021740132182937
2,1,Fz,SELECTED,0.0390625,-5.3520675222587766,-7.9277711487587412,-2.9162321669877835
2,1,Fz,SELECTED,0.04296875,-5.9191504351287856,-8.5694863531659067,-3.2986279537010796
2,1,Fz,SELECTED,0.046875,-6.5082458927114173,-9.1946631487181811,-3.7437249062313933
2,1,Fz,SELECTED,0.05078125,-7.1031843943366484,-9.749300025982949,-4.264358160670235
2,1,Fz,SELECTED,0.0546875,-7.6720072551458856,-10.357951540366239,-4.8843264334315322
2,1,Fz,SELECTED,0.05859375,-8.1815395991118152,-10.811553134760025,-5.5342761773902538
2,1,Fz,SELECTED,0.0625,-8.6148909946622787,-11.244694263527341,-6.0725439521501032
2,1,Fz,SELECTED,0.06640625,-8.9803831879610652,-11.672724635179396,-6.5015642804200491
2,1,Fz,SELECTED,0.0703125,-9.3066026148117746,-12.043215244223084,-6.7841579270947738
2,1,Fz,SELECTED,0.07421875,-9.6267073470584492,-12.420444243619487,-7.0228919690789713
2,1,Fz,SELECTED,0.078125,-9.9608868904089203,-12.792306379098704,-7.3630077288775011
2,1,Fz,SELECTED,0.08203125,-10.307045939689587,-13.08582044054541,-7.810308868302644
2,1,Fz,SELECTED,0.0859375,-10.645646853553583,-13.358623988590949,-8.1897700779971263
2,1,Fz,SELECTED,0.08984375,-10.955950791786048,-13.567725673632903,-8.4892485251830561
2,1,Fz,SELECTED,0.09375,-11.232478401086592,-13.771101021196486,-8.7101643161273756
2,1,Fz,SELECTED,0.09765625,-11.489511328431306,-14.040123805102089,-8.909581108394967
2,1,Fz,SELECTED,0.1015625,-11.749990765776998,-14.38021539586542,-9.124883810236847
2,1,Fz,SELECTED,0.10546875,-12.026713119924302,-14.577533837204589,-9.3721620121976255
2,1,Fz,SELECTED,0.109375,-12.30933772190471,-14.951909939796474,-9.5746316251719978
2,1,Fz,SELECTED,0.11328125,-12.567297430272586,-15.264468930076678,-9.6519813551845477
2,1,Fz,SELECTED,0.1171875,-12.769129709823639,-15.577704381750092,-9.582938988726216
2,1,Fz,SELECTED,0.12109375,-12.907667259572731,-15.931965465641882,-9.5329198231792862
2,1,Fz,SELECTED,0.125,-13.013938852646978,-16.236313160619105,-9.3408476728701277
2,1,Fz,SELECTED,0.12890625,-13.147236162353462,-16.523636087107775,-9.1572272092496068
2,1,Fz,SELECTED,0.1328125,-13.364724440534022,-16.875889644781108,-9.0643258285601771
2,1,Fz,SELECTED,0.13671875,-13.689675570533019,-17.348570442235012,-9.1881776842492524
2,1,Fz,SELECTED,0.140625,-14.098768547717865,-17.915893603962285,-9.4695025672071367
2,1,Fz,SELECTED,0.14453125,-14.534613654719319,-18.511763348488046,-9.804179045591157
2,1,Fz,SELECTED,0.1484375,-14.932979828103111,-19.041951190420502,-10.208375858299938
2,1,Fz,SELECTED,0.15234375,-15.248307745192118,-19.413272324866497,-10.557758654994599
2,1,Fz,SELECTED,0.15625,-15.466731195869695,-19.697457756063823,-10.816014157695694
2,1,Fz,SELECTED,0.16015625,-15.605097429604704,-19.82023093234282,-10.881190791911537
2,1,Fz,SELECTED,0.1640625,-15.701119822476466,-19.883429104192405,-10.914515876701932
2,1,Fz,SELECTED,0.16796875,-15.80165735823873,-20.046948996137644,-11.068465927375691
2,1,Fz,SELECTED,0.171875,-15.952910314195146,-20.145060645313176,-11.11354463446232
2,1,Fz,SELECTED,0.17578125,-16.191302656406968,-20.273419344676615,-11.379816713735034
2,1,Fz,SELECTED,0.1796875,-16.533318223008717,-20.440204384528389,-11.797201153135445
2,1,Fz,SELECTED,0.18359375,-16.967754456872527,-20.976184050245312,-12.278397269908735
2,1,Fz,SELECTED,0.1875,-17.457226546542493,-21.619529174178041,-12.83051713723316
2,1,Fz,SELECTED,0.19140625,-17.951053841795915,-22.179386687365565,-13.367696868435319
2,1,Fz,SELECTED,0.1953125,-18.403172500299792,-22.691966705966099,-13.846296134517434
2,1,Fz,SELECTED,0.19921875,-18.785540689730375,-23.032710493893745,-14.165457025374289
2,1,Fz,SELECTED,0.203125,-19.091949880565917,-23.231176643185051,-14.4704503426731
2,1,Fz,SELECTED,0.20703125,-19.333479022096334,-23.424413266620572,-14.802115087823768
2,1,Fz,SELECTED,0.2109375,-19.529750418127204,-23.659833860561687,-15.080544614621068
2,1,Fz,SELECTED,0.21484375,-19.699892835386986,-23.767723153823969,-15.286639352118803
2,1,Fz,SELECTED,0.21875,-19.855889107352041,-23.853786544776632,-15.471545754809076
2,1,Fz,SELECTED,0.22265625,-19.999378947000832,-23.979943811706423,-15.540313975497185
2,1,Fz,SELECTED,0.2265625,-20.12158093768457,-24.105651571202113,-15.664385047524261
2,1,Fz,SELECTED,0.23046875,-20.206165206671646,-24.2288306619736,-15.775788202456695
2,1,Fz,SELECTED,0.234375,-20.235795334896842,-24.255450923217257,-15.882693080965625
2,1,Fz,SELECTED,0.23828125,-20.201542237533285,-24.123470098121686,-15.969909357762544
2,1,Fz,SELECTED,0.2421875,-20.11058632282251,-24.012736545377592,-15.945870230981635
2,1,Fz,SELECTED,0.24609375,-19.986673351701999,-23.819128633353028,-15.858775627015662
2,1,Fz,SELECTED,0.25,-19.86253050407344,-23.693169366662683,-15.822485895341734
2,1,Fz,SELECTED,0.25390625,-19.769081781259647,-23.711041757124409,-15.683332605860274
2,1,Fz,SELECTED,0.2578125,-19.726669868865979,-23.653575617960904,-15.553684437590835
2,1,Fz,SELECTED,0.26171875,-19.739990973173185,-23.645770277282534,-15.486937185020581
2,1,Fz,SELECTED,0.265625,-19.797022572414139,-23.74810328685297,-15.532015763266662
2,1,Fz,SELECTED,0.26953125,-19.873277011983713,-23.790070984244679,-15.460298179892403
2,1,Fz,SELECTED,0.2734375,-19.941100094976662,-23.866183872101008,-15.511326380665722
2,1,Fz,SELECTED,0.27734375,-19.978957340269154,-23.988075460938983,-15.494159184862124
2,1,Fz,SELECTED,0.28125,-19.974473234051004,-24.128526565418667,-15.450981514796229
2,1,Fz,SELECTED,0.28515625,-19.921009362373837,-24.127967577303835,-15.398913759374242
2,1,Fz,SELECTED,0.2890625,-19.81439898551373,-24.15408409970723,-15.272447990664217
2,1,Fz,SELECTED,0.29296875,-19.655858089655318,-24.346417342621727,-14.895089262643594
2,1,Fz,SELECTED,0.296875,-19.459706313873969,-24.475354068657197,-14.343739827311964
2,1,Fz,SELECTED,0.30078125,-19.258016740146306,-24.471526298636256,-13.739247989031048
2,1,Fz,SELECTED,0.3046875,-19.094451203392886,-24.448412646207139,-13.322875945623613
2,1,Fz,SELECTED,0.30859375,-19.006698296873704,-24.510709071625939,-12.938129309687847
2,1,Fz,SELECTED,0.3125,-19.006741186479839,-24.619283090462648,-12.693521042063555
2,1,Fz,SELECTED,0.31640625,-19.072702672052571,-24.831165828852757,-12.618462182836454
2,1,Fz,SELECTED,0.3203125,-19.159477857917754,-25.058916097568666,-12.570552078421763
2,1,Fz,SELECTED,0.32421875,-19.221730433624113,-25.193852905976517,-12.59994052287796
2,1,Fz,SELECTED,0.328125,-19.23404426547652,-25.290167445421574,-12.564387557776431
2,1,Fz,SELECTED,0.33203125,-19.19720795506915,-25.308618985271409,-12.405464667637428
2,1,Fz,SELECTED,0.3359375,-19.131949836325177,-25.291440620444479,-12.145101739678607
2,1,Fz,SELECTED,0.33984375,-19.069183335549106,-25.275136812308208,-11.87428485492828
2,1,Fz,SELECTED,0.34375,-19.043046224424643,-25.41640352962467,-11.720191622661549
2,1,Fz,SELECTED,0.34765625,-19.086432239801614,-25.570519101316613,-11.700768691031458
2,1,Fz,SELECTED,0.3515625,-19.22674839626826,-25.750941858811252,-11.913404791653464
2,1,Fz,SELECTED,0.35546875,-19.481811402606461,-25.965071722301449,-12.30063406040329
2,1,Fz,SELECTED,0.359375,-19.856941713789311,-26.194526422866453,-12.811225003846042
2,1,Fz,SELECTED,0.36328125,-20.343503607740391,-26.382142485289062,-13.517444150534823
2,1,Fz,SELECTED,0.3671875,-20.919157908151245,-26.785677873495864,-14.158329889888794
2,1,Fz,SELECTED,0.37109375,-21.551316071765598,-27.322935992684698,-14.969489630676971
2,1,Fz,SELECTED,0.375,-22.20500429307365,-27.883772380654865,-15.661851128232449
2,1,Fz,SELECTED,0.37890625,-22.853282567706117,-28.444077998597074,-16.472454902830449
2,1,Fz,SELECTED,0.3828125,-23.484984950506327,-28.967398259931006,-17.007038311376441
2,1,Fz,SELECTED,0.38671875,-24.104629246066075,-29.475051138776887,-17.657647070985583
2,1,Fz,SELECTED,0.390625,-24.723866371668148,-30.099397921964592,-18.191578536781439
2,1,Fz,SELECTED,0.39453125,-25.349542536324286,-30.808971772706688,-18.741765735878108
2,1,Fz,SELECTED,0.3984375,-25.975698556203781,-31.497161251630196,-19.266727941421316
2,1,Fz,SELECTED,0.40234375,-26.58388020833128,-32.281525123719639,-19.781076332608961
2,1,Fz,SELECTED,0.40625,-27.15048462989218,-33.075227632421843,-20.151055714747542
2,1,Fz,SELECTED,0.41015625,-27.655852893566824,-33.701514830777164,-20.47375844392759
2,1,Fz,SELECTED,0.4140625,-28.090024021119696,-34.26666478425355,-20.762908452925096
2,1,Fz,SELECTED,0.41796875,-28.453386541542432,-34.767709196076325,-21.042861422608169
2,1,Fz,SELECTED,0.421875,-28.75323930231859,-35.156310713301657,-21.427471468517016
2,1,Fz,SELECTED,0.42578125,-28.997501229995542,-35.429513501128874,-21.852575128471848
2,1,Fz,SELECTED,0.4296875,-29.186933080430766,-35.587251682391056,-22.158673606155858
2,1,Fz,SELECTED,0.43359375,-29.309845723591767,-35.733374483912975,-22.168358870890323
2,1,Fz,SELECTED,0.4375,-29.345154121382716,-35.624422915582166,-22.175185737152166
2,1,Fz,SELECTED,0.44140625,-29.275446447981555,-35.598725170969161,-22.13164225671358
2,1,Fz,SELECTED,0.4453125,-29.103188881836331,-35.570258935225766,-21.947328728620676
2,1,Fz,SELECTED,0.44921875,-28.858774250959105,-35.439397639475182,-21.691701706521133
2,1,Fz,SELECTED,0.453125,-28.593949919638423,-35.264366843344945,-21.398914655640304
2,1,Fz,SELECTED,0.45703125,-28.363909763388534,-35.148981607338349,-21.135999317667217
2,1,Fz,SELECTED,0.4609375,-28.207372322651587,-35.087847650883738,-20.893614657706891
2,1,Fz,SELECTED,0.46484375,-28.132644023303353,-34.985205201738857,-20.86340100435368
2,1,Fz,SELECTED,0.46875,-28.112991183443455,-34.766973246224239,-20.790914276854046
2,1,Fz,SELECTED,0.47265625,-28.091854779384718,-34.835697099563994,-20.775343620860244
2,1,Fz,SELECTED,0.4765625,-27.997645316392969,-34.731189289226229,-20.694770033262252
2,1,Fz,SELECTED,0.48046875,-27.765804073481043,-34.52019301479708,-20.547131986354259
2,1,Fz,SELECTED,0.484375,-27.361556471258567,-34.017791686942658,-20.210022310982414
2,1,Fz,SELECTED,0.48828125,-26.793310277869377,-33.57992196852377,-19.654442836861421
2,1,Fz,SELECTED,0.4921875,-26.108084130461187,-33.166393720036666,-19.043568178523856
2,1,Fz,SELECTED,0.49609375,-25.368203425402509,-32.638512191261739,-18.092296243952031
2,1,Fz,SELECTED,0.5,-24.619457335827679,-31.901742703729141,-17.213001480014483
2,1,Fz,SELECTED,0.50390625,-23.867588398740526,-31.345093905832595,-16.484993024575484
2,1,Fz,SELECTED,0.5078125,-23.075889291469782,-30.441838491828868,-15.508314323689241
2,1,Fz,SELECTED,0.51171875,-22.183365700064069,-29.742870780930591,-14.430244556716698
2,1,Fz,SELECTED,0.515625,-21.130821555176556,-29.075512418938182,-12.953850474305963
2,1,Fz,SELECTED,0.51953125,-19.880455003548359,-28.005075342107908,-11.284284301989103
2,1,Fz,SELECTED,0.5234375,-18.421763705692946,-27.138885637941158,-9.5887276723754944
2,1,Fz,SELECTED,0.52734375,-16.765061271794725,-25.730876134557395,-7.8906950376425602
2,1,Fz,SELECTED,0.53125,-14.928883618586159,-24.075715572672792,-5.9696257144519755
2,1,Fz,SELECTED,0.53515625,-12.928664735908812,-22.445717042088525,-3.8575789361076049
2,1,Fz,SELECTED,0.5390625,-10.772195648969571,-20.535960228560636,-1.592035954175113
2,1,Fz,SELECTED,0.54296875,-8.463579589369985,-18.233592996821997,0.90878900920590011
2,1,Fz,SELECTED,0.546875,-6.0131514953563876,-15.747354177647111,3.4453602531350556
2,1,Fz,SELECTED,0.55078125,-3.4477920463966893,-13.168064682309673,5.996804405343795
2,1,Fz,SELECTED,0.5546875,-0.81529856396357892,-10.551418024541322,8.6836761757824164
2,1,Fz,SELECTED,0.55859375,1.8216615297947678,-7.9354598884477117,11.318910553020462
2,1,Fz,SELECTED,0.5625,4.4015515824378815,-5.1477252277123497,13.723984511846837
2,1,Fz,SELECTED,0.56640625,6.8823524754979539,-2.1944832563200616,16.058907554300053
2,1,Fz,SELECTED,0.5703125,9.2508838730942564,0.58341157401429433,18.350189591860968
2,1,Fz,SELECTED,0.57421875,11.516959828195834,2.8717969951497508,20.829626836031611
2,1,Fz,SELECTED,0.578125,13.697900606183897,4.819618789633191,23.317499260778291
2,1,Fz,SELECTED,0.58203125,15.80553889772767,7.2650107896413187,25.744702282754343
2,1,Fz,SELECTED,0.5859375,17.843205051968987,9.226255563085747,28.273290068025339
2,1,Fz,SELECTED,0.58984375,19.810474622239035,11.008963415898702,30.368848099130808
2,1,Fz,SELECTED,0.59375,21.708740949138019,12.71286718953516,32.475331018733449
2,1,Fz,SELECTED,0.59765625,23.542932183604307,14.677831515961275,34.539274783234582
2,1,Fz,SELECTED,0.6015625,25.318927226851766,16.372101858947005,36.350813718654159
2,1,Fz,SELECTED,0.60546875,27.039196162527034,18.165783457553211,38.297909620955302
2,1,Fz,SELECTED,0.609375,28.700514212797657,19.706282347543102,40.214237068002234
2,1,Fz,SELECTED,0.61328125,30.296008807718863,21.187565302182357,41.97847997004915
2,1,Fz,SELECTED,0.6171875,31.819734288209624,22.86505225890971,43.652528527655285
2,1,Fz,SELECTED,0.62109375,33.269971284313741,24.39710877786878,45.28606096909779
2,1,Fz,SELECTED,0.625,34.649928314871524,25.699918911321866,46.747423605140796
2,1,Fz,SELECTED,0.62890625,35.967460810701027,27.020926494915731,48.109005583427724
2,1,Fz,SELECTED,0.6328125,37.234641925733882,28.157620608259776,49.478928952259636
2,1,Fz,SELECTED,0.63671875,38.465632971650095,29.056200663892295,50.840128391766612
2,1,Fz,SELECTED,0.640625,39.672117065453129,29.815336495262315,52.164246505745304
2,1,Fz,SELECTED,0.64453125,40.859185600407059,30.506473075451598,53.505670786958412
2,1,Fz,SELECTED,0.6484375,42.025299446652475,31.334015924117345,54.670955762030111
2,1,Fz,SELECTED,0.65234375,43.165641676134193,32.13248999369398,55.881739370482357
2,1,Fz,SELECTED,0.65625,44.274476399420188,32.866248430036528,57.42879692503174
2,1,Fz,SELECTED,0.66015625,45.344056032311947,33.796992271310963,58.492263635294762
2,1,Fz,SELECTED,0.6640625,46.361968161643794,34.603917578895768,59.321995049819485
2,1,Fz,SELECTED,0.66796875,47.309872953212114,35.426782410350292,60.029716919327974
2,1,Fz,SELECTED,0.671875,48.164715622349348,36.395984724407775,60.737091243202279
2,1,Fz,SELECTED,0.67578125,48.902593244619027,37.427826046479588,61.04624791362739
2,1,Fz,SELECTED,0.6796875,49.505617074372935,38.087970267011116,61.667987248727847
2,1,Fz,SELECTED,0.68359375,49.970503510245273,38.56390228209888,62.052141457430309
2,1,Fz,SELECTED,0.6875,50.314642434792987,38.859668511994698,62.166382396910052
2,1,Fz,SELECTED,0.69140625,50.574831022126602,39.014891069282811,62.320518050994124
2,1,Fz,SELECTED,0.6953125,50.797208346146789,39.326411844643765,62.536637760439675
2,1,Fz,SELECTED,0.69921875,51.021628901308674,39.687947790527716,62.693564911752041
2,1,Fz,SELECTED,0.703125,51.267134835281965,40.058201618612649,62.723480996411013
2,1,Fz,SELECTED,0.70703125,51.526130975714537,40.438955818749072,62.737682225352607
2,1,Fz,SELECTED,0.7109375,51.771635114821748,40.9275714089462,62.788654532840532
2,1,Fz,SELECTED,0.71484375,51.974275244519639,41.396754753796586,62.805514327476899
2,1,Fz,SELECTED,0.71875,52.118663894676949,41.703038766686348,62.780627105823534
2,1,Fz,SELECTED,0.72265625,52.209316506961486,41.942125767812598,62.708985669400164
2,1,Fz,SELECTED,0.7265625,52.264303965899259,42.186570594187202,62.563116075562647
2,1,Fz,SELECTED,0.73046875,52.30257358520798,42.485593824715494,62.29207974512466
2,1,Fz,SELECTED,0.734375,52.332118583330129,42.843030339502789,61.837224276284822
2,1,Fz,SELECTED,0.73828125,52.342685963335256,43.239405476872371,61.453413730016422
2,1,Fz,SELECTED,0.7421875,52.30424369903691,43.526956518770227,61.001871086810645
2,1,Fz,SELECTED,0.74609375,52.172756305757517,43.664392074506239,60.550301765308738
2,1,Fz,SELECTED,0.75,51.904143213911532,43.785492895262379,59.925462596800131
2,1,Fz,SELECTED,0.75390625,51.472814375976448,43.683113802901666,59.303368898655911
2,1,Fz,SELECTED,0.7578125,50.886431039722396,43.358827860028754,58.572854572796068
2,1,Fz,SELECTED,0.76171875,50.189003321614059,42.705904569832605,57.891155793707085
2,1,Fz,SELECTED,0.765625,49.450167057984707,41.758361972518664,57.107207010711818
2,1,Fz,SELECTED,0.76953125,48.745262022496988,40.772046987772114,56.27315754583335
2,1,Fz,SELECTED,0.7734375,48.135204575938523,40.245817470430723,55.566492059311763
2,1,Fz,SELECTED,0.77734375,47.654638147750106,39.72418560558534,55.099862015428165
2,1,Fz,SELECTED,0.78125,47.31075848499394,39.466971998470974,54.527114170213935
2,1,Fz,SELECTED,0.78515625,47.088211953519263,39.433963917380773,53.890507347942538
2,1,Fz,SELECTED,0.7890625,46.954282095875016,39.485447706309195,53.515058629563818
2,1,Fz,SELECTED,0.79296875,46.863318286353298,39.454068598471878,53.413067635574009
2,1,Fz,SELECTED,0.796875,46.763110259381271,39.686523392075841,53.101529227718558
2,1,F3,SELECTED,-0.19921875,-4.251814815106763,-11.883839565208737,2.5411475155799392
2,1,F3,SELECTED,-0.1953125,-4.0149173432147096,-11.190370649785431,2.5055664384783718
2,1,F3,SELECTED,-0.19140625,-3.7840974326481516,-10.519401044980855,2.3305804535914096
2,1,F3,SELECTED,-0.1875,-3.5568531981400824,-9.8346742594120844,2.1449659353537327
2,1,F3,SELECTED,-0.18359375,-3.3346677645510985,-9.1701205839401361,2.0201611373816055
2,1,F3,SELECTED,-0.1796875,-3.1172612038650054,-8.5648724232549078,1.9368220105974636
2,1,F3,SELECTED,-0.17578125,-2.8955678370375559,-7.9996396559474707,1.7899756305273882
2,1,F3,SELECTED,-0.171875,-2.6510172437049824,-7.479484934260757,1.6508885264695035
2,1,F3,SELECTED,-0.16796875,-2.3644721980612835,-6.7720930449293046,1.6438259639250272
2,1,F3,SELECTED,-0.1640625,-2.0296054684308582,-6.0566337941554949,1.6575020239772407
2,1,F3,SELECTED,-0.16015625,-1.6605916230476321,-5.3300188550236332,1.7514174195242298
2,1,F3,SELECTED,-0.15625,-1.2882819969703747,-4.6342680056973657,1.7899929278848368
2,1,F3,SELECTED,-0.15234375,-0.94854904965440445,-3.976141400259086,1.7978779201623296
2,1,F3,SELECTED,-0.1484375,-0.67109959414923381,-3.4839939695384428,1.7667662688154748
2,1,F3,SELECTED,-0.14453125,-0.4731424839185292,-3.0265463682567355,1.6825150415145316
2,1,F3,SELECTED,-0.140625,-0.35686693313454376,-2.5811633876397493,1.5160496613880741
2,1,F3,SELECTED,-0.13671875,-0.30918147970087317,-2.3462410410954635,1.3043196346138057
2,1,F3,SELECTED,-0.1328125,-0.30452705141137848,-2.1067944851119083,1.1315979670881167
2,1,F3,SELECTED,-0.12890625,-0.31188463531128618,-1.8676148094845826,1.0776393953841961
2,1,F3,SELECTED,-0.125,-0.30453439081283079,-1.7245843750948071,1.0595911264475304
2,1,F3,SELECTED,-0.12109375,-0.26874978228836111,-1.5892650426302035,1.1174767021292578
2,1,F3,SELECTED,-0.1171875,-0.20786377148067772,-1.4952298029906328,1.1770638840519776
2,1,F3,SELECTED,-0.11328125,-0.14014394854717507,-1.4126425422077609,1.2557165791205771
2,1,F3,SELECTED,-0.109375,-0.091113682048420477,-1.3842051636505743,1.3943493899479544
2,1,F3,SELECTED,-0.10546875,-0.083323649953920276,-1.5327773148422386,1.4560426569761549
2,1,F3,SELECTED,-0.1015625,-0.12808139921085071,-1.740791242557753,1.5486134840681267
2,1,F3,SELECTED,-0.09765625,-0.22228416645979182,-1.9435411462130505,1.5744899591759882
2,1,F3,SELECTED,-0.09375,-0.35015614758092223,-2.2131829772812806,1.5879478817668939
2,1,F3,SELECTED,-0.08984375,-0.48776586075976858,-2.4688068942057817,1.5025042051798601
2,1,F3,SELECTED,-0.0859375,-0.60903056769001152,-2.6597147116490598,1.6183500145717327
2,1,F3,SELECTED,-0.08203125,-0.69289630912932842,-2.8038503615144896,1.8757002011833757
2,1,F3,SELECTED,-0.078125,-0.72953341131738858,-2.904125169290142,1.9932087524530377
2,1,F3,SELECTED,-0.07421875,-0.72058475108545028,-2.9465476601368858,2.1575177981703026
2,1,F3,SELECTED,-0.0703125,-0.67052984515552772,-3.0362135295581361,2.3228910925510773
2,1,F3,SELECTED,-0.06640625,-0.57416869820618954,-3.0748374648017314,2.6680270401343122
2,1,F3,SELECTED,-0.0625,-0.41103200186404298,-3.1507300379088674,3.0454880925640486
2,1,F3,SELECTED,-0.05859375,-0.15316257596169186,-3.0535172397520021,3.4830795292437982
2,1,F3,SELECTED,-0.0546875,0.21843735596177649,-2.8398540576143296,3.9629640492823763
2,1,F3,SELECTED,-0.05078125,0.70035660906125718,-2.5732502123251888,4.5622854503203634
2,1,F3,SELECTED,-0.046875,1.2652136946582759,-2.1479356604522035,5.2900013125056784
2,1,F3,SELECTED,-0.04296875,1.8719733512906345,-1.5278196922764389,5.9224881948520771
2,1,F3,SELECTED,-0.0390625,2.4800999325620969,-1.0332273758597423,6.7038163070178429
2,1,F3,SELECTED,-0.03515625,3.0580289484885248,-0.69312794636779307,7.4917805307448013
2,1,F3,SELECTED,-0.03125,3.5825020178488503,-0.65831235794028742,8.2973116876026758
2,1,F3,SELECTED,-0.02734375,4.0332812625031771,-0.43198283674434013,9.0052602448686461
2,1,F3,SELECTED,-0.0234375,4.3904484590848449,-0.28463937651656285,9.6087100258681133
2,1,F3,SELECTED,-0.01953125,4.6377066895213028,-0.12066977875486326,10.034823155732191
2,1,F3,SELECTED,-0.015625,4.7693243565912979,-0.024613128729178924,10.260916093381388
2,1,F3,SELECTED,-0.01171875,4.7950783072001011,-0.14926678465209658,10.393801916933141
2,1,F3,SELECTED,-0.0078125,4.7385381524994088,-0.30618339127807676,10.360853304019358
2,1,F3,SELECTED,-0.00390625,4.6283651743395895,-0.44091470097470398,10.237698175946342
2,1,F3,SELECTED,0,4.4869401243572522,-0.58221048101812556,10.15576195581529
2,1,F3,SELECTED,0.00390625,4.3224715715611088,-0.80757268953098438,10.055189134457843
2,1,F3,SELECTED,0.0078125,4.1287281403458431,-1.1489374487750981,9.9675607642044692
2,1,F3,SELECTED,0.01171875,3.8922242091696764,-1.6008841199601422,9.9449347244586814
2,1,F3,SELECTED,0.015625,3.6029744090620319,-2.065284863757368,9.69792055167032
2,1,F3,SELECTED,0.01953125,3.263645263052573,-2.36012546606691,9.3970847612201869
2,1,F3,SELECTED,0.0234375,2.8927064136635248,-2.7516903621699105,9.2583519673722101
2,1,F3,SELECTED,0.02734375,2.5190795618719872,-3.104660893552496,9.0504192927505365
2,1,F3,SELECTED,0.03125,2.1690671319315666,-3.4698153580981339,8.7837175691975524
2,1,F3,SELECTED,0.03515625,1.8515163110082957,-3.8363636526075986,8.5719115274554802
2,1,F3,SELECTED,0.0390625,1.551396124156172,-4.2448244271907756,8.4425777284693613
2,1,F3,SELECTED,0.04296875,1.2389745172689344,-4.6834835340674132,8.2329124937011624
2,1,F3,SELECTED,0.046875,0.89039696379284139,-5.2295320476478304,8.072680694565685
2,1,F3,SELECTED,0.05078125,0.50536840582006004,-5.8586768493125101,7.9312097649142412
2,1,F3,SELECTED,0.0546875,0.10924175951539224,-6.4602775494421216,7.7959469304031863
2,1,F3,SELECTED,0.05859375,-0.26154781667286658,-6.9772984053793552,7.6366174460509031
2,1,F3,SELECTED,0.0625,-0.58037351623062383,-7.4224552690711292,7.4423348375604741
2,1,F3,SELECTED,0.06640625,-0.84370962165907526,-7.7800573736902248,7.2092219241683875
2,1,F3,SELECTED,0.0703125,-1.068292221204326,-8.1574998686810769,7.0438615702250473
2,1,F3,SELECTED,0.07421875,-1.2744592117404447,-8.4154621945929726,6.9168527651707841
2,1,F3,SELECTED,0.078125,-1.4675283548391092,-8.5683138778123116,6.7511261823271891
2,1,F3,SELECTED,0.08203125,-1.6308891458432275,-8.7836512410235699,6.6057621516217493
2,1,F3,SELECTED,0.0859375,-1.7370647966887292,-8.9081670530983796,6.5168893960269889
2,1,F3,SELECTED,0.08984375,-1.7706325154877485,-8.8081767066080978,6.4340633735497894
2,1,F3,SELECTED,0.09375,-1.7472700330437827,-8.7026453100245984,6.5418057612894867
2,1,F3,SELECTED,0.09765625,-1.7137819715848315,-8.6327927059742002,6.6641936860623963
2,1,F3,SELECTED,0.1015625,-1.7259584120139098,-8.6904285526667788,6.5956568451096809
2,1,F3,SELECTED,0.10546875,-1.8161531385797147,-8.8088078837029915,6.5289287602728772
2,1,F3,SELECTED,0.109375,-1.9699006621365074,-9.1342357852838099,6.4886052736352831
2,1,F3,SELECTED,0.11328125,-2.1273939681952205,-9.4150725478469042,6.4801888880450385
2,1,F3,SELECTED,0.1171875,-2.2134915468286986,-9.6076242524014628,6.7481266854480157
2,1,F3,SELECTED,0.12109375,-2.1825936258533654,-9.7643612347361834,7.054793007569911
2,1,F3,SELECTED,0.125,-2.0511670634998027,-9.6652616209812674,7.5431952821548682
2,1,F3,SELECTED,0.12890625,-1.8943382233682537,-9.8068720161363139,7.8799911886420766
2,1,F3,SELECTED,0.1328125,-1.8061800932790928,-10.048162364249807,8.1371163726796034
2,1,F3,SELECTED,0.13671875,-1.8489251828717659,-10.243605221577504,8.1769532490699852
2,1,F3,SELECTED,0.140625,-2.0230341837494246,-10.511076429124799,8.1476246887753234
2,1,F3,SELECTED,0.14453125,-2.2736724964862352,-10.778001029711861,8.0713396353572779
2,1,F3,SELECTED,0.1484375,-2.5247156749004063,-11.046009563668457,7.9094199373049463
2,1,F3,SELECTED,0.15234375,-2.7169454848348606,-11.246020676594126,7.8012871431579081
2,1,F3,SELECTED,0.15625,-2.8293768052714516,-11.480521678086093,7.7846485656211968
2,1,F3,SELECTED,0.16015625,-2.8767629306837281,-11.684137231559127,7.83547374662104
2,1,F3,SELECTED,0.1640625,-2.8922291591140454,-11.788237981468182,7.9170766264271784
2,1,F3,SELECTED,0.16796875,-2.9111226462191881,-11.858254758863394,7.9192278392499924
2,1,F3,SELECTED,0.171875,-2.9651449597122057,-11.961778149388753,7.8312918341688125
2,1,F3,SELECTED,0.17578125,-3.0818879182196954,-12.083315024138562,7.7401974698487219
2,1,F3,SELECTED,0.1796875,-3.2797315662539099,-12.330791607639371,7.6108249899786795
2,1,F3,SELECTED,0.18359375,-3.557302495461157,-12.575283748735115,7.4165975226480203
2,1,F3,SELECTED,0.1875,-3.8876125977500586,-12.846780126639823,7.1607504749232014
2,1,F3,SELECTED,0.19140625,-4.2254693178154357,-13.224696866599736,6.8602058449653676
2,1,F3,SELECTED,0.1953125,-4.5252297764952605,-13.540725286315547,6.5391492335851247
2,1,F3,SELECTED,0.19921875,-4.7579137312784541,-13.763486712772201,6.2206995998599384
2,1,F3,SELECTED,0.203125,-4.9189018504403377,-13.851804878820049,5.9207113356048637
2,1,F3,SELECTED,0.20703125,-5.0247767904966345,-13.8463830386201,5.7655956428161721
2,1,F3,SELECTED,0.2109375,-5.102871750705865,-13.82155042892272,5.6863075024907763
2,1,F3,SELECTED,0.21484375,-5.1783794669355707,-13.848335189906821,5.6358697942901133
2,1,F3,SELECTED,0.21875,-5.2636845923375448,-13.956703730369007,5.6171979694014595
2,1,F3,SELECTED,0.22265625,-5.3537051978293073,-14.072789259560155,5.6402221368088572
2,1,F3,SELECTED,0.2265625,-5.4291460527606485,-14.2285261971436,5.7050203443062317
2,1,F3,SELECTED,0.23046875,-5.4668886297073298,-14.400164845949542,5.7185983351724481
2,1,F3,SELECTED,0.234375,-5.4533422073501709,-14.485716936884074,5.8199764063546198
2,1,F3,SELECTED,0.23828125,-5.3934209815849403,-14.546980173398627,5.9905907756421106
2,1,F3,SELECTED,0.2421875,-5.3086102589743307,-14.607166764824111,6.1798384982442958
2,1,F3,SELECTED,0.24609375,-5.2248099100659857,-14.736091641755118,6.3878399960150274
2,1,F3,SELECTED,0.25,-5.1592194380341265,-14.912068550080226,6.5919112036099881
2,1,F3,SELECTED,0.25390625,-5.1159789865089884,-15.01818340270356,6.7802609758346959
2,1,F3,SELECTED,0.2578125,-5.090839885216119,-15.164190184571359,7.0486546188712911
2,1,F3,SELECTED,0.26171875,-5.0765599781409003,-15.33538189718441,7.3361835410005503
2,1,F3,SELECTED,0.265625,-5.063423071806108,-15.340040072438724,7.6182764256634812
2,1,F3,SELECTED,0.26953125,-5.0384509711082037,-15.396819916359307,7.8888268631243861
2,1,F3,SELECTED,0.2734375,-4.988978068636043,-15.476920554811551,8.1450817103771449
2,1,F3,SELECTED,0.27734375,-4.9089173786808074,-15.604399601197565,8.3894718622802618
2,1,F3,SELECTED,0.28125,-4.8007401330918285,-15.652915913300006,8.6249564087265096
2,1,F3,SELECTED,0.28515625,-4.6705941486318032,-15.585345656201515,8.8574495779161442
2,1,F3,SELECTED,0.2890625,-4.5219037119808076,-15.67634884477593,9.098961719922924
2,1,F3,SELECTED,0.29296875,-4.3544607720195634,-15.735350596238835,9.147005023181821
2,1,F3,SELECTED,0.296875,-4.1703350552129512,-15.574734110626283,9.1392791367725632
2,1,F3,SELECTED,0.30078125,-3.9809540472248184,-15.407914298473511,9.2243630981638916
2,1,F3,SELECTED,0.3046875,-3.8074540798183936,-15.22760418437027,9.4236911570523159
2,1,F3,SELECTED,0.30859375,-3.6714645251268578,-15.251803974318122,9.6212672354527484
2,1,F3,SELECTED,0.3125,-3.5824399787499219,-15.178872410825129,9.8089799930756598
2,1,F3,SELECTED,0.31640625,-3.5317107601642408,-15.128030693694631,9.9977302950560354
2,1,F3,SELECTED,0.3203125,-3.4976776046732874,-15.103925258987649,10.200248291659568
2,1,F3,SELECTED,0.32421875,-3.4570091556418561,-15.142920944527228,10.392706161482137
2,1,F3,SELECTED,0.328125,-3.3932860655013091,-15.158733078331679,10.565517403442659
2,1,F3,SELECTED,0.33203125,-3.2996921423715939,-15.144577958896162,10.739006430812399
2,1,F3,SELECTED,0.3359375,-3.1790218384301694,-15.104053114288625,10.89821136001466
2,1,F3,SELECTED,0.33984375,-3.0447028366654729,-15.04970183257552,11.054723280505911
2,1,F3,SELECTED,0.34375,-2.9215560600238404,-15.000411732751338,11.225199766642742
2,1,F3,SELECTED,0.34765625,-2.8422076961927289,-14.836876986145004,11.34245506083303
2,1,F3,SELECTED,0.3515625,-2.8381740419873078,-14.675700909358362,11.395478044573844
2,1,F3,SELECTED,0.35546875,-2.9295755827007106,-14.663229106761664,11.388293991592798
2,1,F3,SELECTED,0.359375,-3.1188955198201489,-14.759667804594224,11.316033436589217
2,1,F3,SELECTED,0.36328125,-3.3915611554822744,-14.978236943273588,11.098083516985445
2,1,F3,SELECTED,0.3671875,-3.7224002730500683,-15.309471539760708,10.801665001849756
2,1,F3,SELECTED,0.37109375,-4.084935532983879,-15.666646186793292,10.547546425783866
2,1,F3,SELECTED,0.375,-4.4602998371616875,-16.291055403378305,10.371520271377291
2,1,F3,SELECTED,0.37890625,-4.8428252693919926,-16.777107949247554,10.159721882021296
2,1,F3,SELECTED,0.3828125,-5.2394746511236789,-17.27312141609578,9.8023589234739639
2,1,F3,SELECTED,0.38671875,-5.6619128170104283,-17.783181018658205,9.4242278003045392
2,1,F3,SELECTED,0.390625,-6.1144713258281644,-18.357327545761287,9.0416259447342942
2,1,F3,SELECTED,0.39453125,-6.5856202955647056,-18.87579267467612,8.669941197983734
2,1,F3,SELECTED,0.3984375,-7.0495072862230286,-19.387289105339331,8.3734502143062102
2,1,F3,SELECTED,0.40234375,-7.4769506181855991,-19.833769282677082,8.0464293292877915
2,1,F3,SELECTED,0.40625,-7.8480697738143883,-20.218527837430251,7.7133912950937855
2,1,F3,SELECTED,0.41015625,-8.1580522379973495,-20.535290365474747,7.3959369051921673
2,1,F3,SELECTED,0.4140625,-8.4137566638365637,-20.794367155110866,7.0955293682050113
2,1,F3,SELECTED,0.41796875,-8.6259782293246197,-21.051095613623559,6.9197449350057063
2,1,F3,SELECTED,0.421875,-8.80350825340612,-21.270775758915988,6.7982386851813574
2,1,F3,SELECTED,0.42578125,-8.9501525509299853,-21.462862763502933,6.7238270335058834
2,1,F3,SELECTED,0.4296875,-9.0617728064694347,-21.707717709763831,6.6350425260177541
2,1,F3,SELECTED,0.43359375,-9.1230194244544034,-22.016454184221356,6.700057665743298
2,1,F3,SELECTED,0.4375,-9.1087250481999504,-22.072904644394647,6.8795793890487555
2,1,F3,SELECTED,0.44140625,-8.9941945233796563,-22.070956304889034,7.0982500851458221
2,1,F3,SELECTED,0.4453125,-8.7706837799353519,-22.04676314793695,7.3551740881480505
2,1,F3,SELECTED,0.44921875,-8.4557384274757563,-21.690631696238984,7.5617666138867472
2,1,F3,SELECTED,0.453125,-8.0904469510137993,-21.297751779104157,7.8156855758474215
2,1,F3,SELECTED,0.45703125,-7.7248274313005938,-20.887776096286565,8.0982059589003956
2,1,F3,SELECTED,0.4609375,-7.3995931104448465,-20.704164176545405,8.3917208577737732
2,1,F3,SELECTED,0.46484375,-7.1322000966062289,-20.567443162311495,8.6756665059071452
2,1,F3,SELECTED,0.46875,-6.9106644835002502,-20.254368514803005,8.937661352408302
2,1,F3,SELECTED,0.47265625,-6.6959973586458625,-19.69576854679136,9.1845291863964871
2,1,F3,SELECTED,0.4765625,-6.4335991294315509,-19.688893164553782,9.6370443229563367
2,1,F3,SELECTED,0.48046875,-6.0717838460971523,-19.395569704638952,10.322677377857552
2,1,F3,SELECTED,0.484375,-5.5810511137154757,-19.031520570159373,10.913374392127229
2,1,F3,SELECTED,0.48828125,-4.9646625618649916,-18.613812769759036,11.276826107130304
2,1,F3,SELECTED,0.4921875,-4.2534485159111872,-18.112378778258119,11.816489935613486
2,1,F3,SELECTED,0.49609375,-3.4858901156933109,-17.585572771001388,12.515692228140066
2,1,F3,SELECTED,0.5,-2.6842621065412371,-17.132356830182399,13.32867637516752
2,1,F3,SELECTED,0.50390625,-1.8417273865477883,-16.811207360406744,14.290743586913541
2,1,F3,SELECTED,0.5078125,-0.9283291162719447,-16.513567918244831,15.298879744253442
2,1,F3,SELECTED,0.51171875,0.090375560814270922,-16.148628972038736,16.448169225254912
2,1,F3,SELECTED,0.515625,1.2370941527430865,-15.583412261685794,17.826029432842063
2,1,F3,SELECTED,0.51953125,2.5192431442576506,-14.443929642770337,19.457679498663467
2,1,F3,SELECTED,0.5234375,3.9362120607700199,-12.915731247160107,21.27307732562624
2,1,F3,SELECTED,0.52734375,5.4885015795429846,-11.591535292739966,23.282245548234602
2,1,F3,SELECTED,0.53125,7.1817819329748467,-10.112545785679451,25.47259784347235
2,1,F3,SELECTED,0.53515625,9.0247637514748469,-8.4592971454013295,27.683232309856017
2,1,F3,SELECTED,0.5390625,11.023526341919396,-6.6242744531916751,29.936334584977903
2,1,F3,SELECTED,0.54296875,13.175285956480094,-4.6947310665070043,32.281341654103556
2,1,F3,SELECTED,0.546875,15.463564058358699,-2.5822541577733364,34.534309480284662
2,1,F3,SELECTED,0.55078125,17.856131792330206,-0.30262968155374853,37.083078079789018
2,1,F3,SELECTED,0.5546875,20.306904003195115,2.1385944288068246,39.525604461188387
2,1,F3,SELECTED,0.55859375,22.762451714855242,4.3537889106977579,42.0584585703714
2,1,F3,SELECTED,0.5625,25.172269467335205,6.8853213007036116,44.794879880532655
2,1,F3,SELECTED,0.56640625,27.498864506153865,9.3657019766349165,47.44770469456212
2,1,F3,SELECTED,0.5703125,29.721665023826439,11.621321117755263,50.085208542844008
2,1,F3,SELECTED,0.57421875,31.832242552753261,13.91695925407287,52.747013044064737
2,1,F3,SELECTED,0.578125,33.825987855435542,16.100265868084708,55.47244548339804
2,1,F3,SELECTED,0.58203125,35.698524461269905,17.411167020582099,57.99092380809666
2,1,F3,SELECTED,0.5859375,37.449374444753374,18.457488202726061,60.092369786439967
2,1,F3,SELECTED,0.58984375,39.087454801662624,19.638953933218591,61.976237946785247
2,1,F3,SELECTED,0.59375,40.631673212137152,20.785930503991406,63.670004652532704
2,1,F3,SELECTED,0.59765625,42.104887908113362,21.745154288194833,65.294009159686922
2,1,F3,SELECTED,0.6015625,43.524409654951043,22.91468653636905,66.89106536678635
2,1,F3,SELECTED,0.60546875,44.894186894806666,24.558887611526053,68.346830073074727
2,1,F3,SELECTED,0.609375,46.203529334904303,26.196919523400638,69.690153849427361
2,1,F3,SELECTED,0.61328125,47.43394277400882,27.342864650953739,70.949580713622154
2,1,F3,SELECTED,0.6171875,48.569836340016238,28.235067371680227,72.149532884675736
2,1,F3,SELECTED,0.62109375,49.605981771028979,29.00800316869125,73.228903873716618
2,1,F3,SELECTED,0.625,50.548396537216824,29.706393667305449,74.17855877888104
2,1,F3,SELECTED,0.62890625,51.410884469954787,30.472562797035138,75.083232843008531
2,1,F3,SELECTED,0.6328125,52.210199903610089,31.10133341221955,75.957006450275927
2,1,F3,SELECTED,0.63671875,52.960460639843333,31.868825193911608,76.805462156899878
2,1,F3,SELECTED,0.640625,53.668111886276698,32.662900708842571,77.61520379305
2,1,F3,SELECTED,0.64453125,54.331669604481952,33.322203643081181,78.388992541368339
2,1,F3,SELECTED,0.6484375,54.948580387648221,33.799627063780122,79.085122801662138
2,1,F3,SELECTED,0.65234375,55.523880938702852,34.494292137854742,79.674024918685404
2,1,F3,SELECTED,0.65625,56.071422153415291,35.104211418961206,80.204920343098664
2,1,F3,SELECTED,0.66015625,56.605140764227258,35.60945676398746,80.654315613530201
2,1,F3,SELECTED,0.6640625,57.128053036960196,36.163201004773164,81.024211811280153
2,1,F3,SELECTED,0.66796875,57.62821521637882,36.78425834376511,81.316675632111568
2,1,F3,SELECTED,0.671875,58.083451351837581,37.423132842577203,81.43562426658184
2,1,F3,SELECTED,0.67578125,58.470228555946463,38.013762998620336,81.519685041818406
2,1,F3,SELECTED,0.6796875,58.771879735665763,38.525993562112696,81.555795461869266
2,1,F3,SELECTED,0.68359375,58.983726638436409,39.030741102245656,81.517044528556099
2,1,F3,SELECTED,0.6875,59.114272498518588,39.378958644678548,81.503594585372909
2,1,F3,SELECTED,0.69140625,59.182883928591913,39.540867862002692,81.526236719566185
2,1,F3,SELECTED,0.6953125,59.214795094684256,39.707309003098864,81.50794110804533
2,1,F3,SELECTED,0.69921875,59.233685186936057,39.834541822053517,81.400962561769532
2,1,F3,SELECTED,0.703125,59.253144799861111,40.016911052403763,81.270818160431617
2,1,F3,SELECTED,0.70703125,59.271368040857169,40.250464127201262,81.122754931823025
2,1,F3,SELECTED,0.7109375,59.273631846018695,40.505059128305042,81.054503775588458
2,1,F3,SELECTED,0.71484375,59.241817198076561,40.758148377460465,80.953859339819147
2,1,F3,SELECTED,0.71875,59.164096276602734,40.879962540720996,80.78379885975788
2,1,F3,SELECTED,0.72265625,59.037965209349743,41.117101126524631,80.590189302784665
2,1,F3,SELECTED,0.7265625,58.866379498057761,41.270610292821004,80.366729028199586
2,1,F3,SELECTED,0.73046875,58.652363523265123,41.23276610377583,79.982764988648057
2,1,F3,SELECTED,0.734375,58.396159678796408,40.876742405562688,79.502525911192237
2,1,F3,SELECTED,0.73828125,58.094120586836347,40.669485252388768,78.964017398788513
2,1,F3,SELECTED,0.7421875,57.73744117208134,40.512389425717799,78.364615415311022
2,1,F3,SELECTED,0.74609375,57.312196180096514,40.054594657265994,77.852301698843974
2,1,F3,SELECTED,0.75,56.803810580709957,39.29276689560507,77.286219566862059
2,1,F3,SELECTED,0.75390625,56.205355263683522,38.814163337928555,76.642145806912822
2,1,F3,SELECTED,0.7578125,55.524337927041337,38.450635016695443,75.800193957813462
2,1,F3,SELECTED,0.76171875,54.783325571480567,37.682376598497044,75.035732771791189
2,1,F3,SELECTED,0.765625,54.01497005652427,36.678863532053519,74.245967617854561
2,1,F3,SELECTED,0.76953125,53.255558202418946,35.727598581644969,73.440503976669575
2,1,F3,SELECTED,0.7734375,52.540085699437135,35.041904686693549,72.651379854492475
2,1,F3,SELECTED,0.77734375,51.898407706357666,34.360379474530937,71.906790510879702
2,1,F3,SELECTED,0.78125,51.350206447431766,33.781739379131992,71.17089852155496
2,1,F3,SELECTED,0.78515625,50.898561304210482,33.368406271506977,70.417580677630141
2,1,F3,SELECTED,0.7890625,50.525817517263661,33.007655734380656,69.878030945309888
2,1,F3,SELECTED,0.79296875,50.196385382656921,32.791442379077232,69.399425055050116
2,1,F3,SELECTED,0.796875,49.866916150514797,33.010792625074011,68.82167609186159
2,1,F4,SELECTED,-0.19921875,2.1470962526142277,-5.2973892886540757,9.0112026249044685
2,1,F4,SELECTED,-0.1953125,2.1691134189837609,-4.8794569752031087,8.4942251549947301
2,1,F4,SELECTED,-0.19140625,2.1645496461991391,-4.4750049941603569,7.9685815212077067
2,1,F4,SELECTED,-0.1875,2.1402173622734564,-4.0242915582156025,7.4716329466038784
2,1,F4,SELECTED,-0.18359375,2.1018163970194506,-3.6967498871518534,7.0193133332388813
2,1,F4,SELECTED,-0.1796875,2.054636215563038,-3.3787174370792905,6.6717631404939581
2,1,F4,SELECTED,-0.17578125,2.0060355165602441,-3.0316187795071352,6.4516626970160713
2,1,F4,SELECTED,-0.171875,1.9660423197155474,-2.7731980089151649,6.2469267741082852
2,1,F4,SELECTED,-0.16796875,1.9439417117973135,-2.5697759299270651,6.0372756249547148
2,1,F4,SELECTED,-0.1640625,1.9421524005469391,-2.2973240850669598,5.9013295781512234
2,1,F4,SELECTED,-0.16015625,1.9516771843005971,-1.9470647684397178,5.7268271050958077
2,1,F4,SELECTED,-0.15625,1.9535272420167746,-1.5933383424584535,5.4997054960430356
2,1,F4,SELECTED,-0.15234375,1.9269940021833301,-1.3857698819093265,5.2195917237460359
2,1,F4,SELECTED,-0.1484375,1.8605815165080142,-1.2104392043352439,4.887413423235194
2,1,F4,SELECTED,-0.14453125,1.7587104760632963,-1.0986885623821867,4.5875815455552926
2,1,F4,SELECTED,-0.140625,1.639679428782671,-0.97708743692207756,4.2630026466449156
2,1,F4,SELECTED,-0.13671875,1.5264846890924424,-0.84783307594981205,3.9293297642010532
2,1,F4,SELECTED,-0.1328125,1.4366468640393473,-0.63480184912243576,3.5275317749554911
2,1,F4,SELECTED,-0.12890625,1.3762035550225937,-0.37898155667540584,3.2245050744667347
2,1,F4,SELECTED,-0.125,1.3388257991218719,-0.34254320537060418,2.9619525895144889
2,1,F4,SELECTED,-0.12109375,1.3085740128372021,-0.2540612153335578,2.799901696809953
2,1,F4,SELECTED,-0.1171875,1.2648511583464135,-0.2323388593792311,2.5853711210643957
2,1,F4,SELECTED,-0.11328125,1.187953071397063,-0.27377338924259137,2.5494260453810433
2,1,F4,SELECTED,-0.109375,1.0628802635849957,-0.35909375014037653,2.4791098247975221
2,1,F4,SELECTED,-0.10546875,0.88004128540933602,-0.62194456673551757,2.3680185485832861
2,1,F4,SELECTED,-0.1015625,0.63444354568896355,-0.95749107267567357,2.2044368107570134
2,1,F4,SELECTED,-0.09765625,0.3267843902036241,-1.4096251594443587,2.1625333453418571
2,1,F4,SELECTED,-0.09375,-0.032369022834587792,-1.8712812217192933,2.0544442634452564
2,1,F4,SELECTED,-0.08984375,-0.41910685424766897,-2.377802936278107,1.8334594384637271
2,1,F4,SELECTED,-0.0859375,-0.79971587753497775,-2.8398623918057395,1.6595185737842046
2,1,F4,SELECTED,-0.08203125,-1.1434111607532744,-3.2824793813892117,1.4462378869179124
2,1,F4,SELECTED,-0.078125,-1.4378841272920213,-3.6379433006940363,1.1362991854359488
2,1,F4,SELECTED,-0.07421875,-1.695983429198372,-3.945070168215254,0.89078459487759165
2,1,F4,SELECTED,-0.0703125,-1.9460886874475316,-4.2192004962427436,0.73567449366001236
2,1,F4,SELECTED,-0.06640625,-2.2107864320400186,-4.6331021028686639,0.62887080335987
2,1,F4,SELECTED,-0.0625,-2.488255797286417,-5.3088811726204224,0.50023862480874748
2,1,F4,SELECTED,-0.05859375,-2.7488963538683628,-5.7487508480797285,0.57132827879669756
2,1,F4,SELECTED,-0.0546875,-2.9479126417564463,-6.1587246957825004,0.64202219502784563
2,1,F4,SELECTED,-0.05078125,-3.0440813403558078,-6.6763610416830996,0.78839745202126232
2,1,F4,SELECTED,-0.046875,-3.0139610780699808,-6.8346362184944525,1.0353070528117954
2,1,F4,SELECTED,-0.04296875,-2.8571809170339693,-6.6925450484258917,1.4850388454080128
2,1,F4,SELECTED,-0.0390625,-2.5946752570648295,-6.5276014548817649,1.8486349393261658
2,1,F4,SELECTED,-0.03515625,-2.2635404814894633,-6.4330685608479437,2.2447312338987824
2,1,F4,SELECTED,-0.03125,-1.9109432963239492,-6.2669298843721384,2.8790614778719394
2,1,F4,SELECTED,-0.02734375,-1.5880533515089938,-5.9428901108644023,3.6248846736592903
2,1,F4,SELECTED,-0.0234375,-1.3438803141974851,-5.9402829115527638,4.097012108947272
2,1,F4,SELECTED,-0.01953125,-1.2182571891417115,-6.1568662926446232,4.4444947176123755
2,1,F4,SELECTED,-0.015625,-1.2344203249979608,-6.4748624370443384,4.6238649749755227
2,1,F4,SELECTED,-0.01171875,-1.3941908804226453,-6.8906738157195839,4.6634806232567794
2,1,F4,SELECTED,-0.0078125,-1.6791248177315243,-7.4931646416624371,4.5475153378069217
2,1,F4,SELECTED,-0.00390625,-2.057740093273638,-8.1531432451992494,4.2649034587856862
2,1,F4,SELECTED,0,-2.4953038190151515,-8.7663742819760486,3.8883370396166139
2,1,F4,SELECTED,0.00390625,-2.9620861436416814,-9.302342969816026,3.4568247391788147
2,1,F4,SELECTED,0.0078125,-3.4380412829510973,-9.7795132024888183,3.0056996527716517
2,1,F4,SELECTED,0.01171875,-3.9138854873444742,-10.191395452088496,2.5362728514635728
2,1,F4,SELECTED,0.015625,-4.3892207400021137,-10.477915811516811,2.066964399562921
2,1,F4,SELECTED,0.01953125,-4.8686506230183726,-10.954445410689441,1.5309411105098529
2,1,F4,SELECTED,0.0234375,-5.3576526368910296,-11.411915333785835,1.112901290674283
2,1,F4,SELECTED,0.02734375,-5.8605572124178655,-11.948281659073583,0.71105966408721899
2,1,F4,SELECTED,0.03125,-6.3819188604500816,-12.636455136656776,0.34619374818172033
2,1,F4,SELECTED,0.03515625,-6.9294956612415666,-13.429456904569964,-0.1142264170775881
2,1,F4,SELECTED,0.0390625,-7.5140669787186312,-14.418824860808254,-0.49925305357478594
2,1,F4,SELECTED,0.04296875,-8.1425396896101656,-15.465485225696124,-0.86550192483840727
2,1,F4,SELECTED,0.046875,-8.8075858047474558,-16.519172963450789,-1.0788864916263143
2,1,F4,SELECTED,0.05078125,-9.4833501354210554,-17.516957628812154,-1.3877479360162452
2,1,F4,SELECTED,0.0546875,-10.134121630748806,-18.412244216451594,-1.6841348474757774
2,1,F4,SELECTED,0.05859375,-10.731953900569987,-19.151947509298378,-2.0839562409161023
2,1,F4,SELECTED,0.0625,-11.271110588014759,-19.85873082391123,-2.3547773048511678
2,1,F4,SELECTED,0.06640625,-11.770084461082169,-20.484677902827723,-2.5514875000474686
2,1,F4,SELECTED,0.0703125,-12.261334109689548,-20.993539745653443,-2.7959372809228751
2,1,F4,SELECTED,0.07421875,-12.775195308767943,-21.620442077093156,-3.0623272093466674
2,1,F4,SELECTED,0.078125,-13.32524261035652,-22.431175087129251,-3.2400653808029607
2,1,F4,SELECTED,0.08203125,-13.901407238462079,-23.471107204310776,-3.4020473501395951
2,1,F4,SELECTED,0.0859375,-14.475194550610622,-24.738263284211925,-3.565598424325096
2,1,F4,SELECTED,0.08984375,-15.015910643030058,-25.950175216534245,-3.7100731942169047
2,1,F4,SELECTED,0.09375,-15.509239448563616,-26.925698557192998,-3.8453315374715493
2,1,F4,SELECTED,0.09765625,-15.966142653376039,-27.692079454598538,-4.0708842735092352
2,1,F4,SELECTED,0.1015625,-16.415150328736292,-28.437591094940458,-4.2470785360996439
2,1,F4,SELECTED,0.10546875,-16.881526908511372,-29.216508049728567,-4.5098188343111447
2,1,F4,SELECTED,0.109375,-17.365197813966581,-30.046544916294202,-4.7483044231542433
2,1,F4,SELECTED,0.11328125,-17.830946340906014,-30.944044306427124,-4.8554778428019096
2,1,F4,SELECTED,0.1171875,-18.219120082374104,-31.806577233265813,-4.8716883640342949
2,1,F4,SELECTED,0.12109375,-18.475419349867369,-32.397490578505682,-4.806151806049809
2,1,F4,SELECTED,0.125,-18.588291708434383,-32.69886269519823,-4.5754338950179188
2,1,F4,SELECTED,0.12890625,-18.61680646128103,-32.840893620822065,-4.5045664079048464
2,1,F4,SELECTED,0.1328125,-18.693178885704981,-32.954036248207771,-4.4808861044625212
2,1,F4,SELECTED,0.13671875,-18.990283753408431,-33.435858929357551,-4.6204206867695561
2,1,F4,SELECTED,0.140625,-19.65223813172009,-34.715371455346869,-4.8284505776212701
2,1,F4,SELECTED,0.14453125,-20.697450807888327,-36.881062470387647,-5.1631588924138772
2,1,F4,SELECTED,0.1484375,-21.923994655672534,-39.192594961464629,-5.5527937611066287
2,1,F4,SELECTED,0.15234375,-22.872371808035677,-40.94377938132331,-5.9070410204794079
2,1,F4,SELECTED,0.15625,-22.907696818546043,-40.729567749800147,-6.1706831092405778
2,1,F4,SELECTED,0.16015625,-21.444351313598759,-37.139627803911893,-6.2457786902641272
2,1,F4,SELECTED,0.1640625,-18.248319092552844,-29.767639594879757,-5.330171375748793
2,1,F4,SELECTED,0.16796875,-13.659457917079273,-22.75173016268819,-3.5332759299330103
2,1,F4,SELECTED,0.171875,-8.5622803279679438,-21.848242490087124,5.6478256549956054
2,1,F4,SELECTED,0.17578125,-4.0610622670285181,-21.136848145311522,15.544535384975347
2,1,F4,SELECTED,0.1796875,-1.0210190326939101,-21.397576095281948,22.702594323080898
2,1,F4,SELECTED,0.18359375,0.25648580474581056,-21.709723406672023,25.626817919401038
2,1,F4,SELECTED,0.1875,0.056906695155858222,-22.071559585799548,25.531400808206428
2,1,F4,SELECTED,0.19140625,-0.98597102398444669,-22.480357177395678,23.545315389005744
2,1,F4,SELECTED,0.1953125,-2.2134030486172604,-22.928812717271978,21.350635027469878
2,1,F4,SELECTED,0.19921875,-3.1799847085275661,-23.296845388175527,19.649277221205164
2,1,F4,SELECTED,0.203125,-3.7311595531683261,-23.690205128066431,18.805244138349565
2,1,F4,SELECTED,0.20703125,-3.9419865227239428,-24.219216370918232,18.656217177127203
2,1,F4,SELECTED,0.2109375,-3.9913338613217912,-24.733423740915587,18.827036111374156
2,1,F4,SELECTED,0.21484375,-4.0458104422961148,-25.103838608741803,18.963248611309194
2,1,F4,SELECTED,0.21875,-4.1959592587369654,-25.409405041916546,18.853701620456651
2,1,F4,SELECTED,0.22265625,-4.4492364002369902,-25.536614456665561,18.529395041017594
2,1,F4,SELECTED,0.2265625,-4.758724444138549,-25.646705193000564,18.086137829664363
2,1,F4,SELECTED,0.23046875,-5.0607590621565173,-25.74504219908426,17.651779114287404
2,1,F4,SELECTED,0.234375,-5.303937954097445,-25.832463696604176,17.327811034725435
2,1,F4,SELECTED,0.23828125,-5.4642244576653498,-25.909873053245661,17.162789503380214
2,1,F4,SELECTED,0.2421875,-5.547469145148229,-25.976208524595073,17.133574881692869
2,1,F4,SELECTED,0.24609375,-5.5823956464532767,-26.030152140472595,17.181696067313847
2,1,F4,SELECTED,0.25,-5.6080891829294028,-25.952851795235958,17.240047897113268
2,1,F4,SELECTED,0.25390625,-5.6607049709899817,-25.879687410077064,17.242463318032815
2,1,F4,SELECTED,0.2578125,-5.762964388662315,-25.777340392808885,17.156413542526671
2,1,F4,SELECTED,0.26171875,-5.9182297621838966,-25.665574091466503,16.902146533384428
2,1,F4,SELECTED,0.265625,-6.110522691677394,-25.557677030111272,16.56820153389366
2,1,F4,SELECTED,0.26953125,-6.3111829586883372,-25.455803987966181,16.229220440662154
2,1,F4,SELECTED,0.2734375,-6.48941847604668,-25.362495304224474,15.931988323892956
2,1,F4,SELECTED,0.27734375,-6.6204552601464597,-25.264078289901764,15.740570116438557
2,1,F4,SELECTED,0.28125,-6.6870759976749081,-25.188826281572371,15.626766158088664
2,1,F4,SELECTED,0.28515625,-6.6774688433222744,-25.127544649364545,15.58538694765431
2,1,F4,SELECTED,0.2890625,-6.5862978607644518,-25.095552626700115,15.65698578009413
2,1,F4,SELECTED,0.29296875,-6.4215050112359879,-24.990441131379235,15.786729439543452
2,1,F4,SELECTED,0.296875,-6.2114106979290957,-24.682156394503256,15.962262276425161
2,1,F4,SELECTED,0.30078125,-6.0037362767596489,-24.457707119231124,16.129708806320931
2,1,F4,SELECTED,0.3046875,-5.8528679180991343,-24.527814973382164,16.21829582055345
2,1,F4,SELECTED,0.30859375,-5.799910097785836,-24.495827811586832,16.435785717024263
2,1,F4,SELECTED,0.3125,-5.8558651756166622,-24.528091342639108,16.368892810044738
2,1,F4,SELECTED,0.31640625,-5.9976343752810823,-24.614157192855821,16.152312309034397
2,1,F4,SELECTED,0.3203125,-6.1795389373523024,-24.663099865633882,15.903303952022391
2,1,F4,SELECTED,0.32421875,-6.3540389037240415,-24.68941927275516,15.672586241213439
2,1,F4,SELECTED,0.328125,-6.490441892718481,-24.691339698619437,15.516658171401955
2,1,F4,SELECTED,0.33203125,-6.5833251922194416,-24.670645953516587,15.441239518859419
2,1,F4,SELECTED,0.3359375,-6.650398984126717,-24.727849943827838,15.406483972687695
2,1,F4,SELECTED,0.33984375,-6.7251045657860518,-24.842730250200674,15.345437856152328
2,1,F4,SELECTED,0.34375,-6.8482996070340363,-24.953148302477857,15.184510630435449
2,1,F4,SELECTED,0.34765625,-7.0597517046007994,-25.072603158231395,14.860777410849051
2,1,F4,SELECTED,0.3515625,-7.3893786510474442,-25.300069710704445,14.344828485188868
2,1,F4,SELECTED,0.35546875,-7.8500953887300353,-25.70215524564636,13.630255678814203
2,1,F4,SELECTED,0.359375,-8.4346983375564335,-26.394290118230959,12.704496059014135
2,1,F4,SELECTED,0.36328125,-9.1171081709127595,-26.851348442697535,11.439142765615387
2,1,F4,SELECTED,0.3671875,-9.8564816362955252,-27.308495564109762,10.400929750563986
2,1,F4,SELECTED,0.37109375,-10.603798343963698,-27.93327988105553,9.6682532468915348
2,1,F4,SELECTED,0.375,-11.312492174228973,-28.571107940166581,9.0262550481409232
2,1,F4,SELECTED,0.37890625,-11.952945479853822,-29.194897041004804,8.2965709966925179
2,1,F4,SELECTED,0.3828125,-12.524936267944939,-29.801029651701434,7.5981857951546798
2,1,F4,SELECTED,0.38671875,-13.058723196678587,-30.391650556379417,6.9849104210352699
2,1,F4,SELECTED,0.390625,-13.600031047565789,-30.970412903936687,6.3959363568876082
2,1,F4,SELECTED,0.39453125,-14.184304321022287,-31.575888653748407,5.7796065755306634
2,1,F4,SELECTED,0.3984375,-14.813172584595517,-32.151875424840362,5.240803873363193
2,1,F4,SELECTED,0.40234375,-15.446069356791799,-32.674556730919399,4.6862292513797303
2,1,F4,SELECTED,0.40625,-16.013821434441244,-33.119947603106638,4.2141358106218521
2,1,F4,SELECTED,0.41015625,-16.452598540591804,-33.632940699961019,3.9192828849895522
2,1,F4,SELECTED,0.4140625,-16.747629199162233,-34.201537337139776,3.8196432978254897
2,1,F4,SELECTED,0.41796875,-16.966887115749383,-34.592173151397873,3.7938586780647583
2,1,F4,SELECTED,0.421875,-17.258554998132407,-34.880832233794358,3.5772742922948471
2,1,F4,SELECTED,0.42578125,-17.790592632156731,-35.196059986893786,2.7920848091358059
2,1,F4,SELECTED,0.4296875,-18.634639514425718,-35.561557251472749,0.87122059996792311
2,1,F4,SELECTED,0.43359375,-19.636955782384973,-35.908304733475092,-1.0723999606118879
2,1,F4,SELECTED,0.4375,-20.354721301753283,-35.988350469457366,-2.8103205094233852
2,1,F4,SELECTED,0.44140625,-20.135404376408083,-35.770564127246075,-2.3381129580247841
2,1,F4,SELECTED,0.4453125,-18.360240667155793,-35.361285250981048,1.689004824535395
2,1,F4,SELECTED,0.44921875,-14.77174077208236,-35.019062449616627,9.5646956551219162
2,1,F4,SELECTED,0.453125,-9.7118725173617477,-34.543778600416452,22.183161532073616
2,1,F4,SELECTED,0.45703125,-4.0939266570749666,-34.10836742978578,36.6528011662284
2,1,F4,SELECTED,0.4609375,0.93175188796265529,-33.837002119182621,48.442605701352981
2,1,F4,SELECTED,0.46484375,4.4505977216543204,-33.659707757679413,57.592059529408957
2,1,F4,SELECTED,0.46875,6.1262068687408568,-33.413265227054993,61.837275704091049
2,1,F4,SELECTED,0.47265625,6.2455920925405897,-33.373469050708415,61.90260713270591
2,1,F4,SELECTED,0.4765625,5.503572326243706,-33.25186290564254,59.581067951693129
2,1,F4,SELECTED,0.48046875,4.689305193328404,-32.98971680962849,56.919994610936776
2,1,F4,SELECTED,0.484375,4.4255900083456172,-32.765584937518739,55.546263151698014
2,1,F4,SELECTED,0.48828125,5.0235757801729708,-32.452154081368718,56.286437451236395
2,1,F4,SELECTED,0.4921875,6.4395282107968654,-31.945155442906145,59.040822212349696
2,1,F4,SELECTED,0.49609375,8.2992303238407317,-31.34200027911093,62.8240723186777
2,1,F4,SELECTED,0.5,9.9793740102971089,-30.557691135815436,65.86633718544077
2,1,F4,SELECTED,0.50390625,10.762832882616612,-29.431905406852295,66.168640583883686
2,1,F4,SELECTED,0.5078125,10.075290511065621,-28.281070834911272,62.149319358531756
2,1,F4,SELECTED,0.51171875,7.7516331536969938,-27.474597072454159,53.318447972976514
2,1,F4,SELECTED,0.515625,4.2052240393637454,-26.256267335757855,41.504240230277681
2,1,F4,SELECTED,0.51953125,0.35975059208183607,-24.643960124881936,29.77220489380586
2,1,F4,SELECTED,0.5234375,-2.6840479702545292,-22.690464627883184,19.482365497473829
2,1,F4,SELECTED,0.52734375,-4.0887717421378449,-20.408936494621003,13.796503434528075
2,1,F4,SELECTED,0.53125,-3.5782135512995352,-18.093989040143249,12.318300857891195
2,1,F4,SELECTED,0.53515625,-1.4444012204788366,-16.011344051205985,14.171592902383711
2,1,F4,SELECTED,0.5390625,1.6874552499204547,-13.89092262606118,17.604765018046496
2,1,F4,SELECTED,0.54296875,5.1658353576916918,-11.549708448752,22.22345491797833
2,1,F4,SELECTED,0.546875,8.5359880554128029,-9.057648206667638,26.051022510877278
2,1,F4,SELECTED,0.55078125,11.614911874932938,-6.4145785542749554,29.259530381346991
2,1,F4,SELECTED,0.5546875,14.441534151321109,-3.484994230829173,31.90906614931458
2,1,F4,SELECTED,0.55859375,17.167900521421135,-0.35367263709991698,34.754204737605029
2,1,F4,SELECTED,0.5625,19.952689409177339,2.7869592856341661,37.471848883904379
2,1,F4,SELECTED,0.56640625,22.887960544610777,5.8176605172473606,40.428666938701525
2,1,F4,SELECTED,0.5703125,25.961991058471988,8.377010150733156,43.732814374081428
2,1,F4,SELECTED,0.57421875,29.053695965267249,11.297704027681572,47.023044318650356
2,1,F4,SELECTED,0.578125,31.963500064271464,13.977226309077631,50.033051554514877
2,1,F4,SELECTED,0.58203125,34.490736641972653,16.731341765396252,52.431760171278434
2,1,F4,SELECTED,0.5859375,36.551714126398103,19.48044877854478,53.433582938497764
2,1,F4,SELECTED,0.58984375,38.299030972454617,22.217761653584894,55.026391261042221
2,1,F4,SELECTED,0.59375,40.173569672932167,24.588059902124215,56.818313157129921
2,1,F4,SELECTED,0.59765625,42.821772222544936,27.379209313791335,59.588369096903172
2,1,F4,SELECTED,0.6015625,46.85923193003449,30.558499511836921,64.328250562240072
2,1,F4,SELECTED,0.60546875,52.553589286350146,32.690859277272786,72.768827625870429
2,1,F4,SELECTED,0.609375,59.592249634287121,34.704106995291873,84.507939382886491
2,1,F4,SELECTED,0.61328125,67.109557222935649,36.847229907205076,100.19073251960222
2,1,F4,SELECTED,0.6171875,74.013860367368949,38.963071323883575,114.97588226938943
2,1,F4,SELECTED,0.62109375,79.446336339949909,40.846305065725204,126.36086734408521
2,1,F4,SELECTED,0.625,83.101997970161079,42.608178377888677,133.24128999111537
2,1,F4,SELECTED,0.62890625,85.249397442834947,44.195819873593535,135.95872098233136
2,1,F4,SELECTED,0.6328125,86.493990835908846,46.014442472804937,136.10760102674149
2,1,F4,SELECTED,0.63671875,87.462232997048901,47.858705032024268,135.49202323502004
2,1,F4,SELECTED,0.640625,88.57377167883962,49.719813586477905,135.43109954095118
2,1,F4,SELECTED,0.64453125,89.974375826721669,51.552280469982229,136.29718506124917
2,1,F4,SELECTED,0.6484375,91.603689433469441,53.31168378063478,137.85212289322959
2,1,F4,SELECTED,0.65234375,93.318242750833249,55.030358575471624,139.74887050887537
2,1,F4,SELECTED,0.65625,94.992555592507159,56.679234803744343,141.69173189074158
2,1,F4,SELECTED,0.66015625,96.560982752764062,58.289986794114277,143.4808497575246
2,1,F4,SELECTED,0.6640625,98.006729263979452,59.559867558529255,145.25757080257455
2,1,F4,SELECTED,0.66796875,99.327552339516444,60.479053644633161,146.80905909709909
2,1,F4,SELECTED,0.671875,100.50785888834299,61.620887352434117,148.08956561432473
2,1,F4,SELECTED,0.67578125,101.51532651978303,62.558395912495236,149.01877674602517
2,1,F4,SELECTED,0.6796875,102.32503094997281,63.336089916987717,149.37595129878426
2,1,F4,SELECTED,0.68359375,102.95779741103216,63.921834591362469,149.42443310832959
2,1,F4,SELECTED,0.6875,103.50632417607721,64.44897940900762,149.56769324901148
2,1,F4,SELECTED,0.69140625,104.1205641878896,64.852570587237437,150.271702917531
2,1,F4,SELECTED,0.6953125,104.93844920781775,65.115369491144705,151.9459397959335
2,1,F4,SELECTED,0.69921875,105.9776345354404,65.481603436462606,154.5871227227957
2,1,F4,SELECTED,0.703125,107.03885507513158,65.746361706950509,157.46920904530307
2,1,F4,SELECTED,0.70703125,107.69266601736804,65.861947874734426,159.23567234989034
2,1,F4,SELECTED,0.7109375,107.40412357111744,65.907878424064975,158.29512899506634
2,1,F4,SELECTED,0.71484375,105.78195068407402,66.006882812381676,153.24524401830169
2,1,F4,SELECTED,0.71875,102.84168389445816,66.131695377902872,144.14094908586708
2,1,F4,SELECTED,0.72265625,99.107878104007852,66.290235313241524,133.20573592668785
2,1,F4,SELECTED,0.7265625,95.427454985048513,66.543883604399952,124.76584273368732
2,1,F4,SELECTED,0.73046875,92.551481652558309,66.880499314979787,117.51836849554783
2,1,F4,SELECTED,0.734375,90.751416980029035,67.163364107650935,112.51625591419166
2,1,F4,SELECTED,0.73828125,89.752197831316167,67.310080999465285,109.53655807989533
2,1,F4,SELECTED,0.7421875,89.015545678614046,67.38353208589993,107.78300301253856
2,1,F4,SELECTED,0.74609375,88.121784338818614,67.41236612127264,106.05803506193661
2,1,F4,SELECTED,0.75,86.967432165190019,67.471199094950848,103.94728288979618
2,1,F4,SELECTED,0.75390625,85.709114914732851,67.41253915096614,102.20693392296788
2,1,F4,SELECTED,0.7578125,84.582475238376134,67.119092050172711,100.67780352405221
2,1,F4,SELECTED,0.76171875,83.74930704302426,66.823514228945058,99.280740726179317
2,1,F4,SELECTED,0.765625,83.240120317678574,66.730197244175372,98.442650646322406
2,1,F4,SELECTED,0.76953125,82.979096540191591,66.825595852400497,98.184880578774241
2,1,F4,SELECTED,0.7734375,82.847126437825679,66.684237706453629,98.042360084740594
2,1,F4,SELECTED,0.77734375,82.742935349685553,66.424750842241224,97.936716385166918
2,1,F4,SELECTED,0.78125,82.618899841219843,66.055454166937565,97.812031107092878
2,1,F4,SELECTED,0.78515625,82.484260096345906,65.88119181543648,97.538014334239136
2,1,F4,SELECTED,0.7890625,82.381541483294441,65.729317757367269,97.311800905011836
2,1,F4,SELECTED,0.79296875,82.35138786832664,65.803222537779192,97.232596730775811
2,1,F4,SELECTED,0.796875,82.403607541846583,65.997322314932134,97.354065814286983
