task,condition,channel,method,selected_k,time_s,training_clean_mean,historical_P0_mean,fit,fit_ci_low,fit_ci_high
1,-1,Fz,P0,0,-0.19921875,-0.37628158378104715,2.7186325865117085,,,
1,-1,Fz,P0,0,-0.1953125,-0.89015651316275635,3.2275435232779608,,,
1,-1,Fz,P0,0,-0.19140625,-1.3227666991462026,3.5586076504894106,,,
1,-1,Fz,P0,0,-0.1875,-1.5986546322965758,3.7271481079770012,,,
1,-1,Fz,P0,0,-0.18359375,-1.6489515522799623,3.806039816897576,,,
1,-1,Fz,P0,0,-0.1796875,-1.4373560841351689,3.8861030154246397,,,
1,-1,Fz,P0,0,-0.17578125,-0.99388279195836526,4.0354612564219856,,,
1,-1,Fz,P0,0,-0.171875,-0.4274722611570827,4.2676636096741092,,,
1,-1,Fz,P0,0,-0.16796875,0.10202955322504537,4.5244258647825522,,,
1,-1,Fz,P0,0,-0.1640625,0.44520752312159395,4.6844430491396887,,,
1,-1,Fz,P0,0,-0.16015625,0.52561895738777997,4.6076598502343318,,,
1,-1,Fz,P0,0,-0.15625,0.3667491513000099,4.2030226007183416,,,
1,-1,Fz,P0,0,-0.15234375,0.06690353239039401,3.4822437521439702,,,
1,-1,Fz,P0,0,-0.1484375,-0.26050102784501783,2.5623582834787872,,,
1,-1,Fz,P0,0,-0.14453125,-0.54081864854317008,1.6139884161787972,,,
1,-1,Fz,P0,0,-0.140625,-0.75421027675996244,0.78996497228150087,,,
1,-1,Fz,P0,0,-0.13671875,-0.91466403399694851,0.17552863743721314,,,
1,-1,Fz,P0,0,-0.1328125,-1.0388322487461044,-0.22230437602643391,,,
1,-1,Fz,P0,0,-0.12890625,-1.1284547213336722,-0.45592936444747739,,,
1,-1,Fz,P0,0,-0.125,-1.1684549420574228,-0.61020435591621403,,,
1,-1,Fz,P0,0,-0.12109375,-1.1294203522595834,-0.78056536714064673,,,
1,-1,Fz,P0,0,-0.1171875,-0.96922763890131036,-1.0510668473296894,,,
1,-1,Fz,P0,0,-0.11328125,-0.64098124835998904,-1.4614615743883821,,,
1,-1,Fz,P0,0,-0.109375,-0.11512822169443482,-1.9722967877756128,,,
1,-1,Fz,P0,0,-0.10546875,0.58996677968103939,-2.4591495754443895,,,
1,-1,Fz,P0,0,-0.1015625,1.3886150302051228,-2.7565142416448971,,,
1,-1,Fz,P0,0,-0.09765625,2.1388920533546845,-2.7336289665557323,,,
1,-1,Fz,P0,0,-0.09375,2.6874135034568445,-2.3603633221152225,,,
1,-1,Fz,P0,0,-0.08984375,2.9293595245670798,-1.7324130706684224,,,
1,-1,Fz,P0,0,-0.0859375,2.8521309767061815,-1.0506275671046053,,,
1,-1,Fz,P0,0,-0.08203125,2.537484602792321,-0.56473173930751297,,,
1,-1,Fz,P0,0,-0.078125,2.1225097328874685,-0.49717311949810605,,,
1,-1,Fz,P0,0,-0.07421875,1.7446485779650145,-0.966886378833684,,,
1,-1,Fz,P0,0,-0.0703125,1.4977881706602429,-1.9350927480337883,,,
1,-1,Fz,P0,0,-0.06640625,1.4091185644412512,-3.1941355210581528,,,
1,-1,Fz,P0,0,-0.0625,1.4348382907748269,-4.4152783850640898,,,
1,-1,Fz,P0,0,-0.05859375,1.4767972024069858,-5.2539765603003561,,,
1,-1,Fz,P0,0,-0.0546875,1.4241819057232945,-5.4767824880108984,,,
1,-1,Fz,P0,0,-0.05078125,1.2080540211680479,-5.0458184177821375,,,
1,-1,Fz,P0,0,-0.046875,0.8361380100263861,-4.1115514210447621,,,
1,-1,Fz,P0,0,-0.04296875,0.38111020477927726,-2.9238980962023624,,,
1,-1,Fz,P0,0,-0.0390625,-0.069396171138498081,-1.7246534208848614,,,
1,-1,Fz,P0,0,-0.03515625,-0.46307044485140808,-0.68080588505655182,,,
1,-1,Fz,P0,0,-0.03125,-0.79978529263058284,0.1285393117008212,,,
1,-1,Fz,P0,0,-0.02734375,-1.1102809771281241,0.69141129485341557,,,
1,-1,Fz,P0,0,-0.0234375,-1.4167044715343056,1.0233809372055109,,,
1,-1,Fz,P0,0,-0.01953125,-1.7018384902890045,1.1162523748037454,,,
1,-1,Fz,P0,0,-0.015625,-1.9069278698519745,0.89836838022150811,,,
1,-1,Fz,P0,0,-0.01171875,-1.9620711656386303,0.24597837817128004,,,
1,-1,Fz,P0,0,-0.0078125,-1.832000307093643,-0.93615265170451967,,,
1,-1,Fz,P0,0,-0.00390625,-1.5472652004500218,-2.601303420686345,,,
1,-1,Fz,P0,0,0,-1.1995567369977076,-4.4935562392599664,-27.062365191653253,-53.368231286110955,1.9198542475808842
1,-1,Fz,P0,0,0.00390625,-0.90288354976236274,-6.1947712282669274,-27.062365191653253,-53.368231286110955,1.9198542475808842
1,-1,Fz,P0,0,0.0078125,-0.73966370546921534,-7.2883337271585473,-27.062365191653253,-53.368231286110955,1.9198542475808842
1,-1,Fz,P0,0,0.01171875,-0.71451730293752125,-7.5621164630278486,-27.062365191653253,-53.368231286110955,1.9198542475808842
1,-1,Fz,P0,0,0.015625,-0.73538352818325103,-7.1316430795723385,-27.062365191653253,-53.368231286110955,1.9198542475808842
1,-1,Fz,P0,0,0.01953125,-0.63690731051407701,-6.3969086895421734,-27.062365191653253,-53.368231286110955,1.9198542475808842
1,-1,Fz,P0,0,0.0234375,-0.25268762806580242,-5.8436362675417683,-27.062365191653253,-53.368231286110955,1.9198542475808842
1,-1,Fz,P0,0,0.02734375,0.47274172223886507,-5.8014143773252611,-27.062365191653253,-53.368231286110955,1.9198542475808842
1,-1,Fz,P0,0,0.03125,1.3665627665184508,-6.3004596679651135,-27.062365191653253,-53.368231286110955,1.9198542475808842
1,-1,Fz,P0,0,0.03515625,1.9692954258480484,-7.099996520123689,-27.062365191653253,-53.368231286110955,1.9198542475808842
1,-1,Fz,P0,0,0.0390625,1.6105480383572743,-7.850006512621853,-27.062365191653253,-53.368231286110955,1.9198542475808842
1,-1,Fz,P0,0,0.04296875,-0.34911084637734097,-8.2777271434868993,-27.062365191653253,-53.368231286110955,1.9198542475808842
1,-1,Fz,P0,0,0.046875,-4.1812298937105625,-8.2966301200920398,-27.062365191653253,-53.368231286110955,1.9198542475808842
1,-1,Fz,P0,0,0.05078125,-9.5365729605626317,-7.9964953416972886,-27.062365191653253,-53.368231286110955,1.9198542475808842
1,-1,Fz,P0,0,0.0546875,-15.468890859157851,-7.5465328013552195,-27.062365191653253,-53.368231286110955,1.9198542475808842
1,-1,Fz,P0,0,0.05859375,-20.784102460079151,-7.0897435099821697,-27.062365191653253,-53.368231286110955,1.9198542475808842
1,-1,Fz,P0,0,0.0625,-24.538436578474514,-6.6970875247852648,-27.062365191653253,-53.368231286110955,1.9198542475808842
1,-1,Fz,P0,0,0.06640625,-26.395463486514419,-6.3908659395269556,-27.062365191653253,-53.368231286110955,1.9198542475808842
1,-1,Fz,P0,0,0.0703125,-26.658755750254585,-6.1900965036275499,-27.062365191653253,-53.368231286110955,1.9198542475808842
1,-1,Fz,P0,0,0.07421875,-26.018472188295544,-6.1276201499651375,-27.062365191653253,-53.368231286110955,1.9198542475808842
1,-1,Fz,P0,0,0.078125,-25.198324940094977,-6.2305214054123743,-27.062365191653253,-53.368231286110955,1.9198542475808842
1,-1,Fz,P0,0,0.08203125,-24.687402930926666,-6.4894034049643325,-27.062365191653253,-53.368231286110955,1.9198542475808842
1,-1,Fz,P0,0,0.0859375,-24.643546401607065,-6.8413131081423657,-27.062365191653253,-53.368231286110955,1.9198542475808842
1,-1,Fz,P0,0,0.08984375,-24.951499182027717,-7.1756870532307913,-27.062365191653253,-53.368231286110955,1.9198542475808842
1,-1,Fz,P0,0,0.09375,-25.363818139879939,-7.3642072717109031,-27.062365191653253,-53.368231286110955,1.9198542475808842
1,-1,Fz,P0,0,0.09765625,-25.647942305372762,-7.3096064578828894,-27.062365191653253,-53.368231286110955,1.9198542475808842
1,-1,Fz,P0,0,0.1015625,-25.684932979220047,-6.9977036085128788,-27.062365191653253,-53.368231286110955,1.9198542475808842
1,-1,Fz,P0,0,0.10546875,-25.495451177051763,-6.5290292056882979,-27.062365191653253,-53.368231286110955,1.9198542475808842
1,-1,Fz,P0,0,0.109375,-25.199006734903175,-6.1100411975735671,-27.062365191653253,-53.368231286110955,1.9198542475808842
1,-1,Fz,P0,0,0.11328125,-24.936698324119998,-5.9961922841247803,-27.062365191653253,-53.368231286110955,1.9198542475808842
1,-1,Fz,P0,0,0.1171875,-24.798166509840495,-6.3958049202632701,-27.062365191653253,-53.368231286110955,1.9198542475808842
1,-1,Fz,P0,0,0.12109375,-24.786816749343259,-7.3666641170202158,-27.062365191653253,-53.368231286110955,1.9198542475808842
1,-1,Fz,P0,0,0.125,-24.835255963321867,-8.7579714773861088,-27.062365191653253,-53.368231286110955,1.9198542475808842
1,-1,Fz,P0,0,0.12890625,-24.854912139155964,-10.242101458236728,-27.062365191653253,-53.368231286110955,1.9198542475808842
1,-1,Fz,P0,0,0.1328125,-24.786961303973214,-11.431611715322424,-27.062365191653253,-53.368231286110955,1.9198542475808842
1,-1,Fz,P0,0,0.13671875,-24.627076926854031,-12.022320057323597,-27.062365191653253,-53.368231286110955,1.9198542475808842
1,-1,Fz,P0,0,0.140625,-24.417611026683304,-11.894135698872198,-27.062365191653253,-53.368231286110955,1.9198542475808842
1,-1,Fz,P0,0,0.14453125,-24.220288407271191,-11.140839756668457,-27.062365191653253,-53.368231286110955,1.9198542475808842
1,-1,Fz,P0,0,0.1484375,-24.087678987953979,-10.038165037131431,-27.062365191653253,-53.368231286110955,1.9198542475808842
1,-1,Fz,P0,0,0.15234375,-24.043645696740313,-8.9624158578453557,-27.062365191653253,-53.368231286110955,1.9198542475808842
1,-1,Fz,P0,0,0.15625,-24.074158912697467,-8.2661494111748617,-27.062365191653253,-53.368231286110955,1.9198542475808842
1,-1,Fz,P0,0,0.16015625,-24.129696604342776,-8.1407903233380168,-27.062365191653253,-53.368231286110955,1.9198542475808842
1,-1,Fz,P0,0,0.1640625,-24.143207216694027,-8.5312468727148829,-27.062365191653253,-53.368231286110955,1.9198542475808842
1,-1,Fz,P0,0,0.16796875,-24.062071316129934,-9.1632139470273621,-27.062365191653253,-53.368231286110955,1.9198542475808842
1,-1,Fz,P0,0,0.171875,-23.879812806855067,-9.6845636117494927,-27.062365191653253,-53.368231286110955,1.9198542475808842
1,-1,Fz,P0,0,0.17578125,-23.647053409318826,-9.8482179658215472,-27.062365191653253,-53.368231286110955,1.9198542475808842
1,-1,Fz,P0,0,0.1796875,-23.450927707934913,-9.630991898236493,-27.062365191653253,-53.368231286110955,1.9198542475808842
1,-1,Fz,P0,0,0.18359375,-23.371965387228038,-9.2192741476193447,-27.062365191653253,-53.368231286110955,1.9198542475808842
1,-1,Fz,P0,0,0.1875,-23.441788787187431,-8.8776054372235542,-27.062365191653253,-53.368231286110955,1.9198542475808842
1,-1,Fz,P0,0,0.19140625,-23.623697118210693,-8.7895933236087984,-27.062365191653253,-53.368231286110955,1.9198542475808842
1,-1,Fz,P0,0,0.1953125,-23.824240588808415,-8.9674456898320507,-27.062365191653253,-53.368231286110955,1.9198542475808842
1,-1,Fz,P0,0,0.19921875,-23.928772387229646,-9.2679689639572871,-27.062365191653253,-53.368231286110955,1.9198542475808842
1,-1,Fz,P0,0,0.203125,-23.847162849823039,-9.4832141970317618,-27.062365191653253,-53.368231286110955,1.9198542475808842
1,-1,Fz,P0,0,0.20703125,-23.55694928175113,-9.4438746364030255,-27.062365191653253,-53.368231286110955,1.9198542475808842
1,-1,Fz,P0,0,0.2109375,-23.132538545194741,-9.0872508994888932,-27.062365191653253,-53.368231286110955,1.9198542475808842
1,-1,Fz,P0,0,0.21484375,-22.746303003506437,-8.4714177237768649,-27.062365191653253,-53.368231286110955,1.9198542475808842
1,-1,Fz,P0,0,0.21875,-22.626593409994172,-7.7428858993383738,-27.062365191653253,-53.368231286110955,1.9198542475808842
1,-1,Fz,P0,0,0.22265625,-22.971093651563656,-7.0815538120341035,-27.062365191653253,-53.368231286110955,1.9198542475808842
1,-1,Fz,P0,0,0.2265625,-23.845162540533892,-6.6491034535685669,-27.062365191653253,-53.368231286110955,1.9198542475808842
1,-1,Fz,P0,0,0.23046875,-25.126075270376099,-6.5531580421792395,-27.062365191653253,-53.368231286110955,1.9198542475808842
1,-1,Fz,P0,0,0.234375,-26.550293707095491,-6.8230497291192078,-27.062365191653253,-53.368231286110955,1.9198542475808842
1,-1,Fz,P0,0,0.23828125,-27.855802097317422,-7.3919974405804147,-27.062365191653253,-53.368231286110955,1.9198542475808842
1,-1,Fz,P0,0,0.2421875,-28.917368325340998,-8.0939135099231407,-27.062365191653253,-53.368231286110955,1.9198542475808842
1,-1,Fz,P0,0,0.24609375,-29.758931211563407,-8.6916041836353735,-27.062365191653253,-53.368231286110955,1.9198542475808842
1,-1,Fz,P0,0,0.25,-30.458277607509579,-8.942423090777746,-27.062365191653253,-53.368231286110955,1.9198542475808842
1,-1,Fz,P0,0,0.25390625,-31.093496967675534,-8.6837337204284921,-27.062365191653253,-53.368231286110955,1.9198542475808842
1,-1,Fz,P0,0,0.2578125,-31.808115504710425,-7.9034182023221451,-27.062365191653253,-53.368231286110955,1.9198542475808842
1,-1,Fz,P0,0,0.26171875,-32.860751084037375,-6.7623530798499925,-27.062365191653253,-53.368231286110955,1.9198542475808842
1,-1,Fz,P0,0,0.265625,-34.493188069208792,-5.5525445364092505,-27.062365191653253,-53.368231286110955,1.9198542475808842
1,-1,Fz,P0,0,0.26953125,-36.686485912105951,-4.5992686535131551,-27.062365191653253,-53.368231286110955,1.9198542475808842
1,-1,Fz,P0,0,0.2734375,-39.060044035171543,-4.1429967259011073,-27.062365191653253,-53.368231286110955,1.9198542475808842
1,-1,Fz,P0,0,0.27734375,-41.042162062332451,-4.2526938146631119,-27.062365191653253,-53.368231286110955,1.9198542475808842
1,-1,Fz,P0,0,0.28125,-42.174026515894219,-4.8080341116664629,-27.062365191653253,-53.368231286110955,1.9198542475808842
1,-1,Fz,P0,0,0.28515625,-42.319094151054742,-5.5501764606131943,-27.062365191653253,-53.368231286110955,1.9198542475808842
1,-1,Fz,P0,0,0.2890625,-41.674331525486473,-6.1715178070128127,-27.062365191653253,-53.368231286110955,1.9198542475808842
1,-1,Fz,P0,0,0.29296875,-40.631898246082521,-6.4130777181601024,-27.062365191653253,-53.368231286110955,1.9198542475808842
1,-1,Fz,P0,0,0.296875,-39.596514997625178,-6.1454901514564346,-27.062365191653253,-53.368231286110955,1.9198542475808842
1,-1,Fz,P0,0,0.30078125,-38.84252146267643,-5.4069364597146317,-27.062365191653253,-53.368231286110955,1.9198542475808842
1,-1,Fz,P0,0,0.3046875,-38.452089311685775,-4.3752640801254223,-27.062365191653253,-53.368231286110955,1.9198542475808842
1,-1,Fz,P0,0,0.30859375,-38.338720509991681,-3.2826054728209062,-27.062365191653253,-53.368231286110955,1.9198542475808842
1,-1,Fz,P0,0,0.3125,-38.330951802830697,-2.3182772617591603,-27.062365191653253,-53.368231286110955,1.9198542475808842
1,-1,Fz,P0,0,0.31640625,-38.27221791921221,-1.5700400218031725,-27.062365191653253,-53.368231286110955,1.9198542475808842
1,-1,Fz,P0,0,0.3203125,-38.090954568728897,-1.0204854171793065,-27.062365191653253,-53.368231286110955,1.9198542475808842
1,-1,Fz,P0,0,0.32421875,-37.814165656516309,-0.57874378955107797,-27.062365191653253,-53.368231286110955,1.9198542475808842
1,-1,Fz,P0,0,0.328125,-37.52952122765484,-0.11936895238555512,-27.062365191653253,-53.368231286110955,1.9198542475808842
1,-1,Fz,P0,0,0.33203125,-37.326304138570904,0.48130494379270189,-27.062365191653253,-53.368231286110955,1.9198542475808842
1,-1,Fz,P0,0,0.3359375,-37.249362093411406,1.3034695232833593,-27.062365191653253,-53.368231286110955,1.9198542475808842
1,-1,Fz,P0,0,0.33984375,-37.284805586563436,2.3352163784686182,-27.062365191653253,-53.368231286110955,1.9198542475808842
1,-1,Fz,P0,0,0.34375,-37.375808873044697,3.4394588417715322,-27.062365191653253,-53.368231286110955,1.9198542475808842
1,-1,Fz,P0,0,0.34765625,-37.454427433743732,4.3724522795757954,-27.062365191653253,-53.368231286110955,1.9198542475808842
1,-1,Fz,P0,0,0.3515625,-37.474005698947337,4.870491112383351,-27.062365191653253,-53.368231286110955,1.9198542475808842
1,-1,Fz,P0,0,0.35546875,-37.430701100554181,4.7738062958078737,-27.062365191653253,-53.368231286110955,1.9198542475808842
1,-1,Fz,P0,0,0.359375,-37.365445325919424,4.1163148378339898,-27.062365191653253,-53.368231286110955,1.9198542475808842
1,-1,Fz,P0,0,0.36328125,-37.341354763167473,3.1185227351254676,-27.062365191653253,-53.368231286110955,1.9198542475808842
1,-1,Fz,P0,0,0.3671875,-37.40395722835396,2.0824719856887275,-27.062365191653253,-53.368231286110955,1.9198542475808842
1,-1,Fz,P0,0,0.37109375,-37.549213276404402,1.2523498276826335,-27.062365191653253,-53.368231286110955,1.9198542475808842
1,-1,Fz,P0,0,0.375,-37.726553175494907,0.71790635843450779,-27.062365191653253,-53.368231286110955,1.9198542475808842
1,-1,Fz,P0,0,0.37890625,-37.87835410877193,0.39961441574210754,-27.062365191653253,-53.368231286110955,1.9198542475808842
1,-1,Fz,P0,0,0.3828125,-37.984045740669792,0.1069930975041833,-27.062365191653253,-53.368231286110955,1.9198542475808842
1,-1,Fz,P0,0,0.38671875,-38.071784562513947,-0.36531014552947927,-27.062365191653253,-53.368231286110955,1.9198542475808842
1,-1,Fz,P0,0,0.390625,-38.190724134917545,-1.1456870296339707,-27.062365191653253,-53.368231286110955,1.9198542475808842
1,-1,Fz,P0,0,0.39453125,-38.371523505552076,-2.2332616278561859,-27.062365191653253,-53.368231286110955,1.9198542475808842
1,-1,Fz,P0,0,0.3984375,-38.607960658529748,-3.5016071208983099,-27.062365191653253,-53.368231286110955,1.9198542475808842
1,-1,Fz,P0,0,0.40234375,-38.868159535416311,-4.7498056156578246,-27.062365191653253,-53.368231286110955,1.9198542475808842
1,-1,Fz,P0,0,0.40625,-39.119577190123877,-5.7748939496929834,-27.062365191653253,-53.368231286110955,1.9198542475808842
1,-1,Fz,P0,0,0.41015625,-39.349214919288002,-6.4399800832115384,-27.062365191653253,-53.368231286110955,1.9198542475808842
1,-1,Fz,P0,0,0.4140625,-39.571435996902821,-6.7205657615081016,-27.062365191653253,-53.368231286110955,1.9198542475808842
1,-1,Fz,P0,0,0.41796875,-39.822356789305488,-6.7129878175824791,-27.062365191653253,-53.368231286110955,1.9198542475808842
1,-1,Fz,P0,0,0.421875,-40.140982018596375,-6.5918601942451769,-27.062365191653253,-53.368231286110955,1.9198542475808842
1,-1,Fz,P0,0,0.42578125,-40.54310050950491,-6.5282747468554687,-27.062365191653253,-53.368231286110955,1.9198542475808842
1,-1,Fz,P0,0,0.4296875,-41.002960962646142,-6.6157454463129772,-27.062365191653253,-53.368231286110955,1.9198542475808842
1,-1,Fz,P0,0,0.43359375,-41.456468388590245,-6.8542005897433773,-27.062365191653253,-53.368231286110955,1.9198542475808842
1,-1,Fz,P0,0,0.4375,-41.824360262840308,-7.1975710698538862,-27.062365191653253,-53.368231286110955,1.9198542475808842
1,-1,Fz,P0,0,0.44140625,-42.039568455470103,-7.6174160783388176,-27.062365191653253,-53.368231286110955,1.9198542475808842
1,-1,Fz,P0,0,0.4453125,-42.064644307223681,-8.1256784902901451,-27.062365191653253,-53.368231286110955,1.9198542475808842
1,-1,Fz,P0,0,0.44921875,-41.898011541920752,-8.7401709619864789,-27.062365191653253,-53.368231286110955,1.9198542475808842
1,-1,Fz,P0,0,0.453125,-41.57515591784373,-9.4268208489691148,-27.062365191653253,-53.368231286110955,1.9198542475808842
1,-1,Fz,P0,0,0.45703125,-41.165377543458398,-10.071726159171547,-27.062365191653253,-53.368231286110955,1.9198542475808842
1,-1,Fz,P0,0,0.4609375,-40.755987268347077,-10.51168838453893,-27.062365191653253,-53.368231286110955,1.9198542475808842
1,-1,Fz,P0,0,0.46484375,-40.418530669255269,-10.604606246998529,-27.062365191653253,-53.368231286110955,1.9198542475808842
1,-1,Fz,P0,0,0.46875,-40.168574341676937,-10.290512395563367,-27.062365191653253,-53.368231286110955,1.9198542475808842
1,-1,Fz,P0,0,0.47265625,-39.946638466095237,-9.6063679389556,-27.062365191653253,-53.368231286110955,1.9198542475808842
1,-1,Fz,P0,0,0.4765625,-39.642899979158649,-8.6577585764809974,-27.062365191653253,-53.368231286110955,1.9198542475808842
1,-1,Fz,P0,0,0.48046875,-39.159226276887445,-7.5776233641249382,-27.062365191653253,-53.368231286110955,1.9198542475808842
1,-1,Fz,P0,0,0.484375,-38.470969573841252,-6.4964859563329371,-27.062365191653253,-53.368231286110955,1.9198542475808842
1,-1,Fz,P0,0,0.48828125,-37.646072104169143,-5.5287401514665149,-27.062365191653253,-53.368231286110955,1.9198542475808842
1,-1,Fz,P0,0,0.4921875,-36.806749248953885,-4.7687288799131125,-27.062365191653253,-53.368231286110955,1.9198542475808842
1,-1,Fz,P0,0,0.49609375,-36.058289607152041,-4.2880999567664411,-27.062365191653253,-53.368231286110955,1.9198542475808842
1,-1,Fz,P0,0,0.5,-35.432195009935953,-4.1249966736638877,-27.062365191653253,-53.368231286110955,1.9198542475808842
1,-1,Fz,P0,0,0.50390625,-34.88200061049406,-4.2627986871956898,-27.062365191653253,-53.368231286110955,1.9198542475808842
1,-1,Fz,P0,0,0.5078125,-34.334666855171903,-4.6130693682296808,-27.062365191653253,-53.368231286110955,1.9198542475808842
1,-1,Fz,P0,0,0.51171875,-33.760800915559351,-5.0246232638629129,-27.062365191653253,-53.368231286110955,1.9198542475808842
1,-1,Fz,P0,0,0.515625,-33.211086302917707,-5.3240009434022895,-27.062365191653253,-53.368231286110955,1.9198542475808842
1,-1,Fz,P0,0,0.51953125,-32.788352962720658,-5.3676454602949608,-27.062365191653253,-53.368231286110955,1.9198542475808842
1,-1,Fz,P0,0,0.5234375,-32.572096364753577,-5.0787630463629156,-27.062365191653253,-53.368231286110955,1.9198542475808842
1,-1,Fz,P0,0,0.52734375,-32.551055548000832,-4.4569582123942606,-27.062365191653253,-53.368231286110955,1.9198542475808842
1,-1,Fz,P0,0,0.53125,-32.617646445548019,-3.5671065257130108,-27.062365191653253,-53.368231286110955,1.9198542475808842
1,-1,Fz,P0,0,0.53515625,-32.632758646901664,-2.5175726736979729,-27.062365191653253,-53.368231286110955,1.9198542475808842
1,-1,Fz,P0,0,0.5390625,-32.51449466014531,-1.4308616722614267,-27.062365191653253,-53.368231286110955,1.9198542475808842
1,-1,Fz,P0,0,0.54296875,-32.284700168376887,-0.40899234616153235,-27.062365191653253,-53.368231286110955,1.9198542475808842
1,-1,Fz,P0,0,0.546875,-32.039938588672349,0.49461181239394514,-27.062365191653253,-53.368231286110955,1.9198542475808842
1,-1,Fz,P0,0,0.55078125,-31.872574514198206,1.2795536625463138,-27.062365191653253,-53.368231286110955,1.9198542475808842
1,-1,Fz,P0,0,0.5546875,-31.803819566058895,1.9743614260017073,-27.062365191653253,-53.368231286110955,1.9198542475808842
1,-1,Fz,P0,0,0.55859375,-31.774785225989206,2.602773591636808,-27.062365191653253,-53.368231286110955,1.9198542475808842
1,-1,Fz,P0,0,0.5625,-31.691643444285507,3.1704417621371963,-27.062365191653253,-53.368231286110955,1.9198542475808842
1,-1,Fz,P0,0,0.56640625,-31.483730693135776,3.6830813958162762,-27.062365191653253,-53.368231286110955,1.9198542475808842
1,-1,Fz,P0,0,0.5703125,-31.136749644229162,4.1728377722008512,-27.062365191653253,-53.368231286110955,1.9198542475808842
1,-1,Fz,P0,0,0.57421875,-30.692079845984335,4.6977365315884345,-27.062365191653253,-53.368231286110955,1.9198542475808842
1,-1,Fz,P0,0,0.578125,-30.224961595624368,5.3064466128227243,-27.062365191653253,-53.368231286110955,1.9198542475808842
1,-1,Fz,P0,0,0.58203125,-29.815976791866149,5.9992935515034045,-27.062365191653253,-53.368231286110955,1.9198542475808842
1,-1,Fz,P0,0,0.5859375,-29.523054819339933,6.7230778070013573,-27.062365191653253,-53.368231286110955,1.9198542475808842
1,-1,Fz,P0,0,0.58984375,-29.3588030676191,7.4027706593477509,-27.062365191653253,-53.368231286110955,1.9198542475808842
1,-1,Fz,P0,0,0.59375,-29.280988959761533,7.9764276392807778,-27.062365191653253,-53.368231286110955,1.9198542475808842
1,-1,Fz,P0,0,0.59765625,-29.203946039983069,8.4037066901706883,-27.062365191653253,-53.368231286110955,1.9198542475808842
1,-1,Fz,P0,0,0.6015625,-29.030328444357469,8.6562467866375226,-27.062365191653253,-53.368231286110955,1.9198542475808842
1,-1,Fz,P0,0,0.60546875,-28.691285109247513,8.7209565373694016,-27.062365191653253,-53.368231286110955,1.9198542475808842
1,-1,Fz,P0,0,0.609375,-28.178269072040155,8.6280883324262199,-27.062365191653253,-53.368231286110955,1.9198542475808842
1,-1,Fz,P0,0,0.61328125,-27.553262780445788,8.4803375627441806,-27.062365191653253,-53.368231286110955,1.9198542475808842
1,-1,Fz,P0,0,0.6171875,-26.931135149772892,8.4469856695602399,-27.062365191653253,-53.368231286110955,1.9198542475808842
1,-1,Fz,P0,0,0.62109375,-26.436427952772267,8.7088972248371732,-27.062365191653253,-53.368231286110955,1.9198542475808842
1,-1,Fz,P0,0,0.625,-26.148710422314402,9.3765921467484734,-27.062365191653253,-53.368231286110955,1.9198542475808842
1,-1,Fz,P0,0,0.62890625,-26.061343655593806,10.428471588612368,-27.062365191653253,-53.368231286110955,1.9198542475808842
1,-1,Fz,P0,0,0.6328125,-26.077259153544027,11.712319704963546,-27.062365191653253,-53.368231286110955,1.9198542475808842
1,-1,Fz,P0,0,0.63671875,-26.047056917615588,13.017345967929838,-27.062365191653253,-53.368231286110955,1.9198542475808842
1,-1,Fz,P0,0,0.640625,-25.830379920528713,14.174938506666633,-27.062365191653253,-53.368231286110955,1.9198542475808842
1,-1,Fz,P0,0,0.64453125,-25.35072703476505,15.124547584181535,-27.062365191653253,-53.368231286110955,1.9198542475808842
1,-1,Fz,P0,0,0.6484375,-24.622792605307534,15.913422065335423,-27.062365191653253,-53.368231286110955,1.9198542475808842
1,-1,Fz,P0,0,0.65234375,-23.746434392873375,16.654197486041408,-27.062365191653253,-53.368231286110955,1.9198542475808842
1,-1,Fz,P0,0,0.65625,-22.870288501804847,17.481651613479517,-27.062365191653253,-53.368231286110955,1.9198542475808842
1,-1,Fz,P0,0,0.66015625,-22.135212376495556,18.521114952129356,-27.062365191653253,-53.368231286110955,1.9198542475808842
1,-1,Fz,P0,0,0.6640625,-21.619082949273643,19.857673242017785,-27.062365191653253,-53.368231286110955,1.9198542475808842
1,-1,Fz,P0,0,0.66796875,-21.310630086507512,21.504255246291894,-27.062365191653253,-53.368231286110955,1.9198542475808842
1,-1,Fz,P0,0,0.671875,-21.127470639685409,23.380063986862584,-27.062365191653253,-53.368231286110955,1.9198542475808842
1,-1,Fz,P0,0,0.67578125,-20.966494033855724,25.309033667765775,-27.062365191653253,-53.368231286110955,1.9198542475808842
1,-1,Fz,P0,0,0.6796875,-20.754522080435756,27.045522344026864,-27.062365191653253,-53.368231286110955,1.9198542475808842
1,-1,Fz,P0,0,0.68359375,-20.470665742192175,28.33455106736918,-27.062365191653253,-53.368231286110955,1.9198542475808842
1,-1,Fz,P0,0,0.6875,-20.135058421033932,28.997610412689252,-27.062365191653253,-53.368231286110955,1.9198542475808842
1,-1,Fz,P0,0,0.69140625,-19.7811956119203,29.004181758782256,-27.062365191653253,-53.368231286110955,1.9198542475808842
1,-1,Fz,P0,0,0.6953125,-19.433822027454241,28.478895513367981,-27.062365191653253,-53.368231286110955,1.9198542475808842
1,-1,Fz,P0,0,0.69921875,-19.101978881545659,27.629255296088239,-27.062365191653253,-53.368231286110955,1.9198542475808842
1,-1,Fz,P0,0,0.703125,-18.781654768141888,26.635135737658469,-27.062365191653253,-53.368231286110955,1.9198542475808842
1,-1,Fz,P0,0,0.70703125,-18.45732205165902,25.569074717829924,-27.062365191653253,-53.368231286110955,1.9198542475808842
1,-1,Fz,P0,0,0.7109375,-18.098766963006586,24.394650285402182,-27.062365191653253,-53.368231286110955,1.9198542475808842
1,-1,Fz,P0,0,0.71484375,-17.661007288989001,23.040976220274644,-27.062365191653253,-53.368231286110955,1.9198542475808842
1,-1,Fz,P0,0,0.71875,-17.099079990877872,21.507661205711607,-27.062365191653253,-53.368231286110955,1.9198542475808842
1,-1,Fz,P0,0,0.72265625,-16.39971017740087,19.936239476989076,-27.062365191653253,-53.368231286110955,1.9198542475808842
1,-1,Fz,P0,0,0.7265625,-15.613371297447868,18.598761582831276,-27.062365191653253,-53.368231286110955,1.9198542475808842
1,-1,Fz,P0,0,0.73046875,-14.858681462255106,17.798922121508344,-27.062365191653253,-53.368231286110955,1.9198542475808842
1,-1,Fz,P0,0,0.734375,-14.281894466607492,17.734748851773681,-27.062365191653253,-53.368231286110955,1.9198542475808842
1,-1,Fz,P0,0,0.73828125,-13.985885390165747,18.398748247430188,-27.062365191653253,-53.368231286110955,1.9198542475808842
1,-1,Fz,P0,0,0.7421875,-13.971900005665256,19.569163307208441,-27.062365191653253,-53.368231286110955,1.9198542475808842
1,-1,Fz,P0,0,0.74609375,-14.136070717892958,20.892287469314997,-27.062365191653253,-53.368231286110955,1.9198542475808842
1,-1,Fz,P0,0,0.75,-14.327142265029284,22.011894636669425,-27.062365191653253,-53.368231286110955,1.9198542475808842
1,-1,Fz,P0,0,0.75390625,-14.428871932746546,22.68963808353427,-27.062365191653253,-53.368231286110955,1.9198542475808842
1,-1,Fz,P0,0,0.7578125,-14.415327582754704,22.871426791145133,-27.062365191653253,-53.368231286110955,1.9198542475808842
1,-1,Fz,P0,0,0.76171875,-14.35009533350734,22.677764055443461,-27.062365191653253,-53.368231286110955,1.9198542475808842
1,-1,Fz,P0,0,0.765625,-14.338588196737293,22.328802922745282,-27.062365191653253,-53.368231286110955,1.9198542475808842
1,-1,Fz,P0,0,0.76953125,-14.466876241426156,22.047137249052291,-27.062365191653253,-53.368231286110955,1.9198542475808842
1,-1,Fz,P0,0,0.7734375,-14.761245409117196,21.987661363716938,-27.062365191653253,-53.368231286110955,1.9198542475808842
1,-1,Fz,P0,0,0.77734375,-15.186936055186338,22.213284842856677,-27.062365191653253,-53.368231286110955,1.9198542475808842
1,-1,Fz,P0,0,0.78125,-15.680908610189976,22.697164458786215,-27.062365191653253,-53.368231286110955,1.9198542475808842
1,-1,Fz,P0,0,0.78515625,-16.193269380527848,23.32739310657924,-27.062365191653253,-53.368231286110955,1.9198542475808842
1,-1,Fz,P0,0,0.7890625,-16.709226025359175,23.918647139877681,-27.062365191653253,-53.368231286110955,1.9198542475808842
1,-1,Fz,P0,0,0.79296875,-17.240762762746026,24.254527797078875,-27.062365191653253,-53.368231286110955,1.9198542475808842
1,-1,Fz,P0,0,0.796875,-17.800166449397857,24.163592431462192,-27.062365191653253,-53.368231286110955,1.9198542475808842
1,-1,F3,P0,0,-0.19921875,0.51193099846749679,-2.9807379291138631,,,
1,-1,F3,P0,0,-0.1953125,-0.040325666110103076,-2.5165498996732536,,,
1,-1,F3,P0,0,-0.19140625,-0.53367890171206167,-1.9991118649767714,,,
1,-1,F3,P0,0,-0.1875,-0.893203965037491,-1.4248076125288429,,,
1,-1,F3,P0,0,-0.18359375,-1.0458336107272068,-0.80282746927725079,,,
1,-1,F3,P0,0,-0.1796875,-0.94545508012049662,-0.16645850132927825,,,
1,-1,F3,P0,0,-0.17578125,-0.61108565333502052,0.4426907878576517,,,
1,-1,F3,P0,0,-0.171875,-0.15078169302356781,0.99294151084064874,,,
1,-1,F3,P0,0,-0.16796875,0.26249788376414485,1.4561687107941548,,,
1,-1,F3,P0,0,-0.1640625,0.46673006577354353,1.7819512954186187,,,
1,-1,F3,P0,0,-0.16015625,0.39517803289837033,1.8888598683048259,,,
1,-1,F3,P0,0,-0.15625,0.10899597079165628,1.7012638494780854,,,
1,-1,F3,P0,0,-0.15234375,-0.24744066789312352,1.2145703027742669,,,
1,-1,F3,P0,0,-0.1484375,-0.53617420007551253,0.53541794768096507,,,
1,-1,F3,P0,0,-0.14453125,-0.69729472697967498,-0.14341529740192752,,,
1,-1,F3,P0,0,-0.140625,-0.75933274065830059,-0.62389416249025687,,,
1,-1,F3,P0,0,-0.13671875,-0.79419114454311868,-0.79122518382521534,,,
1,-1,F3,P0,0,-0.1328125,-0.85776227090995538,-0.66029175882851887,,,
1,-1,F3,P0,0,-0.12890625,-0.95418213768656968,-0.35831739584026112,,,
1,-1,F3,P0,0,-0.125,-1.033852585822771,-0.060218314614944334,,,
1,-1,F3,P0,0,-0.12109375,-1.0143275025039846,0.083340163148917179,,,
1,-1,F3,P0,0,-0.1171875,-0.81126328611126153,-0.005423756205852219,,,
1,-1,F3,P0,0,-0.11328125,-0.3714936475810528,-0.31023732611723864,,,
1,-1,F3,P0,0,-0.109375,0.30046844899546088,-0.72226913134920956,,,
1,-1,F3,P0,0,-0.10546875,1.1331526348499392,-1.0697241405111897,,,
1,-1,F3,P0,0,-0.1015625,2.0004889258677139,-1.1790697085986068,,,
1,-1,F3,P0,0,-0.09765625,2.7498858065464815,-0.94797586976675086,,,
1,-1,F3,P0,0,-0.09375,3.23759656425658,-0.39473620243242291,,,
1,-1,F3,P0,0,-0.08984375,3.3670309407730019,0.33714156695844721,,,
1,-1,F3,P0,0,-0.0859375,3.1231972583952783,1.0159704502561666,,,
1,-1,F3,P0,0,-0.08203125,2.5876766396477313,1.387053614163414,,,
1,-1,F3,P0,0,-0.078125,1.9202122886669049,1.2520036823250107,,,
1,-1,F3,P0,0,-0.07421875,1.3087895109720766,0.54311215535300805,,,
1,-1,F3,P0,0,-0.0703125,0.9044303502538974,-0.6320882629986132,,,
1,-1,F3,P0,0,-0.06640625,0.76303101086913461,-1.9975068035456882,,,
1,-1,F3,P0,0,-0.0625,0.82007876030073201,-3.1760150455200371,,,
1,-1,F3,P0,0,-0.05859375,0.92019785933772769,-3.8073460657137757,,,
1,-1,F3,P0,0,-0.0546875,0.8988209611618696,-3.6772370137964931,,,
1,-1,F3,P0,0,-0.05078125,0.67374458654713443,-2.7989360240495111,,,
1,-1,F3,P0,0,-0.046875,0.28494268854255961,-1.4038646921288811,,,
1,-1,F3,P0,0,-0.04296875,-0.14741925309256265,0.15151507827820479,,,
1,-1,F3,P0,0,-0.0390625,-0.51324798453318576,1.5105722857591561,,,
1,-1,F3,P0,0,-0.03515625,-0.78164878834201612,2.4206417436471912,,,
1,-1,F3,P0,0,-0.03125,-1.0043551833979063,2.7954039792812417,,,
1,-1,F3,P0,0,-0.02734375,-1.2630554879153708,2.7285710792307309,,,
1,-1,F3,P0,0,-0.0234375,-1.6025217829317613,2.4410967818231457,,,
1,-1,F3,P0,0,-0.01953125,-1.989452199436426,2.1584340475671913,,,
1,-1,F3,P0,0,-0.015625,-2.3188422121128589,1.9730522993270763,,,
1,-1,F3,P0,0,-0.01171875,-2.4657441012914014,1.7882438577291249,,,
1,-1,F3,P0,0,-0.0078125,-2.3539849018481265,1.3973992417372272,,,
1,-1,F3,P0,0,-0.00390625,-2.0011268119465444,0.652869132900183,,,
1,-1,F3,P0,0,0,-1.5148149916645484,-0.3916458705843156,-1.5799887202679033,-16.873837211896458,7.6033908133328394
1,-1,F3,P0,0,0.00390625,-1.0470406035022206,-1.465921279292695,-1.5799887202679033,-16.873837211896458,7.6033908133328394
1,-1,F3,P0,0,0.0078125,-0.7337922282925009,-2.2139793255771227,-1.5799887202679033,-16.873837211896458,7.6033908133328394
1,-1,F3,P0,0,0.01171875,-0.64825836832126571,-2.3974725953610982,-1.5799887202679033,-16.873837211896458,7.6033908133328394
1,-1,F3,P0,0,0.015625,-0.78388737536439457,-2.0472163177686147,-1.5799887202679033,-16.873837211896458,7.6033908133328394
1,-1,F3,P0,0,0.01953125,-1.0681099243036734,-1.4595212114738449,-1.5799887202679033,-16.873837211896458,7.6033908133328394
1,-1,F3,P0,0,0.0234375,-1.3953921013294326,-1.0261043760606521,-1.5799887202679033,-16.873837211896458,7.6033908133328394
1,-1,F3,P0,0,0.02734375,-1.6658927096605238,-0.99883720486845062,-1.5799887202679033,-16.873837211896458,7.6033908133328394
1,-1,F3,P0,0,0.03125,-1.8193763594000649,-1.3423563966599996,-1.5799887202679033,-16.873837211896458,7.6033908133328394
1,-1,F3,P0,0,0.03515625,-1.8533126600318577,-1.7715235460594141,-1.5799887202679033,-16.873837211896458,7.6033908133328394
1,-1,F3,P0,0,0.0390625,-1.8145713430115591,-1.9448733011861312,-1.5799887202679033,-16.873837211896458,7.6033908133328394
1,-1,F3,P0,0,0.04296875,-1.7674400608274696,-1.6843017781227738,-1.5799887202679033,-16.873837211896458,7.6033908133328394
1,-1,F3,P0,0,0.046875,-1.7578096813835538,-1.0827195897376489,-1.5799887202679033,-16.873837211896458,7.6033908133328394
1,-1,F3,P0,0,0.05078125,-1.7956528341270281,-0.43991099450343413,-1.5799887202679033,-16.873837211896458,7.6033908133328394
1,-1,F3,P0,0,0.0546875,-1.8636419357661422,-0.076968347342954588,-1.5799887202679033,-16.873837211896458,7.6033908133328394
1,-1,F3,P0,0,0.05859375,-1.9413829839427261,-0.15353078313767973,-1.5799887202679033,-16.873837211896458,7.6033908133328394
1,-1,F3,P0,0,0.0625,-2.0254247887562702,-0.60124678799471598,-1.5799887202679033,-16.873837211896458,7.6033908133328394
1,-1,F3,P0,0,0.06640625,-2.1310814615851803,-1.1995776663132485,-1.5799887202679033,-16.873837211896458,7.6033908133328394
1,-1,F3,P0,0,0.0703125,-2.2775081594151483,-1.7256623732683227,-1.5799887202679033,-16.873837211896458,7.6033908133328394
1,-1,F3,P0,0,0.07421875,-2.470161994299692,-2.0775499260286177,-1.5799887202679033,-16.873837211896458,7.6033908133328394
1,-1,F3,P0,0,0.078125,-2.6953882156281899,-2.3051598932865183,-1.5799887202679033,-16.873837211896458,7.6033908133328394
1,-1,F3,P0,0,0.08203125,-2.9290868497591531,-2.5440947524331907,-1.5799887202679033,-16.873837211896458,7.6033908133328394
1,-1,F3,P0,0,0.0859375,-3.1464777004886253,-2.9004298499571459,-1.5799887202679033,-16.873837211896458,7.6033908133328394
1,-1,F3,P0,0,0.08984375,-3.3207544800109154,-3.3619924273272686,-1.5799887202679033,-16.873837211896458,7.6033908133328394
1,-1,F3,P0,0,0.09375,-3.4170421990896216,-3.7944444029609636,-1.5799887202679033,-16.873837211896458,7.6033908133328394
1,-1,F3,P0,0,0.09765625,-3.400823677937705,-4.021739719710788,-1.5799887202679033,-16.873837211896458,7.6033908133328394
1,-1,F3,P0,0,0.1015625,-3.2654763672305416,-3.9353101036513465,-1.5799887202679033,-16.873837211896458,7.6033908133328394
1,-1,F3,P0,0,0.10546875,-3.0558084139192241,-3.568406769704124,-1.5799887202679033,-16.873837211896458,7.6033908133328394
1,-1,F3,P0,0,0.109375,-2.8581658595795534,-3.1038432590407203,-1.5799887202679033,-16.873837211896458,7.6033908133328394
1,-1,F3,P0,0,0.11328125,-2.7543815208091722,-2.8162538793696772,-1.5799887202679033,-16.873837211896458,7.6033908133328394
1,-1,F3,P0,0,0.1171875,-2.772077183819714,-2.9679616943945542,-1.5799887202679033,-16.873837211896458,7.6033908133328394
1,-1,F3,P0,0,0.12109375,-2.8720400336387217,-3.6937586875067279,-1.5799887202679033,-16.873837211896458,7.6033908133328394
1,-1,F3,P0,0,0.125,-2.982182903840652,-4.9267129100750156,-1.5799887202679033,-16.873837211896458,7.6033908133328394
1,-1,F3,P0,0,0.12890625,-3.0458614411512563,-6.4099254180111824,-1.5799887202679033,-16.873837211896458,7.6033908133328394
1,-1,F3,P0,0,0.1328125,-3.0443343164727139,-7.7931792600000502,-1.5799887202679033,-16.873837211896458,7.6033908133328394
1,-1,F3,P0,0,0.13671875,-2.9853172910764023,-8.7601675773766043,-1.5799887202679033,-16.873837211896458,7.6033908133328394
1,-1,F3,P0,0,0.140625,-2.8824200962340694,-9.1230472877412883,-1.5799887202679033,-16.873837211896458,7.6033908133328394
1,-1,F3,P0,0,0.14453125,-2.7499936106021479,-8.8617800202674317,-1.5799887202679033,-16.873837211896458,7.6033908133328394
1,-1,F3,P0,0,0.1484375,-2.6124485793826233,-8.122388647627611,-1.5799887202679033,-16.873837211896458,7.6033908133328394
1,-1,F3,P0,0,0.15234375,-2.5074326468528088,-7.1813791489041305,-1.5799887202679033,-16.873837211896458,7.6033908133328394
1,-1,F3,P0,0,0.15625,-2.4685528934122845,-6.364646000319893,-1.5799887202679033,-16.873837211896458,7.6033908133328394
1,-1,F3,P0,0,0.16015625,-2.4989917777163164,-5.9282100289705033,-1.5799887202679033,-16.873837211896458,7.6033908133328394
1,-1,F3,P0,0,0.1640625,-2.5643921894700648,-5.9529387212283762,-1.5799887202679033,-16.873837211896458,7.6033908133328394
1,-1,F3,P0,0,0.16796875,-2.6195072957044845,-6.3195693450214945,-1.5799887202679033,-16.873837211896458,7.6033908133328394
1,-1,F3,P0,0,0.171875,-2.6497119864984349,-6.789228440966891,-1.5799887202679033,-16.873837211896458,7.6033908133328394
1,-1,F3,P0,0,0.17578125,-2.6911011339995357,-7.1459524722181751,-1.5799887202679033,-16.873837211896458,7.6033908133328394
1,-1,F3,P0,0,0.1796875,-2.8097721857747175,-7.3115569872588573,-1.5799887202679033,-16.873837211896458,7.6033908133328394
1,-1,F3,P0,0,0.18359375,-3.0542571742852487,-7.3599361014164435,-1.5799887202679033,-16.873837211896458,7.6033908133328394
1,-1,F3,P0,0,0.1875,-3.4157862939495285,-7.4319966206525558,-1.5799887202679033,-16.873837211896458,7.6033908133328394
1,-1,F3,P0,0,0.19140625,-3.8253567623905442,-7.6227272921349707,-1.5799887202679033,-16.873837211896458,7.6033908133328394
1,-1,F3,P0,0,0.1953125,-4.1899433512788127,-7.9191930401351893,-1.5799887202679033,-16.873837211896458,7.6033908133328394
1,-1,F3,P0,0,0.19921875,-4.4420521508270117,-8.2175540079942557,-1.5799887202679033,-16.873837211896458,7.6033908133328394
1,-1,F3,P0,0,0.203125,-4.5686234157562016,-8.3917756911837955,-1.5799887202679033,-16.873837211896458,7.6033908133328394
1,-1,F3,P0,0,0.20703125,-4.6026912478465833,-8.3657529857784194,-1.5799887202679033,-16.873837211896458,7.6033908133328394
1,-1,F3,P0,0,0.2109375,-4.5890490335392524,-8.1517969170512732,-1.5799887202679033,-16.873837211896458,7.6033908133328394
1,-1,F3,P0,0,0.21484375,-4.5509913103201667,-7.8417769323231159,-1.5799887202679033,-16.873837211896458,7.6033908133328394
1,-1,F3,P0,0,0.21875,-4.4786272376004073,-7.5622060340240198,-1.5799887202679033,-16.873837211896458,7.6033908133328394
1,-1,F3,P0,0,0.22265625,-4.34077007708445,-7.4237010170010631,-1.5799887202679033,-16.873837211896458,7.6033908133328394
1,-1,F3,P0,0,0.2265625,-4.1101046896406972,-7.4932633339503774,-1.5799887202679033,-16.873837211896458,7.6033908133328394
1,-1,F3,P0,0,0.23046875,-3.7898530895851135,-7.7925510100167896,-1.5799887202679033,-16.873837211896458,7.6033908133328394
1,-1,F3,P0,0,0.234375,-3.4305153245888369,-8.3022530487878949,-1.5799887202679033,-16.873837211896458,7.6033908133328394
1,-1,F3,P0,0,0.23828125,-3.1243747681085861,-8.956033434283551,-1.5799887202679033,-16.873837211896458,7.6033908133328394
1,-1,F3,P0,0,0.2421875,-2.9722849390366686,-9.6303977353293195,-1.5799887202679033,-16.873837211896458,7.6033908133328394
1,-1,F3,P0,0,0.24609375,-3.0345735430461285,-10.152694251041165,-1.5799887202679033,-16.873837211896458,7.6033908133328394
1,-1,F3,P0,0,0.25,-3.2920509309361852,-10.341783303340659,-1.5799887202679033,-16.873837211896458,7.6033908133328394
1,-1,F3,P0,0,0.25390625,-3.6407124738615493,-10.07244311842199,-1.5799887202679033,-16.873837211896458,7.6033908133328394
1,-1,F3,P0,0,0.2578125,-3.9268177437452536,-9.3366920180290798,-1.5799887202679033,-16.873837211896458,7.6033908133328394
1,-1,F3,P0,0,0.26171875,-4.0082849426305982,-8.2733923435724037,-1.5799887202679033,-16.873837211896458,7.6033908133328394
1,-1,F3,P0,0,0.265625,-3.8135814732989544,-7.1458864574991221,-1.5799887202679033,-16.873837211896458,7.6033908133328394
1,-1,F3,P0,0,0.26953125,-3.3683018058696574,-6.263836338518149,-1.5799887202679033,-16.873837211896458,7.6033908133328394
1,-1,F3,P0,0,0.2734375,-2.7750172686368613,-5.8730861400277661,-1.5799887202679033,-16.873837211896458,7.6033908133328394
1,-1,F3,P0,0,0.27734375,-2.157889031479157,-6.0621633853625312,-1.5799887202679033,-16.873837211896458,7.6033908133328394
1,-1,F3,P0,0,0.28125,-1.6062479079562846,-6.7304119547393171,-1.5799887202679033,-16.873837211896458,7.6033908133328394
1,-1,F3,P0,0,0.28515625,-1.1527800680385014,-7.6292534989309289,-1.5799887202679033,-16.873837211896458,7.6033908133328394
1,-1,F3,P0,0,0.2890625,-0.79487451942835918,-8.4539044488634687,-1.5799887202679033,-16.873837211896458,7.6033908133328394
1,-1,F3,P0,0,0.29296875,-0.53242842397816637,-8.9507337876756026,-1.5799887202679033,-16.873837211896458,7.6033908133328394
1,-1,F3,P0,0,0.296875,-0.38524944847279641,-9.0057683073764565,-1.5799887202679033,-16.873837211896458,7.6033908133328394
1,-1,F3,P0,0,0.30078125,-0.3769889465620031,-8.678426391943427,-1.5799887202679033,-16.873837211896458,7.6033908133328394
1,-1,F3,P0,0,0.3046875,-0.50432504596875438,-8.1564656979539478,-1.5799887202679033,-16.873837211896458,7.6033908133328394
1,-1,F3,P0,0,0.30859375,-0.72022306710118777,-7.6500497810035526,-1.5799887202679033,-16.873837211896458,7.6033908133328394
1,-1,F3,P0,0,0.3125,-0.94559955254829331,-7.2876355144929121,-1.5799887202679033,-16.873837211896458,7.6033908133328394
1,-1,F3,P0,0,0.31640625,-1.1023980546552075,-7.0767377998331771,-1.5799887202679033,-16.873837211896458,7.6033908133328394
1,-1,F3,P0,0,0.3203125,-1.148513692083895,-6.9420879083138995,-1.5799887202679033,-16.873837211896458,7.6033908133328394
1,-1,F3,P0,0,0.32421875,-1.0958286925126799,-6.7965769617621463,-1.5799887202679033,-16.873837211896458,7.6033908133328394
1,-1,F3,P0,0,0.328125,-1.0027574944923738,-6.5862912210074702,-1.5799887202679033,-16.873837211896458,7.6033908133328394
1,-1,F3,P0,0,0.33203125,-0.94463284101076661,-6.2885698325543808,-1.5799887202679033,-16.873837211896458,7.6033908133328394
1,-1,F3,P0,0,0.3359375,-0.97515269968298424,-5.8916003010945701,-1.5799887202679033,-16.873837211896458,7.6033908133328394
1,-1,F3,P0,0,0.33984375,-1.0980921356820079,-5.3963994563814444,-1.5799887202679033,-16.873837211896458,7.6033908133328394
1,-1,F3,P0,0,0.34375,-1.265610927548674,-4.8481785313144465,-1.5799887202679033,-16.873837211896458,7.6033908133328394
1,-1,F3,P0,0,0.34765625,-1.4059850483175442,-4.3617215930678492,-1.5799887202679033,-16.873837211896458,7.6033908133328394
1,-1,F3,P0,0,0.3515625,-1.466601506685941,-4.0977061384473084,-1.5799887202679033,-16.873837211896458,7.6033908133328394
1,-1,F3,P0,0,0.35546875,-1.4474602161650945,-4.1838374909957157,-1.5799887202679033,-16.873837211896458,7.6033908133328394
1,-1,F3,P0,0,0.359375,-1.4030135087379749,-4.626966584508228,-1.5799887202679033,-16.873837211896458,7.6033908133328394
1,-1,F3,P0,0,0.36328125,-1.4078586719916393,-5.2829140889998429,-1.5799887202679033,-16.873837211896458,7.6033908133328394
1,-1,F3,P0,0,0.3671875,-1.5071335132658215,-5.9157822822571173,-1.5799887202679033,-16.873837211896458,7.6033908133328394
1,-1,F3,P0,0,0.37109375,-1.6877065476135951,-6.3163539037082259,-1.5799887202679033,-16.873837211896458,7.6033908133328394
1,-1,F3,P0,0,0.375,-1.894537792895834,-6.4119651456973621,-1.5799887202679033,-16.873837211896458,7.6033908133328394
1,-1,F3,P0,0,0.37890625,-2.0806387602717735,-6.3091603960556499,-1.5799887202679033,-16.873837211896458,7.6033908133328394
1,-1,F3,P0,0,0.3828125,-2.2481809391893366,-6.2479156384338275,-1.5799887202679033,-16.873837211896458,7.6033908133328394
1,-1,F3,P0,0,0.38671875,-2.444528231030755,-6.4895042148296911,-1.5799887202679033,-16.873837211896458,7.6033908133328394
1,-1,F3,P0,0,0.390625,-2.7183151907207113,-7.1934124917283153,-1.5799887202679033,-16.873837211896458,7.6033908133328394
1,-1,F3,P0,0,0.39453125,-3.0776098336809112,-8.3448521247151959,-1.5799887202679033,-16.873837211896458,7.6033908133328394
1,-1,F3,P0,0,0.3984375,-3.4875699123043193,-9.7649800096857273,-1.5799887202679033,-16.873837211896458,7.6033908133328394
1,-1,F3,P0,0,0.40234375,-3.9049245255824037,-11.188888943309522,-1.5799887202679033,-16.873837211896458,7.6033908133328394
1,-1,F3,P0,0,0.40625,-4.3145499906559399,-12.36650120449703,-1.5799887202679033,-16.873837211896458,7.6033908133328394
1,-1,F3,P0,0,0.41015625,-4.7394870360765653,-13.146030146797731,-1.5799887202679033,-16.873837211896458,7.6033908133328394
1,-1,F3,P0,0,0.4140625,-5.2233639808733532,-13.51936670714557,-1.5799887202679033,-16.873837211896458,7.6033908133328394
1,-1,F3,P0,0,0.41796875,-5.8001527601753233,-13.617315136134531,-1.5799887202679033,-16.873837211896458,7.6033908133328394
1,-1,F3,P0,0,0.421875,-6.465901313869125,-13.647593529339691,-1.5799887202679033,-16.873837211896458,7.6033908133328394
1,-1,F3,P0,0,0.42578125,-7.16581991563275,-13.793768073379068,-1.5799887202679033,-16.873837211896458,7.6033908133328394
1,-1,F3,P0,0,0.4296875,-7.8078844985867324,-14.128516276939914,-1.5799887202679033,-16.873837211896458,7.6033908133328394
1,-1,F3,P0,0,0.43359375,-8.3001261737793683,-14.597687867286192,-1.5799887202679033,-16.873837211896458,7.6033908133328394
1,-1,F3,P0,0,0.4375,-8.5899203057620745,-15.084840824996279,-1.5799887202679033,-16.873837211896458,7.6033908133328394
1,-1,F3,P0,0,0.44140625,-8.6809402575823533,-15.505984541226738,-1.5799887202679033,-16.873837211896458,7.6033908133328394
1,-1,F3,P0,0,0.4453125,-8.6218101886933862,-15.864493331249401,-1.5799887202679033,-16.873837211896458,7.6033908133328394
1,-1,F3,P0,0,0.44921875,-8.4806521252171319,-16.230365935727946,-1.5799887202679033,-16.873837211896458,7.6033908133328394
1,-1,F3,P0,0,0.453125,-8.3230142051164151,-16.664066499416851,-1.5799887202679033,-16.873837211896458,7.6033908133328394
1,-1,F3,P0,0,0.45703125,-8.1991383254207797,-17.142314747157613,-1.5799887202679033,-16.873837211896458,7.6033908133328394
1,-1,F3,P0,0,0.4609375,-8.1353321567190076,-17.540057274478304,-1.5799887202679033,-16.873837211896458,7.6033908133328394
1,-1,F3,P0,0,0.46484375,-8.1234997003634355,-17.683300186374552,-1.5799887202679033,-16.873837211896458,7.6033908133328394
1,-1,F3,P0,0,0.46875,-8.1123800844006553,-17.438953162990156,-1.5799887202679033,-16.873837211896458,7.6033908133328394
1,-1,F3,P0,0,0.47265625,-8.0151132977802284,-16.785598826325906,-1.5799887202679033,-16.873837211896458,7.6033908133328394
1,-1,F3,P0,0,0.4765625,-7.7450355433609257,-15.826721555158064,-1.5799887202679033,-16.873837211896458,7.6033908133328394
1,-1,F3,P0,0,0.48046875,-7.2684239869897969,-14.746478798602121,-1.5799887202679033,-16.873837211896458,7.6033908133328394
1,-1,F3,P0,0,0.484375,-6.639150288555534,-13.738966910622533,-1.5799887202679033,-16.873837211896458,7.6033908133328394
1,-1,F3,P0,0,0.48828125,-5.98440855180176,-12.950471314322233,-1.5799887202679033,-16.873837211896458,7.6033908133328394
1,-1,F3,P0,0,0.4921875,-5.4436349150026251,-12.458876985584974,-1.5799887202679033,-16.873837211896458,7.6033908133328394
1,-1,F3,P0,0,0.49609375,-5.0965176164899857,-12.283617659026708,-1.5799887202679033,-16.873837211896458,7.6033908133328394
1,-1,F3,P0,0,0.5,-4.9246123664402957,-12.397322426265728,-1.5799887202679033,-16.873837211896458,7.6033908133328394
1,-1,F3,P0,0,0.50390625,-4.8302699798055677,-12.72044123824557,-1.5799887202679033,-16.873837211896458,7.6033908133328394
1,-1,F3,P0,0,0.5078125,-4.7013309641982861,-13.112411977444149,-1.5799887202679033,-16.873837211896458,7.6033908133328394
1,-1,F3,P0,0,0.51171875,-4.4822951818557382,-13.388616099181446,-1.5799887202679033,-16.873837211896458,7.6033908133328394
1,-1,F3,P0,0,0.515625,-4.2081678756426903,-13.372486128798499,-1.5799887202679033,-16.873837211896458,7.6033908133328394
1,-1,F3,P0,0,0.51953125,-3.9781490543285418,-12.959307869869079,-1.5799887202679033,-16.873837211896458,7.6033908133328394
1,-1,F3,P0,0,0.5234375,-3.883370323310293,-12.15489509482464,-1.5799887202679033,-16.873837211896458,7.6033908133328394
1,-1,F3,P0,0,0.52734375,-3.9374550168785465,-11.066902350810901,-1.5799887202679033,-16.873837211896458,7.6033908133328394
1,-1,F3,P0,0,0.53125,-4.064244964086412,-9.8549784293025091,-1.5799887202679033,-16.873837211896458,7.6033908133328394
1,-1,F3,P0,0,0.53515625,-4.1574854897005382,-8.6686105472682247,-1.5799887202679033,-16.873837211896458,7.6033908133328394
1,-1,F3,P0,0,0.5390625,-4.1668287712268146,-7.6047169932276066,-1.5799887202679033,-16.873837211896458,7.6033908133328394
1,-1,F3,P0,0,0.54296875,-4.1387341754862739,-6.7002680375208552,-1.5799887202679033,-16.873837211896458,7.6033908133328394
1,-1,F3,P0,0,0.546875,-4.1783973870247131,-5.9525219993956542,-1.5799887202679033,-16.873837211896458,7.6033908133328394
1,-1,F3,P0,0,0.55078125,-4.3654279401276481,-5.3477979560309512,-1.5799887202679033,-16.873837211896458,7.6033908133328394
1,-1,F3,P0,0,0.5546875,-4.689974994508316,-4.8820610415106236,-1.5799887202679033,-16.873837211896458,7.6033908133328394
1,-1,F3,P0,0,0.55859375,-5.0519336293226296,-4.5631464042528975,-1.5799887202679033,-16.873837211896458,7.6033908133328394
1,-1,F3,P0,0,0.5625,-5.3138003064355628,-4.3917217747812476,-1.5799887202679033,-16.873837211896458,7.6033908133328394
1,-1,F3,P0,0,0.56640625,-5.3652109878696717,-4.3323889776938662,-1.5799887202679033,-16.873837211896458,7.6033908133328394
1,-1,F3,P0,0,0.5703125,-5.163299422724891,-4.3020821211054985,-1.5799887202679033,-16.873837211896458,7.6033908133328394
1,-1,F3,P0,0,0.57421875,-4.7404061914907585,-4.1983754624871228,-1.5799887202679033,-16.873837211896458,7.6033908133328394
1,-1,F3,P0,0,0.578125,-4.1905628390809353,-3.9584824201373361,-1.5799887202679033,-16.873837211896458,7.6033908133328394
1,-1,F3,P0,0,0.58203125,-3.6453231591515451,-3.6071964399939977,-1.5799887202679033,-16.873837211896458,7.6033908133328394
1,-1,F3,P0,0,0.5859375,-3.2387165189731806,-3.252761792354224,-1.5799887202679033,-16.873837211896458,7.6033908133328394
1,-1,F3,P0,0,0.58984375,-3.0609790366432774,-3.0276663459470026,-1.5799887202679033,-16.873837211896458,7.6033908133328394
1,-1,F3,P0,0,0.59375,-3.1165764462366625,-3.0145348339283338,-1.5799887202679033,-16.873837211896458,7.6033908133328394
1,-1,F3,P0,0,0.59765625,-3.3141055282062086,-3.2058016030823158,-1.5799887202679033,-16.873837211896458,7.6033908133328394
1,-1,F3,P0,0,0.6015625,-3.502354335610951,-3.5124894760943168,-1.5799887202679033,-16.873837211896458,7.6033908133328394
1,-1,F3,P0,0,0.60546875,-3.5359808819263909,-3.7994103803133719,-1.5799887202679033,-16.873837211896458,7.6033908133328394
1,-1,F3,P0,0,0.609375,-3.3357839696823075,-3.9195886610801685,-1.5799887202679033,-16.873837211896458,7.6033908133328394
1,-1,F3,P0,0,0.61328125,-2.9162054934255455,-3.7422830013107582,-1.5799887202679033,-16.873837211896458,7.6033908133328394
1,-1,F3,P0,0,0.6171875,-2.3728426309612711,-3.1816838425046123,-1.5799887202679033,-16.873837211896458,7.6033908133328394
1,-1,F3,P0,0,0.62109375,-1.8386913639934215,-2.22456413384301,-1.5799887202679033,-16.873837211896458,7.6033908133328394
1,-1,F3,P0,0,0.625,-1.4268847136854648,-0.94298081092422337,-1.5799887202679033,-16.873837211896458,7.6033908133328394
1,-1,F3,P0,0,0.62890625,-1.182947916301351,0.52016450034815298,-1.5799887202679033,-16.873837211896458,7.6033908133328394
1,-1,F3,P0,0,0.6328125,-1.0681402629943348,1.992845341092558,-1.5799887202679033,-16.873837211896458,7.6033908133328394
1,-1,F3,P0,0,0.63671875,-0.98169425213007178,3.3308071341792331,-1.5799887202679033,-16.873837211896458,7.6033908133328394
1,-1,F3,P0,0,0.640625,-0.80875871218000861,4.4663334296706729,-1.5799887202679033,-16.873837211896458,7.6033908133328394
1,-1,F3,P0,0,0.64453125,-0.46889145162027684,5.4223125729211805,-1.5799887202679033,-16.873837211896458,7.6033908133328394
1,-1,F3,P0,0,0.6484375,0.054347667868347736,6.2861715695585954,-1.5799887202679033,-16.873837211896458,7.6033908133328394
1,-1,F3,P0,0,0.65234375,0.70906375403962318,7.1717521764894139,-1.5799887202679033,-16.873837211896458,7.6033908133328394
1,-1,F3,P0,0,0.65625,1.3950961783576648,8.1988798024512022,-1.5799887202679033,-16.873837211896458,7.6033908133328394
1,-1,F3,P0,0,0.66015625,2.0038401638177787,9.483326738529021,-1.5799887202679033,-16.873837211896458,7.6033908133328394
1,-1,F3,P0,0,0.6640625,2.4636939457451814,11.107736915861841,-1.5799887202679033,-16.873837211896458,7.6033908133328394
1,-1,F3,P0,0,0.66796875,2.767381314761916,13.067907066520547,-1.5799887202679033,-16.873837211896458,7.6033908133328394
1,-1,F3,P0,0,0.671875,2.9638478738084997,15.222436494659712,-1.5799887202679033,-16.873837211896458,7.6033908133328394
1,-1,F3,P0,0,0.67578125,3.1214167133378519,17.282025821646055,-1.5799887202679033,-16.873837211896458,7.6033908133328394
1,-1,F3,P0,0,0.6796875,3.2898124829713176,18.864820469897051,-1.5799887202679033,-16.873837211896458,7.6033908133328394
1,-1,F3,P0,0,0.68359375,3.4861503081906968,19.622093219580648,-1.5799887202679033,-16.873837211896458,7.6033908133328394
1,-1,F3,P0,0,0.6875,3.7070442550369789,19.395692234326198,-1.5799887202679033,-16.873837211896458,7.6033908133328394
1,-1,F3,P0,0,0.69140625,3.9487969656863791,18.323285941026679,-1.5799887202679033,-16.873837211896458,7.6033908133328394
1,-1,F3,P0,0,0.6953125,4.2174092191896033,16.808451337948203,-1.5799887202679033,-16.873837211896458,7.6033908133328394
1,-1,F3,P0,0,0.69921875,4.5246390583895524,15.345228407024786,-1.5799887202679033,-16.873837211896458,7.6033908133328394
1,-1,F3,P0,0,0.703125,4.879727563826628,14.28700977173737,-1.5799887202679033,-16.873837211896458,7.6033908133328394
1,-1,F3,P0,0,0.70703125,5.2886958580745906,13.694284536269107,-1.5799887202679033,-16.873837211896458,7.6033908133328394
1,-1,F3,P0,0,0.7109375,5.7631843507115246,13.346569810765031,-1.5799887202679033,-16.873837211896458,7.6033908133328394
1,-1,F3,P0,0,0.71484375,6.3272375988345537,12.903431954311111,-1.5799887202679033,-16.873837211896458,7.6033908133328394
1,-1,F3,P0,0,0.71875,7.0072922286048369,12.118979461671584,-1.5799887202679033,-16.873837211896458,7.6033908133328394
1,-1,F3,P0,0,0.72265625,7.803038362286463,10.992982117003796,-1.5799887202679033,-16.873837211896458,7.6033908133328394
1,-1,F3,P0,0,0.7265625,8.6553796650576977,9.7804091108111688,-1.5799887202679033,-16.873837211896458,7.6033908133328394
1,-1,F3,P0,0,0.73046875,9.4381416593789869,8.858809758375557,-1.5799887202679033,-16.873837211896458,7.6033908133328394
1,-1,F3,P0,0,0.734375,9.9928088084694622,8.5316872262559365,-1.5799887202679033,-16.873837211896458,7.6033908133328394
1,-1,F3,P0,0,0.73828125,10.199504778855342,8.878648391342999,-1.5799887202679033,-16.873837211896458,7.6033908133328394
1,-1,F3,P0,0,0.7421875,10.04567206218214,9.727177306021801,-1.5799887202679033,-16.873837211896458,7.6033908133328394
1,-1,F3,P0,0,0.74609375,9.6433079370912438,10.745039199976125,-1.5799887202679033,-16.873837211896458,7.6033908133328394
1,-1,F3,P0,0,0.75,9.1752753715394455,11.591008439288888,-1.5799887202679033,-16.873837211896458,7.6033908133328394
1,-1,F3,P0,0,0.75390625,8.8028986380384602,12.046422743850727,-1.5799887202679033,-16.873837211896458,7.6033908133328394
1,-1,F3,P0,0,0.7578125,8.5942879964463259,12.075010632084396,-1.5799887202679033,-16.873837211896458,7.6033908133328394
1,-1,F3,P0,0,0.76171875,8.5120045795716504,11.799872766981597,-1.5799887202679033,-16.873837211896458,7.6033908133328394
1,-1,F3,P0,0,0.765625,8.4550807825977436,11.424019286505464,-1.5799887202679033,-16.873837211896458,7.6033908133328394
1,-1,F3,P0,0,0.76953125,8.32229933590847,11.141617440542904,-1.5799887202679033,-16.873837211896458,7.6033908133328394
1,-1,F3,P0,0,0.7734375,8.0612727413827336,11.080948207617032,-1.5799887202679033,-16.873837211896458,7.6033908133328394
1,-1,F3,P0,0,0.77734375,7.6816074276866857,11.287666631062843,-1.5799887202679033,-16.873837211896458,7.6033908133328394
1,-1,F3,P0,0,0.78125,7.2327855247196462,11.725321517229741,-1.5799887202679033,-16.873837211896458,7.6033908133328394
1,-1,F3,P0,0,0.78515625,6.7682861213970504,12.273760628045011,-1.5799887202679033,-16.873837211896458,7.6033908133328394
1,-1,F3,P0,0,0.7890625,6.3213612845748353,12.739241597443785,-1.5799887202679033,-16.873837211896458,7.6033908133328394
1,-1,F3,P0,0,0.79296875,5.9024150066900161,12.904687701488646,-1.5799887202679033,-16.873837211896458,7.6033908133328394
1,-1,F3,P0,0,0.796875,5.5096717247284444,12.616823549943055,-1.5799887202679033,-16.873837211896458,7.6033908133328394
1,-1,F4,P0,0,-0.19921875,-1.2325654176062404,1.1777542713522724,,,
1,-1,F4,P0,0,-0.1953125,-1.6851842608293388,1.8249240711410142,,,
1,-1,F4,P0,0,-0.19140625,-2.0247102004142632,2.2611704547628371,,,
1,-1,F4,P0,0,-0.1875,-2.1897974379056446,2.4924888493500661,,,
1,-1,F4,P0,0,-0.18359375,-2.1202525801545962,2.5864199817626945,,,
1,-1,F4,P0,0,-0.1796875,-1.7864483052790352,2.6334368127254,,,
1,-1,F4,P0,0,-0.17578125,-1.2252037689737125,2.7096850889673521,,,
1,-1,F4,P0,0,-0.171875,-0.55456401335103611,2.851312992354146,,,
1,-1,F4,P0,0,-0.16796875,0.052555478387841872,3.0413490546708521,,,
1,-1,F4,P0,0,-0.1640625,0.43106281725236467,3.2132678982645282,,,
1,-1,F4,P0,0,-0.16015625,0.4922070605275724,3.2793976449860445,,,
1,-1,F4,P0,0,-0.15625,0.25833489657246633,3.1784348568968208,,,
1,-1,F4,P0,0,-0.15234375,-0.15856919647273626,2.9125502671983954,,,
1,-1,F4,P0,0,-0.1484375,-0.62038675199310533,2.5439139087575127,,,
1,-1,F4,P0,0,-0.14453125,-1.025095185277429,2.1537725933422802,,,
1,-1,F4,P0,0,-0.140625,-1.3299867794129767,1.7992730148418483,,,
1,-1,F4,P0,0,-0.13671875,-1.5339867679605217,1.4980484670256828,,,
1,-1,F4,P0,0,-0.1328125,-1.6477037498331499,1.2397117734011747,,,
1,-1,F4,P0,0,-0.12890625,-1.6777296810163718,1.0040669588508502,,,
1,-1,F4,P0,0,-0.125,-1.6270062432184689,0.77087668469381232,,,
1,-1,F4,P0,0,-0.12109375,-1.4965847754580397,0.52063814685777154,,,
1,-1,F4,P0,0,-0.1171875,-1.2806821375987396,0.2359343264575727,,,
1,-1,F4,P0,0,-0.11328125,-0.96309987484617288,-0.087569995684279783,,,
1,-1,F4,P0,0,-0.109375,-0.52681024114604624,-0.42447700316648129,,,
1,-1,F4,P0,0,-0.10546875,0.024414273142467066,-0.71523037060767847,,,
1,-1,F4,P0,0,-0.1015625,0.64702049814449081,-0.88606178115051148,,,
1,-1,F4,P0,0,-0.09765625,1.256750865399338,-0.8826315376443663,,,
1,-1,F4,P0,0,-0.09375,1.7514672535114912,-0.69594737587592026,,,
1,-1,F4,P0,0,-0.08984375,2.0501759384574743,-0.37243381028827427,,,
1,-1,F4,P0,0,-0.0859375,2.1282003243163286,-0.013506809265458612,,,
1,-1,F4,P0,0,-0.08203125,2.026604718415534,0.23475494880326148,,,
1,-1,F4,P0,0,-0.078125,1.8313737720144412,0.21026649775247933,,,
1,-1,F4,P0,0,-0.07421875,1.6399014056497463,-0.21385395013107875,,,
1,-1,F4,P0,0,-0.0703125,1.532860232973108,-1.0663209176124151,,,
1,-1,F4,P0,0,-0.06640625,1.5515234900867125,-2.2312369935501852,,,
1,-1,F4,P0,0,-0.0625,1.6759810942164566,-3.4562776470526355,,,
1,-1,F4,P0,0,-0.05859375,1.8184970034585621,-4.4356452875224326,,,
1,-1,F4,P0,0,-0.0546875,1.8557662465556566,-4.936516828851115,,,
1,-1,F4,P0,0,-0.05078125,1.696347895998036,-4.8927385793532236,,,
1,-1,F4,P0,0,-0.046875,1.3397880401697644,-4.4044050674495834,,,
1,-1,F4,P0,0,-0.04296875,0.88102779681248955,-3.6536214937962295,,,
1,-1,F4,P0,0,-0.0390625,0.45542709335353265,-2.8072298252777652,,,
1,-1,F4,P0,0,-0.03515625,0.16416427640590839,-1.969780089665609,,,
1,-1,F4,P0,0,-0.03125,0.028488936269952119,-1.1943537368398385,,,
1,-1,F4,P0,0,-0.02734375,-0.0044880838176811176,-0.5198920665663529,,,
1,-1,F4,P0,0,-0.0234375,-0.015990268032510337,-0.0078922182528221516,,,
1,-1,F4,P0,0,-0.01953125,-0.0621324063488322,0.23298956271751023,,,
1,-1,F4,P0,0,-0.015625,-0.14534228321772455,0.048615460595446601,,,
1,-1,F4,P0,0,-0.01171875,-0.22416501290968296,-0.71199001572105702,,,
1,-1,F4,P0,0,-0.0078125,-0.24745111315561077,-2.100990402485142,,,
1,-1,F4,P0,0,-0.00390625,-0.18400487186208406,-3.9744507847191528,,,
1,-1,F4,P0,0,0,-0.029680792487286129,-5.9676964762449067,5.4937249004268489,-4.4677996072029957,13.073745347441664
1,-1,F4,P0,0,0.00390625,0.2031780481424999,-7.5928266856595048,5.4937249004268489,-4.4677996072029957,13.073745347441664
1,-1,F4,P0,0,0.0078125,0.49827649174637817,-8.4361139336988309,5.4937249004268489,-4.4677996072029957,13.073745347441664
1,-1,F4,P0,0,0.01171875,0.83988362591644949,-8.3599231602584165,5.4937249004268489,-4.4677996072029957,13.073745347441664
1,-1,F4,P0,0,0.015625,1.2090475267877101,-7.5900008426107544,5.4937249004268489,-4.4677996072029957,13.073745347441664
1,-1,F4,P0,0,0.01953125,1.5776003912246044,-6.6200723269552402,5.4937249004268489,-4.4677996072029957,13.073745347441664
1,-1,F4,P0,0,0.0234375,1.9081338699657204,-5.9723989244383926,5.4937249004268489,-4.4677996072029957,13.073745347441664
1,-1,F4,P0,0,0.02734375,2.1628740418530095,-5.9478811071573618,5.4937249004268489,-4.4677996072029957,13.073745347441664
1,-1,F4,P0,0,0.03125,2.3145472934070983,-6.5073244442778098,5.4937249004268489,-4.4677996072029957,13.073745347441664
1,-1,F4,P0,0,0.03515625,2.3503917588436605,-7.3361230768394963,5.4937249004268489,-4.4677996072029957,13.073745347441664
1,-1,F4,P0,0,0.0390625,2.2700501999615752,-8.0312619398071359,5.4937249004268489,-4.4677996072029957,13.073745347441664
1,-1,F4,P0,0,0.04296875,2.085666020664168,-8.2952510851005137,5.4937249004268489,-4.4677996072029957,13.073745347441664
1,-1,F4,P0,0,0.046875,1.8277212309469637,-8.0438276690501915,5.4937249004268489,-4.4677996072029957,13.073745347441664
1,-1,F4,P0,0,0.05078125,1.5498662515665798,-7.3960568710365084,5.4937249004268489,-4.4677996072029957,13.073745347441664
1,-1,F4,P0,0,0.0546875,1.3226501037388203,-6.5774490338950944,5.4937249004268489,-4.4677996072029957,13.073745347441664
1,-1,F4,P0,0,0.05859375,1.2129491178971514,-5.8039538854689816,5.4937249004268489,-4.4677996072029957,13.073745347441664
1,-1,F4,P0,0,0.0625,1.2567419280669669,-5.210651466569816,5.4937249004268489,-4.4677996072029957,13.073745347441664
1,-1,F4,P0,0,0.06640625,1.4396460796586561,-4.8466772332910342,5.4937249004268489,-4.4677996072029957,13.073745347441664
1,-1,F4,P0,0,0.0703125,1.6977453583502178,-4.7105079567032959,5.4937249004268489,-4.4677996072029957,13.073745347441664
1,-1,F4,P0,0,0.07421875,1.9409715373270358,-4.7843019625510204,5.4937249004268489,-4.4677996072029957,13.073745347441664
1,-1,F4,P0,0,0.078125,2.088786800031647,-5.0453988574011621,5.4937249004268489,-4.4677996072029957,13.073745347441664
1,-1,F4,P0,0,0.08203125,2.1022609505823935,-5.4586486648234223,5.4937249004268489,-4.4677996072029957,13.073745347441664
1,-1,F4,P0,0,0.0859375,2.0005474406006631,-5.9628124915901353,5.4937249004268489,-4.4677996072029957,13.073745347441664
1,-1,F4,P0,0,0.08984375,1.8562139939307436,-6.4627498606781328,5.4937249004268489,-4.4677996072029957,13.073745347441664
1,-1,F4,P0,0,0.09375,1.7680402397416779,-6.8395526870560159,5.4937249004268489,-4.4677996072029957,13.073745347441664
1,-1,F4,P0,0,0.09765625,1.8169503901491491,-6.9887642599218704,5.4937249004268489,-4.4677996072029957,13.073745347441664
1,-1,F4,P0,0,0.1015625,2.0230906305147429,-6.8788550686065628,5.4937249004268489,-4.4677996072029957,13.073745347441664
1,-1,F4,P0,0,0.10546875,2.3285998081218087,-6.5963993430131289,5.4937249004268489,-4.4677996072029957,13.073745347441664
1,-1,F4,P0,0,0.109375,2.6202170742338149,-6.3391368351019457,5.4937249004268489,-4.4677996072029957,13.073745347441664
1,-1,F4,P0,0,0.11328125,2.7835204730034429,-6.3443712577858404,5.4937249004268489,-4.4677996072029957,13.073745347441664
1,-1,F4,P0,0,0.1171875,2.7617700234305191,-6.7787431337453548,5.4937249004268489,-4.4677996072029957,13.073745347441664
1,-1,F4,P0,0,0.12109375,2.5878559443484259,-7.642103065728473,5.4937249004268489,-4.4677996072029957,13.073745347441664
1,-1,F4,P0,0,0.125,2.370125211798265,-8.7397866791079792,5.4937249004268489,-4.4677996072029957,13.073745347441664
1,-1,F4,P0,0,0.12890625,2.2379383072311767,-9.7482200053504453,5.4937249004268489,-4.4677996072029957,13.073745347441664
1,-1,F4,P0,0,0.1328125,2.277445414584212,-10.34689518590163,5.4937249004268489,-4.4677996072029957,13.073745347441664
1,-1,F4,P0,0,0.13671875,2.4938002181379568,-10.348511415319095,5.4937249004268489,-4.4677996072029957,13.073745347441664
1,-1,F4,P0,0,0.140625,2.8171843131824752,-9.7653051037170133,5.4937249004268489,-4.4677996072029957,13.073745347441664
1,-1,F4,P0,0,0.14453125,3.1424728233863641,-8.7981448213182247,5.4937249004268489,-4.4677996072029957,13.073745347441664
1,-1,F4,P0,0,0.1484375,3.3775012915122242,-7.7734341374104963,5.4937249004268489,-4.4677996072029957,13.073745347441664
1,-1,F4,P0,0,0.15234375,3.4784283519782608,-7.0482527238164474,5.4937249004268489,-4.4677996072029957,13.073745347441664
1,-1,F4,P0,0,0.15625,3.46191196427699,-6.8906220244324796,5.4937249004268489,-4.4677996072029957,13.073745347441664
1,-1,F4,P0,0,0.16015625,3.3924154790127639,-7.3629456540670679,5.4937249004268489,-4.4677996072029957,13.073745347441664
1,-1,F4,P0,0,0.1640625,3.3492377666537925,-8.2707221825733139,5.4937249004268489,-4.4677996072029957,13.073745347441664
1,-1,F4,P0,0,0.16796875,3.3858733223922948,-9.2283490171754039,5.4937249004268489,-4.4677996072029957,13.073745347441664
1,-1,F4,P0,0,0.171875,3.5017011263377715,-9.8289934073542469,5.4937249004268489,-4.4677996072029957,13.073745347441664
1,-1,F4,P0,0,0.17578125,3.6436274942553677,-9.8357693504123436,5.4937249004268489,-4.4677996072029957,13.073745347441664
1,-1,F4,P0,0,0.1796875,3.738337160696914,-9.2905956921888269,5.4937249004268489,-4.4677996072029957,13.073745347441664
1,-1,F4,P0,0,0.18359375,3.735209056031231,-8.4798070032351838,5.4937249004268489,-4.4677996072029957,13.073745347441664
1,-1,F4,P0,0,0.1875,3.6339425059612132,-7.7764359748372742,5.4937249004268489,-4.4677996072029957,13.073745347441664
1,-1,F4,P0,0,0.19140625,3.4832625931539924,-7.4501039185527533,5.4937249004268489,-4.4677996072029957,13.073745347441664
1,-1,F4,P0,0,0.1953125,3.3550893797032404,-7.5510477609173776,5.4937249004268489,-4.4677996072029957,13.073745347441664
1,-1,F4,P0,0,0.19921875,3.3103388960423339,-7.9228683449200252,5.4937249004268489,-4.4677996072029957,13.073745347441664
1,-1,F4,P0,0,0.203125,3.3740128989271536,-8.3159497446565638,5.4937249004268489,-4.4677996072029957,13.073745347441664
1,-1,F4,P0,0,0.20703125,3.5288814811831677,-8.5207030305657998,5.4937249004268489,-4.4677996072029957,13.073745347441664
1,-1,F4,P0,0,0.2109375,3.7250258569484451,-8.4485114310299814,5.4937249004268489,-4.4677996072029957,13.073745347441664
1,-1,F4,P0,0,0.21484375,3.8969266214405009,-8.1371649472954175,5.4937249004268489,-4.4677996072029957,13.073745347441664
1,-1,F4,P0,0,0.21875,3.982879646943148,-7.703624851721683,5.4937249004268489,-4.4677996072029957,13.073745347441664
1,-1,F4,P0,0,0.22265625,3.9441363999351666,-7.285524160958782,5.4937249004268489,-4.4677996072029957,13.073745347441664
1,-1,F4,P0,0,0.2265625,3.7778552900060349,-7.0029569564507881,5.4937249004268489,-4.4677996072029957,13.073745347441664
1,-1,F4,P0,0,0.23046875,3.516358144738116,-6.945399238804316,5.4937249004268489,-4.4677996072029957,13.073745347441664
1,-1,F4,P0,0,0.234375,3.2124483573031353,-7.1645691719006726,5.4937249004268489,-4.4677996072029957,13.073745347441664
1,-1,F4,P0,0,0.23828125,2.9198948173166599,-7.6525235934296916,5.4937249004268489,-4.4677996072029957,13.073745347441664
1,-1,F4,P0,0,0.2421875,2.6790194492364674,-8.3091859953053895,5.4937249004268489,-4.4677996072029957,13.073745347441664
1,-1,F4,P0,0,0.24609375,2.5109664078372864,-8.9331386105028781,5.4937249004268489,-4.4677996072029957,13.073745347441664
1,-1,F4,P0,0,0.25,2.4195185615663997,-9.2702343512042944,5.4937249004268489,-4.4677996072029957,13.073745347441664
1,-1,F4,P0,0,0.25390625,2.3984996928556903,-9.115737167226488,5.4937249004268489,-4.4677996072029957,13.073745347441664
1,-1,F4,P0,0,0.2578125,2.4413268265761117,-8.4192283120822591,5.4937249004268489,-4.4677996072029957,13.073745347441664
1,-1,F4,P0,0,0.26171875,2.5468169578618385,-7.3305349805956137,5.4937249004268489,-4.4677996072029957,13.073745347441664
1,-1,F4,P0,0,0.265625,2.7175146499085741,-6.1570193533599147,5.4937249004268489,-4.4677996072029957,13.073745347441664
1,-1,F4,P0,0,0.26953125,2.9541261303582207,-5.2503720236359541,5.4937249004268489,-4.4677996072029957,13.073745347441664
1,-1,F4,P0,0,0.2734375,3.2535393683380143,-4.8757788549150636,5.4937249004268489,-4.4677996072029957,13.073745347441664
1,-1,F4,P0,0,0.27734375,3.612609556630304,-5.1219846909985955,5.4937249004268489,-4.4677996072029957,13.073745347441664
1,-1,F4,P0,0,0.28125,4.0313424282215786,-5.884260314357034,5.4937249004268489,-4.4677996072029957,13.073745347441664
1,-1,F4,P0,0,0.28515625,4.5075422708879938,-6.9119845858500524,5.4937249004268489,-4.4677996072029957,13.073745347441664
1,-1,F4,P0,0,0.2890625,5.0232357837683068,-7.8908515245620414,5.4937249004268489,-4.4677996072029957,13.073745347441664
1,-1,F4,P0,0,0.29296875,5.5340138409721327,-8.535822392788031,5.4937249004268489,-4.4677996072029957,13.073745347441664
1,-1,F4,P0,0,0.296875,5.9749391582417779,-8.6781760549702671,5.4937249004268489,-4.4677996072029957,13.073745347441664
1,-1,F4,P0,0,0.30078125,6.2862819620066386,-8.3199108526518142,5.4937249004268489,-4.4677996072029957,13.073745347441664
1,-1,F4,P0,0,0.3046875,6.4461414359008451,-7.6241896974464343,5.4937249004268489,-4.4677996072029957,13.073745347441664
1,-1,F4,P0,0,0.30859375,6.4877185771913179,-6.8376270639176209,5.4937249004268489,-4.4677996072029957,13.073745347441664
1,-1,F4,P0,0,0.3125,6.4849292143882247,-6.1813643447907474,5.4937249004268489,-4.4677996072029957,13.073745347441664
1,-1,F4,P0,0,0.31640625,6.5103321360630417,-5.7638932646831096,5.4937249004268489,-4.4677996072029957,13.073745347441664
1,-1,F4,P0,0,0.3203125,6.5915445734640583,-5.5491720515124703,5.4937249004268489,-4.4677996072029957,13.073745347441664
1,-1,F4,P0,0,0.32421875,6.6964013348116316,-5.3815558398681347,5.4937249004268489,-4.4677996072029957,13.073745347441664
1,-1,F4,P0,0,0.328125,6.7556239228964268,-5.0495871828965093,5.4937249004268489,-4.4677996072029957,13.073745347441664
1,-1,F4,P0,0,0.33203125,6.7038368963667043,-4.3690249489503517,5.4937249004268489,-4.4677996072029957,13.073745347441664
1,-1,F4,P0,0,0.3359375,6.5112981987416134,-3.2670103732899416,5.4937249004268489,-4.4677996072029957,13.073745347441664
1,-1,F4,P0,0,0.33984375,6.1926279357137739,-1.8415632669043924,5.4937249004268489,-4.4677996072029957,13.073745347441664
1,-1,F4,P0,0,0.34375,5.7962610913459036,-0.36330924201376585,5.4937249004268489,-4.4677996072029957,13.073745347441664
1,-1,F4,P0,0,0.34765625,5.3842033630676065,0.801335031795404,5.4937249004268489,-4.4677996072029957,13.073745347441664
1,-1,F4,P0,0,0.3515625,5.0087636397311126,1.3299886550764568,5.4937249004268489,-4.4677996072029957,13.073745347441664
1,-1,F4,P0,0,0.35546875,4.6918744824921976,1.0877925990984971,5.4937249004268489,-4.4677996072029957,13.073745347441664
1,-1,F4,P0,0,0.359375,4.415866178094058,0.19550892407356749,5.4937249004268489,-4.4677996072029957,13.073745347441664
1,-1,F4,P0,0,0.36328125,4.1345005845631073,-1.0247737112263935,5.4937249004268489,-4.4677996072029957,13.073745347441664
1,-1,F4,P0,0,0.3671875,3.8023908641380877,-2.200773610734597,5.4937249004268489,-4.4677996072029957,13.073745347441664
1,-1,F4,P0,0,0.37109375,3.4043076294671883,-3.073567074881935,5.4937249004268489,-4.4677996072029957,13.073745347441664
1,-1,F4,P0,0,0.375,2.9611329680024112,-3.5894725347980359,5.4937249004268489,-4.4677996072029957,13.073745347441664
1,-1,F4,P0,0,0.37890625,2.5079419409097428,-3.88664133116878,5.4937249004268489,-4.4677996072029957,13.073745347441664
1,-1,F4,P0,0,0.3828125,2.0659742457015602,-4.1994389632908957,5.4937249004268489,-4.4677996072029957,13.073745347441664
1,-1,F4,P0,0,0.38671875,1.6348158696511297,-4.7361049279182001,5.4937249004268489,-4.4677996072029957,13.073745347441664
1,-1,F4,P0,0,0.390625,1.208424155518625,-5.587489522154458,5.4937249004268489,-4.4677996072029957,13.073745347441664
1,-1,F4,P0,0,0.39453125,0.79444197209394496,-6.7012924413506791,5.4937249004268489,-4.4677996072029957,13.073745347441664
1,-1,F4,P0,0,0.3984375,0.41610716369086614,-7.9195048363544611,5.4937249004268489,-4.4677996072029957,13.073745347441664
1,-1,F4,P0,0,0.40234375,0.096955737725550301,-9.0481428527824459,5.4937249004268489,-4.4677996072029957,13.073745347441664
1,-1,F4,P0,0,0.40625,-0.15506790437709614,-9.9251394579508538,5.4937249004268489,-4.4677996072029957,13.073745347441664
1,-1,F4,P0,0,0.41015625,-0.35207529382260311,-10.469671112882294,5.4937249004268489,-4.4677996072029957,13.073745347441664
1,-1,F4,P0,0,0.4140625,-0.52180430916160891,-10.708501741322323,5.4937249004268489,-4.4677996072029957,13.073745347441664
1,-1,F4,P0,0,0.41796875,-0.70137453854774445,-10.768561322512507,5.4937249004268489,-4.4677996072029957,13.073745347441664
1,-1,F4,P0,0,0.421875,-0.9297134118679129,-10.823982342291838,5.4937249004268489,-4.4677996072029957,13.073745347441664
1,-1,F4,P0,0,0.42578125,-1.235673444521914,-11.015526782119727,5.4937249004268489,-4.4677996072029957,13.073745347441664
1,-1,F4,P0,0,0.4296875,-1.6245667802268906,-11.395018909445794,5.4937249004268489,-4.4677996072029957,13.073745347441664
1,-1,F4,P0,0,0.43359375,-2.0715440268722096,-11.935763496612978,5.4937249004268489,-4.4677996072029957,13.073745347441664
1,-1,F4,P0,0,0.4375,-2.5269012036284924,-12.591751303750909,5.4937249004268489,-4.4677996072029957,13.073745347441664
1,-1,F4,P0,0,0.44140625,-2.9303086617588137,-13.345098063913669,5.4937249004268489,-4.4677996072029957,13.073745347441664
1,-1,F4,P0,0,0.4453125,-3.2281982320823746,-14.199539060075452,5.4937249004268489,-4.4677996072029957,13.073745347441664
1,-1,F4,P0,0,0.44921875,-3.3910476127377245,-15.134214909740482,5.4937249004268489,-4.4677996072029957,13.073745347441664
1,-1,F4,P0,0,0.453125,-3.4265849337074661,-16.067143477954765,5.4937249004268489,-4.4677996072029957,13.073745347441664
1,-1,F4,P0,0,0.45703125,-3.3803350055843788,-16.864818870070387,5.4937249004268489,-4.4677996072029957,13.073745347441664
1,-1,F4,P0,0,0.4609375,-3.3163664785414628,-17.394276781703152,5.4937249004268489,-4.4677996072029957,13.073745347441664
1,-1,F4,P0,0,0.46484375,-3.283191051372409,-17.581762719959915,5.4937249004268489,-4.4677996072029957,13.073745347441664
1,-1,F4,P0,0,0.46875,-3.2829326005081008,-17.438918653754421,5.4937249004268489,-4.4677996072029957,13.073745347441664
1,-1,F4,P0,0,0.47265625,-3.2639711357560466,-17.043898258489403,5.4937249004268489,-4.4677996072029957,13.073745347441664
1,-1,F4,P0,0,0.4765625,-3.1459384531866434,-16.499795520470435,5.4937249004268489,-4.4677996072029957,13.073745347441664
1,-1,F4,P0,0,0.48046875,-2.867038069045007,-15.903532282667738,5.4937249004268489,-4.4677996072029957,13.073745347441664
1,-1,F4,P0,0,0.484375,-2.4270981020148596,-15.336282179089585,5.4937249004268489,-4.4677996072029957,13.073745347441664
1,-1,F4,P0,0,0.48828125,-1.8974094327119941,-14.862798428866158,5.4937249004268489,-4.4677996072029957,13.073745347441664
1,-1,F4,P0,0,0.4921875,-1.3859006344494975,-14.528296721549285,5.4937249004268489,-4.4677996072029957,13.073745347441664
1,-1,F4,P0,0,0.49609375,-0.97508434686160939,-14.353514306995862,5.4937249004268489,-4.4677996072029957,13.073745347441664
1,-1,F4,P0,0,0.5,-0.67143107369485311,-14.330883395727843,5.4937249004268489,-4.4677996072029957,13.073745347441664
1,-1,F4,P0,0,0.50390625,-0.40176415648943475,-14.424489628239675,5.4937249004268489,-4.4677996072029957,13.073745347441664
1,-1,F4,P0,0,0.5078125,-0.063501705603356773,-14.580163571268152,5.4937249004268489,-4.4677996072029957,13.073745347441664
1,-1,F4,P0,0,0.51171875,0.40181160137620331,-14.746842747312613,5.4937249004268489,-4.4677996072029957,13.073745347441664
1,-1,F4,P0,0,0.515625,0.96191699324327429,-14.894705922111791,5.4937249004268489,-4.4677996072029957,13.073745347441664
1,-1,F4,P0,0,0.51953125,1.5088044945671133,-15.011081903313581,5.4937249004268489,-4.4677996072029957,13.073745347441664
1,-1,F4,P0,0,0.5234375,1.9264666536866453,-15.073723807295243,5.4937249004268489,-4.4677996072029957,13.073745347441664
1,-1,F4,P0,0,0.52734375,2.1632954226841616,-15.026331496672409,5.4937249004268489,-4.4677996072029957,13.073745347441664
1,-1,F4,P0,0,0.53125,2.2574363925240357,-14.786271561135392,5.4937249004268489,-4.4677996072029957,13.073745347441664
1,-1,F4,P0,0,0.53515625,2.2997659479198136,-14.288332469509204,5.4937249004268489,-4.4677996072029957,13.073745347441664
1,-1,F4,P0,0,0.5390625,2.3663049731213728,-13.53155596716565,5.4937249004268489,-4.4677996072029957,13.073745347441664
1,-1,F4,P0,0,0.54296875,2.4719021259490694,-12.586755026119681,5.4937249004268489,-4.4677996072029957,13.073745347441664
1,-1,F4,P0,0,0.546875,2.5757142333191059,-11.554772397399615,5.4937249004268489,-4.4677996072029957,13.073745347441664
1,-1,F4,P0,0,0.55078125,2.6267116321407458,-10.510152614024705,5.4937249004268489,-4.4677996072029957,13.073745347441664
1,-1,F4,P0,0,0.5546875,2.6097675069349457,-9.476622839647268,5.4937249004268489,-4.4677996072029957,13.073745347441664
1,-1,F4,P0,0,0.55859375,2.5600932927139022,-8.446903248436028,5.4937249004268489,-4.4677996072029957,13.073745347441664
1,-1,F4,P0,0,0.5625,2.5440017559791284,-7.4164336934766721,5.4937249004268489,-4.4677996072029957,13.073745347441664
1,-1,F4,P0,0,0.56640625,2.6264766176947099,-6.3959952215041902,5.4937249004268489,-4.4677996072029957,13.073745347441664
1,-1,F4,P0,0,0.5703125,2.8445100434940449,-5.402588191231902,5.4937249004268489,-4.4677996072029957,13.073745347441664
1,-1,F4,P0,0,0.57421875,3.1921883021339963,-4.4541122272425735,5.4937249004268489,-4.4677996072029957,13.073745347441664
1,-1,F4,P0,0,0.578125,3.6178202376412947,-3.5794475679037538,5.4937249004268489,-4.4677996072029957,13.073745347441664
1,-1,F4,P0,0,0.58203125,4.0363504763049907,-2.8256472982117362,5.4937249004268489,-4.4677996072029957,13.073745347441664
1,-1,F4,P0,0,0.5859375,4.3604566173367321,-2.242455852276751,5.4937249004268489,-4.4677996072029957,13.073745347441664
1,-1,F4,P0,0,0.58984375,4.5432917346698209,-1.8550314177546934,5.4937249004268489,-4.4677996072029957,13.073745347441664
1,-1,F4,P0,0,0.59375,4.6105732524888117,-1.6561248057203959,5.4937249004268489,-4.4677996072029957,13.073745347441664
1,-1,F4,P0,0,0.59765625,4.6571493948749545,-1.6275381253422894,5.4937249004268489,-4.4677996072029957,13.073745347441664
1,-1,F4,P0,0,0.6015625,4.8035783884068266,-1.7620614297059647,5.4937249004268489,-4.4677996072029957,13.073745347441664
1,-1,F4,P0,0,0.60546875,5.1366453230527451,-2.0513807275389175,5.4937249004268489,-4.4677996072029957,13.073745347441664
1,-1,F4,P0,0,0.609375,5.6676335642240607,-2.44284078449558,5.4937249004268489,-4.4677996072029957,13.073745347441664
1,-1,F4,P0,0,0.61328125,6.3276604349202508,-2.8072953754843915,5.4937249004268489,-4.4677996072029957,13.073745347441664
1,-1,F4,P0,0,0.6171875,6.9985992936982768,-2.9592103629736788,5.4937249004268489,-4.4677996072029957,13.073745347441664
1,-1,F4,P0,0,0.62109375,7.5655515946734235,-2.7293311630371648,5.4937249004268489,-4.4677996072029957,13.073745347441664
1,-1,F4,P0,0,0.625,7.970255716503452,-2.0475445083131034,5.4937249004268489,-4.4677996072029957,13.073745347441664
1,-1,F4,P0,0,0.62890625,8.2410287885921285,-0.98330819702469396,5.4937249004268489,-4.4677996072029957,13.073745347441664
1,-1,F4,P0,0,0.6328125,8.4811040808633642,0.28393022819738978,5.4937249004268489,-4.4677996072029957,13.073745347441664
1,-1,F4,P0,0,0.63671875,8.8186543693159027,1.5497983706482623,5.4937249004268489,-4.4677996072029957,13.073745347441664
1,-1,F4,P0,0,0.640625,9.3454990026071947,2.6754242067257543,5.4937249004268489,-4.4677996072029957,13.073745347441664
1,-1,F4,P0,0,0.64453125,10.076128769766697,3.6307454862643134,5.4937249004268489,-4.4677996072029957,13.073745347441664
1,-1,F4,P0,0,0.6484375,10.942005759701571,4.4781570974842966,5.4937249004268489,-4.4677996072029957,13.073745347441664
1,-1,F4,P0,0,0.65234375,11.818295355205077,5.3292259562835218,5.4937249004268489,-4.4677996072029957,13.073745347441664
1,-1,F4,P0,0,0.65625,12.573445220970498,6.3083080906187732,5.4937249004268489,-4.4677996072029957,13.073745347441664
1,-1,F4,P0,0,0.66015625,13.12651314086051,7.5232041758916433,5.4937249004268489,-4.4677996072029957,13.073745347441664
1,-1,F4,P0,0,0.6640625,13.486930646105804,9.030629018467307,5.4937249004268489,-4.4677996072029957,13.073745347441664
1,-1,F4,P0,0,0.66796875,13.751491330433334,10.806109468264895,5.4937249004268489,-4.4677996072029957,13.073745347441664
1,-1,F4,P0,0,0.671875,14.055594284416285,12.73942701514607,5.4937249004268489,-4.4677996072029957,13.073745347441664
1,-1,F4,P0,0,0.67578125,14.505275990368666,14.658098033327201,5.4937249004268489,-4.4677996072029957,13.073745347441664
1,-1,F4,P0,0,0.6796875,15.128268453600887,16.364403552042479,5.4937249004268489,-4.4677996072029957,13.073745347441664
1,-1,F4,P0,0,0.68359375,15.86915321973947,17.675996827145038,5.4937249004268489,-4.4677996072029957,13.073745347441664
1,-1,F4,P0,0,0.6875,16.627492678632937,18.465964327364393,5.4937249004268489,-4.4677996072029957,13.073745347441664
1,-1,F4,P0,0,0.69140625,17.314156153896057,18.690719802726534,5.4937249004268489,-4.4677996072029957,13.073745347441664
1,-1,F4,P0,0,0.6953125,17.892001839490501,18.389678637913629,5.4937249004268489,-4.4677996072029957,13.073745347441664
1,-1,F4,P0,0,0.69921875,18.378877008151317,17.654159902467779,5.4937249004268489,-4.4677996072029957,13.073745347441664
1,-1,F4,P0,0,0.703125,18.817861579428421,16.582322011390854,5.4937249004268489,-4.4677996072029957,13.073745347441664
1,-1,F4,P0,0,0.70703125,19.2425566458557,15.243905499054145,5.4937249004268489,-4.4677996072029957,13.073745347441664
1,-1,F4,P0,0,0.7109375,19.664466963076165,13.672786868212789,5.4937249004268489,-4.4677996072029957,13.073745347441664
1,-1,F4,P0,0,0.71484375,20.08517007181274,11.894375470078508,5.4937249004268489,-4.4677996072029957,13.073745347441664
1,-1,F4,P0,0,0.71875,20.510918148468193,9.9782160508536091,5.4937249004268489,-4.4677996072029957,13.073745347441664
1,-1,F4,P0,0,0.72265625,20.946125501414873,8.0851450557722231,5.4937249004268489,-4.4677996072029957,13.073745347441664
1,-1,F4,P0,0,0.7265625,21.366799512380414,6.4686177145201391,5.4937249004268489,-4.4677996072029957,13.073745347441664
1,-1,F4,P0,0,0.73046875,21.701951412656644,5.4083783424537897,5.4937249004268489,-4.4677996072029957,13.073745347441664
1,-1,F4,P0,0,0.734375,21.852404883402009,5.0974302368888402,5.4937249004268489,-4.4677996072029957,13.073745347441664
1,-1,F4,P0,0,0.73828125,21.746643910825053,5.5407555018935915,5.4937249004268489,-4.4677996072029957,13.073745347441664
1,-1,F4,P0,0,0.7421875,21.397239973703872,6.5249490063640678,5.4937249004268489,-4.4677996072029957,13.073745347441664
1,-1,F4,P0,0,0.74609375,20.912517918906271,7.6807788710541578,5.4937249004268489,-4.4677996072029957,13.073745347441664
1,-1,F4,P0,0,0.75,20.447507278606963,8.6141616466356972,5.4937249004268489,-4.4677996072029957,13.073745347441664
1,-1,F4,P0,0,0.75390625,20.123364353448405,9.0501365001043261,5.4937249004268489,-4.4677996072029957,13.073745347441664
1,-1,F4,P0,0,0.7578125,19.967796961996502,8.9270507139310862,5.4937249004268489,-4.4677996072029957,13.073745347441664
1,-1,F4,P0,0,0.76171875,19.911724115567019,8.3978820022060372,5.4937249004268489,-4.4677996072029957,13.073745347441664
1,-1,F4,P0,0,0.765625,19.83723660048215,7.7409554027283392,5.4937249004268489,-4.4677996072029957,13.073745347441664
1,-1,F4,P0,0,0.76953125,19.642899330853758,7.2315163148984682,5.4937249004268489,-4.4677996072029957,13.073745347441664
1,-1,F4,P0,0,0.7734375,19.289818447001505,7.0419230217910753,5.4937249004268489,-4.4677996072029957,13.073745347441664
1,-1,F4,P0,0,0.77734375,18.807662045760107,7.206319562433424,5.4937249004268489,-4.4677996072029957,13.073745347441664
1,-1,F4,P0,0,0.78125,18.262617431433039,7.6369128196838689,5.4937249004268489,-4.4677996072029957,13.073745347441664
1,-1,F4,P0,0,0.78515625,17.710226677219161,8.1597500670583365,5.4937249004268489,-4.4677996072029957,13.073745347441664
1,-1,F4,P0,0,0.7890625,17.163608254709448,8.5557358952027265,5.4937249004268489,-4.4677996072029957,13.073745347441664
1,-1,F4,P0,0,0.79296875,16.595119145474481,8.6132386909822785,5.4937249004268489,-4.4677996072029957,13.073745347441664
1,-1,F4,P0,0,0.796875,15.965454710821975,8.191882889559384,5.4937249004268489,-4.4677996072029957,13.073745347441664
1,1,Fz,P0,1,-0.19921875,-4.1144702802086046,12.918343700362987,,,
1,1,Fz,P0,1,-0.1953125,-3.4348059316076887,12.650301125466839,,,
1,1,Fz,P0,1,-0.19140625,-2.7285576612382014,12.415443793264249,,,
1,1,Fz,P0,1,-0.1875,-2.0478493759905696,11.999593333819568,,,
1,1,Fz,P0,1,-0.18359375,-1.4297041214906212,11.207585985547643,,,
1,1,Fz,P0,1,-0.1796875,-0.90107556766918495,9.9828405521618304,,,
1,1,Fz,P0,1,-0.17578125,-0.48352961207122491,8.455200042901188,,,
1,1,Fz,P0,1,-0.171875,-0.19384779699233051,6.8802920465234587,,,
1,1,Fz,P0,1,-0.16796875,-0.037614157105995173,5.5090186272960775,,,
1,1,Fz,P0,1,-0.1640625,0.00091187841641698247,4.4727046070365128,,,
1,1,Fz,P0,1,-0.16015625,-0.036889299298265676,3.7501936060438594,,,
1,1,Fz,P0,1,-0.15625,-0.093781032256690808,3.2205808101993667,,,
1,1,Fz,P0,1,-0.15234375,-0.12066986797823581,2.7517663106819028,,,
1,1,Fz,P0,1,-0.1484375,-0.10424243647362044,2.2650130781125091,,,
1,1,Fz,P0,1,-0.14453125,-0.079214398464115335,1.7462531898970548,,,
1,1,Fz,P0,1,-0.140625,-0.11001071261716225,1.2170514821623606,,,
1,1,Fz,P0,1,-0.13671875,-0.2482754156973857,0.70080824191379232,,,
1,1,Fz,P0,1,-0.1328125,-0.49525650453406578,0.21037699576177785,,,
1,1,Fz,P0,1,-0.12890625,-0.79686261860696372,-0.24385068003800239,,,
1,1,Fz,P0,1,-0.125,-1.0735598346492987,-0.64321756095423033,,,
1,1,Fz,P0,1,-0.12109375,-1.2621970106341867,-0.95931135536959644,,,
1,1,Fz,P0,1,-0.1171875,-1.3421550263745383,-1.1592169501404932,,,
1,1,Fz,P0,1,-0.11328125,-1.3319645308459473,-1.2119963879885192,,,
1,1,Fz,P0,1,-0.109375,-1.2621406405188593,-1.0995280496712878,,,
1,1,Fz,P0,1,-0.10546875,-1.1449767832734057,-0.83779845105620832,,,
1,1,Fz,P0,1,-0.1015625,-0.96433475110252154,-0.50080635586800415,,,
1,1,Fz,P0,1,-0.09765625,-0.69391897586020734,-0.22254511275221506,,,
1,1,Fz,P0,1,-0.09375,-0.32946976357499019,-0.15926417753591601,,,
1,1,Fz,P0,1,-0.08984375,0.091972326452581243,-0.42493528981577561,,,
1,1,Fz,P0,1,-0.0859375,0.50205082189323547,-1.0361802436483689,,,
1,1,Fz,P0,1,-0.08203125,0.83256113946129096,-1.897148971072669,,,
1,1,Fz,P0,1,-0.078125,1.0453150610963218,-2.8315733815868858,,,
1,1,Fz,P0,1,-0.07421875,1.1435465668935696,-3.6468249521803755,,,
1,1,Fz,P0,1,-0.0703125,1.1656361446832748,-4.1993786253033365,,,
1,1,Fz,P0,1,-0.06640625,1.1705163070565174,-4.4304102720774763,,,
1,1,Fz,P0,1,-0.0625,1.2190232701925807,-4.361583583182175,,,
1,1,Fz,P0,1,-0.05859375,1.3512049442195091,-4.0687953658007059,,,
1,1,Fz,P0,1,-0.0546875,1.5650588338890745,-3.6587179489598292,,,
1,1,Fz,P0,1,-0.05078125,1.80860532198615,-3.2575767672931493,,,
1,1,Fz,P0,1,-0.046875,1.9947870829814709,-3.0054905071159994,,,
1,1,Fz,P0,1,-0.04296875,2.0380417816301617,-3.0437364533436155,,,
1,1,Fz,P0,1,-0.0390625,1.8976887249214736,-3.4821317596535515,,,
1,1,Fz,P0,1,-0.03515625,1.6040936974596145,-4.3440955775735404,,,
1,1,Fz,P0,1,-0.03125,1.2491650276418107,-5.5148846313920759,,,
1,1,Fz,P0,1,-0.02734375,0.9442957853161067,-6.7414476868787094,,,
1,1,Fz,P0,1,-0.0234375,0.77022751572135251,-7.7126146429195046,,,
1,1,Fz,P0,1,-0.01953125,0.74592141701548142,-8.1899639238348101,,,
1,1,Fz,P0,1,-0.015625,0.82809753663351227,-8.1163803488868407,,,
1,1,Fz,P0,1,-0.01171875,0.9365908690868362,-7.6414156572520371,,,
1,1,Fz,P0,1,-0.0078125,0.99356210165533843,-7.0536670876605907,,,
1,1,Fz,P0,1,-0.00390625,0.9624999508312021,-6.6568787703464904,,,
1,1,Fz,P0,1,0,0.87068279579080943,-6.6459874019965417,4.8068684651087299,-4.1319827179878237,13.104833948387668
1,1,Fz,P0,1,0.00390625,0.80129557561427411,-7.0354414544693276,4.8068684650763327,-4.1319990196595953,13.104833948387588
1,1,Fz,P0,1,0.0078125,0.85545184482637204,-7.6697040547623425,4.8068684650283879,-4.132018412824638,13.104833948387459
1,1,Fz,P0,1,0.01171875,1.1034721302168704,-8.3074650256434097,4.8068684649576587,-4.1320414499665166,13.104833948387252
1,1,Fz,P0,1,0.015625,1.5513820777620326,-8.7340745584879134,4.806868464853653,-4.1320687756596328,13.104833948386924
1,1,Fz,P0,1,0.01953125,2.136228358182533,-8.8469496584265972,4.8068684647012061,-4.1321011406724706,13.104833948386402
1,1,Fz,P0,1,0.0234375,2.7468163373358454,-8.6807750930076786,4.806868464478474,-4.1321394180079469,13.104833948385576
1,1,Fz,P0,1,0.02734375,3.2587937284966761,-8.3718673276968847,4.8068684641540953,-4.1321846211091184,13.10483394838427
1,1,Fz,P0,1,0.03125,3.5716545216437088,-8.0846349402386419,4.8068684636832,-4.1322379244792797,13.104833948382218
1,1,Fz,P0,1,0.03515625,3.634911742321977,-7.9349954960720321,4.8068684630018055,-4.2262266675853235,13.104833948379005
1,1,Fz,P0,1,0.0390625,3.4556447507549941,-7.9468527748462696,4.8068684620189837,-4.324948693633698,13.104833948373996
1,1,Fz,P0,1,0.04296875,3.0900752998033947,-8.0631349190605413,4.8068684606059495,-4.4267137111206134,13.10483394836621
1,1,Fz,P0,1,0.046875,2.6272305642385594,-8.2025948038552308,4.8068684585809205,-4.498213924989594,13.10483394835415
1,1,Fz,P0,1,0.05078125,2.1685933568028575,-8.3248266126510408,4.8068684556881749,-4.4983765980533459,13.104833948335553
1,1,Fz,P0,1,0.0546875,1.8038550798745299,-8.4609366300281881,4.8068684515692004,-4.4985658162097177,13.104833948306974
1,1,Fz,P0,1,0.05859375,1.5876469741878019,-8.6898976629267732,4.8068684457230875,-4.5001071459337325,13.104833948263217
1,1,Fz,P0,1,0.0625,1.5281099518853163,-9.0746102967900466,4.8068684374523558,-4.5974836839104958,13.104833948196477
1,1,Fz,P0,1,0.06640625,1.5935820884703316,-9.5980624173852167,4.8068684257891272,-4.6466848681350879,13.104833948095067
1,1,Fz,P0,1,0.0703125,1.731347346624434,-10.145285929832584,4.8068684093948963,-4.6468716415776843,13.104833947941534
1,1,Fz,P0,1,0.07421875,1.8870303461012099,-10.552865809051145,4.8068683864249433,-4.6974567385254229,13.104833947709967
1,1,Fz,P0,1,0.078125,2.0193659323812918,-10.701633998815943,4.8068683543456121,-4.7579995988652444,13.104833947361994
1,1,Fz,P0,1,0.08203125,2.110449063938209,-10.592046667279329,4.8068683096889755,-4.8428159739349645,13.104833946841042
1,1,Fz,P0,1,0.0859375,2.1684201762582562,-10.350994685985777,4.8068682477246822,-4.9715789580039011,13.104833946064007
1,1,Fz,P0,1,0.08984375,2.2174127692200907,-10.169261659563315,4.8068681620226599,-5.1029739599590052,13.104833944909295
1,1,Fz,P0,1,0.09375,2.2769438546864764,-10.213594317301283,4.8068680438725861,-5.2369845176839815,13.104833943199674
1,1,Fz,P0,1,0.09765625,2.3421131715116346,-10.560602639429424,4.806867881516145,-5.3735905982380521,13.104833940677805
1,1,Fz,P0,1,0.1015625,2.3770528413578411,-11.174613784685235,4.8068676591355555,-5.5127685144900678,13.104833936971492
1,1,Fz,P0,1,0.10546875,2.3277902228150498,-11.929499963046208,4.8068673555261192,-5.6544908461747916,13.104833931544462
1,1,Fz,P0,1,0.109375,2.1508494056659178,-12.66267108689274,4.8068669423607906,-5.7987263656947121,13.104833923627032
1,1,Fz,P0,1,0.11328125,1.8428903774440513,-13.239177205619056,4.806866381930182,-5.945439968988051,13.104833912118753
1,1,Fz,P0,1,0.1171875,1.4520559093548695,-13.597245034492497,4.806865624210924,-6.0945926117798646,13.104833895452321
1,1,Fz,P0,1,0.12109375,1.0616276524341921,-13.754745192214646,4.8068646030776918,-6.2461412515282797,13.104833871404107
1,1,Fz,P0,1,0.125,0.75564036402975943,-13.779918855534152,4.806863231428097,-6.4000387953718976,13.104833836831453
1,1,Fz,P0,1,0.12890625,0.58741885653636006,-13.751698986823943,4.8068613949333958,-6.5562340543773105,13.104833787309937
1,1,Fz,P0,1,0.1328125,0.56613127343854663,-13.734722659827014,4.8068589440597105,-6.7146717043774373,13.104833716634593
1,1,Fz,P0,1,0.13671875,0.66116748903344591,-13.773531730024494,4.8068556839222385,-6.8754495919782599,13.104833616136901
1,1,Fz,P0,1,0.140625,0.81418050700219546,-13.893419333688801,4.8068513614363244,-7.0388115001279647,13.104833473753452
1,1,Fz,P0,1,0.14453125,0.95053165221635971,-14.097271511109371,4.8068456491118488,-7.2042265437140482,13.104833272761269
1,1,Fz,P0,1,0.1484375,0.99094755256274258,-14.359733535773774,4.8068381246985474,-7.3716221253430705,13.104832990067774
1,1,Fz,P0,1,0.15234375,0.87062194561149853,-14.627194579419786,4.8068282457265266,-7.540921412254149,13.10483259390837
1,1,Fz,P0,1,0.15625,0.56849596373091349,-14.829071401528186,4.8068153177958415,-7.7120433427325139,13.104832040759641
1,1,Fz,P0,1,0.16015625,0.13483313051551871,-14.894962949765798,4.8067984552482619,-7.8849026408596163,13.104831271218753
1,1,Fz,P0,1,0.1640625,-0.30601078246765068,-14.76425812808144,4.8067765326008205,-8.0594098397834077,13.104830204526673
1,1,Fz,P0,1,0.16796875,-0.593068170838978,-14.384251273097897,4.8067481248317074,-8.2354713136741715,13.104828731320566
1,1,Fz,P0,1,0.171875,-0.59565321119084924,-13.714140973193924,4.8067114342826107,-8.4129893185119773,13.104826704085086
1,1,Fz,P0,1,0.17578125,-0.27424743970240123,-12.754933564328288,4.806664201576373,-8.5918620418317015,13.104823924627794
1,1,Fz,P0,1,0.1796875,0.29973875853144316,-11.594515207575311,4.8066035975445143,-8.7719836615304256,13.104820127725008
1,1,Fz,P0,1,0.18359375,0.97407996138139419,-10.4252352310184,4.8065260927166698,-8.9532444138201601,13.104814959863926
1,1,Fz,P0,1,0.1875,1.5757980326563648,-9.5012651231034333,4.8064273004460274,-9.1355306703860393,13.104807951737369
1,1,Fz,P0,1,0.19140625,1.9715602484274699,-9.0492267989266573,4.806301789236004,-9.3187250247868167,13.104798482820303
1,1,Fz,P0,1,0.1953125,2.106171869217309,-9.1803217393061125,4.8061428593010609,-9.5027063881102904,13.10478573596304
1,1,Fz,P0,1,0.19921875,2.008771845918925,-9.8473633378050582,4.8059422778487031,-9.6899496804301943,13.104768639464949
1,1,Fz,P0,1,0.203125,1.7682598470732123,-10.861501257689701,4.8056899670242634,-9.8832477578102882,13.104745793534118
1,1,Fz,P0,1,0.20703125,1.4917792792860451,-11.955967442514186,4.8053736379322505,-10.076623040888562,13.104715377382663
1,1,Fz,P0,1,0.2109375,1.2670411010584171,-12.868114491547757,4.8049783636602026,-10.269928290099614,13.104675032444588
1,1,Fz,P0,1,0.21484375,1.1439795951977692,-13.410948932210948,4.804486083809274,-10.463013471830125,13.104621716325221
1,1,Fz,P0,1,0.21875,1.1375291515119346,-13.519416180000599,4.803875032712285,-10.655725935174789,13.104551521091976
1,1,Fz,P0,1,0.22265625,1.2425343299686538,-13.267998256059304,4.8031190833310582,-10.847910597105827,13.104459448393536
1,1,Fz,P0,1,0.2265625,1.4484750409721436,-12.852174803250939,4.8021869988125738,-11.039410135788302,13.104339132650479
1,1,Fz,P0,1,0.23046875,1.7428399150824001,-12.522640416466801,4.8010415838942979,-11.230065191746656,13.1041825022041
1,1,Fz,P0,1,0.234375,2.0985839893980582,-12.482364021441038,4.79963872883389,-11.41971457656124,13.103979366859068
1,1,Fz,P0,1,0.23828125,2.4559019898349033,-12.793484012190186,4.7979263393514744,-11.608195488747649,13.103716918737494
1,1,Fz,P0,1,0.2421875,2.7219219869408491,-13.351170737429907,4.7958431472702117,-11.795343736446267,13.103379131818022
1,1,Fz,P0,1,0.24609375,2.805526128269265,-13.941969715014631,4.7933173981797355,-11.98099396652465,13.102946044019454
1,1,Fz,P0,1,0.25,2.6755134735546693,-14.346873521594906,4.7902654145823789,-12.164979899671543,13.10239290427805
1,1,Fz,P0,1,0.25390625,2.4024238682588765,-14.427518870920323,4.7865900356651112,-12.347134571038234,13.101689165853871
1,1,Fz,P0,1,0.2578125,2.1462495262674399,-14.160903047143936,4.7821789381148072,-12.527290575960953,13.100797306199111
1,1,Fz,P0,1,0.26171875,2.0869787463082563,-13.627993800235208,4.7769028462945329,-12.705280320277094,13.099671453266831
1,1,Fz,P0,1,0.265625,2.3349742832412157,-12.976762184792861,4.7706136446436824,-12.880936274728242,13.098255798291387
1,1,Fz,P0,1,0.26953125,2.8722318885972014,-12.371825848253623,4.7631424103565401,-13.054091232924444,13.096482776012612
1,1,Fz,P0,1,0.2734375,3.5562921018559592,-11.937892846545678,4.7542973902119474,-13.224578572327104,13.09427099524396
1,1,Fz,P0,1,0.27734375,4.183266626244146,-11.711722433414096,4.7438619518245346,-13.392232517691941,13.09152290581361
1,1,Fz,P0,1,0.28125,4.5771621835153766,-11.621268493871545,4.7315925464890913,-13.556888406399375,13.08812219245795
1,1,Fz,P0,1,0.28515625,4.6625394610198247,-11.502464340446233,4.7172167280842672,-13.718382955086902,13.083930892437756
1,1,Fz,P0,1,0.2890625,4.4892707795199094,-11.15319594292489,4.7004312800438939,-13.876554526986935,13.078786241683842
1,1,Fz,P0,1,0.29296875,4.2041864643343265,-10.413745080049095,4.6809005100100221,-14.031243399364305,13.072497264338262
1,1,Fz,P0,1,0.296875,3.9887951949730236,-9.246836948384674,4.6582547792287388,-14.182292030439884,13.064841132770528
1,1,Fz,P0,1,0.30078125,3.9919231487136608,-7.7759628325866261,4.632089340777731,-14.329545325180943,13.055559339583148
1,1,Fz,P0,1,0.3046875,4.2812957416913173,-6.2505200345048113,4.601963567028009,-14.472850899334928,13.044353739758323
1,1,Fz,P0,1,0.30859375,4.8271607664261778,-4.9463411450298391,4.5674006520149462,-14.61205934108102,13.030882539811955
1,1,Fz,P0,1,0.3125,5.5188664338864779,-4.0520996043781183,4.5278878782755418,-14.747024469673761,13.014756331357253
1,1,Fz,P0,1,0.31640625,6.2039733265074517,-3.600565693505748,4.4828775398336349,-14.877603590454529,12.995534288434282
1,1,Fz,P0,1,0.3203125,6.7344067107223431,-3.474656903995577,4.4317886130125785,-15.003657745610267,12.972720670764536
1,1,Fz,P0,1,0.32421875,7.007927249984288,-3.4775309701455908,4.3740092642637087,-15.125051960064418,12.945761797994766
1,1,Fz,P0,1,0.328125,6.9978825342238311,-3.4271303279548766,4.3089002788807536,-15.241655481892417,12.914043682074073
1,1,Fz,P0,1,0.33203125,6.76218230931224,-3.2273363135625805,4.2357994860268215,-15.353342016663458,12.876890525058881
1,1,Fz,P0,1,0.3359375,6.4214402434445157,-2.8837989174838841,4.154027243691246,-15.459989955121529,12.833564306596529
1,1,Fz,P0,1,0.33984375,6.1088605727900571,-2.4667437162268437,4.0628930318533971,-15.561482593631931,12.783265697702515
1,1,Fz,P0,1,0.34375,5.9144500246693434,-2.0526731290193005,3.9617031831883374,-15.657708346834429,12.725136543731107
1,1,Fz,P0,1,0.34765625,5.8521160850649174,-1.6807596555190898,3.8497697581438568,-15.748560951961055,12.658264158121218
1,1,Fz,P0,1,0.3515625,5.8628639340234843,-1.3417389657003524,3.7264205453145278,-15.834658224635561,12.581687658093465
1,1,Fz,P0,1,0.35546875,5.8467894055042962,-0.99711883835117621,3.5910101390375346,-15.924014143028685,12.494406552611466
1,1,Fz,P0,1,0.359375,5.7070456410456423,-0.61478497878108951,3.4429320144847315,-16.008138178444653,12.395391760444674
1,1,Fz,P0,1,0.36328125,5.3886582588154894,-0.20103427612833583,3.2816314868221133,-16.086936710481528,12.283599191235551
1,1,Fz,P0,1,0.3671875,4.8966524779244169,0.190152772981904,3.1066194059955192,-16.160321721524657,12.1579859646477
1,1,Fz,P0,1,0.37109375,4.284478776576643,0.47643902429985746,2.9174864032630063,-16.228210960546779,12.017529272031299
1,1,Fz,P0,1,0.375,3.6197311027007846,0.5809512753484618,2.7139174707373428,-16.290528096709554,11.861247802262818
1,1,Fz,P0,1,0.37890625,2.9502224364207956,0.45799765379324492,2.4957066220372557,-16.347202862365013,11.688225559841765
1,1,Fz,P0,1,0.3828125,2.2931100327495204,0.1005199702760282,2.2627713518588033,-16.398171185081925,11.497637801015163
1,1,Fz,P0,1,0.38671875,1.6503373783484288,-0.46043956412117876,2.0151665860945789,-16.426734457204102,11.288778705436988
1,1,Fz,P0,1,0.390625,1.0322600538034057,-1.1495544951476027,1.7530977932747631,-16.402959912579899,11.061090290144737
1,1,Fz,P0,1,0.39453125,0.46710483640178285,-1.8385332362378042,1.4769329137627361,-16.372858356637625,10.81419196357926
1,1,Fz,P0,1,0.3984375,-0.011384057488009513,-2.3593810027154754,1.1872127563999479,-16.336463284612933,10.547910014645151
1,1,Fz,P0,1,0.40234375,-0.38734867915217741,-2.557730120906764,0.88465951411059662,-16.299259056187729,10.262306240440081
1,1,Fz,P0,1,0.40625,-0.67981429025963114,-2.3706228345386675,0.57018306110845518,-16.256880669160534,9.957704841480572
1,1,Fz,P0,1,0.41015625,-0.94288673369023246,-1.8803969997152543,0.24488471532416969,-16.208386270191493,9.6347166601681167
1,1,Fz,P0,1,0.4140625,-1.249776175347332,-1.2975567791585412,-0.089941819254967012,-16.193337826189129,9.2942598117016306
1,1,Fz,P0,1,0.41796875,-1.6671117754753144,-0.86983070083136516,-0.43281257452333805,-16.180306610364756,8.9438649114828372
1,1,Fz,P0,1,0.421875,-2.2270541324283482,-0.77084374982913872,-0.78205869788910976,-16.161275789316516,8.5793796503218402
1,1,Fz,P0,1,0.42578125,-2.9062877353847356,-1.0374561739129526,-1.135835223315147,-16.13626705855452,8.2026218659146029
1,1,Fz,P0,1,0.4296875,-3.6231003493729896,-1.5821402699978093,-1.4921332999348973,-16.105308902048584,7.8157994409789433
1,1,Fz,P0,1,0.43359375,-4.2599765543194525,-2.2501265167802451,-1.8487958704238883,-16.068436538165194,7.4240610914421152
1,1,Fz,P0,1,0.4375,-4.7061728817968929,-2.8751833536930609,-2.2035367126038579,-16.02569185290174,7.1393594226192896
1,1,Fz,P0,1,0.44140625,-4.9004313296875432,-3.3141407559365414,-2.5539626763201539,-16.044239228953106,6.856208210957158
1,1,Fz,P0,1,0.4453125,-4.8518888618546105,-3.467973274096424,-2.8975988656631424,-16.12078112561003,6.5767646227723366
1,1,Fz,P0,1,0.44921875,-4.6312517183885005,-3.3007949865963524,-3.231916436448492,-16.185370660006473,6.303265065809307
1,1,Fz,P0,1,0.453125,-4.3418051162066327,-2.8571928900838182,-3.5543626029516204,-16.246844592726344,6.0379966746054379
1,1,Fz,P0,1,0.45703125,-4.0858391980006408,-2.2700146460535753,-3.8623923786223124,-16.245278438977891,5.7832663713105585
1,1,Fz,P0,1,0.4609375,-3.937180705505678,-1.7456332514114543,-4.1535015152084416,-16.178859302994397,5.5413680617567334
1,1,Fz,P0,1,0.46484375,-3.9255287289436196,-1.5097512854857602,-4.4252600555342427,-16.106923575932775,5.3145486020861457
1,1,Fz,P0,1,0.46875,-4.0355000070572364,-1.7073919267283224,-4.6753458789879954,-16.034902343279501,5.1049732315832115
1,1,Fz,P0,1,0.47265625,-4.2176487905112996,-2.2862652349109966,-4.9015775971151143,-16.050935975082677,4.9146912098250537
1,1,Fz,P0,1,0.4765625,-4.4034206277620322,-2.9346828979578241,-5.1019461507176391,-16.084703072987541,4.7479448563294273
1,1,Fz,P0,1,0.48046875,-4.5189088253767098,-3.1555127108356911,-5.274644470201058,-16.167453422817953,4.604102368423697
1,1,Fz,P0,1,0.484375,-4.499517889418672,-2.5084412230176589,-5.4180945877561282,-16.228584406451159,4.4843067838251782
1,1,Fz,P0,1,0.48828125,-4.3076476499923091,-0.95175433171211676,-5.5309716329697656,-16.267779653918037,4.3898006537931247
1,1,Fz,P0,1,0.4921875,-3.9480900576363549,0.88513161472391388,-5.6122242017569395,-16.284847424156268,4.3137859836717061
1,1,Fz,P0,1,0.49609375,-3.4729502779106913,1.6947260048387534,-5.661090660725332,-16.281618776700739,4.2665232226225163
1,1,Fz,P0,1,0.5,-2.9745136242359922,-0.13802560310593934,-5.6771110333929364,-16.257730894929605,4.2507150081920129
1,1,Fz,P0,1,0.50390625,-2.5697779424829785,-5.8593481717338287,-5.6601342088348083,-16.212441982296632,4.266523222636895
1,1,Fz,P0,1,0.5078125,-2.375980329002056,-15.658453808225381,-5.6103203147634746,-16.146036381986679,4.3137859837002992
1,1,Fz,P0,1,0.51171875,-2.4740205934008919,-28.396549552612122,-5.5281382029232704,-16.000967695324171,4.3898006538356089
1,1,Fz,P0,1,0.515625,-2.8698561531616158,-42.036106368735439,-5.4143581020249352,-15.823651432469171,4.4843067838810757
1,1,Fz,P0,1,0.51953125,-3.479361298394744,-54.566404830438458,-5.2700395992350728,-15.625175146856945,4.6041023684923861
1,1,Fz,P0,1,0.5234375,-4.1540894935951718,-64.768548375945855,-5.0965152124910542,-15.406633435376442,4.7479448564101512
1,1,Fz,P0,1,0.52734375,-4.7365324536254967,-72.312253169069777,-4.8953699098173349,-15.196804560208109,4.914691209926608
1,1,Fz,P0,1,0.53125,-5.1138922550245409,-77.345310976844743,-4.6684170158065283,-14.980501800160082,5.1049732316960155
1,1,Fz,P0,1,0.53515625,-5.2456591482286994,-80.122818464837934,-4.4176710172682592,-14.751069612250253,5.3145486022090216
1,1,Fz,P0,1,0.5390625,-5.1597901094745149,-80.942461282759226,-4.1453178379201248,-14.509225755400378,5.5413680618884271
1,1,Fz,P0,1,0.54296875,-4.9268992434239927,-80.224750448521249,-3.853683194542322,-14.254053046962893,5.7832663714497619
1,1,Fz,P0,1,0.546875,-4.6271189212546027,-78.51467388794093,-3.5451996733878781,-13.988802274805051,6.0379966747508096
1,1,Fz,P0,1,0.55078125,-4.3235824936067369,-76.369629770738499,-3.2223731755015335,-13.773273531256669,6.3032650659594962
1,1,Fz,P0,1,0.5546875,-4.0509213224519556,-74.227855887228074,-2.8877493731391781,-13.546429349119,6.5767646229259986
1,1,Fz,P0,1,0.55859375,-3.8178222236866493,-72.341360017313832,-2.5438807973812896,-13.309235235987614,6.8562082111129792
1,1,Fz,P0,1,0.5625,-3.6161557267402342,-70.788085307212413,-2.1932951404427721,-13.062682725274886,7.1393594227760016
1,1,Fz,P0,1,0.56640625,-3.4307487518996642,-69.529604450496848,-1.8384653066479422,-12.808964334467644,7.4240610915985146
1,1,Fz,P0,1,0.5703125,-3.2481582783785039,-68.478226202014412,-1.4817816854506243,-12.561687874901237,7.8158009990742894
1,1,Fz,P0,1,0.57421875,-3.0624252011352611,-67.555104059482034,-1.1255270503839694,-12.342323041552872,8.202623381143999
1,1,Fz,P0,1,0.578125,-2.8741947373509795,-66.726858080293596,-0.77185441174775182,-12.096695769374591,8.5793811132867255
1,1,Fz,P0,1,0.58203125,-2.6829593421105047,-66.008134692946186,-0.42276807059855898,-11.87975745819193,8.9438663142260637
1,1,Fz,P0,1,0.5859375,-2.4769098384078156,-65.433512431881951,-0.080108039621286237,-11.661498602997181,9.2942612883254085
1,1,Fz,P0,1,0.58984375,-2.2255485747543986,-65.02422462869319,0.25446208492677458,-11.441144051183134,9.6347180574421749
1,1,Fz,P0,1,0.59375,-1.8800177309764081,-64.772524142122137,0.57946379460159581,-11.219182906077808,9.9577061553355861
1,1,Fz,P0,1,0.59765625,-1.3874176200314221,-64.640838030700479,0.89360895171168153,-10.996094769065673,10.262307468259527
1,1,Fz,P0,1,0.6015625,-0.7202867297633514,-64.560485554083968,1.1958018193743711,-10.772347614455862,10.547911155162783
1,1,Fz,P0,1,0.60546875,0.093144110880617928,-64.43021838691439,1.4851380337078435,-10.548395815789151,10.814193016758857
1,1,Fz,P0,1,0.609375,0.96269187937490908,-64.129649183165043,1.7609007636808627,-10.324678334792075,11.061091257047012
1,1,Fz,P0,1,0.61328125,1.7660818083924066,-63.552836485067495,2.0225543449721193,-10.112772113683246,11.288779588078384
1,1,Fz,P0,1,0.6171875,2.4002578756536166,-62.648215873291591,2.2697357049710543,-9.908522628447626,11.497638602222938
1,1,Fz,P0,1,0.62109375,2.8251155457111889,-61.447578873652297,2.5022439167374388,-9.7052602119838411,11.68822628310946
1,1,Fz,P0,1,0.625,3.0787926101949763,-60.075848212202445,2.7200282305898624,-9.5033032859438915,11.861248451609605
1,1,Fz,P0,1,0.62890625,3.2613662666134586,-58.735992926367764,2.9231749335492592,-9.302953542718253,12.017529851868224
1,1,Fz,P0,1,0.6328125,3.4969094659343862,-57.660031181642935,3.1118933798908421,-9.1044952639528436,12.157986479653276
1,1,Fz,P0,1,0.63671875,3.8889855996348639,-57.027738179983572,3.286501521511652,-8.9081947774558614,12.283599646242491
1,1,Fz,P0,1,0.640625,4.484110492005045,-56.882518807253597,3.4474112457956738,-8.714300050496794,12.395392160339068
1,1,Fz,P0,1,0.64453125,5.2540401749045875,-57.091406752232089,3.5951138023383824,-8.5230404163219227,12.494406902245141
1,1,Fz,P0,1,0.6484375,6.1025582330209955,-57.379874954261957,3.7301655695046891,-8.3346264296211263,12.581687962209788
1,1,Fz,P0,1,0.65234375,6.8964922629181444,-57.432431077177441,3.853174378563919,-8.1492498456891092,12.658264421294156
1,1,Fz,P0,1,0.65625,7.513872147436917,-57.014769738038488,3.9647865782564522,-7.9670837171374647,12.725136770317064
1,1,Fz,P0,1,0.66015625,7.8934595389704345,-56.061602307287828,4.0656749872069291,-7.7882826012379676,12.783265891804119
1,1,Fz,P0,1,0.6640625,8.0620083792877146,-54.692891883055403,4.1565278466128017,-7.612982870316042,12.833564472037365
1,1,Fz,P0,1,0.66796875,8.1196466677959993,-53.162099473557895,4.2380388519834842,-7.4413031170683714,12.876890665368018
1,1,Fz,P0,1,0.671875,8.1873518231792879,-51.773791998110006,4.3108983111242329,-7.2733446462506537,12.914043800479098
1,1,Fz,P0,1,0.67578125,8.3479549430421418,-50.805568597573355,4.3757854466422907,-7.1091920438692027,12.945761897422113
1,1,Fz,P0,1,0.6796875,8.6149523026688311,-50.44092879567291,4.4333618354438995,-6.9489138148108394,12.972720753845772
1,1,Fz,P0,1,0.68359375,8.9387038919233675,-50.708767039359799,4.4842659552871904,-6.7925630797551344,12.995534357517201
1,1,Fz,P0,1,0.6875,9.23604284007879,-51.448806569213495,4.5291087896181859,-6.6401783222262676,13.014756388520606
1,1,Fz,P0,1,0.69140625,9.4260618545871804,-52.340758050983688,4.5684704266809524,-6.4917841767521098,13.030882586882811
1,1,Fz,P0,1,0.6953125,9.4605379260321243,-53.006159968837849,4.6028975771838967,-6.3473922492983554,13.044353778331153
1,1,Fz,P0,1,0.69921875,9.3391927231521734,-53.137461776115977,4.6329019264551246,-6.2070019614274194,13.055559371039845
1,1,Fz,P0,1,0.703125,9.1044297428381054,-52.589306754577912,4.6589592317879696,-6.0706014099868053,13.064841158300696
1,1,Fz,P0,1,0.70703125,8.8230319846653682,-51.399028510248229,4.6815090732637987,-5.9381682345505942,13.072497284959251
1,1,Fz,P0,1,0.7109375,8.5698894207045413,-49.744393781865689,4.7009551664038129,-5.8096704853112007,13.078786258260106
1,1,Fz,P0,1,0.71484375,8.418287341905561,-47.862372133352061,4.7176661471825945,-5.6850674846371794,13.083930905699203
1,1,Fz,P0,1,0.71875,8.4264244935686659,-45.95762984435985,4.7319767438633473,-5.5643106760672305,13.088122203017065
1,1,Fz,P0,1,0.72265625,8.6152355113509849,-44.140451803472104,4.7441892554225458,-5.4473444550913062,13.091522914181221
1,1,Fz,P0,1,0.7265625,8.9541272350754948,-42.428252786534252,4.7545752626703326,-5.3346674669469714,13.094271001843564
1,1,Fz,P0,1,0.73046875,9.3761332161959476,-40.802231909160696,4.7633775052170773,-5.2286040654225685,13.096482781193224
1,1,Fz,P0,1,0.734375,9.8179006378168854,-39.26510948683557,4.7708118648915701,-5.1262278576940137,13.098255802338969
1,1,Fz,P0,1,0.73828125,10.251729939780557,-37.851150313506515,4.7770694038232016,-5.0274523527320696,13.099671456414329
1,1,Fz,P0,1,0.7421875,10.68197851606921,-36.593020298724298,4.7823184129378529,-4.9321877815945276,13.10079730863521
1,1,Fz,P0,1,0.74609375,11.112764518091648,-35.490184656454872,4.7867064339022516,-4.8864261670493576,13.101689167730536
1,1,Fz,P0,1,0.75,11.521289563266606,-34.50928008381986,4.7903622244394546,-4.8575512956790545,13.102392905717
1,1,Fz,P0,1,0.75390625,11.86437322852783,-33.604913156578142,4.7933976433200325,-4.8053895016526997,13.102946045117637
1,1,Fz,P0,1,0.7578125,12.113457493363136,-32.732140853164601,4.7959094371339388,-4.7410768257618932,13.103379132652234
1,1,Fz,P0,1,0.76171875,12.286125922620489,-31.842530214171525,4.7979809161212543,-4.6828045124064737,13.103716919368242
1,1,Fz,P0,1,0.765625,12.443493376986584,-30.882123147981819,4.7996835108662506,-4.6272103931057753,13.103979367333761
1,1,Fz,P0,1,0.76953125,12.651007635594386,-29.80969511923572,4.8010782055408567,-4.5730090072640541,13.104182502559693
1,1,Fz,P0,1,0.7734375,12.931618785677147,-28.628366653471328,4.8022168466405555,-4.520176363654075,13.104339132915621
1,1,Fz,P0,1,0.77734375,13.248264348657445,-27.400426674119473,4.8031433288222196,-4.4594517140877299,13.104459448590321
1,1,Fz,P0,1,0.78125,13.530196210316184,-26.220472421738574,4.8038946615735858,-4.395549009528108,13.104551521237353
1,1,Fz,P0,1,0.78515625,13.723911513340862,-25.15665534261953,4.8045019220693339,-4.3564040821268053,13.104621716432126
1,1,Fz,P0,1,0.7890625,13.831283853142619,-24.204825910443638,4.8049911007542816,-4.3338949812506442,13.104675032522838
1,1,Fz,P0,1,0.79296875,13.906942671009849,-23.298894287947888,4.8053838469969268,-4.3133833822304615,13.104715377439675
1,1,Fz,P0,1,0.796875,14.015892432666893,-22.37572820024937,4.8056981226327,-4.2947220691292634,13.104745793575466
1,1,F3,P0,2,-0.19921875,-2.2973759938551561,6.0563306494158784,,,
1,1,F3,P0,2,-0.1953125,-1.8612844466824792,5.8847033925771495,,,
1,1,F3,P0,2,-0.19140625,-1.4578945657257514,5.630667428601412,,,
1,1,F3,P0,2,-0.1875,-1.1083646449217792,5.1561074166401655,,,
1,1,F3,P0,2,-0.18359375,-0.82433803090054447,4.3840140894717283,,,
1,1,F3,P0,2,-0.1796875,-0.61025454728736861,3.3711982132143214,,,
1,1,F3,P0,2,-0.17578125,-0.46603032025543695,2.30010588212114,,,
1,1,F3,P0,2,-0.171875,-0.39198629353698583,1.3851651088608528,,,
1,1,F3,P0,2,-0.16796875,-0.38738485829907676,0.75341711032845038,,,
1,1,F3,P0,2,-0.1640625,-0.4376878252994959,0.37954216469060759,,,
1,1,F3,P0,2,-0.16015625,-0.50138060546003782,0.11604761141959848,,,
1,1,F3,P0,2,-0.15625,-0.51526285546504313,-0.20608702981979307,,,
1,1,F3,P0,2,-0.15234375,-0.42584125159072084,-0.67485341840846746,,,
1,1,F3,P0,2,-0.1484375,-0.22979374394979507,-1.2569805710595241,,,
1,1,F3,P0,2,-0.14453125,0.010237838188882608,-1.8380551959215483,,,
1,1,F3,P0,2,-0.140625,0.19451822813647168,-2.3050901652782954,,,
1,1,F3,P0,2,-0.13671875,0.24204185703711578,-2.6086195350551775,,,
1,1,F3,P0,2,-0.1328125,0.13160001245281724,-2.767481309455083,,,
1,1,F3,P0,2,-0.12890625,-0.09890235267252806,-2.8309128234126599,,,
1,1,F3,P0,2,-0.125,-0.38558405580003757,-2.8382221638181226,,,
1,1,F3,P0,2,-0.12109375,-0.67338683767652574,-2.7985626869870401,,,
1,1,F3,P0,2,-0.1171875,-0.93007527643204335,-2.6860934967297077,,,
1,1,F3,P0,2,-0.11328125,-1.1382747970094107,-2.4434722173365229,,,
1,1,F3,P0,2,-0.109375,-1.2772137448739123,-2.0012378386862615,,,
1,1,F3,P0,2,-0.10546875,-1.3086217691556024,-1.3208264261640306,,,
1,1,F3,P0,2,-0.1015625,-1.1805178490482142,-0.44437802497019852,,,
1,1,F3,P0,2,-0.09765625,-0.85445557752025558,0.48790270837409738,,,
1,1,F3,P0,2,-0.09375,-0.34285311134341628,1.2782092805645286,,,
1,1,F3,P0,2,-0.08984375,0.27215940451491055,1.7506693807456306,,,
1,1,F3,P0,2,-0.0859375,0.85904855784458733,1.8214408696810391,,,
1,1,F3,P0,2,-0.08203125,1.2885901930059491,1.5222611518712663,,,
1,1,F3,P0,2,-0.078125,1.4856768122623705,0.97425421736757012,,,
1,1,F3,P0,2,-0.07421875,1.4526200146900521,0.33543405515616426,,,
1,1,F3,P0,2,-0.0703125,1.2586174032095936,-0.24723525586361314,,,
1,1,F3,P0,2,-0.06640625,1.008845574242939,-0.66238294087148319,,,
1,1,F3,P0,2,-0.0625,0.80809878243380351,-0.83944990612902326,,,
1,1,F3,P0,2,-0.05859375,0.7287055488766816,-0.75291801836077366,,,
1,1,F3,P0,2,-0.0546875,0.79035739471395328,-0.43608614664176387,,,
1,1,F3,P0,2,-0.05078125,0.95650387846623386,0.0050553604141124033,,,
1,1,F3,P0,2,-0.046875,1.1473559833217362,0.39811531911231368,,,
1,1,F3,P0,2,-0.04296875,1.2677690290094774,0.54437419568635614,,,
1,1,F3,P0,2,-0.0390625,1.2449411609375183,0.28948471517204039,,,
1,1,F3,P0,2,-0.03515625,1.0618624643687911,-0.39798402148406448,,,
1,1,F3,P0,2,-0.03125,0.76803999780026599,-1.3797699042653433,,,
1,1,F3,P0,2,-0.02734375,0.45931057548583765,-2.3711025253515219,,,
1,1,F3,P0,2,-0.0234375,0.23643119412880395,-3.0384120220002617,,,
1,1,F3,P0,2,-0.01953125,0.16261464432375297,-3.127390703521856,,,
1,1,F3,P0,2,-0.015625,0.23830564537718354,-2.5559628012686217,,,
1,1,F3,P0,2,-0.01171875,0.40343339268971606,-1.4322717570399073,,,
1,1,F3,P0,2,-0.0078125,0.56791599310802832,-0.0025428912068820174,,,
1,1,F3,P0,2,-0.00390625,0.65916377413411009,1.4398814756211453,,,
1,1,F3,P0,2,0,0.66307595830936084,2.649982793727284,4.4402816639452212,-0.82031754742016405,8.3016927751576741
1,1,F3,P0,2,0.00390625,0.63364579969106516,3.50054160190609,4.2060946500954257,-1.0256910690326726,8.02921019664673
1,1,F3,P0,2,0.0078125,0.66374837080274796,4.0028970740981284,3.9735780350077632,-1.2518607759525231,7.7661687870939202
1,1,F3,P0,2,0.01171875,0.83527811053663925,4.274748047518683,3.7430893693820204,-1.4789358151827274,7.5129371234493281
1,1,F3,P0,2,0.015625,1.1775373042687138,4.4727816722429647,3.5149880326851126,-1.7067348110797971,7.2452568606208754
1,1,F3,P0,2,0.01953125,1.6514643041627728,4.7192747354227897,3.2896340795921408,-1.9350708104078342,6.9763173088592998
1,1,F3,P0,2,0.0234375,2.1614423174403603,5.051961510636283,3.0673870492237976,-2.1637514925197459,6.712800327529326
1,1,F3,P0,2,0.02734375,2.5895241806627172,5.4195233762770894,2.8486047412290758,-2.3925793995274218,6.4637611745225838
1,1,F3,P0,2,0.03125,2.8410481625018851,5.7263972854219993,2.6336419630323369,-2.622762459103297,6.2295554325971532
1,1,F3,P0,2,0.03515625,2.8807959132015104,5.9014840579706132,2.4228492528184127,-2.8554310708297845,6.0572532959912815
1,1,F3,P0,2,0.0390625,2.7393277513038652,5.9463670472400292,2.2165715830665653,-3.111556093310472,5.9025117234244489
1,1,F3,P0,2,0.04296875,2.4884259640824222,5.9306749988872749,2.0151470496626387,-3.4058135490279908,5.7594400373574199
1,1,F3,P0,2,0.046875,2.2055879024554499,5.9391368051006381,1.8189055518166111,-3.6996088926547412,5.6290120293361898
1,1,F3,P0,2,0.05078125,1.9496050337426087,6.0077562671893805,1.6281674681890403,-3.9943160628676302,5.5134142032878373
1,1,F3,P0,2,0.0546875,1.7545688869351395,6.0927197917493832,1.4432423347829728,-4.28937384380386,5.4096895989897824
1,1,F3,P0,2,0.05859375,1.6354084905899862,6.0938892479521956,1.2644275302869175,-4.5830053507316357,5.3178281725397953
1,1,F3,P0,2,0.0625,1.594858609828484,5.9191387944714409,1.0920069746581056,-4.874809838818126,5.2377837099026463
1,1,F3,P0,2,0.06640625,1.6267323311772213,5.5483971654318767,0.92624984681305855,-5.164381743350777,5.1861999412890585
1,1,F3,P0,2,0.0703125,1.7154874888228202,5.0555932920196156,0.76740932734321043,-5.4513119971670916,5.1671408045644798
1,1,F3,P0,2,0.07421875,1.834595544954144,4.5730443051545651,0.61572137219698564,-5.7351894154379695,5.1571096525566151
1,1,F3,P0,2,0.078125,1.9480720548105341,4.2195611208713188,0.47140352326534124,-6.0156021435227416,5.1559987126941715
1,1,F3,P0,2,0.08203125,2.0187299040229036,4.0383274552762689,0.33465376177563527,-6.2921391631305124,5.1674239782301878
1,1,F3,P0,2,0.0859375,2.0211043787489089,3.9839247543080107,0.20564941033807979,-6.5643918515583,5.2097541224497679
1,1,F3,P0,2,0.08984375,1.9522874119402112,3.9604760388612115,0.084546089400664964,-6.8319555883360046,5.2865036641084551
1,1,F3,P0,2,0.09375,1.8343866938202362,3.8765325899880843,-0.028523266248110246,-7.0944314031953182,5.3666136266352655
1,1,F3,P0,2,0.09765625,1.7045327333407219,3.680551698991954,-0.13344932543336196,-7.3514276588980048,5.3847043237007624
1,1,F3,P0,2,0.1015625,1.592846537060862,3.3689147069193424,-0.23014720768060182,-7.6025617621124963,5.4153623242468267
1,1,F3,P0,2,0.10546875,1.499031930348637,2.9812821205425548,-0.3185572543086107,-7.8474618952190802,5.5071280748258324
1,1,F3,P0,2,0.109375,1.3854625359897041,2.5939089711050589,-0.3986457186253724,-8.0857687616565723,5.6294641472798679
1,1,F3,P0,2,0.11328125,1.196009007570886,2.303673659970245,-0.47040537057235332,-8.3171373371992985,5.7101741323775705
1,1,F3,P0,2,0.1171875,0.89078724973724344,2.1922714001607058,-0.53385601143495398,-8.5412386193743792,5.7963085380774846
1,1,F3,P0,2,0.12109375,0.47605008483308781,2.2798171104679454,-0.58904489453232434,-8.7163192417578212,5.8875044169306774
1,1,F3,P0,2,0.125,0.01323822822428544,2.4979816720522243,-0.63604704811711232,-8.8732427386205543,5.9833880729650755
1,1,F3,P0,2,0.12890625,-0.3968267827309907,2.7084291111549645,-0.67496549705364051,-9.0186955755449798,6.0835763353678631
1,1,F3,P0,2,0.1328125,-0.64886635145412375,2.7633399409007624,-0.70593138020044044,-9.1524981283152158,6.1876778446746403
1,1,F3,P0,2,0.13671875,-0.67521049782567177,2.5756657455671514,-0.72910396079856232,-9.2745343736387635,6.2952943442542892
1,1,F3,P0,2,0.140625,-0.47975455139633749,2.1592142284206877,-0.74467052755932672,-9.3847533803538514,6.4060219700028034
1,1,F3,P0,2,0.14453125,-0.14974723115536004,1.6175154659146569,-0.75284618455264074,-9.4831702581650319,6.5194525313429823
1,1,F3,P0,2,0.1484375,0.1635872003924691,1.0925239400760873,-0.75387352841854072,-9.5698665544946007,6.635174776868431
1,1,F3,P0,2,0.15234375,0.2964593436380637,0.70483212685769192,-0.74802221185835926,-9.64499009726328,6.7774543369489821
1,1,F3,P0,2,0.15625,0.14246535906504681,0.51389874445349426,-0.73558839280676169,-9.7087542886678033,6.9307334229668749
1,1,F3,P0,2,0.16015625,-0.28983845057485053,0.513373290787698,-0.71689406914010345,-9.7614368621793819,7.0938947567725688
1,1,F3,P0,2,0.1640625,-0.86663108644701836,0.66481405738013633,-0.69228629923872376,-9.8033781219198861,7.2980926164013686
1,1,F3,P0,2,0.16796875,-1.3796436493454645,0.95365200820879603,-0.66213630918938948,-9.8349786901603871,7.4999224490308594
1,1,F3,P0,2,0.171875,-1.6368637684450649,1.4247660626395147,-0.62683848788769037,-9.8566967948132209,7.6984338785378288
1,1,F3,P0,2,0.17578125,-1.5474008394385772,2.1544117855011473,-0.58680927177707787,-9.8690451343470524,7.8947339814641708
1,1,F3,P0,2,0.1796875,-1.1587572621431468,3.1625018665116782,-0.54248592144012264,-9.8725873624470335,8.0864116365747787
1,1,F3,P0,2,0.18359375,-0.63336479035941062,4.3281231794720272,-0.49432519273680808,-9.867934238884926,8.2721831957656828
1,1,F3,P0,2,0.1875,-0.18106335148778083,5.3809801829191581,-0.44280190566273669,-9.8580106496923232,8.4512390081202931
1,1,F3,P0,2,0.19140625,0.022648350432414664,5.9904011542926483,-0.3884074145755414,-9.8445575021331067,8.6228099266687579
1,1,F3,P0,2,0.1953125,-0.097586278337205956,5.9071274639704425,-0.33164798390897904,-9.8248347311903022,8.7861695601371803
1,1,F3,P0,2,0.19921875,-0.49273469929194635,5.0801665215468237,-0.27304307395952099,-9.7995398770542828,8.9406362711534406
1,1,F3,P0,2,0.203125,-1.0186531858294734,3.6879269094761424,-0.21312354178830509,-9.769395563927425,9.085574917734597
1,1,F3,P0,2,0.20703125,-1.5052697442649761,2.0744114500637405,-0.15242976273016445,-9.735145344331297,9.220398336659823
1,1,F3,P0,2,0.2109375,-1.8283774273304061,0.63081210382815567,-0.091509678439919168,-9.697549574607832,9.3445685690572091
1,1,F3,P0,2,0.21484375,-1.9458884061954578,-0.32402098903681004,-0.030916777831958162,-9.669963822228727,9.4575978301904353
1,1,F3,P0,2,0.21875,-1.8858251476125907,-0.63240556054936825,0.028791982318946942,-9.6457042126447856,9.5590492270100089
1,1,F3,P0,2,0.22265625,-1.7047213371332919,-0.34387626959524659,0.087058309951620921,-9.6196074136595797,9.6772296601742749
1,1,F3,P0,2,0.2265625,-1.4499753183916078,0.2971340683821449,0.14332475592495833,-9.592394183420712,9.7404305878314315
1,1,F3,P0,2,0.23046875,-1.1515358225919663,0.93882890961396259,0.19703692995587219,-9.5648021690864837,9.7957699718405671
1,1,F3,P0,2,0.234375,-0.84383938248884982,1.2683068711008783,0.2476457460503679,-9.5375828663400899,9.8431660703088681
1,1,F3,P0,2,0.23828125,-0.59296545270024936,1.1495066581366842,0.29460968887568029,-9.5114984231875361,9.8837115825726229
1,1,F3,P0,2,0.2421875,-0.49566531803837827,0.67365578138032656,0.33739709223307285,-9.4873182942152532,9.92501904021751
1,1,F3,P0,2,0.24609375,-0.63616328264603605,0.095029922355217691,0.37548842053021253,-9.4658157521245609,9.9587267755362188
1,1,F3,P0,2,0.25,-1.022107906874236,-0.30081151791903632,0.40837854392096601,-9.4477642640769837,9.9847985981667176
1,1,F3,P0,2,0.25390625,-1.5458250746302884,-0.31869861476197509,0.43557899758121821,-9.4339337411876691,10.066273525965279
1,1,F3,P0,2,0.2578125,-2.0083314745755851,0.081942465247905868,0.45662021542401204,-9.4250866704024432,10.161341008773764
1,1,F3,P0,2,0.26171875,-2.2035266755624425,0.7822409907033806,0.47105372842797338,-9.4219741389953224,10.219087498330742
1,1,F3,P0,2,0.265625,-2.0179127102513301,1.5450254485339943,0.47845431766201729,-9.4253317630325046,10.236212760187225
1,1,F3,P0,2,0.26953125,-1.4888705357645691,2.0962864865438262,0.47842211203843937,-9.43375314411003,10.241909297754919
1,1,F3,P0,2,0.2734375,-0.78909093640192818,2.234658674721663,0.47058462081802743,-9.4117913322504396,10.236257479992888
1,1,F3,P0,2,0.27734375,-0.14738349630490311,1.9287672138223282,0.45459869092653454,-9.3933266539610862,10.21937328810105
1,1,F3,P0,2,0.28125,0.25029345463822211,1.3480706523593653,0.43015237922363142,-9.379621011268803,10.191407131364711
1,1,F3,P0,2,0.28515625,0.33003931065030057,0.79924816925636188,0.39696672999506305,-9.3922629937202409,10.152542584608241
1,1,F3,P0,2,0.2890625,0.14289466751897115,0.59176897461317657,0.35479744811762104,-9.4737699743239254,10.10299505567227
1,1,F3,P0,2,0.29296875,-0.17198366414209165,0.89689191793283807,0.30343645857605633,-9.5673650493163702,10.043010391226534
1,1,F3,P0,2,0.296875,-0.44704741005040688,1.6706272405661149,0.24271334329263686,-9.6724009028069062,9.9728634290823415
1,1,F3,P0,2,0.30078125,-0.54310671147847145,2.6795788046114235,0.17249664656393623,-9.789024215974905,9.892856504977269
1,1,F3,P0,2,0.3046875,-0.38951823501670502,3.6132104930910351,0.092695040787097088,-9.9173270116516576,9.8033179215751964
1,1,F3,P0,2,0.30859375,-0.004027807066576846,4.2193398291051558,0.003258344598806473,-10.057345774970447,9.7046003871615287
1,1,F3,P0,2,0.3125,0.5097708751872766,4.3941637376650799,-0.095821613955121024,-10.198431400502471,9.5970794312201875
1,1,F3,P0,2,0.31640625,0.99104980493217187,4.1946071294793503,-0.20451029605368021,-10.338078096594947,9.4811518037609055
1,1,F3,P0,2,0.3203125,1.2763676499371768,3.7857658385553901,-0.32272991877191637,-10.490495785199853,9.357233864926064
1,1,F3,P0,2,0.32421875,1.2671704549799998,3.3592373507024864,-0.45035909537178115,-10.655685590680134,9.2273119964641701
1,1,F3,P0,2,0.328125,0.98091899007654815,3.0585743715473357,-0.58723265409344194,-10.833569957165873,9.0908411227360055
1,1,F3,P0,2,0.33203125,0.55242709241582266,2.9385366379839488,-0.73314163957928347,-11.023990150696129,8.9329960075660839
1,1,F3,P0,2,0.3359375,0.17351643888250814,2.9687698380583876,-0.88783350026876595,-11.226704128591972,8.757815212555208
1,1,F3,P0,2,0.33984375,-0.0006232979013862897,3.0726509719928639,-1.0510124642662919,-11.446376941431385,8.5792505963894161
1,1,F3,P0,2,0.34375,0.0759566117275359,3.1786268542434839,-1.2223401053096197,-11.686451214505642,8.3977929138566871
1,1,F3,P0,2,0.34765625,0.32740929704615723,3.2599167209507387,-1.4014360995566986,-11.933960091064941,8.2139289333209771
1,1,F3,P0,2,0.3515625,0.60082866264081181,3.34553563392417,-1.5878791729688635,-12.188218216976423,8.0281404513950729
1,1,F3,P0,2,0.35546875,0.7365814138493213,3.49837267153505,-1.78120823810283,-12.44848919816047,7.8409033861950252
1,1,F3,P0,2,0.359375,0.63237364255930473,3.7718117287399542,-1.9809237181375539,-12.713988532343665,7.6526869459393536
1,1,F3,P0,2,0.36328125,0.28057506393795212,4.1674347552180304,-2.1864890549613212,-12.983886822829783,7.4639528694251664
1,1,F3,P0,2,0.3671875,-0.23442751520294167,4.6150621167737498,-2.3973323971342206,-13.257313259144082,7.2751547347416201
1,1,F3,P0,2,0.37109375,-0.78199138528776835,4.9838269531157549,-2.6128484625288708,-13.547885096035589,7.0867373324644261
1,1,F3,P0,2,0.375,-1.2547924714388732,5.1188623133270053,-2.8324005694435046,-13.85475859253941,6.8991360995095059
1,1,F3,P0,2,0.37890625,-1.6216463495583617,4.8913992018462995,-3.0553228289836594,-14.1640783284073,6.712776609804707
1,1,F3,P0,2,0.3828125,-1.9291478837477423,4.2505167272103765,-3.2809224905286838,-14.4747204316068,6.5280741179610589
1,1,F3,P0,2,0.38671875,-2.2542600551837042,3.2643655186088569,-3.5084824311439076,-14.785529561768891,6.345433152185187
1,1,F3,P0,2,0.390625,-2.6454884535002687,2.1316653696700407,-3.737263778876196,-15.095324337835674,6.165247152766999
1,1,F3,P0,2,0.39453125,-3.0928026204847026,1.1400699065232616,-3.9665086589866818,-15.402902935477133,5.9878981525979205
1,1,F3,P0,2,0.3984375,-3.5395849916877546,0.5658763395695412,-4.1954430513369134,-15.70704882240485,5.8137564963196153
1,1,F3,P0,2,0.40234375,-3.9225866624164225,0.54945858266067704,-4.4232797463606497,-16.006536598593989,5.6431805948677285
1,1,F3,P0,2,0.40625,-4.2155176374076291,1.0114852065863957,-4.649221386329625,-16.324608118736926,5.4765167123554344
1,1,F3,P0,2,0.41015625,-4.4540759883268768,1.6656843495457756,-4.8724635779646643,-16.662647394390085,5.3140987824338453
1,1,F3,P0,2,0.4140625,-4.7283110147436904,2.134839273270142,-5.0921980618594187,-16.994654533454959,5.1562482514669714
1,1,F3,P0,2,0.41796875,-5.1423788799170564,2.1150913277143131,-5.3076159236789584,-17.318736349570319,5.0032739460650895
1,1,F3,P0,2,0.421875,-5.7589177407181644,1.4993186082286289,-5.5179108316742269,-17.632969553864228,4.8554719627285605
1,1,F3,P0,2,0.42578125,-6.5558245635506909,0.394775252782679,-5.7222822847215733,-17.935412887912069,4.7131255775623391
1,1,F3,P0,2,0.4296875,-7.4195995122461875,-0.95903975412852482,-5.9199388548573868,-18.224119894299712,4.5765051742267406
1,1,F3,P0,2,0.43359375,-8.1819786292499419,-2.307212571770588,-6.1101014081360283,-18.497152220027726,4.4458681884906746
1,1,F3,P0,2,0.4375,-8.6835731822707594,-3.4637487898652104,-6.2920062875963003,-18.752593336142183,4.3214590679476972
1,1,F3,P0,2,0.44140625,-8.8332773453024558,-4.3377256513325086,-6.4649084421810565,-18.988562546342944,4.2035092456411824
1,1,F3,P0,2,0.4453125,-8.6363001953652212,-4.9158008206487951,-6.6280844856163954,-19.203229148142658,4.0922371265217112
1,1,F3,P0,2,0.44921875,-8.1838865439793125,-5.2291873801495452,-6.7808356695225793,-19.394826602654426,3.9878480858259628
1,1,F3,P0,2,0.453125,-7.6165675021612422,-5.3256391292698586,-6.9224907553973694,-19.561666563472365,3.8905344786215577
1,1,F3,P0,2,0.45703125,-7.0772091929655696,-5.2542712648315879,-7.0524087705832557,-19.702152611548645,3.8004756599055378
1,1,F3,P0,2,0.4609375,-6.6675015469479026,-5.0623186980279486,-7.1699816339005427,-19.814793541598728,3.7178380147754178
1,1,F3,P0,2,0.46484375,-6.4225316050121712,-4.7989766476124336,-7.2746366372959015,-19.898216046481988,3.6427749983102649
1,1,F3,P0,2,0.46875,-6.315466624189388,-4.5202380954590931,-7.3658387706169171,-19.953301191224778,3.5754271849056241
1,1,F3,P0,2,0.47265625,-6.2885331550651582,-4.2889384718256141,-7.4430928774726581,-19.980862681613278,3.5159223268997999
1,1,F3,P0,2,0.4765625,-6.2886114321108133,-4.1675876482554104,-7.5059456310734252,-19.975143926223716,3.4643754224106011
1,1,F3,P0,2,0.48046875,-6.2848553132176006,-4.2081630232006635,-7.5539873199529159,-19.935277689602202,3.4208887923713203
1,1,F3,P0,2,0.484375,-6.2630391732912605,-4.4448987950263943,-7.5868534345568213,-19.860571206309434,3.3855521668128041
1,1,F3,P0,2,0.48828125,-6.2101866931315728,-4.8870905638152857,-7.604226046825544,-19.750513110557755,3.3584427804855825
1,1,F3,P0,2,0.4921875,-6.1078676439869772,-5.5017270688584405,-7.6058349760973405,-19.604778812080358,3.3396254779525014
1,1,F3,P0,2,0.49609375,-5.9427947684795077,-6.1896882159654538,-7.5914587359030659,-19.42323424316827,3.3291528283091543
1,1,F3,P0,2,0.5,-5.7295032177163385,-6.7852714751416654,-7.5609252575062396,-19.205937922073836,3.3270652497064028
1,1,F3,P0,2,0.50390625,-5.5293929886215469,-7.1079876584332577,-7.5141123873523741,-18.988706954368997,3.3333911438582984
1,1,F3,P0,2,0.5078125,-5.445823997799569,-7.050388690242249,-7.4509481569200542,-18.785609865271095,3.3481470407192329
1,1,F3,P0,2,0.51171875,-5.5834899868395782,-6.6376938701324715,-7.3714108248036512,-18.551887461719019,3.3713377535076781
1,1,F3,P0,2,0.515625,-5.9868676462726365,-6.004053696553604,-7.2755286921929727,-18.295082921782775,3.4029565442406606
1,1,F3,P0,2,0.51953125,-6.5989397410764052,-5.2984571321866225,-7.1633796942396444,-18.068453177361452,3.4429852999241097
1,1,F3,P0,2,0.5234375,-7.2755348527172918,-4.5941859318402907,-7.0350907711028219,-17.845287903803012,3.4913947195198052
1,1,F3,P0,2,0.52734375,-7.8497102869337319,-3.8691387780827329,-6.8908370237390093,-17.597824863519822,3.5481445117808561
1,1,F3,P0,2,0.53125,-8.2032857272943094,-3.0617549665521229,-6.7308406607323583,-17.326681295930687,3.6131836040147269
1,1,F3,P0,2,0.53515625,-8.3030235674224961,-2.149146274848821,-6.5553697436440483,-17.032569385633767,3.6864503617966742
1,1,F3,P0,2,0.5390625,-8.1892155765020789,-1.1836590450584896,-6.3647367394834937,-16.716290952131398,3.7678728196176072
1,1,F3,P0,2,0.54296875,-7.9344750029734392,-0.26157412451680589,-6.1592968899621177,-16.378731574366483,3.8573689224092336
1,1,F3,P0,2,0.546875,-7.6026329124285557,0.54704238379612247,-5.939446408174704,-16.020854211601286,3.954846777846746
1,1,F3,P0,2,0.55078125,-7.2308550720885112,1.247396645831601,-5.705620514257185,-15.709298326852721,4.0602049192854324
1,1,F3,P0,2,0.5546875,-6.8383719675283192,1.907182953909226,-5.4582913223867822,-15.412623945554667,4.1733325791431035
1,1,F3,P0,2,0.55859375,-6.4449018300408412,2.594037576819932,-5.1979655922155201,-15.098940628567313,4.2941099724956882
1,1,F3,P0,2,0.5625,-6.0771532805865931,3.3154745475202616,-4.9251823584567953,-14.768749710299742,4.4224085906086863
1,1,F3,P0,2,0.56640625,-5.7571801630671056,4.0064027433535729,-4.6405104528728973,-14.422584919740721,4.5580915040835075
1,1,F3,P0,2,0.5703125,-5.4857086535863377,4.5650159531650862,-4.3445459333368088,-14.075574161982805,4.701013675254651
1,1,F3,P0,2,0.57421875,-5.2373083852282445,4.9029521200095365,-4.0379094349619287,-13.716246569229648,4.9511045251596641
1,1,F3,P0,2,0.578125,-4.9726206616949176,4.9800641592738604,-3.7212434585078613,-13.345631417890029,5.2806749503560253
1,1,F3,P0,2,0.58203125,-4.6606441425991383,4.8176749091177813,-3.3952096113788315,-12.993424163515423,5.6163802055122769
1,1,F3,P0,2,0.5859375,-4.2980772261812836,4.4934846325486699,-3.0604858165346585,-12.630293428839924,5.9719908985316792
1,1,F3,P0,2,0.58984375,-3.9111720592657693,4.1182253959084987,-2.7177635045336728,-12.256873956183201,6.3364685793067244
1,1,F3,P0,2,0.59375,-3.5335655742816661,3.8007245159711487,-2.3677448037260622,-11.873813990544962,6.5744372178456025
1,1,F3,P0,2,0.59765625,-3.1743093012537469,3.6215393418863786,-2.0111397433167615,-11.481772923319673,6.8198186012715389
1,1,F3,P0,2,0.6015625,-2.8050217973233629,3.6312799039371813,-1.648663483624851,-11.08998187561674,7.0723419602693189
1,1,F3,P0,2,0.60546875,-2.3807253781797626,3.8656639574972225,-1.2810335873849283,-10.69077074679603,7.3317293553562157
1,1,F3,P0,2,0.609375,-1.8767933409581685,4.3537569951645416,-0.90896734537151513,-10.348331984783441,7.597696302779041
1,1,F3,P0,2,0.61328125,-1.3106822935542815,5.1074502825337005,-0.53317916898573703,-10.014284715209415,7.92335568680571
1,1,F3,P0,2,0.6171875,-0.7335423566953575,6.1021969800734128,-0.15437806173122737,-9.6744126949209903,8.2993837873742375
1,1,F3,P0,2,0.62109375,-0.20055905360827989,7.2641299296996165,0.22673481926979461,-9.3292014635539449,8.6761166360200654
1,1,F3,P0,2,0.625,0.26081254711292812,8.4668547952587936,0.60946850140135289,-8.9791369862968153,9.0528913794583072
1,1,F3,P0,2,0.62890625,0.66834614168723727,9.5360469894613313,0.99314442488115839,-8.5798787430925749,9.4290753014318867
1,1,F3,P0,2,0.6328125,1.0798159049754765,10.269981784200109,1.3770985527732196,-8.1078053681176918,9.8040673983247579
1,1,F3,P0,2,0.63671875,1.565692149770515,10.489032379447238,1.7606833551218468,-7.644901678601685,10.177299657677686
1,1,F3,P0,2,0.640625,2.170122730256979,10.109157035808664,2.1432696606208395,-7.1892484990345924,10.548238044789807
1,1,F3,P0,2,0.64453125,2.8791088900546251,9.2046868737869314,2.5242483702255489,-6.7396067320617155,10.91638320517457
1,1,F3,P0,2,0.6484375,3.6156824100172056,8.0135316905845144,2.9030320281175577,-6.3594914360531458,11.281270893007122
1,1,F3,P0,2,0.65234375,4.2697223305383201,6.8622996431948362,3.2790562464339175,-5.9799575082637206,11.64247213783139
1,1,F3,P0,2,0.65625,4.7505382961457512,6.039642722059325,3.6517809811676898,-5.6015210428108624,12.005396304636927
1,1,F3,P0,2,0.66015625,5.0359131989030432,5.6851042586449223,4.0206916576267133,-5.2246820805866436,12.408362689697981
1,1,F3,P0,2,0.6640625,5.1892368000574187,5.7513214301372502,4.3853001447958846,-4.8662028656858958,12.804779964247979
1,1,F3,P0,2,0.66796875,5.3297088680095506,6.0457506108625862,4.74514557887822,-4.5677491302471465,13.194339334425994
1,1,F3,P0,2,0.671875,5.5684329832342545,6.3122707543888508,5.0997950371857357,-4.2875544207336791,13.576772327990057
1,1,F3,P0,2,0.67578125,5.948872617831654,6.3108656872680378,5.4488440644067042,-4.0105468988444581,13.951849384394615
1,1,F3,P0,2,0.6796875,6.4283033324301853,5.8821843958941704,5.7919170540862819,-3.7370382838954841,14.319378277260995
1,1,F3,P0,2,0.68359375,6.906704085953459,4.9996112257684571,6.1286674889183628,-3.4462425606349787,14.679202393942246
1,1,F3,P0,2,0.6875,7.2801104902996974,3.7959243281657562,6.4587780441536351,-3.1040812402540214,15.031198896658909
1,1,F3,P0,2,0.69140625,7.4885023941302116,2.5361608618545399,6.7819605590790806,-2.7442972421379119,15.375276789196519
1,1,F3,P0,2,0.6953125,7.537475769711242,1.5307488862873055,7.0979558821148352,-2.3875051346746465,15.754359435115999
1,1,F3,P0,2,0.69921875,7.4862797532553653,1.0284305535084679,7.4065335956028653,-2.0340161131147982,16.137554951248095
1,1,F3,P0,2,0.703125,7.411553036855083,1.1448779910077016,7.7074916268277622,-1.6841257973928283,16.518454313693766
1,1,F3,P0,2,0.70703125,7.3713354091384247,1.8521644804296042,8.000655752210891,-1.3790474817950755,16.89674435371078
1,1,F3,P0,2,0.7109375,7.3912255466711603,3.0142101945590447,8.2858790019560864,-1.0790689975585288,17.272123708106065
1,1,F3,P0,2,0.71484375,7.4718535028844224,4.4418041015154159,8.5630409726973866,-0.78301111136966761,17.64430312322764
1,1,F3,P0,2,0.71875,7.5998163017991862,5.9493808545455655,8.8320470559081485,-0.49107364759264355,18.013005719072407
1,1,F3,P0,2,0.72265625,7.7530877058048526,7.3986832304282819,9.0928275899774373,-0.20344215032735341,18.377967213915543
1,1,F3,P0,2,0.7265625,7.9103491233358865,8.7152256123446872,9.3453369439456004,0.079712022312298222,18.713368422573804
1,1,F3,P0,2,0.73046875,8.0716234389665669,9.8780684834688728,9.5895525409183318,0.35823156365187953,18.936299059113995
1,1,F3,P0,2,0.734375,8.2753983327364526,10.899981532915161,9.8254738291505177,0.63197304582572744,19.1630310849662
1,1,F3,P0,2,0.73828125,8.5870318134385819,11.810706524183287,10.05312120870966,0.90080671132623591,19.38427210951259
1,1,F3,P0,2,0.7421875,9.0546827308964577,12.639351778336618,10.272534921497922,1.1387646136424405,19.507442092935996
1,1,F3,P0,2,0.74609375,9.6627982242233283,13.39209411408428,10.483773912234524,1.3640000205895744,19.584488351775647
1,1,F3,P0,2,0.75,10.323444512283082,14.040924773519521,10.686914667780556,1.5830983365073932,19.65556524739084
1,1,F3,P0,2,0.75390625,10.920257690958922,14.546457773601469,10.88205004192967,1.796028156958708,19.721026083343883
1,1,F3,P0,2,0.7578125,11.379313412440354,14.909823512656839,11.069288072495176,1.9561380256534719,19.830545508221121
1,1,F3,P0,2,0.76171875,11.717338907076854,15.208547845600567,11.24875079720004,2.0947290671744163,20.013528820630572
1,1,F3,P0,2,0.765625,12.029034880319335,15.569095497172542,11.420573074526137,2.2239924069874686,20.190173058596521
1,1,F3,P0,2,0.76953125,12.417255279920932,16.07981430134004,11.584901415306351,2.343417250278959,20.360650811943046
1,1,F3,P0,2,0.7734375,12.914383184267107,16.707022347418274,11.741892830452104,2.4574357318812452,20.530421582483179
1,1,F3,P0,2,0.77734375,13.453774018391126,17.286062819894632,11.89171369980347,2.5662240287153359,20.700784682670164
1,1,F3,P0,2,0.78125,13.913598824767284,17.608075486576965,12.034538666673477,2.6105453410850306,20.865339396154049
1,1,F3,P0,2,0.78515625,14.200978215129513,17.552615041116947,12.170549562235474,2.6409738474122935,21.024231009782131
1,1,F3,P0,2,0.7890625,14.317007527933571,17.177635085913533,12.299934363477336,2.6687280185719802,21.177603034887582
1,1,F3,P0,2,0.79296875,14.360555930307109,16.700447735854926,12.422886188020902,2.694002016567727,21.325597002327395
1,1,F3,P0,2,0.796875,14.471135247227064,16.375994781477651,12.539602328683602,2.7169804280638323,21.46835230572195
1,1,F4,P0,0,-0.19921875,-2.0695753627426261,7.842065044756632,,,
1,1,F4,P0,0,-0.1953125,-1.5448357624307791,7.8469894104522515,,,
1,1,F4,P0,0,-0.19140625,-1.0092188042500214,7.6724259694736494,,,
1,1,F4,P0,0,-0.1875,-0.48942286009963332,7.1940506161280409,,,
1,1,F4,P0,0,-0.18359375,0.0026533531817781626,6.3094964957284461,,,
1,1,F4,P0,0,-0.1796875,0.44858010973709367,5.0401200616125736,,,
1,1,F4,P0,0,-0.17578125,0.80857710300769747,3.5679423996738597,,,
1,1,F4,P0,0,-0.171875,1.0258962928259261,2.1705789270145561,,,
1,1,F4,P0,0,-0.16796875,1.0515752978937754,1.0928090767639427,,,
1,1,F4,P0,0,-0.1640625,0.87502547982376166,0.43804243063258969,,,
1,1,F4,P0,0,-0.16015625,0.54020501378200669,0.14554779073794205,,,
1,1,F4,P0,0,-0.15625,0.13573696920477812,0.059482712731718741,,,
1,1,F4,P0,0,-0.15234375,-0.23906308632705228,0.035859990457434869,,,
1,1,F4,P0,0,-0.1484375,-0.51823509213399599,0.011856633770542463,,,
1,1,F4,P0,0,-0.14453125,-0.69924205929310379,-0.0050687220599687005,,,
1,1,F4,P0,0,-0.140625,-0.83616744662245091,-0.004688563519366239,,,
1,1,F4,P0,0,-0.13671875,-0.9959698429239866,-0.029710722959357064,,,
1,1,F4,P0,0,-0.1328125,-1.2078227149478338,-0.16792997026040854,,,
1,1,F4,P0,0,-0.12890625,-1.4423524920574269,-0.4889324327707274,,,
1,1,F4,P0,0,-0.125,-1.6331129270244578,-0.97809422623137932,,,
1,1,F4,P0,0,-0.12109375,-1.7209537979540335,-1.51613691921563,,,
1,1,F4,P0,0,-0.1171875,-1.689144833118849,-1.9166248676652373,,,
1,1,F4,P0,0,-0.11328125,-1.5679108913386817,-2.002109573697596,,,
1,1,F4,P0,0,-0.109375,-1.409485299687891,-1.6874851902420882,,,
1,1,F4,P0,0,-0.10546875,-1.2537008079571483,-1.0387369068942285,,,
1,1,F4,P0,0,-0.1015625,-1.1080172243809707,-0.27693652039122651,,,
1,1,F4,P0,0,-0.09765625,-0.95260694925898637,0.29136136204726387,,,
1,1,F4,P0,0,-0.09375,-0.7619052980340737,0.40078796585720683,,,
1,1,F4,P0,0,-0.08984375,-0.52482385731332248,-0.050459291763336384,,,
1,1,F4,P0,0,-0.0859375,-0.25184782599943306,-0.95338964193018039,,,
1,1,F4,P0,0,-0.08203125,0.030121325536328979,-2.0422878420419854,,,
1,1,F4,P0,0,-0.078125,0.28728519426270888,-3.0147801683265318,,,
1,1,F4,P0,0,-0.07421875,0.48824421364247894,-3.6518180607864026,,,
1,1,F4,P0,0,-0.0703125,0.61467036549930554,-3.8808376536186495,,,
1,1,F4,P0,0,-0.06640625,0.67292182964493041,-3.7601654985555291,,,
1,1,F4,P0,0,-0.0625,0.69787710315268947,-3.4073408005466415,,,
1,1,F4,P0,0,-0.05859375,0.73979372520724251,-2.9248676486175103,,,
1,1,F4,P0,0,-0.0546875,0.83708036763799998,-2.3702031460575022,,,
1,1,F4,P0,0,-0.05078125,0.99081570562824994,-1.7784935533623432,,,
1,1,F4,P0,0,-0.046875,1.1588971795311576,-1.2091374789615585,,,
1,1,F4,P0,0,-0.04296875,1.2772689214662598,-0.77301710204554763,,,
1,1,F4,P0,0,-0.0390625,1.298029431731957,-0.60761514511623549,,,
1,1,F4,P0,0,-0.03515625,1.2202645894634472,-0.79977320005423391,,,
1,1,F4,P0,0,-0.03125,1.092080687696336,-1.3003711258787596,,,
1,1,F4,P0,0,-0.02734375,0.98261770447566621,-1.8986741693902103,,,
1,1,F4,P0,0,-0.0234375,0.94402449651936726,-2.2946379208572569,,,
1,1,F4,P0,0,-0.01953125,0.98726214221574327,-2.2392626589416929,,,
1,1,F4,P0,0,-0.015625,1.0823121111861096,-1.6623527298029466,,,
1,1,F4,P0,0,-0.01171875,1.178023486561605,-0.71473177401701893,,,
1,1,F4,P0,0,-0.0078125,1.2302591220223063,0.29480473919230404,,,
1,1,F4,P0,0,-0.00390625,1.2273159133580511,1.0324495995482912,,,
1,1,F4,P0,0,0,1.2027778507544624,1.2785617834582375,1.1562142091021073,-6.3817900169853807,12.237984139132195
1,1,F4,P0,0,0.00390625,1.2281599022556469,1.010329491966997,1.1562142091021073,-6.3817900169853807,12.237984139132195
1,1,F4,P0,0,0.0078125,1.3855723984755037,0.39223434427431075,1.1562142091021073,-6.3817900169853807,12.237984139132195
1,1,F4,P0,0,0.01171875,1.7320401774613443,-0.31447299218064445,1.1562142091021073,-6.3817900169853807,12.237984139132195
1,1,F4,P0,0,0.015625,2.2717395473036817,-0.87025477287799691,1.1562142091021073,-6.3817900169853807,12.237984139132195
1,1,F4,P0,0,0.01953125,2.9467252784582985,-1.1444091337248159,1.1562142091021073,-6.3817900169853807,12.237984139132195
1,1,F4,P0,0,0.0234375,3.648899139994322,-1.1404427908991113,1.1562142091021073,-6.3817900169853807,12.237984139132195
1,1,F4,P0,0,0.02734375,4.2504092970772991,-0.96324618862726497,1.1562142091021073,-6.3817900169853807,12.237984139132195
1,1,F4,P0,0,0.03125,4.6423845570437212,-0.75051332279887206,1.1562142091021073,-6.3817900169853807,12.237984139132195
1,1,F4,P0,0,0.03515625,4.7660449290240505,-0.59985681185321715,1.1562142091021073,-6.3817900169853807,12.237984139132195
1,1,F4,P0,0,0.0390625,4.6256517228748146,-0.52708305544466261,1.1562142091021073,-6.3817900169853807,12.237984139132195
1,1,F4,P0,0,0.04296875,4.2854440804239422,-0.47966566472219657,1.1562142091021073,-6.3817900169853807,12.237984139132195
1,1,F4,P0,0,0.046875,3.8562415658169056,-0.39708158519560138,1.1562142091021073,-6.3817900169853807,12.237984139132195
1,1,F4,P0,0,0.05078125,3.4699201875976255,-0.27593185246396074,1.1562142091021073,-6.3817900169853807,12.237984139132195
1,1,F4,P0,0,0.0546875,3.2393651104411489,-0.1918372902444713,1.1562142091021073,-6.3817900169853807,12.237984139132195
1,1,F4,P0,0,0.05859375,3.216553668180226,-0.25863962324089057,1.1562142091021073,-6.3817900169853807,12.237984139132195
1,1,F4,P0,0,0.0625,3.3740180376287277,-0.5479086144208638,1.1562142091021073,-6.3817900169853807,12.237984139132195
1,1,F4,P0,0,0.06640625,3.6238659563198112,-1.0215338754012537,1.1562142091021073,-6.3817900169853807,12.237984139132195
1,1,F4,P0,0,0.0703125,3.8621184964274669,-1.528009976960331,1.1562142091021073,-6.3817900169853807,12.237984139132195
1,1,F4,P0,0,0.07421875,4.0125854717453393,-1.8741152757653849,1.1562142091021073,-6.3817900169853807,12.237984139132195
1,1,F4,P0,0,0.078125,4.0526087456613853,-1.9303638874429401,1.1562142091021073,-6.3817900169853807,12.237984139132195
1,1,F4,P0,0,0.08203125,4.015137616273794,-1.7028034382037796,1.1562142091021073,-6.3817900169853807,12.237984139132195
1,1,F4,P0,0,0.0859375,3.9669003384707278,-1.3283333410473934,1.1562142091021073,-6.3817900169853807,12.237984139132195
1,1,F4,P0,0,0.08984375,3.9698374440086712,-1.0035717559095436,1.1562142091021073,-6.3817900169853807,12.237984139132195
1,1,F4,P0,0,0.09375,4.0451826320890882,-0.89372490302280028,1.1562142091021073,-6.3817900169853807,12.237984139132195
1,1,F4,P0,0,0.09765625,4.1615617295637968,-1.0671410195057374,1.1562142091021073,-6.3817900169853807,12.237984139132195
1,1,F4,P0,0,0.1015625,4.252716008537119,-1.479560854218958,1.1562142091021073,-6.3817900169853807,12.237984139132195
1,1,F4,P0,0,0.10546875,4.2514243306038333,-2.0094936742137768,1.1562142091021073,-6.3817900169853807,12.237984139132195
1,1,F4,P0,0,0.109375,4.1198532229381479,-2.5244286060926138,1.1562142091021073,-6.3817900169853807,12.237984139132195
1,1,F4,P0,0,0.11328125,3.8628201413988426,-2.9405496857593949,1.1562142091021073,-6.3817900169853807,12.237984139132195
1,1,F4,P0,0,0.1171875,3.5211977172935711,-3.2422903292342418,1.1562142091021073,-6.3817900169853807,12.237984139132195
1,1,F4,P0,0,0.12109375,3.1525278454866097,-3.4565615382483341,1.1562142091021073,-6.3817900169853807,12.237984139132195
1,1,F4,P0,0,0.125,2.8112770122880031,-3.609748165796606,1.1562142091021073,-6.3817900169853807,12.237984139132195
1,1,F4,P0,0,0.12890625,2.5384983359492321,-3.7064962558887911,1.1562142091021073,-6.3817900169853807,12.237984139132195
1,1,F4,P0,0,0.1328125,2.3607228997887497,-3.7466641837440715,1.1562142091021073,-6.3817900169853807,12.237984139132195
1,1,F4,P0,0,0.13671875,2.2889696687476295,-3.7590725872835029,1.1562142091021073,-6.3817900169853807,12.237984139132195
1,1,F4,P0,0,0.140625,2.3104247845460675,-3.8138751633044277,1.1562142091021073,-6.3817900169853807,12.237984139132195
1,1,F4,P0,0,0.14453125,2.3775168732827647,-3.9950086140344778,1.1562142091021073,-6.3817900169853807,12.237984139132195
1,1,F4,P0,0,0.1484375,2.4100192474543634,-4.3489516843679645,1.1562142091021073,-6.3817900169853807,12.237984139132195
1,1,F4,P0,0,0.15234375,2.3223527571097922,-4.8453686111166556,1.1562142091021073,-6.3817900169853807,12.237984139132195
1,1,F4,P0,0,0.15625,2.0694818628845346,-5.3771787400737869,1.1562142091021073,-6.3817900169853807,12.237984139132195
1,1,F4,P0,0,0.16015625,1.6852628627791846,-5.7997115168471298,1.1562142091021073,-6.3817900169853807,12.237984139132195
1,1,F4,P0,0,0.1640625,1.2844408378022152,-5.9821343542095757,1.1562142091021073,-6.3817900169853807,12.237984139132195
1,1,F4,P0,0,0.16796875,1.0185027690702944,-5.8431229715901623,1.1562142091021073,-6.3817900169853807,12.237984139132195
1,1,F4,P0,0,0.171875,1.0049593374008816,-5.3661480133500659,1.1562142091021073,-6.3817900169853807,12.237984139132195
1,1,F4,P0,0,0.17578125,1.2693848328121491,-4.6063364771250344,1.1562142091021073,-6.3817900169853807,12.237984139132195
1,1,F4,P0,0,0.1796875,1.7334843760986276,-3.690153295920922,1.1562142091021073,-6.3817900169853807,12.237984139132195
1,1,F4,P0,0,0.18359375,2.2531269591361691,-2.7936513349535828,1.1562142091021073,-6.3817900169853807,12.237984139132195
1,1,F4,P0,0,0.1875,2.6809141329830437,-2.0949828256557983,1.1562142091021073,-6.3817900169853807,12.237984139132195
1,1,F4,P0,0,0.19140625,2.9201565019296418,-1.721405122432085,1.1562142091021073,-6.3817900169853807,12.237984139132195
1,1,F4,P0,0,0.1953125,2.9498889673249917,-1.7168734362430311,1.1562142091021073,-6.3817900169853807,12.237984139132195
1,1,F4,P0,0,0.19921875,2.8175713247087799,-2.0393401664848656,1.1562142091021073,-6.3817900169853807,12.237984139132195
1,1,F4,P0,0,0.203125,2.6079187068945546,-2.5807108374437893,1.1562142091021073,-6.3817900169853807,12.237984139132195
1,1,F4,P0,0,0.20703125,2.403368203749181,-3.198282421398964,1.1562142091021073,-6.3817900169853807,12.237984139132195
1,1,F4,P0,0,0.2109375,2.2533192374753512,-3.7475297843262703,1.1562142091021073,-6.3817900169853807,12.237984139132195
1,1,F4,P0,0,0.21484375,2.1633012235693423,-4.1108689207139566,1.1562142091021073,-6.3817900169853807,12.237984139132195
1,1,F4,P0,0,0.21875,2.1056767283786835,-4.2258744834519835,1.1562142091021073,-6.3817900169853807,12.237984139132195
1,1,F4,P0,0,0.22265625,2.0463265067539518,-4.115128249525478,1.1562142091021073,-6.3817900169853807,12.237984139132195
1,1,F4,P0,0,0.2265625,1.9755345091417174,-3.9008238557926185,1.1562142091021073,-6.3817900169853807,12.237984139132195
1,1,F4,P0,0,0.23046875,1.9239569346999315,-3.7752453078066157,1.1562142091021073,-6.3817900169853807,12.237984139132195
1,1,F4,P0,0,0.234375,1.9459264215840828,-3.9212966438094012,1.1562142091021073,-6.3817900169853807,12.237984139132195
1,1,F4,P0,0,0.23828125,2.0738314399482989,-4.4213011994824374,1.1562142091021073,-6.3817900169853807,12.237984139132195
1,1,F4,P0,0,0.2421875,2.2772950191938621,-5.2118016970909409,1.1562142091021073,-6.3817900169853807,12.237984139132195
1,1,F4,P0,0,0.24609375,2.4672271130650256,-6.1129349757732596,1.1562142091021073,-6.3817900169853807,12.237984139132195
1,1,F4,P0,0,0.25,2.5521891004036248,-6.9087111783502673,1.1562142091021073,-6.3817900169853807,12.237984139132195
1,1,F4,P0,0,0.25390625,2.5086054374264211,-7.4274580366413385,1.1562142091021073,-6.3817900169853807,12.237984139132195
1,1,F4,P0,0,0.2578125,2.4100678933615907,-7.588308692109865,1.1562142091021073,-6.3817900169853807,12.237984139132195
1,1,F4,P0,0,0.26171875,2.3899990651020677,-7.4118782430253392,1.1562142091021073,-6.3817900169853807,12.237984139132195
1,1,F4,P0,0,0.265625,2.5606766160118757,-7.0061322202094614,1.1562142091021073,-6.3817900169853807,12.237984139132195
1,1,F4,P0,0,0.26953125,2.9406241900730876,-6.5316124507053415,1.1562142091021073,-6.3817900169853807,12.237984139132195
1,1,F4,P0,0,0.2734375,3.4340230201073321,-6.1471779547884999,1.1562142091021073,-6.3817900169853807,12.237984139132195
1,1,F4,P0,0,0.27734375,3.8725533598585753,-5.9472117932372504,1.1562142091021073,-6.3817900169853807,12.237984139132195
1,1,F4,P0,0,0.28125,4.0956138839843304,-5.912509168448568,1.1562142091021073,-6.3817900169853807,12.237984139132195
1,1,F4,P0,0,0.28515625,4.0264212232686383,-5.9001896923601,1.1562142091021073,-6.3817900169853807,12.237984139132195
1,1,F4,P0,0,0.2890625,3.7066163970799866,-5.689803413041207,1.1562142091021073,-6.3817900169853807,12.237984139132195
1,1,F4,P0,0,0.29296875,3.2768039198232124,-5.0797972170010555,1.1562142091021073,-6.3817900169853807,12.237984139132195
1,1,F4,P0,0,0.296875,2.9178839138116079,-3.9959794598252558,1.1562142091021073,-6.3817900169853807,12.237984139132195
1,1,F4,P0,0,0.30078125,2.7811951854170562,-2.5532458486885967,1.1562142091021073,-6.3817900169853807,12.237984139132195
1,1,F4,P0,0,0.3046875,2.9339009501892255,-1.0259071432707021,1.1562142091021073,-6.3817900169853807,12.237984139132195
1,1,F4,P0,0,0.30859375,3.338233288155505,0.26926140691816713,1.1562142091021073,-6.3817900169853807,12.237984139132195
1,1,F4,P0,0,0.3125,3.8703289238608476,1.1184743722877333,1.1562142091021073,-6.3817900169853807,12.237984139132195
1,1,F4,P0,0,0.31640625,4.3668185745463743,1.5050492380679283,1.1562142091021073,-6.3817900169853807,12.237984139132195
1,1,F4,P0,0,0.3203125,4.6769500369272539,1.6008214211458918,1.1562142091021073,-6.3817900169853807,12.237984139132195
1,1,F4,P0,0,0.32421875,4.7041258068745426,1.6617526295612808,1.1562142091021073,-6.3817900169853807,12.237984139132195
1,1,F4,P0,0,0.328125,4.4321651216300433,1.8886088783919757,1.1562142091021073,-6.3817900169853807,12.237984139132195
1,1,F4,P0,0,0.33203125,3.9322192835740477,2.3332941049765119,1.1562142091021073,-6.3817900169853807,12.237984139132195
1,1,F4,P0,0,0.3359375,3.341392558149336,2.8997911394469909,1.1562142091021073,-6.3817900169853807,12.237984139132195
1,1,F4,P0,0,0.33984375,2.8121275572969671,3.4235155761110896,1.1562142091021073,-6.3817900169853807,12.237984139132195
1,1,F4,P0,0,0.34375,2.452027216438466,3.7663813243532398,1.1562142091021073,-6.3817900169853807,12.237984139132195
1,1,F4,P0,0,0.34765625,2.2842453956558444,3.8718828551405333,1.1562142091021073,-6.3817900169853807,12.237984139132195
1,1,F4,P0,0,0.3515625,2.2454622276013554,3.7660850193518862,1.1562142091021073,-6.3817900169853807,12.237984139132195
1,1,F4,P0,0,0.35546875,2.2165828900425186,3.5244930571486277,1.1562142091021073,-6.3817900169853807,12.237984139132195
1,1,F4,P0,0,0.359375,2.0705585042790116,3.2325737909490377,1.1562142091021073,-6.3817900169853807,12.237984139132195
1,1,F4,P0,0,0.36328125,1.7205577689939575,2.9576425281736807,1.1562142091021073,-6.3817900169853807,12.237984139132195
1,1,F4,P0,0,0.3671875,1.1502462071265285,2.7354728164469622,1.1562142091021073,-6.3817900169853807,12.237984139132195
1,1,F4,P0,0,0.37109375,0.41146822533752175,2.5651614552099842,1.1562142091021073,-6.3817900169853807,12.237984139132195
1,1,F4,P0,0,0.375,-0.40824589392141275,2.4060262204820333,1.1562142091021073,-6.3817900169853807,12.237984139132195
1,1,F4,P0,0,0.37890625,-1.2260134375515608,2.1793781152218004,1.1562142091021073,-6.3817900169853807,12.237984139132195
1,1,F4,P0,0,0.3828125,-1.9869091258390392,1.7858850002385407,1.1562142091021073,-6.3817900169853807,12.237984139132195
1,1,F4,P0,0,0.38671875,-2.6630625316501657,1.1456006148656539,1.1562142091021073,-6.3817900169853807,12.237984139132195
1,1,F4,P0,0,0.390625,-3.2410840009977933,0.25119371995846196,1.1562142091021073,-6.3817900169853807,12.237984139132195
1,1,F4,P0,0,0.39453125,-3.7145667693344468,-0.79442718640770604,1.1562142091021073,-6.3817900169853807,12.237984139132195
1,1,F4,P0,0,0.3984375,-4.0875329516671748,-1.7899703320676408,1.1562142091021073,-6.3817900169853807,12.237984139132195
1,1,F4,P0,0,0.40234375,-4.3823813845849102,-2.5101617652860027,1.1562142091021073,-6.3817900169853807,12.237984139132195
1,1,F4,P0,0,0.40625,-4.6428295671178015,-2.8149616669356323,1.1562142091021073,-6.3817900169853807,12.237984139132195
1,1,F4,P0,0,0.41015625,-4.9277072296597844,-2.7308154946851819,1.1562142091021073,-6.3817900169853807,12.237984139132195
1,1,F4,P0,0,0.4140625,-5.2974866680477142,-2.4459625746447573,1.1562142091021073,-6.3817900169853807,12.237984139132195
1,1,F4,P0,0,0.41796875,-5.7973089605377437,-2.2169890568311645,1.1562142091021073,-6.3817900169853807,12.237984139132195
1,1,F4,P0,0,0.421875,-6.4403488266194051,-2.2482932593543743,1.1562142091021073,-6.3817900169853807,12.237984139132195
1,1,F4,P0,0,0.42578125,-7.1972633002586024,-2.6188146895255242,1.1562142091021073,-6.3817900169853807,12.237984139132195
1,1,F4,P0,0,0.4296875,-7.9989027628603635,-3.2823506233171442,1.1562142091021073,-6.3817900169853807,12.237984139132195
1,1,F4,P0,0,0.43359375,-8.7550840923644575,-4.113760590594655,1.1562142091021073,-6.3817900169853807,12.237984139132195
1,1,F4,P0,0,0.4375,-9.3825021520685201,-4.9608913355452886,1.1562142091021073,-6.3817900169853807,12.237984139132195
1,1,F4,P0,0,0.44140625,-9.8280117667572284,-5.6827079361460733,1.1562142091021073,-6.3817900169853807,12.237984139132195
1,1,F4,P0,0,0.4453125,-10.077228649696186,-6.1739123978074071,1.1562142091021073,-6.3817900169853807,12.237984139132195
1,1,F4,P0,0,0.44921875,-10.150231455678085,-6.380981441754324,1.1562142091021073,-6.3817900169853807,12.237984139132195
1,1,F4,P0,0,0.453125,-10.093897224816546,-6.3119011841481747,1.1562142091021073,-6.3817900169853807,12.237984139132195
1,1,F4,P0,0,0.45703125,-9.975455110511529,-6.0395400717911034,1.1562142091021073,-6.3817900169853807,12.237984139132195
1,1,F4,P0,0,0.4609375,-9.8718016577146042,-5.6945996461754351,1.1562142091021073,-6.3817900169853807,12.237984139132195
1,1,F4,P0,0,0.46484375,-9.8493447486056986,-5.4398478767358878,1.1562142091021073,-6.3817900169853807,12.237984139132195
1,1,F4,P0,0,0.46875,-9.9403223756981962,-5.4234259422661406,1.1562142091021073,-6.3817900169853807,12.237984139132195
1,1,F4,P0,0,0.47265625,-10.128441159864474,-5.7262077449413891,1.1562142091021073,-6.3817900169853807,12.237984139132195
1,1,F4,P0,0,0.4765625,-10.351961331912815,-6.3301868450203793,1.1562142091021073,-6.3817900169853807,12.237984139132195
1,1,F4,P0,0,0.48046875,-10.524350987794323,-7.1282185520158814,1.1562142091021073,-6.3817900169853807,12.237984139132195
1,1,F4,P0,0,0.484375,-10.566866255700118,-7.9721428357815798,1.1562142091021073,-6.3817900169853807,12.237984139132195
1,1,F4,P0,0,0.48828125,-10.440845874953178,-8.7309018937463332,1.1562142091021073,-6.3817900169853807,12.237984139132195
1,1,F4,P0,0,0.4921875,-10.163371929736137,-9.3244382471180192,1.1562142091021073,-6.3817900169853807,12.237984139132195
1,1,F4,P0,0,0.49609375,-9.7980422515008012,-9.7225170212741379,1.1562142091021073,-6.3817900169853807,12.237984139132195
1,1,F4,P0,0,0.5,-9.4301211477595999,-9.927754456608346,1.1562142091021073,-6.3817900169853807,12.237984139132195
1,1,F4,P0,0,0.50390625,-9.1434007429080246,-9.9659383160114938,1.1562142091021073,-6.3817900169853807,12.237984139132195
1,1,F4,P0,0,0.5078125,-9.0050462842950161,-9.8834632885669222,1.1562142091021073,-6.3817900169853807,12.237984139132195
1,1,F4,P0,0,0.51171875,-9.0515838763331331,-9.7336849294356274,1.1562142091021073,-6.3817900169853807,12.237984139132195
1,1,F4,P0,0,0.515625,-9.2742456749973741,-9.5446252043681312,1.1562142091021073,-6.3817900169853807,12.237984139132195
1,1,F4,P0,0,0.51953125,-9.6159188767380268,-9.2873023756756634,1.1562142091021073,-6.3817900169853807,12.237984139132195
1,1,F4,P0,0,0.5234375,-9.9898324101390799,-8.8750546562569443,1.1562142091021073,-6.3817900169853807,12.237984139132195
1,1,F4,P0,0,0.52734375,-10.311314799749072,-8.2048707976033857,1.1562142091021073,-6.3817900169853807,12.237984139132195
1,1,F4,P0,0,0.53125,-10.523045188357417,-7.2198619715796264,1.1562142091021073,-6.3817900169853807,12.237984139132195
1,1,F4,P0,0,0.53515625,-10.603012859502734,-5.9551714130352149,1.1562142091021073,-6.3817900169853807,12.237984139132195
1,1,F4,P0,0,0.5390625,-10.558677375021281,-4.5374822248525417,1.1562142091021073,-6.3817900169853807,12.237984139132195
1,1,F4,P0,0,0.54296875,-10.41549541309301,-3.1343846517633698,1.1562142091021073,-6.3817900169853807,12.237984139132195
1,1,F4,P0,0,0.546875,-10.205155187645557,-1.8809944684300888,1.1562142091021073,-6.3817900169853807,12.237984139132195
1,1,F4,P0,0,0.55078125,-9.9568222713415881,-0.82661757716628559,1.1562142091021073,-6.3817900169853807,12.237984139132195
1,1,F4,P0,0,0.5546875,-9.6934416949079196,0.070230423837395015,1.1562142091021073,-6.3817900169853807,12.237984139132195
1,1,F4,P0,0,0.55859375,-9.4317044721400691,0.90255662561707861,1.1562142091021073,-6.3817900169853807,12.237984139132195
1,1,F4,P0,0,0.5625,-9.1827135756331071,1.7597392136953538,1.1562142091021073,-6.3817900169853807,12.237984139132195
1,1,F4,P0,0,0.56640625,-8.9536070839799571,2.6863081089665348,1.1562142091021073,-6.3817900169853807,12.237984139132195
1,1,F4,P0,0,0.5703125,-8.751387988182465,3.6678416757354499,1.1562142091021073,-6.3817900169853807,12.237984139132195
1,1,F4,P0,0,0.57421875,-8.5850580286839087,4.6404963417833924,1.1562142091021073,-6.3817900169853807,12.237984139132195
1,1,F4,P0,0,0.578125,-8.4598628799641951,5.5172277443423159,1.1562142091021073,-6.3817900169853807,12.237984139132195
1,1,F4,P0,0,0.58203125,-8.364008463587739,6.2250156205971363,1.1562142091021073,-6.3817900169853807,12.237984139132195
1,1,F4,P0,0,0.5859375,-8.2556013707685345,6.7392633608092467,1.1562142091021073,-6.3817900169853807,12.237984139132195
1,1,F4,P0,0,0.58984375,-8.0586593381579679,7.093959842224189,1.1562142091021073,-6.3817900169853807,12.237984139132195
1,1,F4,P0,0,0.59375,-7.675570532482805,7.360260043304284,1.1562142091021073,-6.3817900169853807,12.237984139132195
1,1,F4,P0,0,0.59765625,-7.0208545734426044,7.6134335851029444,1.1562142091021073,-6.3817900169853807,12.237984139132195
1,1,F4,P0,0,0.6015625,-6.0694050305057505,7.9153132169413674,1.1562142091021073,-6.3817900169853807,12.237984139132195
1,1,F4,P0,0,0.60546875,-4.8923365196233641,8.3177341398330178,1.1562142091021073,-6.3817900169853807,12.237984139132195
1,1,F4,P0,0,0.609375,-3.6475581444859086,8.870639853885633,1.1562142091021073,-6.3817900169853807,12.237984139132195
1,1,F4,P0,0,0.61328125,-2.5180887331183901,9.6189563228561248,1.1562142091021073,-6.3817900169853807,12.237984139132195
1,1,F4,P0,0,0.6171875,-1.6303242276933743,10.585121700137972,1.1562142091021073,-6.3817900169853807,12.237984139132195
1,1,F4,P0,0,0.62109375,-0.99963727324724483,11.742134685662533,1.1562142091021073,-6.3817900169853807,12.237984139132195
1,1,F4,P0,0,0.625,-0.53027416122085524,12.986446044865893,1.1562142091021073,-6.3817900169853807,12.237984139132195
1,1,F4,P0,0,0.62890625,-0.062312860210374389,14.129966764240654,1.1562142091021073,-6.3817900169853807,12.237984139132195
1,1,F4,P0,0,0.6328125,0.56309668493578635,14.937591563362306,1.1562142091021073,-6.3817900169853807,12.237984139132195
1,1,F4,P0,0,0.63671875,1.4482739069636643,15.218029158471708,1.1562142091021073,-6.3817900169853807,12.237984139132195
1,1,F4,P0,0,0.640625,2.6070358345274736,14.930969309310047,1.1562142091021073,-6.3817900169853807,12.237984139132195
1,1,F4,P0,0,0.64453125,3.9580536547173764,14.242610574564845,1.1562142091021073,-6.3817900169853807,12.237984139132195
1,1,F4,P0,0,0.6484375,5.3436732529227289,13.482269689383759,1.1562142091021073,-6.3817900169853807,12.237984139132195
1,1,F4,P0,0,0.65234375,6.5755971744636152,13.012969935858267,1.1562142091021073,-6.3817900169853807,12.237984139132195
1,1,F4,P0,0,0.65625,7.5015873088195377,13.080967634410973,1.1562142091021073,-6.3817900169853807,12.237984139132195
1,1,F4,P0,0,0.66015625,8.0700206049757153,13.718825464704201,1.1562142091021073,-6.3817900169853807,12.237984139132195
1,1,F4,P0,0,0.6640625,8.3558055791239294,14.74271318264228,1.1562142091021073,-6.3817900169853807,12.237984139132195
1,1,F4,P0,0,0.66796875,8.5231001219890921,15.831635541425896,1.1562142091021073,-6.3817900169853807,12.237984139132195
1,1,F4,P0,0,0.671875,8.7402661116805689,16.640656745367846,1.1562142091021073,-6.3817900169853807,12.237984139132195
1,1,F4,P0,0,0.67578125,9.0984600646666518,16.903885920494229,1.1562142091021073,-6.3817900169853807,12.237984139132195
1,1,F4,P0,0,0.6796875,9.5802276697145405,16.509298130728364,1.1562142091021073,-6.3817900169853807,12.237984139132195
1,1,F4,P0,0,0.68359375,10.084945687135516,15.538292942835067,1.1562142091021073,-6.3817900169853807,12.237984139132195
1,1,F4,P0,0,0.6875,10.485643932626012,14.25075918662427,1.1562142091021073,-6.3817900169853807,12.237984139132195
1,1,F4,P0,0,0.69140625,10.687416384165859,12.999605688895397,1.1562142091021073,-6.3817900169853807,12.237984139132195
1,1,F4,P0,0,0.6953125,10.666184143933112,12.101564596380122,1.1562142091021073,-6.3817900169853807,12.237984139132195
1,1,F4,P0,0,0.69921875,10.474698067981157,11.733228876849036,1.1562142091021073,-6.3817900169853807,12.237984139132195
1,1,F4,P0,0,0.703125,10.215373435519608,11.907255734603073,1.1562142091021073,-6.3817900169853807,12.237984139132195
1,1,F4,P0,0,0.70703125,9.9976872655240463,12.523724154076326,1.1562142091021073,-6.3817900169853807,12.237984139132195
1,1,F4,P0,0,0.7109375,9.9057586149102548,13.447878950729615,1.1562142091021073,-6.3817900169853807,12.237984139132195
1,1,F4,P0,0,0.71484375,9.9873380375927869,14.569143724317156,1.1562142091021073,-6.3817900169853807,12.237984139132195
1,1,F4,P0,0,0.71875,10.253431505408576,15.821797268905236,1.1562142091021073,-6.3817900169853807,12.237984139132195
1,1,F4,P0,0,0.72265625,10.675966896173996,17.166295709102428,1.1562142091021073,-6.3817900169853807,12.237984139132195
1,1,F4,P0,0,0.7265625,11.190116719179876,18.546538096147614,1.1562142091021073,-6.3817900169853807,12.237984139132195
1,1,F4,P0,0,0.73046875,11.716345980555539,19.859493214796029,1.1562142091021073,-6.3817900169853807,12.237984139132195
1,1,F4,P0,0,0.734375,12.196749320470547,20.976055373261865,1.1562142091021073,-6.3817900169853807,12.237984139132195
1,1,F4,P0,0,0.73828125,12.616272146077335,21.812484182707227,1.1562142091021073,-6.3817900169853807,12.237984139132195
1,1,F4,P0,0,0.7421875,12.987154393087966,22.397447584981641,1.1562142091021073,-6.3817900169853807,12.237984139132195
1,1,F4,P0,0,0.74609375,13.310843850219205,22.870748180591562,1.1562142091021073,-6.3817900169853807,12.237984139132195
1,1,F4,P0,0,0.75,13.556845128142896,23.405405072519521,1.1562142091021073,-6.3817900169853807,12.237984139132195
1,1,F4,P0,0,0.75390625,13.683771996567023,24.112615158096784,1.1562142091021073,-6.3817900169853807,12.237984139132195
1,1,F4,P0,0,0.7578125,13.68675761944923,25.001743646908341,1.1562142091021073,-6.3817900169853807,12.237984139132195
1,1,F4,P0,0,0.76171875,13.627230655284064,26.014466296579549,1.1562142091021073,-6.3817900169853807,12.237984139132195
1,1,F4,P0,0,0.765625,13.612954326510888,27.087639502817261,1.1562142091021073,-6.3817900169853807,12.237984139132195
1,1,F4,P0,0,0.76953125,13.737370572661709,28.184614203904584,1.1562142091021073,-6.3817900169853807,12.237984139132195
1,1,F4,P0,0,0.7734375,14.021204138839172,29.278146693767038,1.1562142091021073,-6.3817900169853807,12.237984139132195
1,1,F4,P0,0,0.77734375,14.398114482763521,30.320998263193843,1.1562142091021073,-6.3817900169853807,12.237984139132195
1,1,F4,P0,0,0.78125,14.753642152310515,31.248681420543878,1.1562142091021073,-6.3817900169853807,12.237984139132195
1,1,F4,P0,0,0.78515625,14.990264712037623,32.018178415742966,1.1562142091021073,-6.3817900169853807,12.237984139132195
1,1,F4,P0,0,0.7890625,15.076605698707414,32.642276767568227,1.1562142091021073,-6.3817900169853807,12.237984139132195
1,1,F4,P0,0,0.79296875,15.052239717053848,33.177203178674013,1.1562142091021073,-6.3817900169853807,12.237984139132195
1,1,F4,P0,0,0.796875,14.989661532890507,33.66431202292268,1.1562142091021073,-6.3817900169853807,12.237984139132195
2,-1,Fz,P0,2,-0.19921875,4.0869851378843274,-7.1420474827009262,,,
2,-1,Fz,P0,2,-0.1953125,3.9037882679752332,-7.0490141028470283,,,
2,-1,Fz,P0,2,-0.19140625,3.6088709139397279,-6.8431424282048647,,,
2,-1,Fz,P0,2,-0.1875,3.2679344295073225,-6.4829883470832366,,,
2,-1,Fz,P0,2,-0.18359375,2.9444739091844321,-5.9355230907988181,,,
2,-1,Fz,P0,2,-0.1796875,2.6645689027262458,-5.2019826047882649,,,
2,-1,Fz,P0,2,-0.17578125,2.4052835684930591,-4.3353354797541632,,,
2,-1,Fz,P0,2,-0.171875,2.1151037118174192,-3.4323461557382937,,,
2,-1,Fz,P0,2,-0.16796875,1.7521011574743155,-2.5955955038553857,,,
2,-1,Fz,P0,2,-0.1640625,1.3165221589329259,-1.8880565228762416,,,
2,-1,Fz,P0,2,-0.16015625,0.86215125357497013,-1.3162997147331479,,,
2,-1,Fz,P0,2,-0.15625,0.4823230201086437,-0.85475102745695553,,,
2,-1,Fz,P0,2,-0.15234375,0.27529325592359766,-0.48340082252072075,,,
2,-1,Fz,P0,2,-0.1484375,0.30290601285968316,-0.19911603871829278,,,
2,-1,Fz,P0,2,-0.14453125,0.5625966113250469,0.010272122518158993,,,
2,-1,Fz,P0,2,-0.140625,0.98655044637322198,0.1997117204658703,,,
2,-1,Fz,P0,2,-0.13671875,1.466273073950993,0.46658691866346924,,,
2,-1,Fz,P0,2,-0.1328125,1.889692537332788,0.90170814110960995,,,
2,-1,Fz,P0,2,-0.12890625,2.1758365897218095,1.521071751945652,,,
2,-1,Fz,P0,2,-0.125,2.2929004709840437,2.2301586067279726,,,
2,-1,Fz,P0,2,-0.12109375,2.2498447072436627,2.853572960571594,,,
2,-1,Fz,P0,2,-0.1171875,2.0668398135189343,3.2178635764489476,,,
2,-1,Fz,P0,2,-0.11328125,1.7488571518040643,3.2389141743099708,,,
2,-1,Fz,P0,2,-0.109375,1.2876255825441532,2.9628894119472351,,,
2,-1,Fz,P0,2,-0.10546875,0.69223788579205692,2.5402457949411232,,,
2,-1,Fz,P0,2,-0.1015625,0.020029757701621301,2.1517791251617733,,,
2,-1,Fz,P0,2,-0.09765625,-0.62387324467477867,1.9286308233584508,,,
2,-1,Fz,P0,2,-0.09375,-1.1248234213296076,1.9051153968175263,,,
2,-1,Fz,P0,2,-0.08984375,-1.4124283637377573,2.021368210710544,,,
2,-1,Fz,P0,2,-0.0859375,-1.4977794353675511,2.1669990776950696,,,
2,-1,Fz,P0,2,-0.08203125,-1.4728118040498623,2.2397056451463309,,,
2,-1,Fz,P0,2,-0.078125,-1.4710379314148123,2.1902694147404573,,,
2,-1,Fz,P0,2,-0.07421875,-1.608702876492855,2.0373153792380667,,,
2,-1,Fz,P0,2,-0.0703125,-1.9345670397111865,1.8527584640126826,,,
2,-1,Fz,P0,2,-0.06640625,-2.4094362030673588,1.7285402083886259,,,
2,-1,Fz,P0,2,-0.0625,-2.9199844150279932,1.7344838598744892,,,
2,-1,Fz,P0,2,-0.05859375,-3.3184682745556078,1.877851811231116,,,
2,-1,Fz,P0,2,-0.0546875,-3.4743301280900285,2.0838590041495282,,,
2,-1,Fz,P0,2,-0.05078125,-3.3202186154914499,2.2186021714665634,,,
2,-1,Fz,P0,2,-0.046875,-2.8742592729376533,2.154917401733015,,,
2,-1,Fz,P0,2,-0.04296875,-2.2299013637297769,1.847743858623704,,,
2,-1,Fz,P0,2,-0.0390625,-1.5228991227563367,1.3701344138190426,,,
2,-1,Fz,P0,2,-0.03515625,-0.89615620256382378,0.88163853141747517,,,
2,-1,Fz,P0,2,-0.03125,-0.4749003793679259,0.54297176468774189,,,
2,-1,Fz,P0,2,-0.02734375,-0.34754690760119011,0.42448087695928149,,,
2,-1,Fz,P0,2,-0.0234375,-0.54499613309217054,0.46046372281292131,,,
2,-1,Fz,P0,2,-0.01953125,-1.0265838075498219,0.47712094200416671,,,
2,-1,Fz,P0,2,-0.015625,-1.6907249123612436,0.28341773895768607,,,
2,-1,Fz,P0,2,-0.01171875,-2.4144231500092146,-0.22022820799137927,,,
2,-1,Fz,P0,2,-0.0078125,-3.1019048040759816,-0.97371727107022576,,,
2,-1,Fz,P0,2,-0.00390625,-3.7148325196382839,-1.7696182215179235,,,
2,-1,Fz,P0,2,0,-4.2704044148501694,-2.3441236092987072,3.5352570856261121,1.1416242037339424,5.786711034530911
2,-1,Fz,P0,2,0.00390625,-4.8137009572768585,-2.5033754915338595,2.7282272446321945,0.36103654744139058,5.011780239872917
2,-1,Fz,P0,2,0.0078125,-5.3829855591145543,-2.223686982659399,1.9259373906676491,-0.41389903216048801,4.2435237088491737
2,-1,Fz,P0,2,0.01171875,-5.987573039738856,-1.6747600129403415,1.1290838269438246,-1.1852634687819847,3.4826291567934486
2,-1,Fz,P0,2,0.015625,-6.6078720227572161,-1.1497769046963358,0.33836805795728137,-1.9458229019950968,2.7558586449263816
2,-1,Fz,P0,2,0.01953125,-7.211241706609985,-0.93299925064751421,-0.44550421829256243,-2.6979094841071114,1.9775442303865443
2,-1,Fz,P0,2,0.0234375,-7.7676366373485202,-1.1702165719099065,-1.2218241456326895,-3.4571597324921473,1.206193926319346
2,-1,Fz,P0,2,0.02734375,-8.2545196299631236,-1.8067273785122981,-1.9898807713105759,-4.2351866060865282,0.4425073181582484
2,-1,Fz,P0,2,0.03125,-8.6535088569725804,-2.6209772737212793,-2.7489621326039013,-5.005892392094422,-0.31281427046495397
2,-1,Fz,P0,2,0.03515625,-8.946412337768658,-3.3322892826558981,-3.4983563672549911,-5.7874697356002232,-1.0517055123329111
2,-1,Fz,P0,2,0.0390625,-9.1141313481004698,-3.7250845786678353,-4.2373528466236348,-6.5550171969908018,-1.6870731992520449
2,-1,Fz,P0,2,0.04296875,-9.1396291146865565,-3.7271245689301677,-4.9652433305670023,-7.3077889461179169,-2.2996736807730058
2,-1,Fz,P0,2,0.046875,-9.0178545446931793,-3.4090059573792937,-5.6813231432023983,-8.0450496472795372,-2.9038751291918037
2,-1,Fz,P0,2,0.05078125,-8.7706191980311825,-2.9197473410307087,-6.3848923688914718,-8.7660760877056205,-3.5508517186381607
2,-1,Fz,P0,2,0.0546875,-8.4530069616543528,-2.4070143902253855,-7.0752570680053717,-9.4701588504329326,-4.2045337880807336
2,-1,Fz,P0,2,0.05859375,-8.1377508735953228,-1.9683451964246115,-7.7517305122921032,-10.187337691957003,-4.8451560782086078
2,-1,Fz,P0,2,0.0625,-7.882947010509131,-1.6491498749709002,-8.4136344399723999,-10.886432244004311,-5.4720801643206203
2,-1,Fz,P0,2,0.06640625,-7.7068699067650233,-1.4706171138507416,-9.0603003310404446,-11.609851563551624,-6.0846770251433213
2,-1,Fz,P0,2,0.0703125,-7.5897958071324689,-1.456626730677206,-9.6910707036430725,-12.326583490771682,-6.6823282989908313
2,-1,Fz,P0,2,0.07421875,-7.5014571027830028,-1.6372941855103664,-10.305300432855571,-12.970708677484216,-7.2644275634580255
2,-1,Fz,P0,2,0.078125,-7.4347585469569673,-2.0282146366046927,-10.902358093665065,-13.597659235937819,-7.7863839783242348
2,-1,Fz,P0,2,0.08203125,-7.4228217092075308,-2.6037496454056361,-11.481627330512005,-14.2064899306417,-8.2804603761072499
2,-1,Fz,P0,2,0.0859375,-7.5262252484494203,-3.2880055138469197,-12.042508256324194,-14.795285500699187,-8.7597223213479509
2,-1,Fz,P0,2,0.08984375,-7.7959251044717366,-3.9752162207512076,-12.584418884603657,-15.385669484994283,-9.2236694666667951
2,-1,Fz,P0,2,0.09375,-8.2354758384278828,-4.5697557851564161,-13.106796598787362,-15.976532397783028,-9.6718156406206717
2,-1,Fz,P0,2,0.09765625,-8.7894801669201215,-5.0208588685020503,-13.609099663792215,-16.545349156961777,-10.10368996053673
2,-1,Fz,P0,2,0.1015625,-9.3675743778664575,-5.3305503552095779,-14.090808785362302,-17.093806911761728,-10.518837969660932
2,-1,Fz,P0,2,0.10546875,-9.8880348582236302,-5.5330481237377471,-14.551428723550963,-17.612449283724466,-10.916822802998585
2,-1,Fz,P0,2,0.109375,-10.313707246798474,-5.6647866251110237,-14.990489967374369,-18.121797864404048,-11.295199806075093
2,-1,Fz,P0,2,0.11328125,-10.662220937403935,-5.7497344178907177,-15.407550478351684,-18.607684706935082,-11.653810054390389
2,-1,Fz,P0,2,0.1171875,-10.99002654038409,-5.8103578046408568,-15.802197511275111,-19.06961877383862,-11.994019805434437
2,-1,Fz,P0,2,0.12109375,-11.361664120131461,-5.8909952249701112,-16.174049521108099,-19.507140340946187,-12.315479175664098
2,-1,Fz,P0,2,0.125,-11.819106986097207,-6.0650240762505865,-16.522758165360852,-19.91982300599259,-12.617862479025819
2,-1,Fz,P0,2,0.12890625,-12.363935445814748,-6.4054962337697443,-16.848010411609401,-20.307275793989948,-12.876844206498665
2,-1,Fz,P0,2,0.1328125,-12.957893993605955,-6.9321398674662058,-17.149530759967657,-20.669145370414384,-13.103394074756597
2,-1,Fz,P0,2,0.13671875,-13.537059447818107,-7.578682385360926,-17.427083590256185,-21.014738049190715,-13.304759180015807
2,-1,Fz,P0,2,0.140625,-14.029606532016189,-8.2154029821146946,-17.680475643289626,-21.366964181529816,-13.480457448026645
2,-1,Fz,P0,2,0.14453125,-14.372301941777346,-8.7142407301618103,-17.909558645084648,-21.692132904223122,-13.635506780595062
2,-1,Fz,P0,2,0.1484375,-14.528430811421641,-9.0079044696677091,-18.114232081822752,-21.990031616988787,-13.769849960724979
2,-1,Fz,P0,2,0.15234375,-14.507436617147622,-9.1068900031164262,-18.294446132038662,-22.260500337496204,-13.883471520062001
2,-1,Fz,P0,2,0.15625,-14.375506020158102,-9.0775354593022524,-18.450204760696845,-22.50343497030488,-13.976400268193862
2,-1,Fz,P0,2,0.16015625,-14.24227329567486,-9.0071887344058759,-18.581568977517936,-22.718790751969646,-14.048711982798496
2,-1,Fz,P0,2,0.1640625,-14.221888976552366,-8.9777510194311496,-18.688660259077139,-22.906585875933768,-14.100532264761048
2,-1,Fz,P0,2,0.16796875,-14.387137585777911,-9.0541477451133101,-18.771664130778834,-23.066905298006418,-14.132039559739018
2,-1,Fz,P0,2,0.171875,-14.743115550145792,-9.2840512493935154,-18.830833900777805,-23.199904719772352,-14.14346834442091
2,-1,Fz,P0,2,0.17578125,-15.234190273288064,-9.6998827593905581,-18.866494533243102,-23.305814743163022,-14.151683755094359
2,-1,Fz,P0,2,0.1796875,-15.776236505626528,-10.313592744454079,-18.879046643028197,-23.384945184590702,-14.14856710917163
2,-1,Fz,P0,2,0.18359375,-16.292940735152303,-11.102981424010592,-18.868970587815454,-23.432457809815826,-14.099008758682816
2,-1,Fz,P0,2,0.1875,-16.73770482550745,-12.00134183629871,-18.836830627158175,-23.420053395412051,-13.996218235077917
2,-1,Fz,P0,2,0.19140625,-17.096361932888946,-12.905993388442218,-18.7832791105761,-23.426492307553193,-13.91199688284882
2,-1,Fz,P0,2,0.1953125,-17.37886566754597,-13.710024358698661,-18.709060649019747,-23.41622447184464,-13.797584139173713
2,-1,Fz,P0,2,0.19921875,-17.610219781627912,-14.345684039713777,-18.61501621567766,-23.371228553483853,-13.659726875712909
2,-1,Fz,P0,2,0.203125,-17.823426098744093,-14.818788312474423,-18.502087113351216,-23.303493910194504,-13.504108976280547
2,-1,Fz,P0,2,0.20703125,-18.051871536160991,-15.212988398868728,-18.371318736588172,-23.214813704962307,-13.334049493155614
2,-1,Fz,P0,2,0.2109375,-18.321324282441743,-15.651577497994435,-18.223864047593295,-23.105101709814665,-13.150735476709867
2,-1,Fz,P0,2,0.21484375,-18.645087716602596,-16.22692796927921,-18.060986675800233,-22.975525255660525,-12.955451935156212
2,-1,Fz,P0,2,0.21875,-19.023023015046423,-16.935528867318752,-17.884063542094978,-22.827374836838786,-12.749583356234057
2,-1,Fz,P0,2,0.22265625,-19.441107734373464,-17.662929011170309,-17.694586900256439,-22.662068037492975,-12.534614648925801
2,-1,Fz,P0,2,0.2265625,-19.870300881250412,-18.232834467844867,-17.494165680479956,-22.481152948390662,-12.312131405529135
2,-1,Fz,P0,2,0.23046875,-20.268804829178229,-18.49260393971052,-17.284526013149371,-22.286310945202256,-12.083819379432548
2,-1,Fz,P0,2,0.234375,-20.591119684398329,-18.388828323636531,-17.067510805617978,-22.079358688239346,-11.851463070135953
2,-1,Fz,P0,2,0.23828125,-20.799711473090035,-17.996155000886919,-16.845078240955498,-21.86224919362509,-11.61694330468382
2,-1,Fz,P0,2,0.2421875,-20.871654938217496,-17.484129435469534,-16.61929906573376,-21.637071817219734,-11.382233704000431
2,-1,Fz,P0,2,0.24609375,-20.799384525695785,-17.034257295196326,-16.392352534271232,-21.406050985773859,-11.162314445282576
2,-1,Fz,P0,2,0.25,-20.590917552802367,-16.7487424824687,-16.166520879646281,-21.171543505171673,-10.949661765124537
2,-1,Fz,P0,2,0.25390625,-20.270363362666295,-16.604413991855139,-15.94418218751083,-20.936374396119316,-10.730719995268469
2,-1,Fz,P0,2,0.2578125,-19.873463438085906,-16.48242873114522,-15.727801557554251,-20.689627110367493,-10.521938459893583
2,-1,Fz,P0,2,0.26171875,-19.437534317573885,-16.25661661695035,-15.51992044961154,-20.442723064149725,-10.321902249433396
2,-1,Fz,P0,2,0.265625,-18.993124220579169,-15.884969047060336,-15.323144127057748,-20.197292069682717,-10.119129249159199
2,-1,Fz,P0,2,0.26953125,-18.562730898819648,-15.447180213763769,-15.140127129406251,-19.959310048116009,-9.9163762743556934
2,-1,Fz,P0,2,0.2734375,-18.163491789919352,-15.105062485109794,-14.973556728983938,-19.731979804759362,-9.7601045415319714
2,-1,Fz,P0,2,0.27734375,-17.807741535532944,-15.008597219254957,-14.826134353165195,-19.527926568735538,-9.6243149138121407
2,-1,Fz,P0,2,0.28125,-17.499831930136498,-15.202306577215657,-14.700554983796,-19.351920367386779,-9.5104086148917428
2,-1,Fz,P0,2,0.28515625,-17.233080137658497,-15.587284376393987,-14.599484578919268,-19.185203724091036,-9.4183013925534453
2,-1,Fz,P0,2,0.2890625,-16.992089301889585,-15.961354793714719,-14.525535598412125,-19.043479355228801,-9.3533135272406653
2,-1,Fz,P0,2,0.29296875,-16.762409421152771,-16.113534569549294,-14.481240754248651,-18.93013737742347,-9.2847904442436278
2,-1,Fz,P0,2,0.296875,-16.543914571309962,-15.922244934844128,-14.469025147285944,-18.85902271374016,-9.1998172935939575
2,-1,Fz,P0,2,0.30078125,-16.359635924471718,-15.41328175688767,-14.491176995107653,-18.95637766803128,-9.1442461412205525
2,-1,Fz,P0,2,0.3046875,-16.25122562278009,-14.755424382000207,-14.549817198820366,-19.167759683338495,-9.1206137854263662
2,-1,Fz,P0,2,0.30859375,-16.258824387837741,-14.191494922511891,-14.646868039963005,-19.424683287305658,-9.130398385923872
2,-1,Fz,P0,2,0.3125,-16.395521203828572,-13.926872498970994,-14.784021340954,-19.7028308954336,-9.1743831570350114
2,-1,Fz,P0,2,0.31640625,-16.63376283537897,-14.027464218425537,-14.962706462797076,-20.027143901111927,-9.25709125683405
2,-1,Fz,P0,2,0.3203125,-16.91302043462591,-14.38841089602869,-15.184058551074374,-20.389207247344917,-9.3804189472832746
2,-1,Fz,P0,2,0.32421875,-17.162800550152863,-14.79845759509074,-15.448887474528382,-20.788531712009817,-9.6343715339300466
2,-1,Fz,P0,2,0.328125,-17.329402850637969,-15.059929025961678,-15.757647928720582,-21.22427989128137,-9.9677501315486889
2,-1,Fz,P0,2,0.33203125,-17.399091793179505,-15.08420513126099,-16.110411199324364,-21.695254271463845,-10.328838246774456
2,-1,Fz,P0,2,0.3359375,-17.411279203200561,-14.906724017644024,-16.506839094582006,-22.199887936015134,-10.722285299994635
2,-1,Fz,P0,2,0.33984375,-17.451435813731386,-14.632292048081833,-16.946160563428037,-22.736238167390475,-11.146737003822626
2,-1,Fz,P0,2,0.34375,-17.61836695134448,-14.367175594587907,-17.427151513957693,-23.301983182323951,-11.600478695575966
2,-1,Fz,P0,2,0.34765625,-17.978208301306807,-14.184356290214591,-17.948118335640551,-23.894422213359462,-12.08142833504092
2,-1,Fz,P0,2,0.3515625,-18.531269630939008,-14.127667902494441,-18.506885607449409,-24.510479118973155,-12.587132966211518
2,-1,Fz,P0,2,0.35546875,-19.211421829050266,-14.231278776219558,-19.100788442582861,-25.146709669725659,-13.114768941528158
2,-1,Fz,P0,2,0.359375,-19.916883847795155,-14.527585995235373,-19.726669878610434,-25.799312618868885,-13.661146171044924
2,-1,Fz,P0,2,0.36328125,-20.554662267182159,-15.030946382341874,-20.380883669787291,-26.497036845307392,-14.222716615296239
2,-1,Fz,P0,2,0.3671875,-21.07707408552692,-15.707110504849213,-21.059302776341511,-27.286536617826929,-14.830968095726519
2,-1,Fz,P0,2,0.37109375,-21.494174570933659,-16.45812510747465,-21.757333774344488,-27.996653997762813,-15.471784316086374
2,-1,Fz,P0,2,0.375,-21.858243045020593,-17.151517549113407,-22.469937330198505,-28.660256755965271,-16.118871146823224
2,-1,Fz,P0,2,0.37890625,-22.233193548758212,-17.689654496398255,-23.191654796917657,-29.319027939523441,-16.751983924276001
2,-1,Fz,P0,2,0.3828125,-22.670282773376403,-18.07230098865427,-23.916640896575057,-29.93713291572092,-17.41511222641947
2,-1,Fz,P0,2,0.38671875,-23.201248754631258,-18.397501432019894,-24.638702356082284,-30.506767165302367,-18.152984791854813
2,-1,Fz,P0,2,0.390625,-23.841974631856239,-18.790065933801802,-25.351342263584012,-31.095518088939759,-18.887092658636242
2,-1,Fz,P0,2,0.39453125,-24.594455275837969,-19.306553864443153,-26.047809812066983,-31.670548179396128,-19.609306918183837
2,-1,Fz,P0,2,0.3984375,-25.443730281944692,-19.887207979258616,-26.721154997288078,-32.339067183348362,-20.258010683352111
2,-1,Fz,P0,2,0.40234375,-26.353678341912488,-20.390923294389999,-27.364287740875653,-33.078907341235102,-20.919977166598827
2,-1,Fz,P0,2,0.40625,-27.264784384987678,-20.688179757772385,-27.97004081853083,-33.703198920557917,-21.557140113902829
2,-1,Fz,P0,2,0.41015625,-28.096638493644626,-20.746519694794479,-28.531235889697466,-34.257966076299013,-22.161908293422147
2,-1,Fz,P0,2,0.4140625,-28.760555534029162,-20.652419360106219,-29.040751850850025,-34.854062122588495,-22.726637590558457
2,-1,Fz,P0,2,0.41796875,-29.184314866512377,-20.561389602546949,-29.491594671501016,-35.420464019964577,-23.243715703497728
2,-1,Fz,P0,2,0.421875,-29.339761536047234,-20.614882135844883,-29.876967821808638,-35.918140952287985,-23.705649434706675
2,-1,Fz,P0,2,0.42578125,-29.256975189831945,-20.875021824322214,-30.190342364694267,-36.34435507405253,-24.024019595806514
2,-1,Fz,P0,2,0.4296875,-29.01489442138389,-21.306316942254075,-30.425525764811916,-36.68999049806073,-24.168966210203013
2,-1,Fz,P0,2,0.43359375,-28.712401847331847,-21.801566707248337,-30.576728462392669,-36.938917045897597,-24.193547070805721
2,-1,Fz,P0,2,0.4375,-28.434679427694363,-22.229558031543132,-30.638627272427001,-37.084495036195278,-24.095597245705829
2,-1,Fz,P0,2,0.44140625,-28.230661036982415,-22.480484386105449,-30.606424698994402,-37.120733140546875,-24.061104900298297
2,-1,Fz,P0,2,0.4453125,-28.109309645405848,-22.49379462608459,-30.47590330058593,-37.053324938468705,-23.936556245252749
2,-1,Fz,P0,2,0.44921875,-28.050747478782284,-22.264129027080852,-30.243474304397438,-37.025243712057588,-23.68529643366098
2,-1,Fz,P0,2,0.453125,-28.020013119892813,-21.830427570377804,-29.906219744839976,-36.904676324916274,-23.322469998883076
2,-1,Fz,P0,2,0.45703125,-27.971946665775043,-21.257252325226702,-29.461927492614425,-36.674432134630862,-22.862876790310889
2,-1,Fz,P0,2,0.4609375,-27.846189477596834,-20.613525852546363,-28.909118643997182,-36.121612170507092,-22.305656204503627
2,-1,Fz,P0,2,0.46484375,-27.564098687311102,-19.949600048111673,-28.24706685356858,-35.324201717850393,-21.649700235159685
2,-1,Fz,P0,2,0.46875,-27.041998630707422,-19.278176145702005,-27.475809315323314,-34.416770274657338,-20.838507100999092
2,-1,Fz,P0,2,0.47265625,-26.222756227147173,-18.571964174005476,-26.596149224580117,-33.424800264208656,-19.912518383611769
2,-1,Fz,P0,2,0.4765625,-25.110447407224704,-17.78484354804041,-25.609649683862013,-32.505673908506495,-18.893579848320115
2,-1,Fz,P0,2,0.48046875,-23.785683308714624,-16.883313594663004,-24.518619147379937,-31.370494627051546,-17.784028698140165
2,-1,Fz,P0,2,0.484375,-22.38720611010617,-15.86252567595216,-23.326088628332652,-30.118872668545709,-16.586767541226372
2,-1,Fz,P0,2,0.48828125,-21.063769126328229,-14.732878262873145,-22.035781018392203,-28.766078210583338,-15.303960568063879
2,-1,Fz,P0,2,0.4921875,-19.918813544104676,-13.489124083755589,-20.652072987041102,-27.377735270425113,-13.900126064144651
2,-1,Fz,P0,2,0.49609375,-18.976066517855958,-12.089321631549948,-19.179950037592981,-25.959846262787366,-12.409253402142902
2,-1,Fz,P0,2,0.5,-18.180670619735679,-10.464464105479626,-17.624955394706927,-24.450273786864415,-10.849887892867724
2,-1,Fz,P0,2,0.50390625,-17.428218999778331,-8.5598844702622809,-15.993133483208441,-22.854211515128569,-9.2273936351846082
2,-1,Fz,P0,2,0.5078125,-16.601888647424502,-6.3881131040023291,-14.290968828569966,-21.125508962352178,-7.5474412408936526
2,-1,Fz,P0,2,0.51171875,-15.602586047141537,-4.0591108725071887,-12.525321264331067,-19.301414984065129,-5.815958577690779
2,-1,Fz,P0,2,0.515625,-14.367747073417206,-1.7607458150128983,-10.703358370260348,-17.405738982409638,-4.0390800405347242
2,-1,Fz,P0,2,0.51953125,-12.878822525546187,0.30677766557692243,-8.8324860867563917,-15.445646671425974,-2.2230949666009283
2,-1,Fz,P0,2,0.5234375,-11.156877172683132,2.0066452885394677,-6.9202784558020705,-13.428587661982666,-0.37439580585948784
2,-1,Fz,P0,2,0.52734375,-9.2482604718920562,3.3110717932750919,-4.974407427044917,-11.395910379566754,1.574084985367564
2,-1,Fz,P0,2,0.53125,-7.2072197646494844,4.3014336630894077,-3.0025736399389933,-9.329485469288727,3.6829059105128175
2,-1,Fz,P0,2,0.53515625,-5.0816883186795803,5.1348551948029177,-1.0124390503425305,-7.2322485333388222,5.9257049016133889
2,-1,Fz,P0,2,0.5390625,-2.9027078909923105,5.9983266924035128,0.98843778619731515,-5.1241840723155487,8.1620961263264231
2,-1,Fz,P0,2,0.54296875,-0.67703256952130242,7.065914151239677,2.9926630304928659,-3.0765280909253785,10.383960420674812
2,-1,Fz,P0,2,0.546875,1.6119289423046319,8.4662158743598344,4.9930648097148769,-1.0309674502219961,12.583593462205629
2,-1,Fz,P0,2,0.55078125,3.9895484110179167,10.260140626898142,6.9827458230009558,1.0176179111385124,14.753756093691445
2,-1,Fz,P0,2,0.5546875,6.4671704157117009,12.426427185670246,8.9551308178081896,3.0229390347344176,16.739523123665418
2,-1,Fz,P0,2,0.55859375,9.0251981903581999,14.858803492065013,10.904008549987225,5.0067510235643065,18.68300999323856
2,-1,Fz,P0,2,0.5625,11.611643634304654,17.387867541813716,12.823567940691564,6.8134784686826588,20.600524070338455
2,-1,Fz,P0,2,0.56640625,14.154941425630355,19.835754416051682,14.708428243635456,8.5589145406725962,22.476385662085466
2,-1,Fz,P0,2,0.5703125,16.585230514076553,22.088206444041038,16.553663134934826,10.281748054302735,24.355543306706032
2,-1,Fz,P0,2,0.57421875,18.858432310413839,24.146516029768332,18.354818732997764,11.963270344999215,26.404713673324718
2,-1,Fz,P0,2,0.578125,20.974329827409033,26.124615546712775,20.107925646026551,13.612325447813429,28.095120685340209
2,-1,Fz,P0,2,0.58203125,22.977006444149907,28.186842560459375,21.809505228205214,15.226187203185262,29.670476334269523
2,-1,Fz,P0,2,0.5859375,24.933362437247979,30.459109848292972,23.456570301342058,16.956431458160871,31.232044500893057
2,-1,Fz,P0,2,0.58984375,26.899911021382,32.964113204093991,25.046620665623912,18.651006930898578,32.917735796402745
2,-1,Fz,P0,2,0.59375,28.895094203561033,35.616115516497203,26.577633780466773,20.346461794247272,34.533677606659239
2,-1,Fz,P0,2,0.59765625,30.88859246376483,38.271447731870929,28.048051043717386,22.061362172828986,36.078851615767718
2,-1,Fz,P0,2,0.6015625,32.809791280598652,40.795355324532999,29.456760134413418,23.719489021086609,37.556410907645152
2,-1,Fz,P0,2,0.60546875,34.572141968643358,43.102239326899088,30.803073910927118,25.318692367479855,38.969991741520147
2,-1,Fz,P0,2,0.609375,36.105795087457182,45.155663784699442,32.086706372794801,26.77529240726199,40.31244800344961
2,-1,Fz,P0,2,0.61328125,37.385817210700914,46.946345553696794,33.307746201271421,28.009097391096343,41.584461604352349
2,-1,Fz,P0,2,0.6171875,38.443257854852348,48.472175278107457,34.466628391220908,29.080010193811727,42.787068826453954
2,-1,Fz,P0,2,0.62109375,39.354450512921488,49.729728453192962,35.5641044760848,30.065138002742508,43.871264067373893
2,-1,Fz,P0,2,0.625,40.214369301413321,50.716807102687049,36.601211829212197,30.945158371158932,44.878183160093585
2,-1,Fz,P0,2,0.62890625,41.105400965379424,51.446369807256964,37.579242499726803,31.903511760568996,45.875800391815915
2,-1,Fz,P0,2,0.6328125,42.072521719784788,51.968304114968603,38.499712010358458,32.756967655985164,46.811825948320234
2,-1,Fz,P0,2,0.63671875,43.112754296161171,52.382570741369747,39.364328509320266,33.466139077560406,47.688419920577203
2,-1,Fz,P0,2,0.640625,44.181908444044907,52.823094330863107,40.174962629422858,34.127476178345482,48.507880893489748
2,-1,Fz,P0,2,0.64453125,45.21373876930992,53.409259019570904,40.933618366219193,34.689099694632759,49.27261490274708
2,-1,Fz,P0,2,0.6484375,46.139961912153346,54.188573317041865,41.642405244068229,35.196524645042771,49.985106231208725
2,-1,Fz,P0,2,0.65234375,46.902853977445439,55.106503047026962,42.303511995532766,35.722974524676765,50.651636281057115
2,-1,Fz,P0,2,0.65625,47.463685215097435,56.027084499086726,42.919181936354853,36.231624071770824,51.274109692074177
2,-1,Fz,P0,2,0.66015625,47.814354531598646,56.797662825710177,43.491690176159715,36.703180778225509,51.851720314929921
2,-1,Fz,P0,2,0.6640625,47.988647022620448,57.319756247590703,44.023322764710507,37.127560420417673,52.47588516885294
2,-1,Fz,P0,2,0.66796875,48.058530935301604,57.578332170673598,44.51635783555151,37.509997755505786,53.134586188231808
2,-1,Fz,P0,2,0.671875,48.107388441620884,57.60998645893423,44.973048773709323,37.862437646031253,53.757138781354378
2,-1,Fz,P0,2,0.67578125,48.191230143421457,57.441911472072213,45.395609402139968,38.187006910740124,54.340143742179741
2,-1,Fz,P0,2,0.6796875,48.311363408081959,57.062248749867685,45.786201153075844,38.485744901435702,54.882951438126476
2,-1,Fz,P0,2,0.68359375,48.41744719120657,56.454866272327493,46.146922165507142,38.760595980435717,55.387716055033579
2,-1,Fz,P0,2,0.6875,48.442185824098907,55.668311117114285,46.479798228798607,39.012236581245801,55.856561109333256
2,-1,Fz,P0,2,0.69140625,48.347561374604723,54.849504022901769,46.78677547488271,39.243668135907122,56.291568434753749
2,-1,Fz,P0,2,0.6953125,48.151001483103258,54.196044704788385,47.069714707500438,39.456528682623521,56.694768662694997
2,-1,Fz,P0,2,0.69921875,47.911631849397857,53.846247632985765,47.330387246427478,39.652351194127704,56.992608554643816
2,-1,Fz,P0,2,0.703125,47.688051917215951,53.778324131873696,47.570472157326321,39.832564644102185,57.260349338723003
2,-1,Fz,P0,2,0.70703125,47.503082501531694,53.790275857480886,47.791554733555039,39.998496085578708,57.506868480778564
2,-1,Fz,P0,2,0.7109375,47.343609603091693,53.582983611979287,47.995126094663981,40.151373574048414,57.733828707753979
2,-1,Fz,P0,2,0.71484375,47.192442677814121,52.906490723623079,48.182583767121756,40.292329777698683,57.942788709829415
2,-1,Fz,P0,2,0.71875,47.063830228668735,51.691928105120297,48.355233115718619,40.422406128400183,58.135204713235979
2,-1,Fz,P0,2,0.72265625,47.013635172113531,50.096795913287991,48.514289498782297,40.542557379355777,58.312432856455672
2,-1,Fz,P0,2,0.7265625,47.113969002274821,48.436034722150374,48.660881026495169,40.653656448285233,58.475732236259972
2,-1,Fz,P0,2,0.73046875,47.405574284852797,47.034486711480199,48.796051808919124,40.756499438293773,58.626268498110427
2,-1,Fz,P0,2,0.734375,47.857405411435764,46.080960300943161,48.920765588529846,40.851810741841518,58.765117854484167
2,-1,Fz,P0,2,0.73828125,48.362043214612171,45.558213009166664,49.035909660866452,40.940248146223681,58.893271424402506
2,-1,Fz,P0,2,0.7421875,48.77393772904076,45.272592748397237,49.142298996073954,41.022407871466399,59.011639797561642
2,-1,Fz,P0,2,0.74609375,48.967868036678176,44.95344702193055,49.240680483435128,41.098829483360547,59.12105773675237
2,-1,Fz,P0,2,0.75,48.883111008146685,44.369614089143745,49.331737230266064,41.170000635361809,59.222288942498139
2,-1,Fz,P0,2,0.75390625,48.535448670837354,43.416776223247794,49.416092855620285,41.236361603182665,59.316030813859385
2,-1,Fz,P0,2,0.7578125,48.003808686498786,42.147847112332705,49.494315727976357,41.298309585031866,59.402919148995245
2,-1,Fz,P0,2,0.76171875,47.405089612002229,40.74125962295561,49.566923104362132,41.356202748589105,59.483532738221392
2,-1,Fz,P0,2,0.765625,46.862460204075226,39.425765687287708,49.634385136110637,41.41036401293681,59.558397810861067
2,-1,Fz,P0,2,0.76953125,46.470782922568972,38.39488702158981,49.697128713588519,41.461084559827363,59.627992305087716
2,-1,Fz,P0,2,0.7734375,46.271518292773344,37.742222503107016,49.755541128746046,41.508627073881961,59.6927499371577
2,-1,Fz,P0,2,0.77734375,46.250366003713552,37.436756948593661,49.809973540187436,41.5532287156515,59.753064052906225
2,-1,Fz,P0,2,0.78125,46.356016286400262,37.343803765982209,49.860744230648066,41.595103834983753,59.809309028140589
2,-1,Fz,P0,2,0.78515625,46.524144520488967,37.282388437836659,49.908141651298422,41.634446434906984,59.86782270698793
2,-1,Fz,P0,2,0.7890625,46.693055372140734,37.095106262542544,49.952427251196482,41.671432398333103,59.921985654258947
2,-1,Fz,P0,2,0.79296875,46.809371226395413,36.701310705433421,49.993838093509638,41.706221491382351,59.972150483516657
2,-1,Fz,P0,2,0.796875,46.828460611918487,36.114206171481968,50.032589262862899,41.738959158111271,60.018639690981054
2,-1,F3,P0,1,-0.19921875,0.12189754682513479,-16.748947723121297,,,
2,-1,F3,P0,1,-0.1953125,0.76048291940818236,-13.429091155857332,,,
2,-1,F3,P0,1,-0.19140625,1.3415913581936265,-10.82646421809314,,,
2,-1,F3,P0,1,-0.1875,1.7136514134701097,-9.4679787811664067,,,
2,-1,F3,P0,1,-0.18359375,1.8775675102050371,-9.0929289167321663,,,
2,-1,F3,P0,1,-0.1796875,1.900545180763386,-9.0905212926756409,,,
2,-1,F3,P0,1,-0.17578125,1.8411730060872409,-8.9170852670455343,,,
2,-1,F3,P0,1,-0.171875,1.7199443576217277,-8.3224198769002342,,,
2,-1,F3,P0,1,-0.16796875,1.5327314536417675,-7.3517187153829191,,,
2,-1,F3,P0,1,-0.1640625,1.283897089682341,-6.20638445895906,,,
2,-1,F3,P0,1,-0.16015625,1.0135360425130557,-5.0920863496025763,,,
2,-1,F3,P0,1,-0.15625,0.80157655243799697,-4.1414629406441712,,,
2,-1,F3,P0,1,-0.15234375,0.74391408717880847,-3.4145615688807238,,,
2,-1,F3,P0,1,-0.1484375,0.9107479492811148,-2.9224441089129987,,,
2,-1,F3,P0,1,-0.14453125,1.3098762624505171,-2.6272331301712386,,,
2,-1,F3,P0,1,-0.140625,1.8778699753475294,-2.4243995159635539,,,
2,-1,F3,P0,1,-0.13671875,2.5066038239219761,-2.1514804532876974,,,
2,-1,F3,P0,1,-0.1328125,3.0919597947370039,-1.6498952157019351,,,
2,-1,F3,P0,1,-0.12890625,3.5788387677861491,-0.85226568066844144,,,
2,-1,F3,P0,1,-0.125,3.9774305350352961,0.16521935084466566,,,
2,-1,F3,P0,1,-0.12109375,4.3407605927964532,1.2063562916454666,,,
2,-1,F3,P0,1,-0.1171875,4.7184766489200536,2.0440979764095553,,,
2,-1,F3,P0,1,-0.11328125,5.119675146773595,2.5232669613445915,,,
2,-1,F3,P0,1,-0.109375,5.5099326127567458,2.6203301284974927,,,
2,-1,F3,P0,1,-0.10546875,5.8393651647810376,2.4350014107450049,,,
2,-1,F3,P0,1,-0.1015625,6.0757190898878681,2.1289748266431254,,,
2,-1,F3,P0,1,-0.09765625,6.2181588804902121,1.8509479782924716,,,
2,-1,F3,P0,1,-0.09375,6.2878310000766309,1.6860791376001529,,,
2,-1,F3,P0,1,-0.08984375,6.3106434119168231,1.6485840906953162,,,
2,-1,F3,P0,1,-0.0859375,6.3119840978957873,1.7106462487461593,,,
2,-1,F3,P0,1,-0.08203125,6.3305583116375095,1.8418948201915457,,,
2,-1,F3,P0,1,-0.078125,6.435665415799467,2.0321817280518713,,,
2,-1,F3,P0,1,-0.07421875,6.7143742730654745,2.2884602353863355,,,
2,-1,F3,P0,1,-0.0703125,7.2035771188003777,2.6188872843157398,,,
2,-1,F3,P0,1,-0.06640625,7.7839851679816237,3.0219033302236271,,,
2,-1,F3,P0,1,-0.0625,8.1042677084384689,3.483019862234066,,,
2,-1,F3,P0,1,-0.05859375,7.6216383806477017,3.9697471562486633,,,
2,-1,F3,P0,1,-0.0546875,5.8021219781217672,4.4239591570677952,,,
2,-1,F3,P0,1,-0.05078125,2.423715981739015,4.7690577657080064,,,
2,-1,F3,P0,1,-0.046875,-2.1839915649115174,4.9469812715080428,,,
2,-1,F3,P0,1,-0.04296875,-7.1563710768093856,4.9705013690604156,,,
2,-1,F3,P0,1,-0.0390625,-11.426033749271872,4.9485947765524241,,,
2,-1,F3,P0,1,-0.03515625,-14.201062184948302,5.0500154229608096,,,
2,-1,F3,P0,1,-0.03125,-15.294079575387483,5.4130081364615883,,,
2,-1,F3,P0,1,-0.02734375,-15.113800505172243,6.0536175209662764,,,
2,-1,F3,P0,1,-0.0234375,-14.369097178254849,6.8341835529308241,,,
2,-1,F3,P0,1,-0.01953125,-13.700214969424474,7.5194058451260792,,,
2,-1,F3,P0,1,-0.015625,-13.444326516818945,7.8938580786090009,,,
2,-1,F3,P0,1,-0.01171875,-13.614941376982685,7.8760550853206945,,,
2,-1,F3,P0,1,-0.0078125,-14.037332483593367,7.5643273720304149,,,
2,-1,F3,P0,1,-0.00390625,-14.517035427539488,7.1902051973489725,,,
2,-1,F3,P0,1,0,-14.941910993418139,7.0075765040273978,18.710023459749689,-1.6796331528213913,43.649718907376752
2,-1,F3,P0,1,0.00390625,-15.290461165522062,7.1744935858185377,18.036117144695861,-2.5387110244271938,43.315808304972151
2,-1,F3,P0,1,0.0078125,-15.582807295742217,7.6804417974910795,17.356690289699912,-3.4048263337269464,42.969419677875919
2,-1,F3,P0,1,0.01171875,-15.830391784501183,8.3501670802108077,16.672134208364213,-4.1709813691276549,42.610361129936805
2,-1,F3,P0,1,0.015625,-16.018652076516947,8.9250685331336417,15.982855517278358,-4.7628120867799364,42.238462469771669
2,-1,F3,P0,1,0.01953125,-16.121645773398917,9.1878528140859554,15.28927587162857,-5.3583357040703126,41.853577480163082
2,-1,F3,P0,1,0.0234375,-16.126042433487303,9.0703244640800662,14.59183166557357,-5.9571775228230228,41.45558623078427
2,-1,F3,P0,1,0.02734375,-16.043374903113254,8.6883252639232111,13.890973697258172,-6.5589504772648199,41.044397422075058
2,-1,F3,P0,1,0.03125,-15.90459431006208,8.2853252119187282,13.187166798427929,-7.163255452046374,40.61995074693192
2,-1,F3,P0,1,0.03515625,-15.74356785197558,8.1155572139883976,12.480889428703229,-7.7696816306080336,40.182219255753481
2,-1,F3,P0,1,0.0390625,-15.579521521560798,8.3291078506985414,11.772633234667644,-8.3904321958840544,39.731211709312696
2,-1,F3,P0,1,0.04296875,-15.40792377423495,8.9176571134134708,11.062902574023768,-9.0207594272812006,39.26697490292478
2,-1,F3,P0,1,0.046875,-15.207090175713565,9.7431764717539799,10.352214005169605,-9.6519373977910998,38.789595944460174
2,-1,F3,P0,1,0.05078125,-14.958290442978887,10.623753933943968,9.641095742649112,-10.283496988592278,38.299204467929478
2,-1,F3,P0,1,0.0546875,-14.663788262909545,11.42100063224615,8.9300870790321873,-10.914959242227516,37.795974763658037
2,-1,F3,P0,1,0.05859375,-14.345976329899615,12.080857886339045,8.2197377738809649,-11.612724775436581,37.280127805485783
2,-1,F3,P0,1,0.0625,-14.027119759678229,12.615781960717813,7.5106074105614899,-12.402443819518663,36.751933154987839
2,-1,F3,P0,1,0.06640625,-13.707550338103999,13.055004784047613,6.8032647217611917,-13.190172029920319,36.211710722426275
2,-1,F3,P0,1,0.0703125,-13.363283350703442,13.405634284153914,6.0982868846734313,-13.97526663650368,35.604132879868445
2,-1,F3,P0,1,0.07421875,-12.970280503823497,13.650695465577344,5.3962587869105407,-14.757076282466134,34.94853078426187
2,-1,F3,P0,1,0.078125,-12.541058427575566,13.776054140843048,4.6977722643048114,-15.534941873158939,34.294725660777701
2,-1,F3,P0,1,0.08203125,-12.143747259743378,13.796837306706788,4.0034253118539915,-16.308197454813378,33.643316539792643
2,-1,F3,P0,1,0.0859375,-11.879959934128182,13.760905536385476,3.3138212691620117,-17.07617112167004,32.994911534598963
2,-1,F3,P0,1,0.08984375,-11.828564386194238,13.73067039652739,2.6295679818180555,-17.838185949904421,32.350126951410992
2,-1,F3,P0,1,0.09375,-11.993488196300218,13.761768086786399,1.9512769402459531,-18.593560956642342,31.750958680853703
2,-1,F3,P0,1,0.09765625,-12.294242943124475,13.893224085370464,1.2795623976421273,-19.341612082263467,31.290500415160043
2,-1,F3,P0,1,0.1015625,-12.606151301060226,14.146232900948506,0.61504046870246654,-20.08165319409904,30.828799660865165
2,-1,F3,P0,1,0.10546875,-12.822740948062187,14.519582581224475,-0.041671789082875443,-20.812997109542756,30.365381561047339
2,-1,F3,P0,1,0.109375,-12.902574332894496,14.979347453082074,-0.68995730971353386,-21.534956636510973,29.901765250674341
2,-1,F3,P0,1,0.11328125,-12.878061493560159,15.455103537557266,-1.3291999666190537,-22.246845629110894,29.361603948682184
2,-1,F3,P0,1,0.1171875,-12.828261785004644,15.856489372430296,-1.958785532267471,-23.013287844072277,28.615781338162794
2,-1,F3,P0,1,0.12109375,-12.835580018183705,16.112089286674614,-2.578102647394886,-23.872769409368626,27.874105949085418
2,-1,F3,P0,1,0.125,-12.950141933831249,16.218107477902418,-3.1865437977550299,-24.717157428897778,27.070791670046368
2,-1,F3,P0,1,0.12890625,-13.17643610966409,16.271014728458105,-3.7835062962385311,-25.545615500035741,26.404736659084161
2,-1,F3,P0,1,0.1328125,-13.481372029619052,16.449607445950981,-4.3683932681699114,-26.357315286591131,25.783731084263245
2,-1,F3,P0,1,0.13671875,-13.811184331329354,16.925057901882845,-4.9406146375534865,-27.151437887506511,25.083432933891824
2,-1,F3,P0,1,0.140625,-14.10509875748523,17.724090944500531,-5.4995881120096781,-27.92717520374234,24.43096845943084
2,-1,F3,P0,1,0.14453125,-14.304913622545804,18.62156991459733,-6.0447401641198457,-28.68373130017666,23.916091205908181
2,-1,F3,P0,1,0.1484375,-14.368559525303782,19.141796035594115,-6.5755070068811641,-29.420323759330774,23.414203113434347
2,-1,F3,P0,1,0.15234375,-14.29065951831419,18.686860418780672,-7.0913355609632047,-30.136185023717449,22.925879835329773
2,-1,F3,P0,1,0.15625,-14.118366626279794,16.725619547738901,-7.5916844114552662,-30.830563723604417,22.459715060501335
2,-1,F3,P0,1,0.16015625,-13.944341194218005,12.923738464838653,-8.07602475179762,-31.502725986991983,22.010631786013622
2,-1,F3,P0,1,0.1640625,-13.872335231501815,7.1230423624100521,-8.5438413126013391,-32.151956728618991,21.576367775275973
2,-1,F3,P0,1,0.16796875,-13.972917094967027,-0.77679172709007827,-8.9946332730797725,-32.777939897171045,21.157443646530215
2,-1,F3,P0,1,0.171875,-14.254726038275075,-10.806309978324524,-9.4279151528406686,-33.389251765760456,20.75436521673134
2,-1,F3,P0,1,0.17578125,-14.664470226941887,-22.622456732829427,-9.8432176818203594,-33.97519679803564,20.367622469062123
2,-1,F3,P0,1,0.1796875,-15.111338381723449,-35.147854264980083,-10.240088646181825,-34.535136971271307,19.997688545313771
2,-1,F3,P0,1,0.18359375,-15.502110754888212,-46.648451660460559,-10.618093708044862,-35.06845948370129,19.64501876607579
2,-1,F3,P0,1,0.1875,-15.772645643075752,-55.399634248463869,-10.9768171969707,-35.574577871213997,19.310049681619088
2,-1,F3,P0,1,0.19140625,-15.904970801968853,-60.487698216635444,-11.315862871183784,-36.052933081350609,18.993198156285978
2,-1,F3,P0,1,0.1953125,-15.924912636265089,-62.160424461375705,-11.63485464658074,-36.502994501854445,18.701615619260938
2,-1,F3,P0,1,0.19921875,-15.883012490682333,-61.557428722860159,-11.933437291649938,-36.924260941124025,18.381269496914637
2,-1,F3,P0,1,0.203125,-15.829926858573335,-60.095479561180916,-12.211277086504891,-37.348167223228273,17.892788064719319
2,-1,F3,P0,1,0.20703125,-15.801186259218648,-58.896981788156921,-12.468062444320799,-37.781235366108874,17.419475639559924
2,-1,F3,P0,1,0.2109375,-15.818856195249563,-58.494119773626544,-12.703504493554311,-38.178308049243391,16.968899696768482
2,-1,F3,P0,1,0.21484375,-15.902344785718913,-58.835316161349319,-12.917337619424188,-38.538937313678744,16.567139564187197
2,-1,F3,P0,1,0.21875,-16.071737661594771,-59.497618734200685,-13.109319963232121,-38.862715265062221,16.381850538531065
2,-1,F3,P0,1,0.22265625,-16.334499591241336,-59.973067794316108,-13.279233878209855,-39.149274842426777,16.227330710202246
2,-1,F3,P0,1,0.2265625,-16.662634815600406,-59.908021886394373,-13.426886340689919,-39.398290511630186,16.093003602728064
2,-1,F3,P0,1,0.23046875,-16.977087490641864,-59.217672231391539,-13.552109315512936,-39.609478881613654,15.979044031947163
2,-1,F3,P0,1,0.234375,-17.152708697952697,-58.065376971036613,-13.654760074702823,-39.782599241847343,15.885600583283185
2,-1,F3,P0,1,0.23828125,-17.045805987218891,-56.751601492878422,-13.734721468564244,-39.917454019535654,15.812795281181055
2,-1,F3,P0,1,0.2421875,-16.536596765675565,-55.572326369316102,-13.791902148481299,-40.013889155367025,15.760723317192804
2,-1,F3,P0,1,0.24609375,-15.573915648008755,-54.697958088277261,-13.826236740824422,-40.071794396807611,15.729452837581174
2,-1,F3,P0,1,0.25,-14.202099121698133,-54.115250740975064,-13.837685971501987,-40.091103508157438,15.719024791120372
2,-1,F3,P0,1,0.25390625,-12.539379701336379,-53.658853346844808,-13.826236740824484,-40.071794396808635,15.729452837581009
2,-1,F3,P0,1,0.2578125,-10.689275002055235,-53.119414913170118,-13.791902148481432,-40.013889155369057,15.760723317192474
2,-1,F3,P0,1,0.26171875,-8.6303087984731235,-52.368333093908966,-13.734721468564448,-39.917454019538702,15.812795281180556
2,-1,F3,P0,1,0.265625,-6.2062331484055084,-51.426132460340718,-13.654760074703097,-39.782599241851393,15.885600583282516
2,-1,F3,P0,1,0.26953125,-3.3061175747877143,-50.438265821443153,-13.552109315513272,-39.609478881618713,15.97904403194633
2,-1,F3,P0,1,0.2734375,-0.12829727521516804,-49.580209288427085,-13.426886340690325,-39.398290511636233,16.093003602727066
2,-1,F3,P0,1,0.27734375,2.7490813711528124,-48.952327902593233,-13.279233878210324,-39.149274842433819,16.22733071020108
2,-1,F3,P0,1,0.28125,4.6518165269176421,-48.525308688323591,-13.10931996323267,-38.86271526507025,16.38185053852974
2,-1,F3,P0,1,0.28515625,5.2549574261632932,-48.16274743715887,-12.917337619424799,-38.538937313687761,16.567139564187187
2,-1,F3,P0,1,0.2890625,4.7973131190247775,-47.698409881217231,-12.703504493554991,-38.178308049253339,16.968899696768467
2,-1,F3,P0,1,0.29296875,3.8855647520431305,-47.01562693190489,-12.46806244432155,-37.781235366119802,17.419475639559909
2,-1,F3,P0,1,0.296875,3.1015834956977275,-46.089300777573804,-12.211277086505696,-37.348167223240125,17.892788064719305
2,-1,F3,P0,1,0.30078125,2.7497566175928441,-44.988295546411628,-11.933437291650804,-36.924260941189161,18.381269496914623
2,-1,F3,P0,1,0.3046875,2.8465326367572348,-43.853355490854192,-11.634854646581678,-36.502994501924213,18.701615619260934
2,-1,F3,P0,1,0.30859375,3.2235174805871956,-42.853855131128476,-11.315862871184773,-36.05293308142496,18.993198156283569
2,-1,F3,P0,1,0.3125,3.6414257749957746,-42.122312152542882,-10.976817196971743,-35.574577871292824,19.310049681616537
2,-1,F3,P0,1,0.31640625,3.911122657510897,-41.6897131410581,-10.618093708045976,-35.06845948378453,19.645018766073097
2,-1,F3,P0,1,0.3203125,3.9831148274596262,-41.466128736185517,-10.240088646182992,-34.53513697135886,19.997688545310936
2,-1,F3,P0,1,0.32421875,3.9345724609196684,-41.290369558863503,-9.8432176818215869,-33.975196798127399,20.36762246905915
2,-1,F3,P0,1,0.328125,3.8955133281404648,-41.018269189736252,-9.4279151528419494,-33.389251765856329,20.754365216728235
2,-1,F3,P0,1,0.33203125,4.0316195482020207,-40.584625318035258,-8.9946332730811083,-32.777939897270933,21.157443646526982
2,-1,F3,P0,1,0.3359375,4.5785161325755492,-39.998652079016679,-8.5438413126027175,-32.151956728733488,21.576367775272615
2,-1,F3,P0,1,0.33984375,5.7944035495169341,-39.294256290448779,-8.0760247517990607,-31.502725987110662,22.010631786010141
2,-1,F3,P0,1,0.34375,7.7857622027137019,-38.490936736180053,-7.5916844114567512,-30.830563723727156,22.459715060497732
2,-1,F3,P0,1,0.34765625,10.345894343786522,-37.598115516005045,-7.0913355609647342,-30.136185023844106,22.92587983532567
2,-1,F3,P0,1,0.3515625,12.977751093211639,-36.648196102532452,-6.5755070068827379,-29.420323759461226,23.414203113430112
2,-1,F3,P0,1,0.35546875,15.115558788593184,-35.719971635019377,-6.044740164121472,-28.683731300310765,23.916091205903836
2,-1,F3,P0,1,0.359375,16.389777477168174,-34.926035275962434,-5.4995881120113399,-27.927175203879958,24.430968459426381
2,-1,F3,P0,1,0.36328125,16.759452935583944,-34.36536500569121,-4.9406146375551838,-27.151437887647507,25.083432933883422
2,-1,F3,P0,1,0.3671875,16.457960042596195,-34.06604815321888,-4.3683932681716531,-26.357315286735357,25.783731084263231
2,-1,F3,P0,1,0.37109375,15.82817967836662,-33.955829237172999,-3.7835062962403079,-25.54561550018305,26.40473665908414
2,-1,F3,P0,1,0.375,15.161589527728957,-33.891444534523458,-3.1865437977568423,-24.717157429048029,27.070791670042269
2,-1,F3,P0,1,0.37890625,14.611916329918374,-33.742213960588188,-2.5781026473967423,-23.872769409521652,27.874105949081237
2,-1,F3,P0,1,0.3828125,14.190704909460147,-33.473855843207325,-1.9587855322693541,-23.013287844227946,28.615781338153521
2,-1,F3,P0,1,0.38671875,13.815502305299329,-33.162124702882096,-1.329199966620972,-22.246845632750706,29.361603948672755
2,-1,F3,P0,1,0.390625,13.376512709236106,-32.915731129247995,-0.68995730971546998,-21.53495664020442,29.901765250669968
2,-1,F3,P0,1,0.39453125,12.795271566550781,-32.768641289634154,-0.041671789084846853,-20.812997113286311,30.365381561042451
2,-1,F3,P0,1,0.3984375,12.057245257449651,-32.633867799503641,0.61504046870046869,-20.08165319788916,30.828799660860209
2,-1,F3,P0,1,0.40234375,11.212572395242951,-32.359132988364152,1.2795623976401118,-19.341612086096625,31.290500415155034
2,-1,F3,P0,1,0.40625,10.354121816066991,-31.838452850002884,1.9512769402439198,-18.593560960514985,31.750958680848647
2,-1,F3,P0,1,0.41015625,9.5880481267588333,-31.091920336633827,2.6295679818159954,-17.838185953813028,32.350126951405876
2,-1,F3,P0,1,0.4140625,9.0062777625457109,-30.259308217309187,3.3138212691599427,-17.131543904671595,32.994911534593804
2,-1,F3,P0,1,0.41796875,8.6644630919353123,-29.522161152579638,4.0034253118519141,-16.461118675413481,33.643316539787449
2,-1,F3,P0,1,0.421875,8.5695616706544087,-29.011888609327531,4.6977722643027162,-15.784859432690755,34.294725660772478
2,-1,F3,P0,1,0.42578125,8.6816399128495618,-28.754065640567646,5.3962587869084278,-15.103368546107589,34.948530784256604
2,-1,F3,P0,1,0.4296875,8.9294055530192225,-28.665945551194177,6.0982868846713094,-14.417244729054545,35.604132879863158
2,-1,F3,P0,1,0.43359375,9.2327734378742736,-28.597039512897229,6.8032647217590654,-13.727082193617774,36.211710722426261
2,-1,F3,P0,1,0.4375,9.5242152718555477,-28.389863726568429,7.5106074105593592,-13.033469827740124,36.751933154987825
2,-1,F3,P0,1,0.44140625,9.7637358807677437,-27.93435615919676,8.2197377738788244,-12.33699039613046,37.280127805485769
2,-1,F3,P0,1,0.4453125,9.9457642925283682,-27.194586183966642,8.9300870790300397,-11.638219766330128,37.795974763658023
2,-1,F3,P0,1,0.44921875,10.096928933236249,-26.20176095492371,9.6410957426469732,-10.93772616125483,38.299204467929464
2,-1,F3,P0,1,0.453125,10.264731766039381,-25.025891432288429,10.352214005167456,-10.243031489935401,38.78959594446016
2,-1,F3,P0,1,0.45703125,10.502600606603098,-23.745350043882357,11.062902574021633,-9.5542434183740106,39.266974902924765
2,-1,F3,P0,1,0.4609375,10.860919293362999,-22.423503831134422,11.772633234665511,-8.8652588142870155,39.731211709312682
2,-1,F3,P0,1,0.46484375,11.387126274241817,-21.089414897719557,12.480889428701097,-8.2551387809756616,40.182219255753466
2,-1,F3,P0,1,0.46875,12.125086302215104,-19.723242713475813,13.187166798425803,-7.7652437968034116,40.619950746931906
2,-1,F3,P0,1,0.47265625,13.100398624499439,-18.259900229433335,13.890973697256058,-7.2759968486831701,41.044397422075043
2,-1,F3,P0,1,0.4765625,14.291713677656471,-16.621879578808397,14.591831665571471,-6.7877534863104314,41.455586230784263
2,-1,F3,P0,1,0.48046875,15.608348205923066,-14.768137074739155,15.289275871626471,-6.3008608895687841,41.853577480163068
2,-1,F3,P0,1,0.484375,16.902240919240572,-12.726166065167892,15.982855517276281,-5.8163306680526032,42.238462469771662
2,-1,F3,P0,1,0.48828125,18.025456647797675,-10.582855888105589,16.672134208362138,-5.3411949245157615,42.610361129936791
2,-1,F3,P0,1,0.4921875,18.911454663488037,-8.4384194706170206,17.356690289697863,-4.690235976154697,42.969419677875912
2,-1,F3,P0,1,0.49609375,19.634479751077315,-6.3509268719611454,18.036117144693826,-3.7939398030152165,43.315808304972144
2,-1,F3,P0,1,0.5,20.405031668640188,-4.3048272607094491,18.710023459747667,-2.8784029184741056,43.649718907376744
2,-1,F3,P0,1,0.50390625,21.485750787841578,-2.2271531550641419,19.378033453620493,-1.970876493849897,44.036444754070196
2,-1,F3,P0,1,0.5078125,23.045807458920738,-0.048591375806789912,20.039787072104911,-1.0718496815662295,44.547752979162311
2,-1,F3,P0,1,0.51171875,25.004680449726045,2.2295065210952636,20.69494014837521,-0.18179005020989075,45.046973767232643
2,-1,F3,P0,1,0.515625,26.943457539039017,4.5141529851819122,21.343164529491382,0.69885658733139411,45.534235154204218
2,-1,F3,P0,1,0.51953125,28.166824331329831,6.6635469417885673,21.984148169606048,1.5696663004955547,46.009678116942609
2,-1,F3,P0,1,0.5234375,27.953175884347196,8.5587920561707058,22.61759519049777,2.4302371232837325,46.473454954586529
2,-1,F3,P0,1,0.52734375,25.923266477143763,10.152801681189361,23.243225910124309,3.280189093051447,46.925727760751499
2,-1,F3,P0,1,0.53125,22.337668837406277,11.475194653112679,23.860776839956138,4.1191642468859566,47.366666988999796
2,-1,F3,P0,1,0.53515625,18.108178818648195,12.610218749005211,24.470000651912777,4.9468265766876502,47.796450113021834
2,-1,F3,P0,1,0.5390625,14.457151558655287,13.675132980880507,25.070666115783251,5.7628619441523501,48.215260382087813
2,-1,F3,P0,1,0.54296875,12.402792338039351,14.811258106906232,25.662558008065599,6.5669779569251414,48.623285671510132
2,-1,F3,P0,1,0.546875,12.374925987576701,16.179189234695972,26.245476993211007,7.3589038072642481,49.020717427107996
2,-1,F3,P0,1,0.55078125,14.155521033388522,17.93737584897308,26.819239478302912,8.1383900746150957,49.407749701988806
2,-1,F3,P0,1,0.5546875,17.10670149086862,20.18952409585091,27.383677442243478,8.9052084935511271,49.784578283356169
2,-1,F3,P0,1,0.55859375,20.498363201966043,22.915845937033733,27.938638240555907,9.4792635420102727,50.539853670653422
2,-1,F3,P0,1,0.5625,23.757354277955841,25.936684856666368,28.483984386944162,9.9402934777996546,51.320790699740428
2,-1,F3,P0,1,0.56640625,26.566785686490945,28.956384375676489,29.019593312779335,10.392891159779319,52.087784004804597
2,-1,F3,P0,1,0.5703125,28.845315699908003,31.68601404050656,29.545357105706032,10.836970636263993,52.840679055089581
2,-1,F3,P0,1,0.57421875,30.674251186310677,33.980495702685147,30.061182228581139,11.27245834475546,53.57934190517873
2,-1,F3,P0,1,0.578125,32.221338109270285,35.904171371121059,30.566989219973284,11.699292838698735,54.303658766109507
2,-1,F3,P0,1,0.58203125,33.676143435138165,37.68187612302637,31.062712377461612,12.06114816450139,55.013535551856592
2,-1,F3,P0,1,0.5859375,35.195715096688389,39.567918558249524,31.548299424980357,12.402710945630695,55.708897402968432
2,-1,F3,P0,1,0.58984375,36.862954182145877,41.715372180634475,32.023711165458025,12.736927235709832,56.389688189145737
2,-1,F3,P0,1,0.59375,38.667164977614945,44.119024974641363,32.488921119999929,13.063784744380779,57.05586999254983
2,-1,F3,P0,1,0.59765625,40.513719436516688,46.649355838697254,32.943915154857621,13.38328001102936,57.707422573622161
2,-1,F3,P0,1,0.6015625,42.259692667991949,49.135641955598061,33.388691097421571,13.646138571033296,58.344342821184661
2,-1,F3,P0,1,0.60546875,43.763800449682883,51.436386339293691,33.823258342460932,13.900558398487407,58.966644188574207
2,-1,F3,P0,1,0.609375,44.935392270318317,53.463051960342938,34.247637449820338,14.148836643013134,59.574356117543417
2,-1,F3,P0,1,0.61328125,45.766493196204259,55.166007181000587,34.661859734765038,14.390998571498979,60.16752345163377
2,-1,F3,P0,1,0.6171875,46.333619546110931,56.512138032865465,35.065966852145181,14.620677899129529,60.746205840697996
2,-1,F3,P0,1,0.62109375,46.766180248072018,57.476440327949248,35.46001037552616,14.771153146763782,61.310477138213528
2,-1,F3,P0,1,0.625,47.194488940794486,58.053027879324226,35.844051372405652,14.917642990122534,61.860424792992276
2,-1,F3,P0,1,0.62890625,47.70234451968691,58.276882148362915,36.218159976609073,15.060181437798043,62.396149236849936
2,-1,F3,P0,1,0.6328125,48.306251230876072,58.239190712967684,36.582414958924367,15.198805810965371,62.91776326975382
2,-1,F3,P0,1,0.63671875,48.966981972552567,58.07980040142953,36.936903297003624,15.333556562084082,63.480072152165413
2,-1,F3,P0,1,0.640625,49.620871671095877,57.952820758878616,37.281719745524242,15.464477094363174,64.049080572289441
2,-1,F3,P0,1,0.64453125,50.209231298730884,57.979168543244604,37.616966407565421,15.591613582378807,64.602297143908473
2,-1,F3,P0,1,0.6484375,50.689932788936432,58.209616818166822,37.942752308117782,15.715014794216351,65.139901777636979
2,-1,F3,P0,1,0.65234375,51.03211683346705,58.616765393995657,38.259192970603912,15.834731915489995,65.66208510765702
2,-1,F3,P0,1,0.65625,51.209932520707397,59.118781314629764,38.566409997247376,15.969398883833305,66.169047799252652
2,-1,F3,P0,1,0.66015625,51.209967916679311,59.619944287129741,38.864530654085655,16.129541353185097,66.660999864007323
2,-1,F3,P0,1,0.6640625,51.049071037888481,60.041022900210017,39.15368746138008,16.269279757226304,67.138159983907627
2,-1,F3,P0,1,0.66796875,50.782442462962457,60.317804241103119,39.434017790132799,16.405017255730836,67.600754845524492
2,-1,F3,P0,1,0.671875,50.486080458618495,60.37405832641214,39.705663465376986,16.536810512352673,68.049018485371505
2,-1,F3,P0,1,0.67578125,50.220660539513332,60.106525301354921,39.968770376862885,16.664717741546408,68.483191647467805
2,-1,F3,P0,1,0.6796875,50.001971167585644,59.419273929774846,40.223488097718125,16.788798634999097,68.903521154059703
2,-1,F3,P0,1,0.68359375,49.799214058304443,58.302018320243647,40.469969511616718,16.909114281856382,69.310259290383314
2,-1,F3,P0,1,0.6875,49.562561549594932,56.896765734195085,40.708370448947512,17.025727083539248,69.703663204277845
2,-1,F3,P0,1,0.69140625,49.260735701257076,55.489779213672946,40.938849332429186,17.138700663930969,70.083994321387337
2,-1,F3,P0,1,0.6953125,48.900997445813772,54.411936927020903,41.161566832575858,17.248099775691298,70.451517776617663
2,-1,F3,P0,1,0.69921875,48.516379789701695,53.891497276326021,41.376685533374953,17.353990203427752,70.8065018624457
2,-1,F3,P0,1,0.703125,48.132740227871324,53.936164558731221,41.584369608497212,17.456438664422723,71.149217494608109
2,-1,F3,P0,1,0.70703125,47.746918491390574,54.31124582800259,41.784784508317379,17.555512707580913,71.479937695630028
2,-1,F3,P0,1,0.7109375,47.336907649413511,54.634577730243144,41.978096657984594,17.651280611225154,71.798937096587423
2,-1,F3,P0,1,0.71484375,46.894833749004086,54.548438052968365,42.164473166741779,17.74381128033032,72.106491457432554
2,-1,F3,P0,1,0.71875,46.452342306683171,53.885061158486991,42.344081548655907,17.833174143745651,72.402877206149114
2,-1,F3,P0,1,0.72265625,46.073292345895162,52.740199480422184,42.517089454883653,17.919439051915937,72.688370996943107
2,-1,F3,P0,1,0.7265625,45.814297880239806,51.414438647004921,42.683664417561722,18.002676175571761,72.963249287616307
2,-1,F3,P0,1,0.73046875,45.679371812371684,50.256380943304627,42.843973605376746,18.082955905819126,73.227787936213161
2,-1,F3,P0,1,0.734375,45.601633027148196,49.499215616791957,42.998183590836561,18.160348756019587,73.482261816977044
2,-1,F3,P0,1,0.73828125,45.4676662359348,49.176670318827327,43.146460129233439,18.234925265813381,73.726944455600346
2,-1,F3,P0,1,0.7421875,45.171379533075509,49.142527425263474,43.288967949259664,18.306755907600888,73.962107683702868
2,-1,F3,P0,1,0.74609375,44.664474982814617,49.157939206566553,43.425870555206998,18.375910995761593,74.188021312425832
2,-1,F3,P0,1,0.75,43.974207211018374,48.994042814510571,43.557330040655238,18.442460598855178,74.404952824984974
2,-1,F3,P0,1,0.75390625,43.184036539041472,48.511790452831704,43.68350691352871,18.506474455016249,74.613167087982504
2,-1,F3,P0,1,0.7578125,42.397639780223209,47.699271330398425,43.804559932376236,18.568021890723028,74.812926081240121
2,-1,F3,P0,1,0.76171875,41.708732390709734,46.662749040203693,43.920645953707393,18.627171743090386,75.004488645876563
2,-1,F3,P0,1,0.765625,41.182354210212623,45.582538399730687,44.031919790197058,18.683721290522087,75.188110250320079
2,-1,F3,P0,1,0.76953125,40.842460013771671,44.651823117224268,44.138534079551199,18.733085320728161,75.364042773913468
2,-1,F3,P0,1,0.7734375,40.665514324911584,44.013722358862921,44.240639163808659,18.780463434253758,75.532534307740761
2,-1,F3,P0,1,0.77734375,40.586069331498763,43.710827665669839,44.338382978838048,18.825915539175089,75.693828972277387
2,-1,F3,P0,1,0.78125,40.516448421488057,43.666071569048263,44.431910953773723,18.869500794950266,75.848166751441653
2,-1,F3,P0,1,0.78515625,40.374361061934579,43.709199660068336,44.521365920121752,18.911277563575567,75.995783342603445
2,-1,F3,P0,1,0.7890625,40.108575585549616,43.641224651991358,44.606888030255149,18.951303364156445,76.136910022086894
2,-1,F3,P0,1,0.79296875,39.713378488847219,43.307619217312094,44.688614685007124,18.989634830884555,76.271773525686356
2,-1,F3,P0,1,0.796875,39.22456972144213,42.64951226601913,44.766680470062198,19.026327674397091,76.400595943700466
2,-1,F4,P0,2,-0.19921875,10.476457384725313,48.445489906520294,,,
2,-1,F4,P0,2,-0.1953125,10.954422948103867,48.885873368480091,,,
2,-1,F4,P0,2,-0.19140625,11.298577405946997,50.442488412327812,,,
2,-1,F4,P0,2,-0.1875,11.518857188303294,52.502668727314735,,,
2,-1,F4,P0,2,-0.18359375,11.645445342378503,53.66553337397184,,,
2,-1,F4,P0,2,-0.1796875,11.718347608267566,52.226762225871589,,,
2,-1,F4,P0,2,-0.17578125,11.789794577085502,46.874155152476519,,,
2,-1,F4,P0,2,-0.171875,11.93060219364199,37.302559687901571,,,
2,-1,F4,P0,2,-0.16796875,12.216850447072577,24.457017143381499,,,
2,-1,F4,P0,2,-0.1640625,12.683107089462291,10.289447175705677,,,
2,-1,F4,P0,2,-0.16015625,13.258292706214394,-2.8539310793700827,,,
2,-1,F4,P0,2,-0.15625,13.726700046737186,-12.975078801296926,,,
2,-1,F4,P0,2,-0.15234375,13.762193453059725,-19.032651658900782,,,
2,-1,F4,P0,2,-0.1484375,13.059776789338574,-21.171383350503735,,,
2,-1,F4,P0,2,-0.14453125,11.5290217026132,-20.469878928395907,,,
2,-1,F4,P0,2,-0.140625,9.4358449669009357,-18.365435841400085,,,
2,-1,F4,P0,2,-0.13671875,7.3488125690773831,-16.080597880023973,,,
2,-1,F4,P0,2,-0.1328125,5.843612114105353,-14.309134284027145,,,
2,-1,F4,P0,2,-0.12890625,5.1349517859401264,-13.215928220693572,,,
2,-1,F4,P0,2,-0.125,4.9553702902391175,-12.636043873251724,,,
2,-1,F4,P0,2,-0.12109375,4.8532667973000043,-12.307942390174533,,,
2,-1,F4,P0,2,-0.1171875,4.6854520737463154,-12.027761143405282,,,
2,-1,F4,P0,2,-0.11328125,4.837540089747546,-11.698190112379715,,,
2,-1,F4,P0,2,-0.109375,5.9314391036251504,-11.306224959796664,,,
2,-1,F4,P0,2,-0.10546875,8.2610832269364209,-10.878629630120956,,,
2,-1,F4,P0,2,-0.1015625,11.426601056789991,-10.447767481304899,,,
2,-1,F4,P0,2,-0.09765625,14.420734902227032,-10.038065207146049,,,
2,-1,F4,P0,2,-0.09375,16.057532846352046,-9.6682081165532487,,,
2,-1,F4,P0,2,-0.08984375,15.469959080416629,-9.3580667909467383,,,
2,-1,F4,P0,2,-0.0859375,12.458548532037808,-9.130307868551002,,,
2,-1,F4,P0,2,-0.08203125,7.5741366525787006,-9.0023739797218703,,,
2,-1,F4,P0,2,-0.078125,1.8981782389568194,-8.9719588131919519,,,
2,-1,F4,P0,2,-0.07421875,-3.3985044107479991,-9.0045594877352624,,,
2,-1,F4,P0,2,-0.0703125,-7.495749362520824,-9.0329346433805551,,,
2,-1,F4,P0,2,-0.06640625,-10.114548272870621,-8.9752609545079487,,,
2,-1,F4,P0,2,-0.0625,-11.385477222950767,-8.7711756618458203,,,
2,-1,F4,P0,2,-0.05859375,-11.571688307829463,-8.4221078154088254,,,
2,-1,F4,P0,2,-0.0546875,-10.919740003301021,-8.009849803365757,,,
2,-1,F4,P0,2,-0.05078125,-9.7584397300630847,-7.6695432836641393,,,
2,-1,F4,P0,2,-0.046875,-8.6869420301131299,-7.5192145879511703,,,
2,-1,F4,P0,2,-0.04296875,-8.554335536417824,-7.5838521265595809,,,
2,-1,F4,P0,2,-0.0390625,-10.107347771022001,-7.7670125764809654,,,
2,-1,F4,P0,2,-0.03515625,-13.52540121289621,-7.8978803010420142,,,
2,-1,F4,P0,2,-0.03125,-18.220757221728334,-7.8307857683162894,,,
2,-1,F4,P0,2,-0.02734375,-23.087770917786184,-7.5363899580879927,,,
2,-1,F4,P0,2,-0.0234375,-27.033884993217221,-7.128045841244246,,,
2,-1,F4,P0,2,-0.01953125,-29.441513736089959,-6.8066191265633487,,,
2,-1,F4,P0,2,-0.015625,-30.317187389767597,-6.7524561766158477,,,
2,-1,F4,P0,2,-0.01171875,-30.128427157066739,-7.0204214064542381,,,
2,-1,F4,P0,2,-0.0078125,-29.495195245835948,-7.4937358016240285,,,
2,-1,F4,P0,2,-0.00390625,-28.918600687703389,-7.924589441947024,,,
2,-1,F4,P0,2,0,-28.649479523382098,-8.0460811025398709,-22.696031293371512,-53.093237437816349,8.6687137616527075
2,-1,F4,P0,2,0.00390625,-28.701403237533917,-7.7033292977733216,-23.218627224732064,-53.759115659585085,8.3123313359623676
2,-1,F4,P0,2,0.0078125,-28.949280611668115,-6.9390295865667913,-23.71952121683367,-54.396091065007447,7.9738547173169003
2,-1,F4,P0,2,0.01171875,-29.242593850666477,-5.986401646278332,-24.198226255267056,-55.003476077978583,7.6206164408751018
2,-1,F4,P0,2,0.015625,-29.483512990919763,-5.1672702368580037,-24.654284685943832,-55.580612578583477,7.0765452808605476
2,-1,F4,P0,2,0.01953125,-29.649000522450411,-4.744566562412091,-25.087269977413516,-56.126873213294708,6.5685674179278157
2,-1,F4,P0,2,0.0234375,-29.763390985233862,-4.8035082648309873,-25.496788518336363,-56.641662676416416,6.0981841124956651
2,-1,F4,P0,2,0.02734375,-29.850441374427788,-5.2187169048413686,-25.882481451799691,-57.124418963195616,5.6666745630161017
2,-1,F4,P0,2,0.03125,-29.899162080893554,-5.7208425807864085,-26.244026548120658,-57.574614595605389,5.2750785113763135
2,-1,F4,P0,2,0.03515625,-29.860303008248053,-6.0290343192032161,-26.58114011767417,-57.991757822446239,4.9250124131762236
2,-1,F4,P0,2,0.0390625,-29.66705589878708,-5.9819129097009185,-26.893578965112557,-58.37539379611087,4.6297870057288737
2,-1,F4,P0,2,0.04296875,-29.265049234315455,-5.5976933167634702,-27.18114238609402,-58.725105729115242,4.3733480656996502
2,-1,F4,P0,2,0.046875,-28.641780669658342,-5.0344131486547496,-27.443674207302976,-59.04051603431509,4.1555984461908144
2,-1,F4,P0,2,0.05078125,-27.847277544856141,-4.4838604120889594,-27.681064870116575,-59.321287453600199,3.9761692883442414
2,-1,F4,P0,2,0.0546875,-26.992049322766857,-4.071890093445508,-27.893253557741538,-59.567124180785612,3.8344168380059331
2,-1,F4,P0,2,0.05859375,-26.212068138886597,-3.8224472739827338,-28.080230365003839,-59.777772985395856,3.729421739435983
2,-1,F4,P0,2,0.0625,-25.612525769375623,-3.6892268413462679,-28.242038509214805,-59.953024345059241,3.6599908268920451
2,-1,F4,P0,2,0.06640625,-25.222790224380283,-3.614847353625442,-28.378776579652815,-60.092713595285019,3.6246614021634262
2,-1,F4,P0,2,0.0703125,-24.99067255121119,-3.5729456148000054,-28.490600822184387,-60.196722106477139,3.6217079537275416
2,-1,F4,P0,2,0.07421875,-24.81876786979392,-3.5738170296376746,-28.577727454397245,-60.264978499130386,3.6491512417156993
2,-1,F4,P0,2,0.078125,-24.621246433864645,-3.641211902426893,-28.640435005327248,-60.297459909242519,3.7047696428655956
2,-1,F4,P0,2,0.08203125,-24.369897126617396,-3.7810476892156135,-28.679066672428579,-60.294193317038115,3.7866863404965745
2,-1,F4,P0,2,0.0859375,-24.105145470840178,-3.9631780467431339,-28.694032686863537,-60.255256953115484,3.9067653329782974
2,-1,F4,P0,2,0.08984375,-23.907754606128265,-4.1290692046841286,-28.68581267647491,-60.180781797068477,4.04884073486161
2,-1,F4,P0,2,0.09375,-23.850420111349322,-4.2223576195953383,-28.654958013956303,-60.070953184469758,4.2096863827647715
2,-1,F4,P0,2,0.09765625,-23.959532235205796,-4.2214971995402513,-28.602094135760222,-59.926012538797316,4.3859081883069697
2,-1,F4,P0,2,0.1015625,-24.206448674728584,-4.1484344214506015,-28.527922815190475,-59.750811844546973,4.5739675095942314
2,-1,F4,P0,2,0.10546875,-24.525067929311348,-4.0445053613850366,-28.433224370927224,-59.555281923125399,4.7702054837075272
2,-1,F4,P0,2,0.109375,-24.839054240044607,-3.9333635320226081,-28.318859789947169,-59.325913876647661,4.8276314781716012
2,-1,F4,P0,2,0.11328125,-25.08482540961678,-3.8041790436888947,-28.18577274144603,-59.063169453263576,4.8508066793673228
2,-1,F4,P0,2,0.1171875,-25.225086970631303,-3.6322789806792359,-28.034991455971205,-58.767577124739432,4.8753587972661236
2,-1,F4,P0,2,0.12109375,-25.252830026516875,-3.4219173905892513,-27.867630441554521,-58.439734927504382,4.8998879653825327
2,-1,F4,P0,2,0.125,-25.187684589296758,-3.2334487382951309,-27.684892006230218,-58.080313540710335,4.9229475849544162
2,-1,F4,P0,2,0.12890625,-25.067605639755431,-3.164182332669915,-27.488067553966083,-57.690059612921225,4.9430473273741518
2,-1,F4,P0,2,0.1328125,-24.937987485805191,-3.2885400220424126,-27.278538618763079,-57.269799346359186,4.9586564875661878
2,-1,F4,P0,2,0.13671875,-24.837924533992702,-3.6013283331389365,-27.057777599534464,-57.054874096899589,4.968207696656151
2,-1,F4,P0,2,0.140625,-24.784427224238868,-4.0091259843720373,-26.827348156400934,-56.883652602018515,4.9701010006773831
2,-1,F4,P0,2,0.14453125,-24.761944757112037,-4.3743042489019812,-26.588905227284041,-56.695223423573658,4.9627083102659348
2,-1,F4,P0,2,0.1484375,-24.728352348247274,-4.5764087046452566,-26.344194622194067,-56.490809438695187,4.9443782243060923
2,-1,F4,P0,2,0.15234375,-24.63996617363928,-4.5538909308156184,-26.095052151442662,-56.271713765662959,5.0677735278763141
2,-1,F4,P0,2,0.15625,-24.481550261652469,-4.3153014321462653,-25.843402243218925,-56.039320501454043,5.2997518134892605
2,-1,F4,P0,2,0.16015625,-24.279390172495038,-3.9298346172161285,-25.591256005602069,-55.795095288577052,5.5272696950653568
2,-1,F4,P0,2,0.1640625,-24.086656034767088,-3.5089957644021226,-25.340708688199427,-55.540585685163563,5.7483600930351164
2,-1,F4,P0,2,0.16796875,-23.952074329595415,-3.1841920590972417,-25.093936499246588,-55.2774213090701,5.9610120400157349
2,-1,F4,P0,2,0.171875,-23.89567735473355,-3.0805508822612309,-24.853192735237783,-55.010420196768713,6.1631760410499279
2,-1,F4,P0,2,0.17578125,-23.907563962910441,-3.286688723871328,-24.620803182016253,-54.758583916450895,6.3527699848530528
2,-1,F4,P0,2,0.1796875,-23.965459643815201,-3.8231573020331169,-24.399160748789726,-54.504745161442649,6.5276856170614366
2,-1,F4,P0,2,0.18359375,-24.052997345095729,-4.6205279781938691,-24.19071929978384,-54.250857066640421,6.6857955829594902
2,-1,F4,P0,2,0.1875,-24.16351452308993,-5.5250226332765546,-23.997986652236801,-53.998944127581282,6.8249610432227552
2,-1,F4,P0,2,0.19140625,-24.289444472013543,-6.3421344865229665,-23.823516714198,-53.751099495779741,6.9430398618535358
2,-1,F4,P0,2,0.1953125,-24.411119787786014,-6.9067680146996508,-23.669900741136232,-53.509481740925068,7.0378953607141268
2,-1,F4,P0,2,0.19921875,-24.498109998859626,-7.1495148132321606,-23.539757696695855,-53.276311030729758,6.8129255796154196
2,-1,F4,P0,2,0.203125,-24.523023483357861,-7.1275476567881348,-23.435723710058447,-53.05386467747843,6.535007885905487
2,-1,F4,P0,2,0.20703125,-24.478096859559066,-7.0035845541934609,-23.36044063025459,-52.844471999108663,6.2447511280568682
2,-1,F4,P0,2,0.2109375,-24.386940274483194,-6.9775567203466329,-23.316543686400134,-52.478663150741951,5.9015961827822618
2,-1,F4,P0,2,0.21484375,-24.307239079765964,-7.1965725027372907,-23.306648272158792,-51.860804289599606,5.5047536079608124
2,-1,F4,P0,2,0.21875,-24.316931108344559,-7.6833938879182124,-23.333335882704315,-51.464531805244782,5.0536029171681056
2,-1,F4,P0,2,0.22265625,-24.476497633822294,-8.3202500151595977,-23.399139243001596,-51.448703110411344,4.4572963554502616
2,-1,F4,P0,2,0.2265625,-24.775432507066217,-8.8981936943313933,-23.506526677261206,-51.478321184281036,3.7830177801277798
2,-1,F4,P0,2,0.23046875,-25.093284850247276,-9.2077913839951098,-23.657885780850318,-51.556029837301935,3.061549482105089
2,-1,F4,P0,2,0.234375,-25.212778853830507,-9.1280214605227581,-23.855506467651654,-51.712169327796396,2.5569716956060753
2,-1,F4,P0,2,0.23828125,-24.903677566917644,-8.6743341111547299,-24.101563477725559,-52.883872841052657,2.2552172295209454
2,-1,F4,P0,2,0.2421875,-24.061039339574016,-7.9856635011226009,-24.398098442012255,-54.335222533199918,1.9114988436014011
2,-1,F4,P0,2,0.24609375,-22.845721060913625,-7.2556705775352164,-24.747001612562329,-55.838459922874911,1.5248543704886792
2,-1,F4,P0,2,0.25,-21.748920368075467,-6.6402749052424763,-25.149993378244051,-57.716715869448798,1.2735160032774799
2,-1,F4,P0,2,0.25390625,-21.502958232718221,-6.1901909383736893,-25.608605696881312,-59.008091503089091,1.195409270165626
2,-1,F4,P0,2,0.2578125,-22.813926249592289,-5.8480554394948721,-26.12416358515009,-60.423842753614288,1.0802726819171458
2,-1,F4,P0,2,0.26171875,-26.001231293546002,-5.5120484789702333,-26.697766817129672,-61.882179444804287,0.92667208220753294
2,-1,F4,P0,2,0.265625,-30.736231355251078,-5.124044421439951,-27.330271990986681,-64.024298101528046,0.73327660097882319
2,-1,F4,P0,2,0.26953125,-36.075270170489446,-4.7232058005729867,-28.02227513068857,-66.326656847316457,0.49887260020017588
2,-1,F4,P0,2,0.2734375,-40.82523316670742,-4.4285437694881233,-28.774094995724123,-68.649511776526978,0.22237821402613028
2,-1,F4,P0,2,0.27734375,-44.050064934998282,-4.3597258504572549,-29.585757276385163,-70.967314454194138,-0.097141593628227788
2,-1,F4,P0,2,0.28125,-45.42152091183835,-4.5455673939594812,-30.456979855077538,-73.127536408136962,-0.42305439256620675
2,-1,F4,P0,2,0.28515625,-45.238786992143787,-4.880228743317196,-31.387159315237717,-75.279468617638315,-1.099299511274848
2,-1,F4,P0,2,0.2890625,-44.170548299387001,-5.1589901737835842,-32.375358878603457,-77.418126418203457,-2.0043117087321329
2,-1,F4,P0,2,0.29296875,-42.913740370964952,-5.1751349369558302,-33.4202979487156,-79.538559835488499,-2.9529789705004923
2,-1,F4,P0,2,0.296875,-41.9467311815336,-4.8230854676046748,-34.520343433522491,-81.635859589228033,-3.9433719258159172
2,-1,F4,P0,2,0.30078125,-41.449566656585979,-4.1540411268040787,-35.673503012757891,-83.7051636218401,-4.8711989351464862
2,-1,F4,P0,2,0.3046875,-41.363253139847821,-3.3592824541897364,-36.877420506328988,-85.741664204798198,-5.4516699299092064
2,-1,F4,P0,2,0.30859375,-41.512362879232143,-2.6895138264427803,-38.129373488276272,-87.74061565089481,-6.0811043216460297
2,-1,F4,P0,2,0.3125,-41.720635502605852,-2.3446522988145535,-39.426273276974108,-89.697342637501706,-6.7587823792217057
2,-1,F4,P0,2,0.31640625,-41.879615002029247,-2.3841807734872069,-40.764667416184743,-91.60724912508374,-7.5665634240209352
2,-1,F4,P0,2,0.3203125,-41.958337645202434,-2.7048277671876857,-42.140744743446774,-93.465827836685037,-8.5840371386220369
2,-1,F4,P0,2,0.32421875,-41.962547462613557,-3.1009221094039274,-43.550343122192793,-95.268670247945309,-9.3610498138968339
2,-1,F4,P0,2,0.328125,-41.873506233902191,-3.3730828600493314,-44.988959892103409,-97.011477023429961,-10.138318167547395
2,-1,F4,P0,2,0.33203125,-41.614909964394762,-3.4185579669359427,-46.451765068702535,-98.690068823621075,-10.922239865892681
2,-1,F4,P0,2,0.3359375,-41.09028829785651,-3.2540729747326793,-47.933617298299232,-100.30039739773797,-11.71452856361492
2,-1,F4,P0,2,0.33984375,-40.292099527066661,-2.9752099593125263,-49.429082548329731,-101.83861026173268,-12.526828692966323
2,-1,F4,P0,2,0.34375,-39.42876226936388,-2.6938195812620247,-50.932455486223141,-103.31327780740615,-13.399151229144133
2,-1,F4,P0,2,0.34765625,-38.982720235225877,-2.491485509231155,-52.437783472402835,-104.70821870593255,-14.492827685966869
2,-1,F4,P0,2,0.3515625,-39.623169300200964,-2.4041031056538973,-53.93889306525778,-106.01998386174196,-15.604641607993498
2,-1,F4,P0,2,0.35546875,-41.955956680995037,-2.4339708744016293,-55.429418908208461,-107.24531205765344,-16.729346206170295
2,-1,F4,P0,2,0.359375,-46.19197538125227,-2.5732294327191552,-56.902834841696027,-108.38114097064449,-17.861348264565159
2,-1,F4,P0,2,0.36328125,-51.912754382819799,-2.8173811132138473,-58.352487056388505,-109.6664025458427,-18.984086014915661
2,-1,F4,P0,2,0.3671875,-58.11987741977299,-3.1587103758888597,-59.771629078484743,-111.23975391817783,-19.901763612922519
2,-1,F4,P0,2,0.37109375,-63.606473075135739,-3.5723910695837597,-61.153458354048951,-112.86724135120762,-20.638545365057645
2,-1,F4,P0,2,0.375,-67.461046478049767,-4.0194013963184538,-62.491154177171502,-114.75569698627631,-21.325109270164539
2,-1,F4,P0,2,0.37890625,-69.408339217151749,-4.4731131074247017,-63.777916686752725,-116.56035077500107,-21.957509053755579
2,-1,F4,P0,2,0.3828125,-69.814090970971023,-4.9459891869482862,-65.0070066391512,-118.27368595181014,-22.531930042352023
2,-1,F4,P0,2,0.38671875,-69.408069777595301,-5.4839630945433715,-66.171785649112067,-119.88839238700081,-23.137118444609566
2,-1,F4,P0,2,0.390625,-68.920632554316171,-6.1222323074783791,-67.265756579546689,-121.397405307299,-24.030378270501881
2,-1,F4,P0,2,0.39453125,-68.818405394352425,-6.8333909752287338,-68.282603752091759,-122.79394317626395,-24.851504251248894
2,-1,F4,P0,2,0.3984375,-69.223542924257444,-7.5118850874424981,-69.216232645114502,-124.07154445843904,-25.610393723461769
2,-1,F4,P0,2,0.40234375,-69.991335466075,-8.0149545417314538,-70.060808744089925,-125.22410299587325,-26.3007871384117
2,-1,F4,P0,2,0.40625,-70.859160310646374,-8.2382658847328987,-70.810795211150449,-126.24590173293851,-27.187224161938527
2,-1,F4,P0,2,0.41015625,-71.581823328849026,-8.1778463019726946,-71.460989046141123,-127.13164453521,-28.040416409346534
2,-1,F4,P0,2,0.4140625,-72.00957454560762,-7.9390575855499756,-72.006555420707841,-127.87648586049174,-28.822776220972258
2,-1,F4,P0,2,0.41796875,-72.106640492698503,-7.6885756461101966,-72.443059879742393,-128.28018330770905,-29.52619710002249
2,-1,F4,P0,2,0.421875,-71.928819617745589,-7.5782666945241823,-72.766498120809317,-128.34020037398659,-30.142909642180999
2,-1,F4,P0,2,0.42578125,-71.581098644907044,-7.6803965256459854,-72.973323081832689,-128.26555320191622,-30.665555020862545
2,-1,F4,P0,2,0.4296875,-71.172045459122259,-7.9623233460420648,-73.060469090124755,-128.05551378062853,-30.737999950459873
2,-1,F4,P0,2,0.43359375,-70.778329082722976,-8.3071506191658884,-73.025372851552333,-127.70977880229977,-30.720493165686278
2,-1,F4,P0,2,0.4375,-70.429480839016037,-8.5659656768200083,-72.865991086972826,-127.2284720616622,-30.615665261976982
2,-1,F4,P0,2,0.44140625,-70.116012173130002,-8.6155503146962857,-72.580814653704095,-126.61214465036544,-30.420903244272445
2,-1,F4,P0,2,0.4453125,-69.813341714959577,-8.3967862339863064,-72.168879022367491,-125.86832911294567,-30.134050483141884
2,-1,F4,P0,2,0.44921875,-69.505139755318353,-7.9215686083061136,-71.629771013570092,-125.00156864631732,-29.75342899811691
2,-1,F4,P0,2,0.453125,-69.189230720321873,-7.2527087740831684,-70.963631734164636,-124.00177396981132,-29.277857616725584
2,-1,F4,P0,2,0.45703125,-68.860375050063908,-6.4720582293120312,-70.171155688816214,-122.87109146620466,-28.706665756400518
2,-1,F4,P0,2,0.4609375,-68.482631441093787,-5.651158755569508,-69.253586078876666,-121.61207798009042,-28.039702631597248
2,-1,F4,P0,2,0.46484375,-67.976157643369973,-4.8311492742198903,-68.212706336681194,-120.22768819792049,-27.277341747231535
2,-1,F4,P0,2,0.46875,-67.236796856248461,-4.0145414261481429,-67.050827978895398,-118.72125998128902,-26.420480600930272
2,-1,F4,P0,2,0.47265625,-66.184105398480654,-3.1718550955079219,-65.770774897030336,-117.09649775630173,-25.470535579537355
2,-1,F4,P0,2,0.4765625,-64.811455907349981,-2.2620437168892105,-64.375864236287242,-115.35745407613463,-24.409344054484833
2,-1,F4,P0,2,0.48046875,-63.20652969712917,-1.2546929921840326,-62.869884045105628,-113.50850948702805,-23.1352474608269
2,-1,F4,P0,2,0.484375,-61.52570461812148,-0.13614546012275908,-61.257067906798618,-111.55435083986831,-21.772257941771283
2,-1,F4,P0,2,0.48828125,-59.932666174916037,1.1076311530162988,-59.542066791134502,-109.49994820007727,-20.324263190132591
2,-1,F4,P0,2,0.4921875,-58.532801039156944,2.5179678774330325,-57.729918387369381,-107.35053051766485,-18.795585248722027
2,-1,F4,P0,2,0.49609375,-57.335461257591611,4.1750429374270093,-55.826014200792734,-105.111560226932,-17.190946041931966
2,-1,F4,P0,2,0.5,-56.25715388599312,6.1761236017948002,-53.836064712108509,-102.7887069513816,-15.515429667726933
2,-1,F4,P0,2,0.50390625,-55.156900404809058,8.5830791218111262,-51.766062912771545,-100.38782049386478,-13.77444190015677
2,-1,F4,P0,2,0.5078125,-53.884753587290419,11.364865968240037,-49.622246539618764,-97.925415905870082,-11.973667382862864
2,-1,F4,P0,2,0.51171875,-52.325891179545913,14.373110135491203,-47.411059338710579,-95.406024780949608,-10.119025016795451
2,-1,F4,P0,2,0.515625,-50.428058451234556,17.375671094382994,-45.139111691213706,-92.828639727827849,-8.2166220602255713
2,-1,F4,P0,2,0.51953125,-48.205495339922116,20.13687347627512,-42.813140933446441,-90.19943024246902,-6.2727074659984341
2,-1,F4,P0,2,0.5234375,-45.720419172222115,22.502467548792147,-40.43997169895124,-87.524601109098057,-4.29362497987292
2,-1,F4,P0,2,0.52734375,-43.053648977139858,24.447943640479899,-38.026476602786644,-84.810365956374383,-2.2857665149103017
2,-1,F4,P0,2,0.53125,-40.280419721030256,26.074936430314754,-35.579537577307043,-82.062921349492484,-0.25552630054435932
2,-1,F4,P0,2,0.53515625,-37.458972642269728,27.566765004573693,-33.106008154738802,-79.288421568941345,1.7907437183505359
2,-1,F4,P0,2,0.5390625,-34.626356373202633,29.126182925775645,-30.612676975104687,-76.303255490724709,3.846776786794023
2,-1,F4,P0,2,0.54296875,-31.793972315893051,30.918738605008176,-28.106232778774501,-73.093061139913431,5.9064321392661245
2,-1,F4,P0,2,0.546875,-28.945911540852425,33.037591531041386,-25.593231121428254,-69.863329508606881,8.1870989593342323
2,-1,F4,P0,2,0.55078125,-26.048685409208819,35.492380430924968,-23.080063025832366,-66.621589501342839,10.621186713664319
2,-1,F4,P0,2,0.5546875,-23.07140763480545,38.215213772562578,-20.57292575988707,-63.375200264281851,13.037512873662422
2,-1,F4,P0,2,0.55859375,-20.004313511971418,41.079987642381198,-18.07779590425314,-60.131322438153617,15.428435112247486
2,-1,F4,P0,2,0.5625,-16.866111300782915,43.939458959975305,-15.600404845861251,-56.896891451884059,17.786769364971455
2,-1,F4,P0,2,0.56640625,-13.700613262219616,46.680419705800958,-13.14621680610011,-53.678592973549179,20.105825623879518
2,-1,F4,P0,2,0.5703125,-10.566025403081396,49.278416023625553,-10.720409484816873,-50.482840614319073,22.379437142300635
2,-1,F4,P0,2,0.57421875,-7.5181546024550245,51.819597275815276,-8.327857373781546,-47.315755959910369,24.60198303302554
2,-1,F4,P0,2,0.578125,-4.5920750206887115,54.468179948864574,-5.9731177662876442,-44.183150982975469,26.768404334015088
2,-1,F4,P0,2,0.58203125,-1.7925996817438956,57.389328340175631,-3.6604194633852205,-41.09051286903604,28.87421370154016
2,-1,F4,P0,2,0.5859375,0.89932603722649251,60.665242384194919,-1.393654152150402,-38.088144435210118,30.915498969285995
2,-1,F4,P0,2,0.58984375,3.508782927785691,64.247640369358891,0.82362959236067645,-35.566054686733558,32.890428834329917
2,-1,F4,P0,2,0.59375,6.0493618570426344,67.970853873101092,2.9882297520202576,-33.335081511772756,34.811581591542499
2,-1,F4,P0,2,0.59765625,8.5149511778547975,71.617312156360668,5.0972918483857139,-31.428273015538057,36.737337067796908
2,-1,F4,P0,2,0.6015625,10.883093303619823,74.998592022345733,7.1483075728126098,-29.564596001591557,38.688959778811522
2,-1,F4,P0,2,0.60546875,13.127090683115776,78.009555717268057,9.1391111899067692,-27.745529820287462,40.495085422681704
2,-1,F4,P0,2,0.609375,15.230109769789408,80.636176719167295,11.06787385463066,-25.972368440624891,42.183602259032156
2,-1,F4,P0,2,0.61328125,17.192899010448997,82.928999865981666,12.933095995505074,-24.24622386903161,43.745298128428807
2,-1,F4,P0,2,0.6171875,19.031196225023162,84.965892024096931,14.733597926237213,-22.568030258293017,45.242798928785852
2,-1,F4,P0,2,0.62109375,20.767204058476512,86.818693084257774,16.468508855758834,-20.938548651922577,46.676099438243696
2,-1,F4,P0,2,0.625,22.423179860405117,88.531171062861191,18.137254472104484,-19.404973952332103,48.045487317168465
2,-1,F4,P0,2,0.62890625,24.020161364756664,90.117582915641776,19.739543278856001,-17.943238301960683,49.351519706650571
2,-1,F4,P0,2,0.6328125,25.577297617379699,91.584607953659258,21.275351864108451,-16.527664138539464,50.59499933131918
2,-1,F4,P0,2,0.63671875,27.106704701640041,92.95949791028805,22.744909281177364,-15.158337764193787,51.776950401361979
2,-1,F4,P0,2,0.640625,28.605631166180775,94.297223150776361,24.148680717694514,-13.83522742797285,52.898594586665041
2,-1,F4,P0,2,0.64453125,30.051889483293149,95.655362699605334,25.487350625467364,-12.558189251899719,53.961327311835994
2,-1,F4,P0,2,0.6484375,31.404867462086791,97.05280165923935,26.761805477662946,-11.326973322392849,54.966694595138662
2,-1,F4,P0,2,0.65234375,32.61138565316039,98.443014336003046,27.973116312683917,-10.141229908748157,55.916370627621255
2,-1,F4,P0,2,0.65625,33.618833218738217,99.725707497312698,29.122521215706527,-9.0005157715798099,56.812136261503206
2,-1,F4,P0,2,0.66015625,34.397341634068802,100.79606707701876,30.211407879424346,-7.9043005255098819,57.655858549699595
2,-1,F4,P0,2,0.6640625,34.961003889229403,101.60112223874047,31.241296375266863,-6.8519730219503581,58.449471451659349
2,-1,F4,P0,2,0.66796875,35.369546310477119,102.16037479895697,32.213822255417199,-5.8428477195178088,59.19495779487665
2,-1,F4,P0,2,0.671875,35.702755594752894,102.53204335543683,33.130720094512149,-4.8761710114392676,59.894332556849619
2,-1,F4,P0,2,0.67578125,36.021850540154809,102.75426272114882,33.993807568141079,-3.9511274812289612,60.549627509196782
2,-1,F4,P0,2,0.6796875,36.342821530261361,102.81771172927915,34.804970153326757,-3.0668460599188143,61.174038315597471
2,-1,F4,P0,2,0.68359375,36.638510819731721,102.69981424492252,35.566146524226362,-2.2224060601923536,61.75905877160281
2,-1,F4,P0,2,0.6875,36.867144526972098,102.43041680119373,36.279314704471723,-1.4168430648823167,62.30625499856739
2,-1,F4,P0,2,0.69140625,37.007379822166627,102.1224617400446,36.946479026006415,-0.64915464942957302,62.817512671823273
2,-1,F4,P0,2,0.6953125,37.075221072043703,101.92585231395394,37.569657933086788,0.081694079952917442,63.2946851294612
2,-1,F4,P0,2,0.69921875,37.112111187860151,101.92666813551452,38.150872659397947,0.77676514852872303,63.739586067308366
2,-1,F4,P0,2,0.703125,37.156844412346075,102.06163464589953,38.692136796080774,1.4371425897004664,64.310986395921432
2,-1,F4,P0,2,0.70703125,37.22624228173143,102.11283610551672,39.19544675894624,2.063927548008428,64.894961604350129
2,-1,F4,P0,2,0.7109375,37.319622458471812,101.79681598584082,39.662773154327986,2.6582336183579578,65.443569011542493
2,-1,F4,P0,2,0.71484375,37.440696928503655,100.90271157983071,40.096053034938294,3.2211824294007849,65.958282417456047
2,-1,F4,P0,2,0.71875,37.617231537574185,99.404692094241,40.497183029778945,3.7538994770999912,66.440573078104535
2,-1,F4,P0,2,0.72265625,37.901477038800131,97.489560407421621,40.868013325635957,4.2575102126946254,66.891903635286383
2,-1,F4,P0,2,0.7265625,38.347185253045033,95.486511685228123,41.210342471963152,4.7331363875560255,67.313722550053072
2,-1,F4,P0,2,0.73046875,38.973796892774949,93.734238311404411,41.525912976031641,5.1818926558003495,67.707459037819206
2,-1,F4,P0,2,0.734375,39.739334127213667,92.447248970846559,41.816407651075231,5.6048834339964184,68.074518499336847
2,-1,F4,P0,2,0.73828125,40.543141707669676,91.639228562524508,42.083446676775182,6.0032000158890417,68.416278438417393
2,-1,F4,P0,2,0.7421875,41.262012164834125,91.132275417978917,42.328585328770117,6.3779179387487552,68.734084854287886
2,-1,F4,P0,2,0.74609375,41.798147838816774,90.642903022354957,42.553312331912451,6.7300945967613837,69.032429788723107
2,-1,F4,P0,2,0.75,42.109053472006188,89.905889774181247,42.759048790678541,7.0607670957862858,69.309908284550275
2,-1,F4,P0,2,0.75390625,42.207714308676586,88.784793664892049,42.947147649430086,7.3709503428403176,69.566925085709528
2,-1,F4,P0,2,0.7578125,42.145079653209059,87.323987278928797,43.118893635068233,7.6616353628048754,69.804696430159012
2,-1,F4,P0,2,0.76171875,41.991062851371147,85.719797947976787,43.275503634968402,7.9435175988223907,70.024394462199467
2,-1,F4,P0,2,0.765625,41.818736458646136,84.224118598588959,43.418127463878307,8.2325669571242042,70.227146082503012
2,-1,F4,P0,2,0.76953125,41.690014335599656,83.028246385699447,43.547848974651025,8.5024997877911037,70.414032140564601
2,-1,F4,P0,2,0.7734375,41.645508785520271,82.185133362992701,43.665687469215186,8.7543320322683211,70.586086944658604
2,-1,F4,P0,2,0.77734375,41.703397528736346,81.60509550848721,43.772599368003327,8.9890465734419394,70.744298064184846
2,-1,F4,P0,2,0.78125,41.864785143695478,81.118386339470163,43.869480098115289,9.2075925213976308,70.889606399327121
2,-1,F4,P0,2,0.78515625,42.116932589864263,80.564651654616441,43.957166162740151,9.4108846954811263,71.02290649320139
2,-1,F4,P0,2,0.7890625,42.431428145743318,79.862666571785525,44.036437356748038,9.5998032898782313,71.145047062117101
2,-1,F4,P0,2,0.79296875,42.763589516479904,79.032930679309388,44.108019095853756,9.7751937098688924,71.256831720191983
2,-1,F4,P0,2,0.796875,43.058365802378695,78.173306024666545,44.172584829303986,9.9365183859922368,71.359019875326354
2,1,Fz,P0,2,-0.19921875,1.8921571902451537,2.9091507977590854,,,
2,1,Fz,P0,2,-0.1953125,1.843455680834774,2.9715801006337395,,,
2,1,Fz,P0,2,-0.19140625,1.8252455674900228,2.741685906561107,,,
2,1,Fz,P0,2,-0.1875,1.8435546003239087,2.3442638445914326,,,
2,1,Fz,P0,2,-0.18359375,1.879726123584927,1.919158620436346,,,
2,1,Fz,P0,2,-0.1796875,1.8937013287198619,1.5433612974895614,,,
2,1,Fz,P0,2,-0.17578125,1.8487998144967881,1.2139056321819035,,,
2,1,Fz,P0,2,-0.171875,1.7424370729622622,0.89518031803539266,,,
2,1,Fz,P0,2,-0.16796875,1.6181091810071426,0.57867459765264384,,,
2,1,Fz,P0,2,-0.1640625,1.5469514570921628,0.30238456090878812,,,
2,1,Fz,P0,2,-0.16015625,1.5893373953592387,0.11899797540786793,,,
2,1,Fz,P0,2,-0.15625,1.7595556317095566,0.045387459103546322,,,
2,1,Fz,P0,2,-0.15234375,2.0131554623935335,0.04040202547010268,,,
2,1,Fz,P0,2,-0.1484375,2.2633642718423705,0.032715452324859902,,,
2,1,Fz,P0,2,-0.14453125,2.4184877491969425,-0.025526359887736216,,,
2,1,Fz,P0,2,-0.140625,2.4217631403586113,-0.12516727445583031,,,
2,1,Fz,P0,2,-0.13671875,2.273335241116146,-0.20642525097653541,,,
2,1,Fz,P0,2,-0.1328125,2.0236165975126763,-0.18617086155644438,,,
2,1,Fz,P0,2,-0.12890625,1.7436440680150673,0.016298245971237524,,,
2,1,Fz,P0,2,-0.125,1.490161607385841,0.45366757943552327,,,
2,1,Fz,P0,2,-0.12109375,1.2832541789608327,1.120274589608401,,,
2,1,Fz,P0,2,-0.1171875,1.1047229961076885,1.9355983631158975,,,
2,1,Fz,P0,2,-0.11328125,0.91408678887218542,2.7670003067963327,,,
2,1,Fz,P0,2,-0.109375,0.67153375980247842,3.4847986498041683,,,
2,1,Fz,P0,2,-0.10546875,0.35575940777530463,4.0078030764047581,,,
2,1,Fz,P0,2,-0.1015625,-0.029427718901665019,4.3059532447683724,,,
2,1,Fz,P0,2,-0.09765625,-0.45744167966642119,4.3705358352146089,,,
2,1,Fz,P0,2,-0.09375,-0.88596089524268651,4.1899759269452188,,,
2,1,Fz,P0,2,-0.08984375,-1.2691811543380347,3.7550439313440864,,,
2,1,Fz,P0,2,-0.0859375,-1.5771324997294971,3.0878785039955683,,,
2,1,Fz,P0,2,-0.08203125,-1.8162230690022567,2.2727238593158061,,,
2,1,Fz,P0,2,-0.078125,-2.0363773709649529,1.4618877001043311,,,
2,1,Fz,P0,2,-0.07421875,-2.3127512594706396,0.83796056250632034,,,
2,1,Fz,P0,2,-0.0703125,-2.7055536104140527,0.54096221132998557,,,
2,1,Fz,P0,2,-0.06640625,-3.2180046676320067,0.59889053907715784,,,
2,1,Fz,P0,2,-0.0625,-3.7770758599437317,0.89908358365249319,,,
2,1,Fz,P0,2,-0.05859375,-4.250777473445762,1.2106519629383359,,,
2,1,Fz,P0,2,-0.0546875,-4.4952160753857466,1.2501387784277005,,,
2,1,Fz,P0,2,-0.05078125,-4.4072303612018349,0.77878748119670149,,,
2,1,Fz,P0,2,-0.046875,-3.9571212899858397,-0.29574719493836404,,,
2,1,Fz,P0,2,-0.04296875,-3.1916133879790372,-1.8642662658301759,,,
2,1,Fz,P0,2,-0.0390625,-2.2154541991047969,-3.648227671881997,,,
2,1,Fz,P0,2,-0.03515625,-1.1665136404843686,-5.3036628093483733,,,
2,1,Fz,P0,2,-0.03125,-0.19353853296296777,-6.5333118343026859,,,
2,1,Fz,P0,2,-0.02734375,0.5628596322971231,-7.1581532377830799,,,
2,1,Fz,P0,2,-0.0234375,0.99037921729402167,-7.1506093046066512,,,
2,1,Fz,P0,2,-0.01953125,1.0299799769652564,-6.6470426476679645,,,
2,1,Fz,P0,2,-0.015625,0.7012808887653621,-5.9263812706823993,,,
2,1,Fz,P0,2,-0.01171875,0.11286487179773909,-5.3297599544963576,,,
2,1,Fz,P0,2,-0.0078125,-0.56026395837639575,-5.1374502640268309,,,
2,1,Fz,P0,2,-0.00390625,-1.1344221960523015,-5.4648613180680181,,,
2,1,Fz,P0,2,0,-1.4882247149628252,-6.2329531074826638,5.4746400530045829,3.7347572648726541,7.3503013457307373
2,1,Fz,P0,2,0.00390625,-1.6116774040746715,-7.2214989782982837,4.6113304028399735,2.9313705661777378,6.485162337405372
2,1,Fz,P0,2,0.0078125,-1.6075722386607953,-8.1732590213774952,3.7491735702767728,2.0979830902524044,5.6216235664862149
2,1,Fz,P0,2,0.01171875,-1.6437085488385308,-8.9015607927730702,2.8888550457022775,1.2032466389516547,4.7603795267108273
2,1,Fz,P0,2,0.015625,-1.8776661911114938,-9.3548453169047914,2.0310709634407771,0.31568552862105842,3.9021348368027677
2,1,Fz,P0,2,0.01953125,-2.3877559973945903,-9.610316395479316,1.1765272198234273,-0.56849253427664848,3.0476033370886162
2,1,Fz,P0,2,0.0234375,-3.1418746430536966,-9.8069794972664805,0.32593855474219396,-1.4496361688998938,2.2088403140219355
2,1,Fz,P0,2,0.02734375,-4.0195287161271374,-10.062810033859851,-0.51997240220714314,-2.3566417402744166,1.3985636523949085
2,1,Fz,P0,2,0.03125,-4.8748092638000324,-10.422786781752182,-1.3604761198434847,-3.2636424566645093,0.57639407356303662
2,1,Fz,P0,2,0.03515625,-5.6041452308505049,-10.857664019085769,-2.194837186603007,-4.1635343967182621,-0.23892102053494702
2,1,Fz,P0,2,0.0390625,-6.1810499598276172,-11.303831275115124,-3.0223153636358187,-5.0553337948268595,-1.0466489087866451
2,1,Fz,P0,2,0.04296875,-6.6446471720392184,-11.715895657446866,-3.8421666686161982,-5.9438392220281928,-1.8460545460440321
2,1,Fz,P0,2,0.046875,-7.0598303652315746,-12.096364061419459,-4.6536444891158046,-6.8223712750151284,-2.6352327938471807
2,1,Fz,P0,2,0.05078125,-7.4792004532227656,-12.47919351218799,-5.4560007244451008,-7.6901112981341777,-3.4107501406917455
2,1,Fz,P0,2,0.0546875,-7.9255569742794991,-12.880727398200577,-6.2484869549517734,-8.548420752637826,-4.1325268565420625
2,1,Fz,P0,2,0.05859375,-8.3950880893093256,-13.266023308242302,-7.0303556378779755,-9.3994618284268245,-4.8133693104234885
2,1,Fz,P0,2,0.0625,-8.8710023319713756,-13.569316462948901,-7.8008613290259365,-10.237680245703251,-5.551807024905715
2,1,Fz,P0,2,0.06640625,-9.336883674944767,-13.75485612420422,-8.5592619296641139,-11.062268319800785,-6.241479892739596
2,1,Fz,P0,2,0.0703125,-9.7834204271209391,-13.862806273001718,-9.3048199583283644,-11.87242464817197,-6.9144541753297135
2,1,Fz,P0,2,0.07421875,-10.207843954448826,-13.997511045520982,-10.036803847435953,-12.667355624876128,-7.5856353669618741
2,1,Fz,P0,2,0.078125,-10.610155357497133,-14.263798182308154,-10.754489264937641,-13.446276992112468,-8.2579673600988084
2,1,Fz,P0,2,0.08203125,-10.991305853037431,-14.694231128514996,-11.457160461585881,-14.208415430228193,-8.9161483492594567
2,1,Fz,P0,2,0.0859375,-11.355207733939984,-15.215623299898548,-12.144111644797462,-14.953010188031751,-9.5595192284046835
2,1,Fz,P0,2,0.08984375,-11.71196151676002,-15.68092634874621,-12.814648380536569,-15.679314755666772,-10.187432076182466
2,1,Fz,P0,2,0.09375,-12.077724127656637,-15.950015375782902,-13.468089025139895,-16.436937478911798,-10.77751723453523
2,1,Fz,P0,2,0.09765625,-12.46780662667673,-15.963805457824529,-14.103766189547386,-17.196213485471105,-11.318950691186746
2,1,Fz,P0,2,0.1015625,-12.883458571378153,-15.761102351812264,-14.721028238987705,-17.947943564110815,-11.827079320224897
2,1,Fz,P0,2,0.10546875,-13.299583277649363,-15.438623625698702,-15.319240831793277,-18.677738804535554,-12.319071467591854
2,1,Fz,P0,2,0.109375,-13.665910405330262,-15.096119757675584,-15.897788501678901,-19.384858184547667,-12.795181793818205
2,1,Fz,P0,2,0.11328125,-13.928872187461135,-14.800854372602577,-16.456076288503088,-20.068584133209374,-13.254924451704893
2,1,Fz,P0,2,0.1171875,-14.065323510952934,-14.57621149304555,-16.993531423232199,-20.745770360334621,-13.69783188175728
2,1,Fz,P0,2,0.12109375,-14.106756398114419,-14.408518700843777,-17.509605073530519,-21.408095425371972,-14.123456289613566
2,1,Fz,P0,2,0.125,-14.136672393419785,-14.269783023556709,-18.003774157089435,-22.045212574650858,-14.531371182613404
2,1,Fz,P0,2,0.12890625,-14.260463216204704,-14.147159414748188,-18.475543230466748,-22.656453262521143,-14.920318209415383
2,1,Fz,P0,2,0.1328125,-14.562756996322822,-14.055739501703849,-18.924446461809993,-23.241177543965833,-15.264324578216565
2,1,Fz,P0,2,0.13671875,-15.072681881592102,-14.017186044948245,-19.350049696360632,-23.798776030109753,-15.587449880964785
2,1,Fz,P0,2,0.140625,-15.752534156325803,-14.020786151973779,-19.751952624048297,-24.328671923857964,-15.886689089241782
2,1,Fz,P0,2,0.14453125,-16.513579972639437,-14.009786525798422,-20.129791058754456,-24.830323148134788,-16.164244234912481
2,1,Fz,P0,2,0.1484375,-17.249275644196572,-13.914868194922933,-20.483239338914608,-25.303224580489999,-16.434756688278114
2,1,Fz,P0,2,0.15234375,-17.868652808056687,-13.706014038239713,-20.812012858998816,-25.746910409074491,-16.703688623669134
2,1,Fz,P0,2,0.15625,-18.316796339246636,-13.413943273885561,-21.115870741018554,-26.16095662612074,-16.965498765305853
2,1,Fz,P0,2,0.16015625,-18.58083500748597,-13.105194220584679,-21.394618654507028,-26.544983676039969,-17.206897370428091
2,1,Fz,P0,2,0.1640625,-18.686806971249023,-12.839057630043476,-21.648111792365359,-26.848076860900228,-17.427723263031975
2,1,Fz,P0,2,0.16796875,-18.690443871954923,-12.64465220920869,-21.876258008506561,-27.116747540414551,-17.627855045305306
2,1,Fz,P0,2,0.171875,-18.661358252907736,-12.533847326020762,-22.079021121318259,-27.355041255203162,-17.807213679673168
2,1,Fz,P0,2,0.17578125,-18.663407043279797,-12.536824962045939,-22.25642438455338,-27.562930652154641,-17.965765227942697
2,1,Fz,P0,2,0.1796875,-18.739877025128038,-12.727346584641285,-22.408554124303567,-27.743182499865938,-18.103523752639411
2,1,Fz,P0,2,0.18359375,-18.910597695395314,-13.204471815369272,-22.535563537172266,-27.895211871720864,-18.220554383417063
2,1,Fz,P0,2,0.1875,-19.179065443718912,-14.028526009254014,-22.637676640608746,-28.017115321351881,-18.31635247729967
2,1,Fz,P0,2,0.19140625,-19.541275109927849,-15.155481372742212,-22.715192361567702,-28.10916385112019,-18.369771804834969
2,1,Fz,P0,2,0.1953125,-19.98943615634197,-16.426202533126535,-22.76848874420531,-28.188057078089411,-18.392020270326565
2,1,Fz,P0,2,0.19921875,-20.508532829562153,-17.624393994556055,-22.798027251210534,-28.286460814800353,-18.394286459867363
2,1,Fz,P0,2,0.203125,-21.068328500201677,-18.565038907210859,-22.804357126614214,-28.357613127477183,-18.376970559136378
2,1,Fz,P0,2,0.20703125,-21.618505990435107,-19.165081842878305,-22.788119780548683,-28.402121386221626,-18.340547147426729
2,1,Fz,P0,2,0.2109375,-22.09587839877473,-19.471530947618387,-22.7500531484989,-28.420694537520266,-18.285569753133039
2,1,Fz,P0,2,0.21484375,-22.444161182448607,-19.640523141169783,-22.690995969165652,-28.414147320096571,-18.212675536195292
2,1,Fz,P0,2,0.21875,-22.634651582972975,-19.868963195599857,-22.611891916249174,-28.383404342366301,-18.122590054740119
2,1,Fz,P0,2,0.22265625,-22.673833579808488,-20.297571035866149,-22.513793510381085,-28.333701735277614,-18.016132062584951
2,1,Fz,P0,2,0.2265625,-22.594318782732344,-20.925640119806754,-22.397865728232105,-28.212577815419309,-17.894218272800806
2,1,Fz,P0,2,0.23046875,-22.437737630710348,-21.579014412132942,-22.265389216679676,-28.062767026450754,-17.757868010279712
2,1,Fz,P0,2,0.234375,-22.241553358059043,-21.952732552264571,-22.11776301103648,-27.893450688050645,-17.603999495247898
2,1,Fz,P0,2,0.23828125,-22.036031226598901,-21.725918201555373,-21.956506647947126,-27.706353169469086,-17.428086767371333
2,1,Fz,P0,2,0.2421875,-21.849660130318831,-20.717707842374534,-21.783261555909238,-27.503352851491535,-17.220230898148497
2,1,Fz,P0,2,0.24609375,-21.716436486096899,-19.015343460937284,-21.599791599741824,-27.286484570448575,-17.003308808963716
2,1,Fz,P0,2,0.25,-21.677139940938751,-16.992053670075105,-21.407982650000683,-27.057940954279996,-16.779071205982405
2,1,Fz,P0,2,0.25390625,-21.769155484000478,-15.182645420529195,-21.209841044632526,-26.820072463833586,-16.549391095646346
2,1,Fz,P0,2,0.2578125,-22.006567920250255,-14.075281280369367,-21.007490808379213,-26.575385945790881,-16.318067545686723
2,1,Fz,P0,2,0.26171875,-22.361260943053107,-13.929589776429452,-20.803169495902512,-26.326541499655246,-16.118675914776986
2,1,Fz,P0,2,0.265625,-22.759158236431606,-14.700706550387466,-20.59922252760315,-26.048462662663876,-15.92288945510569
2,1,Fz,P0,2,0.26953125,-23.099173587861642,-16.078157096023705,-20.398095892941615,-25.746128027338592,-15.732946871745053
2,1,Fz,P0,2,0.2734375,-23.289254736063583,-17.602381315540747,-20.202327104995575,-25.441565436097875,-15.551140247585561
2,1,Fz,P0,2,0.27734375,-23.282103114462601,-18.810514617461639,-20.014534302231517,-25.137807455083028,-15.379803655379291
2,1,Fz,P0,2,0.28125,-23.091138532909657,-19.3635164232394,-19.837403409207383,-24.839563137024211,-15.203472179082649
2,1,Fz,P0,2,0.28515625,-22.778954554292014,-19.119782261151364,-19.673673287275616,-24.644768586630949,-15.027245413403705
2,1,Fz,P0,2,0.2890625,-22.428484210211206,-18.153000253746253,-19.526118829377396,-24.583469605283756,-14.867842299926531
2,1,Fz,P0,2,0.29296875,-22.115793582815517,-16.733957002919883,-19.397531979681968,-24.543515974511479,-14.727852290815862
2,1,Fz,P0,2,0.296875,-21.895564543784015,-15.27861267943948,-19.290700689019875,-24.525928047609657,-14.609858032483636
2,1,Fz,P0,2,0.30078125,-21.796106612837843,-14.241719522362018,-19.208385850579752,-24.532920798120319,-14.5164149470992
2,1,Fz,P0,2,0.3046875,-21.815914139154273,-13.96128961210934,-19.153296296880949,-24.588136412702777,-14.450029098406185
2,1,Fz,P0,2,0.30859375,-21.921668228533775,-14.519365681854939,-19.128061978190377,-24.677316242186766,-14.41313343609117
2,1,Fz,P0,2,0.3125,-22.056040458475621,-15.702839281314168,-19.135205483808306,-24.769973810926061,-14.406362869237496
2,1,Fz,P0,2,0.31640625,-22.159907367493993,-17.090546040769109,-19.177112110389647,-24.899412992875764,-14.43184892972981
2,1,Fz,P0,2,0.3203125,-22.199971947116623,-18.214837382915025,-19.255998724976624,-25.07320994551554,-14.493844961123461
2,1,Fz,P0,2,0.32421875,-22.184320660083962,-18.718455690242354,-19.373881713891162,-25.293450996990245,-14.575978412208363
2,1,Fz,P0,2,0.328125,-22.154778994608254,-18.453867579686882,-19.53254435118069,-25.561913591963311,-14.667771823518329
2,1,Fz,P0,2,0.33203125,-22.160428685979394,-17.506216631282818,-19.733503960975138,-25.880027017523023,-14.801897430431243
2,1,Fz,P0,2,0.3359375,-22.22900746123976,-16.141181629987106,-19.977979285890477,-26.248833830843932,-14.978172824222234
2,1,Fz,P0,2,0.33984375,-22.354476732994186,-14.699208412027639,-20.266858507469813,-26.667755434821412,-15.197318762316256
2,1,Fz,P0,2,0.34375,-22.508890099388175,-13.4793548823913,-20.600668393547302,-27.089720946453497,-15.462669711476277
2,1,Fz,P0,2,0.34765625,-22.67010574086013,-12.657474259930106,-20.979545070326374,-27.550244613204907,-15.775012922211188
2,1,Fz,P0,2,0.3515625,-22.845152709649856,-12.260561562512175,-21.403206932908187,-28.048320545248053,-16.134738468268864
2,1,Fz,P0,2,0.35546875,-23.072262500042626,-12.195848356679679,-21.870930216081952,-28.582525228086372,-16.541806682444268
2,1,Fz,P0,2,0.359375,-23.400607924481278,-12.320513270420305,-22.381527746592962,-29.151005901101158,-16.995718194411364
2,1,Fz,P0,2,0.36328125,-23.861991209872322,-12.523490819908092,-22.933331388166859,-29.751472656064312,-17.487411020290743
2,1,Fz,P0,2,0.3671875,-24.451990990139461,-12.779324224027169,-23.524178670770329,-30.438832724140443,-17.977711152969707
2,1,Fz,P0,2,0.37109375,-25.130503891878206,-13.148311336876805,-24.151404065597347,-31.193673676797779,-18.502254215047437
2,1,Fz,P0,2,0.375,-25.840666229142677,-13.732206067134403,-24.811835326953471,-31.975688488348428,-19.060778656276366
2,1,Fz,P0,2,0.37890625,-26.535587290311209,-14.615158295239521,-25.501795271657777,-32.682393741062661,-19.73107266152882
2,1,Fz,P0,2,0.3828125,-27.197261176943172,-15.813489663164635,-26.217109306117287,-33.316003205715383,-20.428237510568394
2,1,Fz,P0,2,0.38671875,-27.836077992276945,-17.249819754549051,-26.953118941416644,-33.961393957018792,-21.147670058641676
2,1,Fz,P0,2,0.390625,-28.472562863060094,-18.767355847616347,-27.704701458416121,-34.610832213190371,-21.884273001805461
2,1,Fz,P0,2,0.39453125,-29.115359538588333,-20.186863823517793,-28.466295799012681,-35.288794975559533,-22.632481551074871
2,1,Fz,P0,2,0.3984375,-29.750297236374525,-21.377002539817344,-29.231934667667367,-36.005138319402711,-23.37659045253789
2,1,Fz,P0,2,0.40234375,-30.345591735068101,-22.293893409482404,-29.995282730526785,-36.712746335818125,-24.119032466677691
2,1,Fz,P0,2,0.40625,-30.867655380969349,-22.972804435688033,-30.749680699637807,-37.400720425476202,-24.789302627643032
2,1,Fz,P0,2,0.41015625,-31.297484734691203,-23.493927831057729,-31.488194988702872,-38.062510105044126,-25.393315858414223
2,1,Fz,P0,2,0.4140625,-31.639201962531676,-23.949300776960417,-32.203672526493499,-38.691441471081852,-25.980810332620123
2,1,Fz,P0,2,0.41796875,-31.917184227271395,-24.413361408154618,-32.888800216457071,-39.280772190397045,-26.54632501409878
2,1,Fz,P0,2,0.421875,-32.163303344853723,-24.911165114598379,-33.536168438271766,-39.877852876997508,-27.084314990276539
2,1,Fz,P0,2,0.42578125,-32.399089913521451,-25.398702104352139,-34.138337901165357,-40.531584679360783,-27.589196036047792
2,1,Fz,P0,2,0.4296875,-32.619513805428973,-25.779644306034442,-34.687909081688574,-41.113632691826361,-28.056756638949675
2,1,Fz,P0,2,0.43359375,-32.786699795644722,-25.956193383474119,-35.17759341217819,-41.615339790031058,-28.53660255695446
2,1,Fz,P0,2,0.4375,-32.841129841024056,-25.877962780553339,-35.600285332046838,-42.030357740705952,-28.964804939472899
2,1,Fz,P0,2,0.44140625,-32.730603997611723,-25.553311350382415,-35.949134273774114,-42.352640212524911,-29.330030470003759
2,1,Fz,P0,2,0.4453125,-32.444860975319855,-25.020020769443498,-36.217615630265286,-42.5693843380188,-29.632499322162502
2,1,Fz,P0,2,0.44921875,-32.035772092900139,-24.302085878967887,-36.399599741020666,-42.673719215654451,-29.86659860879691
2,1,Fz,P0,2,0.453125,-31.608567039853046,-23.385459751885801,-36.489417941921609,-42.659479814806431,-30.027060241776383
2,1,Fz,P0,2,0.45703125,-31.286539448215649,-22.231265579270595,-36.48192474764879,-42.521282128086341,-30.109019228726673
2,1,Fz,P0,2,0.4609375,-31.166491690764275,-20.819839702263376,-36.372555276701171,-42.290641126658649,-30.108068490739814
2,1,Fz,P0,2,0.46484375,-31.283832376134882,-19.193729329343764,-36.157377086206523,-42.013592524420943,-30.020309388075678
2,1,Fz,P0,2,0.46875,-31.598420358277174,-17.460919854832298,-35.833135656379142,-41.736904473299212,-29.807219994075894
2,1,Fz,P0,2,0.47265625,-32.004904915651693,-15.745877938500261,-35.397292851399406,-41.374811927729517,-29.491591209664186
2,1,Fz,P0,2,0.4765625,-32.365781053509934,-14.120169250167958,-34.84805778315777,-40.952812932105921,-29.031675944957485
2,1,Fz,P0,2,0.48046875,-32.557269965478248,-12.56433334850338,-34.184409614917918,-40.410584859606168,-28.415213178795668
2,1,Fz,P0,2,0.484375,-32.50969926585001,-10.987343405541541,-33.40611196144966,-39.430006623395073,-27.669719900864738
2,1,Fz,P0,2,0.48828125,-32.224065978753146,-9.2867369402012798,-32.513718668296868,-38.486425526141062,-26.831397198135537
2,1,Fz,P0,2,0.4921875,-31.758282501418623,-7.4090687026180122,-31.508570883153119,-37.438248612806682,-26.094394408114312
2,1,Fz,P0,2,0.49609375,-31.192099032326034,-5.3747219981128591,-30.392785464296896,-36.259374697798123,-25.263939390019459
2,1,Fz,P0,2,0.5,-30.58805942165267,-3.2538950272855662,-29.169234902126114,-34.952887610159458,-24.188464176137352
2,1,Fz,P0,2,0.50390625,-29.964663498848186,-1.1131582675161711,-27.841519057488402,-33.52614673717293,-22.994094602155954
2,1,Fz,P0,2,0.5078125,-29.291061891292998,1.0236950719543485,-26.413929142267587,-31.983420799489231,-21.347042986655865
2,1,Fz,P0,2,0.51171875,-28.503093463861177,3.1665546170037904,-24.891404481240798,-30.290001744171033,-19.570919128512635
2,1,Fz,P0,2,0.515625,-27.531249288857861,5.3126832465817611,-23.279482697433931,-28.478310756983959,-17.568267196554348
2,1,Fz,P0,2,0.51953125,-26.327040397879294,7.4141664744700515,-21.584244054193167,-26.798599112003981,-15.432970067778028
2,1,Fz,P0,2,0.5234375,-24.877372812885298,9.3992816548536062,-19.812250764354292,-25.041539742916942,-13.238064606840746
2,1,Fz,P0,2,0.52734375,-23.203272678558438,11.231269787157045,-17.97048213894487,-23.11732917174993,-11.197138528247951
2,1,Fz,P0,2,0.53125,-21.344848018484289,12.945403125354433,-16.066266493858887,-21.117715721822947,-9.1187164531076839
2,1,Fz,P0,2,0.53515625,-19.33834406889018,14.624825141002058,-14.107210762315821,-19.055451349777158,-7.0122830285252977
2,1,Fz,P0,2,0.5390625,-17.195652465489289,16.335922993548923,-12.101128773445186,-17.184655312040476,-4.8872373191695067
2,1,Fz,P0,2,0.54296875,-14.899131035972372,18.082003340727077,-10.055969153170176,-15.355384989380251,-2.7449923617276508
2,1,Fz,P0,2,0.546875,-12.418522316517569,19.81568652219163,-7.979743783204948,-13.564038628085994,-0.59488096180251759
2,1,Fz,P0,2,0.55078125,-9.7422913459645795,21.496573983149801,-5.8804577182596383,-11.740523682915034,1.5471702088965054
2,1,Fz,P0,2,0.5546875,-6.9037692567254867,23.140340282863196,-3.7660414116031435,-9.9031679140013171,3.6729535000071065
2,1,Fz,P0,2,0.55859375,-3.9836333299375224,24.81438886479274,-1.6442860363683467,-8.0425181564462633,5.7747242688539808
2,1,Fz,P0,2,0.5625,-1.084125205565986,26.585428563850598,0.47721738397332514,-6.1643448079345919,7.8452531886963692
2,1,Fz,P0,2,0.56640625,1.7117133042004204,28.465649620644307,2.591134405879953,-4.2421884095253448,10.125134537996594
2,1,Fz,P0,2,0.5703125,4.3712436461158664,30.39419445766211,4.6904386174422399,-2.2697130976213606,12.377903404602515
2,1,Fz,P0,2,0.57421875,6.9135357175027821,32.247492325356404,6.7684576684101625,-0.38244426160461886,14.57757573148089
2,1,Fz,P0,2,0.578125,9.3804599855276827,33.854855999961522,8.8189135349895462,1.4608641225329002,16.718620833303522
2,1,Fz,P0,2,0.58203125,11.799294962890988,35.023373501547347,10.8359567767365,3.3711603316826859,18.821710707336543
2,1,Fz,P0,2,0.5859375,14.163679026501336,35.598448898160385,12.814194643108809,5.2585363535999026,20.880051747550681
2,1,Fz,P0,2,0.58984375,16.442816806971603,35.557768310605944,14.748712984947211,7.1178229007752005,22.868516045483862
2,1,Fz,P0,2,0.59375,18.605493691244398,35.084359452590661,16.63509201963284,8.944224929115757,24.796177420932533
2,1,Fz,P0,2,0.59765625,20.636526409716787,34.552169623985854,18.469416086355842,10.733341485405033,26.525681476875842
2,1,Fz,P0,2,0.6015625,22.534645688647871,34.403719910241236,20.248277608491481,12.469121035766264,28.199584979450936
2,1,Fz,P0,2,0.60546875,24.300038488000482,34.965615074012696,21.968775552396401,14.152746400202968,29.808358492767752
2,1,Fz,P0,2,0.609375,25.929386287446512,36.290294108194715,23.628508735127706,15.789103441944787,31.342994713085641
2,1,Fz,P0,2,0.61328125,27.427884534527649,38.11191765132952,25.225564387012824,17.375503382865684,32.897026189516318
2,1,Fz,P0,2,0.6171875,28.828585375431189,39.955372314057222,26.758502418263379,18.909671978520382,34.448399424538245
2,1,Fz,P0,2,0.62109375,30.197669017623902,41.352635757717621,28.226335871773731,20.281229280299051,35.92510467432551
2,1,Fz,P0,2,0.625,31.613056152052806,42.050154956026915,29.62850806694151,21.491759146511377,37.319605470115413
2,1,Fz,P0,2,0.62890625,33.126611408560926,42.094852419956041,30.96486695206983,22.649403180861469,38.632234371852377
2,1,Fz,P0,2,0.6328125,34.735938767900322,41.76872481617891,32.235637186122545,23.754030571620451,39.865108167015833
2,1,Fz,P0,2,0.63671875,36.385519707564093,41.435541759597918,33.441390464935075,24.805805428216839,41.020666344426836
2,1,Fz,P0,2,0.640625,37.994719943789207,41.397144660763381,34.58301459319901,25.805163467822119,42.101618392923228
2,1,Fz,P0,2,0.64453125,39.492729661947045,41.82173424647776,35.661681782518095,26.752787825474915,43.195202568156965
2,1,Fz,P0,2,0.6484375,40.841307690593467,42.746100996475334,36.678816628533539,27.649584351932102,44.282959511696674
2,1,Fz,P0,2,0.65234375,42.038703571137056,44.113713574208703,37.636064187552066,28.526335173668759,45.300580820122775
2,1,Fz,P0,2,0.65625,43.108179063791297,45.807563067519894,38.535258536319262,29.383760129369939,46.22485900338954
2,1,Fz,P0,2,0.66015625,44.078434949012646,47.662590457422361,39.37839215860258,30.1853360333273,47.011609499413034
2,1,Fz,P0,2,0.6640625,44.96529492139652,49.475670692217768,40.167586460100999,30.944883363819145,47.743336131003993
2,1,Fz,P0,2,0.66796875,45.763529449843134,51.042696180325301,40.905063669852083,31.734353759121589,48.425179511624883
2,1,Fz,P0,2,0.671875,46.450986704996772,52.226584354859725,41.593120342674396,32.477821786690988,49.068983736596252
2,1,Fz,P0,2,0.67578125,46.999209575520382,53.018398407060204,42.234102634095017,33.176755445913159,49.665855029460751
2,1,Fz,P0,2,0.6796875,47.384697376231387,53.541216941591351,42.830383477413633,33.82918492919584,50.179643244566989
2,1,Fz,P0,2,0.68359375,47.600517860256709,53.982561411085221,43.384341752692833,34.343821637618866,50.616601168677988
2,1,Fz,P0,2,0.6875,47.66787470737161,54.494096944903525,43.898343500082369,34.823349102508352,51.019590436195351
2,1,Fz,P0,2,0.69140625,47.640578674332453,55.117397255602889,44.37472519542434,35.269584572912407,51.391153660772389
2,1,Fz,P0,2,0.6953125,47.593959901416511,55.771487880130117,44.815779074880375,35.684334253603062,51.733701360178209
2,1,Fz,P0,2,0.69921875,47.599550826393852,56.303202352101799,45.223740467606234,36.069381581627184,52.049508340039807
2,1,Fz,P0,2,0.703125,47.698633579495279,56.575841922307291,45.600777071412956,36.426476918172298,52.340712052035528
2,1,Fz,P0,2,0.70703125,47.88961858643917,56.551286254504703,45.948980085944982,36.753703678930243,52.683249463757036
2,1,Fz,P0,2,0.7109375,48.135400162075641,56.317248696052729,46.270357101146338,37.095504778264292,53.022243057536102
2,1,Fz,P0,2,0.71484375,48.385396000995556,56.045537839870789,46.56682662557278,37.46690923949722,53.388308091875643
2,1,Fz,P0,2,0.71875,48.599809451685026,55.915507465961305,46.840214129280803,37.807933421699829,53.727696662854143
2,1,Fz,P0,2,0.72265625,48.762966002895809,56.048209458793018,47.092249469369726,38.124455959462331,54.042201237380574
2,1,Fz,P0,2,0.7265625,48.87916032863,56.46856866258647,47.324565562521272,38.417983669470232,54.336028724459048
2,1,Fz,P0,2,0.73046875,48.956441776656568,57.093313237052733,47.538698167789185,38.689945829014754,54.61513274583961
2,1,Fz,P0,2,0.734375,48.991795529449035,57.750750567985392,47.736086644140222,38.941721715814346,54.873500346675264
2,1,Fz,P0,2,0.73828125,48.966335810672277,58.240130923980182,47.918075550526346,39.17463715738041,55.11260545236108
2,1,Fz,P0,2,0.7421875,48.847892616025078,58.411994682877136,48.085916961261596,39.38996188857174,55.333837879225413
2,1,Fz,P0,2,0.74609375,48.595706725844245,58.228253015987981,48.240773375878575,39.58890765611438,55.526926505805235
2,1,Fz,P0,2,0.75,48.168714444403903,57.77349525280156,48.38372111015088,39.746080711491338,55.661284802702653
2,1,Fz,P0,2,0.75390625,47.541621583071674,57.218999538382185,48.515754063308137,39.862875657601123,55.786655271306671
2,1,Fz,P0,2,0.7578125,46.725607682201364,56.756327072066384,48.637787765378796,39.966094248207334,55.903774123383386
2,1,Fz,P0,2,0.76171875,45.781740672928123,56.522459452209695,48.750663617834704,40.061812622062817,56.027993459911855
2,1,Fz,P0,2,0.765625,44.81488674269395,56.547018669221011,48.855153250070252,40.150618373511428,56.15048511001563
2,1,Fz,P0,2,0.76953125,43.945596112632074,56.747031402921642,48.951962923540904,40.233053426846787,56.264350310761792
2,1,Fz,P0,2,0.7734375,43.271376187486389,56.963144031254082,49.041737924453557,40.309616959610338,56.370281878684516
2,1,Fz,P0,2,0.77734375,42.837118361085246,57.006216003713675,49.125066894614619,40.38076825469507,56.468913023158258
2,1,Fz,P0,2,0.78125,42.629862836293618,56.696679063478008,49.202486058292706,40.446929463697757,56.560821945815803
2,1,Fz,P0,2,0.78515625,42.597941689826314,55.905389182222585,49.274483310663705,40.508488267632629,56.646536238051823
2,1,Fz,P0,2,0.7890625,42.679449504439695,54.601744450839313,49.341502140515715,40.565800424388776,56.726537057493964
2,1,Fz,P0,2,0.79296875,42.820710881178506,52.889848020234062,49.403945366363821,40.619192195201208,56.801263070443639
2,1,Fz,P0,2,0.796875,42.975488563285843,51.004154458818455,49.462178670940631,40.668962644933821,56.871114152609927
2,1,F3,P0,2,-0.19921875,-1.1712184710031228,-0.88279266094154418,,,
2,1,F3,P0,2,-0.1953125,-0.96853964133045944,-0.28680885385241633,,,
2,1,F3,P0,2,-0.19140625,-0.75731340357589805,-0.19139302684022944,,,
2,1,F3,P0,2,-0.1875,-0.51276627692157006,-0.47318779755732532,,,
2,1,F3,P0,2,-0.18359375,-0.25092619188912851,-0.91392414049626158,,,
2,1,F3,P0,2,-0.1796875,-0.027927279145818506,-1.3419560058677631,,,
2,1,F3,P0,2,-0.17578125,0.099937838502193718,-1.6948595724813511,,,
2,1,F3,P0,2,-0.171875,0.12692999604174537,-1.9737701006119077,,,
2,1,F3,P0,2,-0.16796875,0.1164196396644275,-2.1586078874234476,,,
2,1,F3,P0,2,-0.1640625,0.16886631270617777,-2.1704098764732764,,,
2,1,F3,P0,2,-0.16015625,0.36182265523837537,-1.9095916039242999,,,
2,1,F3,P0,2,-0.15625,0.70354158561539204,-1.3315337125090778,,,
2,1,F3,P0,2,-0.15234375,1.1258338864895727,-0.49548892576263665,,,
2,1,F3,P0,2,-0.1484375,1.5132723197087057,0.44854546303972104,,,
2,1,F3,P0,2,-0.14453125,1.7499786008383291,1.3190766349854286,,,
2,1,F3,P0,2,-0.140625,1.7643296346095805,1.9688562345474401,,,
2,1,F3,P0,2,-0.13671875,1.5555161761250993,2.3340080429227297,,,
2,1,F3,P0,2,-0.1328125,1.1908152586061542,2.4601035172212455,,,
2,1,F3,P0,2,-0.12890625,0.77352550118689167,2.4894526057558082,,,
2,1,F3,P0,2,-0.125,0.39781909064630649,2.5934387740840434,,,
2,1,F3,P0,2,-0.12109375,0.11521030254497815,2.8744854913648088,,,
2,1,F3,P0,2,-0.1171875,-0.072348526142670844,3.3045891222246695,,,
2,1,F3,P0,2,-0.11328125,-0.19687238436469656,3.7508341242382222,,,
2,1,F3,P0,2,-0.109375,-0.30173415407650578,4.069665973111384,,,
2,1,F3,P0,2,-0.10546875,-0.4249214605501791,4.1958918814578992,,,
2,1,F3,P0,2,-0.1015625,-0.5908368450811341,4.1598160511231459,,,
2,1,F3,P0,2,-0.09765625,-0.80604173162630743,4.0285261994901607,,,
2,1,F3,P0,2,-0.09375,-1.0566070555608584,3.829047883399916,,,
2,1,F3,P0,2,-0.08984375,-1.3120315383955807,3.5203940454993372,,,
2,1,F3,P0,2,-0.0859375,-1.5411335225152825,3.0376816615744651,,,
2,1,F3,P0,2,-0.08203125,-1.7340774595521691,2.3730405300056572,,,
2,1,F3,P0,2,-0.078125,-1.9124225514810305,1.625424568948058,,,
2,1,F3,P0,2,-0.07421875,-2.11267248907187,0.97019491844029904,,,
2,1,F3,P0,2,-0.0703125,-2.3501232368504401,0.56222230689873454,,,
2,1,F3,P0,2,-0.06640625,-2.5891604813581437,0.44058827033275744,,,
2,1,F3,P0,2,-0.0625,-2.7442590100429118,0.49789401300868441,,,
2,1,F3,P0,2,-0.05859375,-2.7145262269929233,0.52603752033380913,,,
2,1,F3,P0,2,-0.0546875,-2.4311599801448529,0.30762742406043231,,,
2,1,F3,P0,2,-0.05078125,-1.8887017408158793,-0.2890696759560209,,,
2,1,F3,P0,2,-0.046875,-1.1431008425183522,-1.2502085467654847,,,
2,1,F3,P0,2,-0.04296875,-0.28283308162769694,-2.4189764140525667,,,
2,1,F3,P0,2,-0.0390625,0.6039909513143672,-3.5592769955791099,,,
2,1,F3,P0,2,-0.03515625,1.4450885856400446,-4.4423725578778646,,,
2,1,F3,P0,2,-0.03125,2.1774670345043052,-4.9101337541917882,,,
2,1,F3,P0,2,-0.02734375,2.7327597051079624,-4.9022556280922256,,,
2,1,F3,P0,2,-0.0234375,3.035097478610886,-4.4694431250686746,,,
2,1,F3,P0,2,-0.01953125,3.0233793567130447,-3.7822090418994319,,,
2,1,F3,P0,2,-0.015625,2.6904665534615209,-3.1057215622165169,,,
2,1,F3,P0,2,-0.01171875,2.113280134779151,-2.7133211148797849,,,
2,1,F3,P0,2,-0.0078125,1.4452883420978628,-2.7686848343019981,,,
2,1,F3,P0,2,-0.00390625,0.86361864188256765,-3.2514458424459525,,,
2,1,F3,P0,2,0,0.49359859150273849,-3.9771182159459748,8.8470235967800566,5.0481201298825358,17.847237392950593
2,1,F3,P0,2,0.00390625,0.35047217643689721,-4.6964810633951641,7.7466312566755366,4.1950287837857365,16.388952238903023
2,1,F3,P0,2,0.0078125,0.33071444744234585,-5.2162410496810692,6.6503206531497696,3.2906505699304875,14.939986716638053
2,1,F3,P0,2,0.01171875,0.26045237119689935,-5.4831044142078458,5.5594513355188555,2.2009231100326705,13.391312719034845
2,1,F3,P0,2,0.015625,-0.020610077053143095,-5.5962715341915672,4.4754030511916802,1.181852721578962,11.631355646198472
2,1,F3,P0,2,0.01953125,-0.58073874876540543,-5.7443196629999642,3.3995729866698245,0.26000458218647515,10.161747315946336
2,1,F3,P0,2,0.0234375,-1.3630670116166386,-6.0987333621743858,2.3333728995623759,-0.5211083279152221,9.0812912085813124
2,1,F3,P0,2,0.02734375,-2.2153835421215331,-6.7216586461044017,1.278226149287605,-1.5713090328730746,8.0563066833918029
2,1,F3,P0,2,0.03125,-2.9674217727852987,-7.5383049477164823,0.23556463470151826,-2.7860580161105788,6.920877015226389
2,1,F3,P0,2,0.03515625,-3.5134525583165592,-8.3864913190892327,-0.79317435256447144,-4.2831864068602856,5.7923232604568842
2,1,F3,P0,2,0.0390625,-3.8544877562887812,-9.1112421764884441,-1.8065513497629224,-5.4245584286079032,4.6874555028172722
2,1,F3,P0,2,0.04296875,-4.0807825596049829,-9.6465149360571925,-2.8031280099141549,-6.8644289598607235,3.6505891855220787
2,1,F3,P0,2,0.046875,-4.3139409052556728,-10.034016174744329,-3.7814704436991669,-8.4179484831061551,2.8470755451018923
2,1,F3,P0,2,0.05078125,-4.6479639849095458,-10.369001891935161,-4.7401526057430994,-9.7874455860185368,2.0565789688336724
2,1,F3,P0,2,0.0546875,-5.1187371911191519,-10.713080158141663,-5.6777597143096985,-11.038631210817563,1.306351664144878
2,1,F3,P0,2,0.05859375,-5.7079857008409469,-11.040180368111891,-6.592891693110138,-12.444048491796744,0.69227587234945032
2,1,F3,P0,2,0.0625,-6.3690664472129974,-11.259192291916397,-7.4841666236601414,-13.996954975877363,0.092964112887704967
2,1,F3,P0,2,0.06640625,-7.0539285632966218,-11.296900754141324,-8.3502241963987753,-15.760133550072124,-0.49134661933743018
2,1,F3,P0,2,0.0703125,-7.7247277521521411,-11.175934199790039,-9.189729148612777,-17.30689875355813,-1.0600555626701387
2,1,F3,P0,2,0.07421875,-8.3487687741705461,-11.025158698560258,-10.001374677093461,-18.828587815731264,-1.6125742508193233
2,1,F3,P0,2,0.078125,-8.8904424619714106,-11.009144859381191,-10.783885813390492,-20.233483693344681,-2.1483276490890355
2,1,F3,P0,2,0.08203125,-9.3148719900594692,-11.220674269861858,-11.536022749519287,-21.501068588870407,-2.6667552968041801
2,1,F3,P0,2,0.0859375,-9.6050429914766919,-11.608722896177742,-12.256584102026922,-22.888474488163141,-3.2434466467603116
2,1,F3,P0,2,0.08984375,-9.7804086218690038,-11.994737934018847,-12.94441010242603,-24.300334028065372,-3.9018348706439006
2,1,F3,P0,2,0.09375,-9.9014343997130894,-12.169168789956908,-13.598385702167491,-25.64910004606708,-4.5304321190094967
2,1,F3,P0,2,0.09765625,-10.051782040792757,-12.001623707308715,-14.217443580540033,-26.940949070197945,-5.1354456664160875
2,1,F3,P0,2,0.1015625,-10.302353137009121,-11.495508814401372,-14.800567044158104,-28.175381704511981,-5.7162359867957484
2,1,F3,P0,2,0.10546875,-10.67377593072205,-10.771690859766736,-15.346792807028399,-29.335415611014991,-6.2721879895956887
2,1,F3,P0,2,0.109375,-11.119577091154277,-10.014169581948108,-15.855213640567408,-30.417207905961664,-6.6483462017846033
2,1,F3,P0,2,0.11328125,-11.544256532338437,-9.4110530137786021,-16.324980883378078,-31.417105194229777,-6.9967551874969871
2,1,F3,P0,2,0.1171875,-11.850463489355759,-9.102072774219593,-16.755306801080383,-32.331662227455979,-7.319122534564821
2,1,F3,P0,2,0.12109375,-11.990758849260212,-9.1392591939327286,-17.145466787026095,-33.289984909563181,-7.6151293098872914
2,1,F3,P0,2,0.125,-11.995605170815017,-9.4744164496166725,-17.494801395312127,-34.313071739504196,-7.8448551062948875
2,1,F3,P0,2,0.12890625,-11.962872011156765,-9.9804839976827111,-17.802718198135373,-35.268392297116741,-8.0332960312534389
2,1,F3,P0,2,0.1328125,-12.015814983892867,-10.495556109024104,-18.068693460204592,-36.15311476912909,-8.2034185814545708
2,1,F3,P0,2,0.13671875,-12.251969043929288,-10.869520834892716,-18.29227362363839,-36.964482241059734,-8.3478538856089433
2,1,F3,P0,2,0.140625,-12.706678735886191,-11.00234934738614,-18.473076597531996,-37.761876344177956,-8.4664585064922022
2,1,F3,P0,2,0.14453125,-13.344338917427812,-10.87429109975047,-18.610792847166604,-38.521721401688964,-8.5591286515334737
2,1,F3,P0,2,0.1484375,-14.075547803299495,-10.562563758439413,-18.705186278663948,-39.208354514271321,-8.6258010794895874
2,1,F3,P0,2,0.15234375,-14.787977905439574,-10.224716439141774,-18.756094915753994,-39.820315295778656,-8.6537293230639047
2,1,F3,P0,2,0.15625,-15.378532929837348,-10.034983354942396,-18.763431366226712,-40.3563058993726,-8.494869366151617
2,1,F3,P0,2,0.16015625,-15.780812222425247,-10.09523909729891,-18.727183076581898,-40.815195691747554,-8.2488680461766037
2,1,F3,P0,2,0.1640625,-15.984551521973813,-10.375572727302972,-18.64741237437682,-41.196025300999594,-7.8397117413242849
2,1,F3,P0,2,0.16796875,-16.039542996849953,-10.731949004240979,-18.524256298807202,-41.498010017475387,-7.3023812833228163
2,1,F3,P0,2,0.171875,-16.036718569599508,-10.997726602091957,-18.357926221149771,-41.603071408851058,-6.4943655598332173
2,1,F3,P0,2,0.17578125,-16.072153739695455,-11.091461865165854,-18.148707257856397,-41.768263139829557,-6.0138178834610052
2,1,F3,P0,2,0.1796875,-16.214579727725084,-11.068290348671761,-17.89695748033532,-41.892605128116259,-5.2561682504743592
2,1,F3,P0,2,0.18359375,-16.495032533833367,-11.079340889112858,-17.603106926803576,-42.157337713994927,-4.2379261647386928
2,1,F3,P0,2,0.1875,-16.9182975056837,-11.269448115578692,-17.26765642306875,-42.093336308712942,-3.1732686733797291
2,1,F3,P0,2,0.19140625,-17.478901394432963,-11.686724881332083,-16.891176220727722,-41.902405165109109,-2.0651135754641348
2,1,F3,P0,2,0.1953125,-18.163931721718441,-12.259666153538806,-16.474304463087371,-41.63343239789414,-0.91645791588595227
2,1,F3,P0,2,0.19921875,-18.937865905102495,-12.840358382931695,-16.017745491156038,-41.287126183555202,0.2696354651301498
2,1,F3,P0,2,0.203125,-19.721385524998016,-13.276542484905258,-15.5222680043693,-40.89248869572171,1.4900514535481224
2,1,F3,P0,2,0.20703125,-20.388659436195827,-13.481842747145766,-14.988703093344052,-40.736382286787212,2.7416361681344856
2,1,F3,P0,2,0.2109375,-20.804731973195121,-13.486877249404785,-14.417942164953153,-40.515266842096004,4.021210366807491
2,1,F3,P0,2,0.21484375,-20.899361078960276,-13.447909412778401,-13.810934783424665,-40.229561045564381,5.3255826681290248
2,1,F3,P0,2,0.21875,-20.738405327780303,-13.588664144397555,-13.168686455042714,-39.879803755157972,6.6515625041460522
2,1,F3,P0,2,0.22265625,-20.536632604476722,-14.085280188307928,-12.492256388396955,-39.466652354166754,7.995972721416484
2,1,F3,P0,2,0.2265625,-20.575783254457072,-14.952231682918384,-11.782755267016892,-38.990880757873583,9.3556617472693322
2,1,F3,P0,2,0.23046875,-21.042020500566348,-15.997611221292289,-11.041343076638414,-38.453377093112842,10.727515237869113
2,1,F3,P0,2,0.234375,-21.85078488574408,-16.879460327925564,-10.269227035252126,-37.85514107252822,12.108467123157832
2,1,F3,P0,2,0.23828125,-22.557256651865011,-17.245112949867767,-9.4676596804064523,-37.19728109037549,13.495509960884256
2,1,F3,P0,2,0.2421875,-22.439038419313327,-16.896715946396579,-8.6379371748624774,-36.481011072639568,14.885704507321968
2,1,F3,P0,2,0.24609375,-20.772981468510771,-15.904477212403821,-7.7813978984313223,-35.70764712122579,16.276188405551377
2,1,F3,P0,2,0.25,-17.215862614580612,-14.602862461430854,-6.899421400408202,-34.878604000242085,17.66418388298445
2,1,F3,P0,2,0.25390625,-12.088896567772773,-13.464163109366362,-5.9934277930910236,-33.995391522105876,19.047004337865392
2,1,F3,P0,2,0.2578125,-6.355986156207714,-12.912749666796007,-5.0648776719835951,-33.059610902581582,20.53394354025794
2,1,F3,P0,2,0.26171875,-1.244091909386486,-13.168095833957208,-4.1152726518666167,-32.072951167034624,22.118746674018663
2,1,F3,P0,2,0.265625,2.2973088194763394,-14.176017985153363,-3.1461566092994264,-31.03718570528126,23.682528484953728
2,1,F3,P0,2,0.26953125,3.9743287475598676,-15.641704950641364,-2.1591177205014516,-29.954169089425097,25.332845313063942
2,1,F3,P0,2,0.2734375,4.1627106363209494,-17.14185124274427,-1.1557913780704734,-28.825834287877413,26.939744879603932
2,1,F3,P0,2,0.27734375,3.6086298460345412,-18.266520764229227,-0.137864059656396,-27.705159431062441,29.03527169820708
2,1,F3,P0,2,0.28125,3.0321166973340912,-18.732230416892115,0.89292179448803555,-26.700271969752226,31.100062685234402
2,1,F3,P0,2,0.28515625,2.838620952748685,-18.435181780540251,1.9347618612299371,-25.687541858170796,33.130693709510339
2,1,F3,P0,2,0.2890625,3.0310713714460453,-17.46050532226592,2.9857829686053732,-24.69416388754378,35.124000111547957
2,1,F3,P0,2,0.29296875,3.3072679902971172,-16.074746471050489,4.0440351208071785,-23.885178706997944,37.378926888757412
2,1,F3,P0,2,0.296875,3.2745166988102645,-14.689736595340301,5.1074825995425126,-22.814285654704445,40.28108057358078
2,1,F3,P0,2,0.30078125,2.7000592631948708,-13.760422521952805,6.1739942855557484,-21.668119298598665,42.902848639077135
2,1,F3,P0,2,0.3046875,1.7111520410176682,-13.623592625580624,7.2413334118793333,-20.647899251308665,44.687720660696137
2,1,F3,P0,2,0.30859375,0.85727142299346637,-14.355996858782524,8.3071470368657909,-19.749566189630038,46.429246707512469
2,1,F3,P0,2,0.3125,0.97120853968511234,-15.738733854023209,9.3689556089454378,-18.781531662112336,48.124748347400235
2,1,F3,P0,2,0.31640625,2.8374271912771736,-17.344980965404019,10.42414308428714,-17.604436265619611,50.368617158725066
2,1,F3,P0,2,0.3203125,6.7854592752904086,-18.695699917529364,11.46994815024507,-16.42090721134737,52.546960034228
2,1,F3,P0,2,0.32421875,12.418103241408147,-19.414782948666581,12.503457197938328,-15.223515989479933,54.628093271947655
2,1,F3,P0,2,0.328125,18.670753189767254,-19.341618368554737,13.521599771975721,-14.317349879319179,56.602788206900158
2,1,F3,P0,2,0.33203125,24.227470813999616,-18.576092183485255,14.521147298865365,-13.958708607624024,58.462961428426873
2,1,F3,P0,2,0.3359375,28.078456088925023,-17.435803226834814,15.498715952041126,-12.94532732437917,60.201860613396477
2,1,F3,P0,2,0.33984375,29.895932314202334,-16.329189408951315,16.450774544228405,-12.22333905314405,62.113449628047547
2,1,F3,P0,2,0.34375,30.039367257194233,-15.592558990320937,17.373658340396855,-11.446677567186976,64.314664594880384
2,1,F3,P0,2,0.34765625,29.252259524623387,-15.363995405079574,18.26358965027746,-10.636099652358423,66.425131229648585
2,1,F3,P0,2,0.3515625,28.271760178454734,-15.548032102049619,19.116705982362248,-9.8435069492150049,68.414844889701058
2,1,F3,P0,2,0.35546875,27.55749643323642,-15.882618049205092,19.929096416458126,-9.1706626577976511,70.253231329005416
2,1,F3,P0,2,0.359375,27.224242923856391,-16.080322095302183,20.696846675696158,-8.9148250791430765,72.050051839424384
2,1,F3,P0,2,0.36328125,27.140316117199493,-15.98246647152401,21.416093149837057,-9.20204201651622,74.199264158816135
2,1,F3,P0,2,0.3671875,27.091967428234305,-15.649614120328479,22.083085840608842,-9.7238602698962318,76.14898892301089
2,1,F3,P0,2,0.37109375,26.918496159079929,-15.339191932098439,22.694259870330914,-10.277385112538346,77.905095280548608
2,1,F3,P0,2,0.375,26.567154471021915,-15.382164956205211,23.246314824002443,-10.859060969211775,79.508083238064742
2,1,F3,P0,2,0.37890625,26.071747307649741,-16.020718866046099,23.736300792418316,-11.464855534785553,80.911284327327465
2,1,F3,P0,2,0.3828125,25.498409803807323,-17.282505157229107,24.161709563039086,-12.090274448462495,82.117162343900986
2,1,F3,P0,2,0.38671875,24.906188795406852,-18.952927088866179,24.520568982646992,-12.730382259004941,83.130334124009053
2,1,F3,P0,2,0.390625,24.33999434482584,-20.667696769503983,24.811538110241766,-13.37982974316758,83.957384884751576
2,1,F3,P0,2,0.39453125,23.839411218979695,-22.081935329895803,25.034000411097718,-14.032887538520605,84.606642400169477
2,1,F3,P0,2,0.3984375,23.439639904054307,-23.018008809501502,25.188151935425751,-14.683485945841358,85.468323656011322
2,1,F3,P0,2,0.40234375,23.158902632270959,-23.507688358920735,25.275081199681498,-15.32526064724903,86.354306370451226
2,1,F3,P0,2,0.40625,22.984726010932171,-23.722008596411939,25.296837366059755,-15.951603976403472,87.127585226645593
2,1,F3,P0,2,0.41015625,22.873179361378206,-23.855798713621812,25.256483314441819,-16.555721268670801,87.789655407140415
2,1,F3,P0,2,0.4140625,22.763969436603947,-24.042950106509149,25.158130335528497,-17.130691714535036,88.342478849854245
2,1,F3,P0,2,0.41796875,22.602903857709443,-24.331065358828102,25.006951453547131,-17.669533041092926,88.78846374197812
2,1,F3,P0,2,0.421875,22.36118399668532,-24.698128489192499,24.809170815063364,-18.165269256553572,89.130440632656487
2,1,F3,P0,2,0.42578125,22.047038846964647,-25.085646113234038,24.572027153350188,-18.611000613521849,89.371635431518769
2,1,F3,P0,2,0.4296875,21.709393845586973,-25.434175169774278,24.303710044241182,-18.999974880557826,89.515639597415998
2,1,F3,P0,2,0.43359375,21.43065341452008,-25.70907718283204,24.013268490540646,-19.325658959934483,89.566377854290366
2,1,F3,P0,2,0.4375,21.303907895969836,-25.901362395532651,23.710492281656435,-19.58180985424513,89.528073798462486
2,1,F3,P0,2,0.44140625,21.397438011282876,-26.000865236884092,23.405767540368561,-19.774115950342548,89.405213783362015
2,1,F3,P0,2,0.4453125,21.721699144997043,-25.96274719756164,23.109908851400281,-19.887604432190638,89.20250948356265
2,1,F3,P0,2,0.44921875,22.217915494965133,-25.697417946305681,22.83397132485792,-19.916419403706627,88.924859549735771
2,1,F3,P0,2,0.453125,22.776596644049143,-25.096495969954923,22.589046838042719,-19.839279100508445,88.577310769747115
2,1,F3,P0,2,0.45703125,23.276053956766603,-24.081454726805525,22.386049478474654,-19.397618971282721,88.165019148646564
2,1,F3,P0,2,0.4609375,23.620732559498347,-22.648693464138052,22.235495838861556,-18.897061138190537,87.693211311902473
2,1,F3,P0,2,0.46484375,23.765127602213013,-20.884830313523221,22.147286255957891,-18.396189611912593,87.167146622187971
2,1,F3,P0,2,0.46875,23.721448039191507,-18.934428779272398,22.130493311784917,-17.816467709597681,86.592080380699656
2,1,F3,P0,2,0.47265625,23.553460932385761,-16.928423369315684,22.193163908592478,-17.074794633017955,85.973228459841849
2,1,F3,P0,2,0.4765625,23.356726233812992,-14.918722393949469,22.342140979744965,-15.968468382001367,85.35304605474559
2,1,F3,P0,2,0.48046875,23.228172232386402,-12.871580904634843,22.582910410213135,-14.780876601112633,84.717409478989552
2,1,F3,P0,2,0.484375,23.236076922222331,-10.727409137548568,22.919478026863267,-13.834530993871777,84.053275175310404
2,1,F3,P0,2,0.48828125,23.404578669471974,-8.4788572882213611,23.354280605649674,-13.188938320181609,83.36503640564716
2,1,F3,P0,2,0.4921875,23.719661993427998,-6.2060825200839416,23.888133765539692,-12.70859497104038,82.656916295883264
2,1,F3,P0,2,0.49609375,24.151864432229331,-4.042365258518192,24.520218421275263,-11.831587712642541,81.93294862472402
2,1,F3,P0,2,0.5,24.682769744392573,-2.0928678667283314,25.248106198826157,-10.813492738305202,81.196961249941111
2,1,F3,P0,2,0.50390625,25.321008675100018,-0.36340490019315091,26.067822932174124,-9.6815238820976841,80.452562218088204
2,1,F3,P0,2,0.5078125,26.099128877850784,1.2471229534732662,26.973948112325104,-8.4404697388352385,79.703128568589065
2,1,F3,P0,2,0.51171875,27.053269638355975,2.8816027531155703,27.959747001674938,-7.0963871116095172,78.951797809356464
2,1,F3,P0,2,0.515625,28.197134745938893,4.6346915947776921,29.017331106922384,-5.6564988444168884,78.201462009294588
2,1,F3,P0,2,0.51953125,29.504461261559534,6.5068407284299274,30.137841862449765,-4.1290687303642439,77.454764423588657
2,1,F3,P0,2,0.5234375,30.91012675191207,8.4332608881033302,31.311651745259603,-2.5232569321398297,76.741222402600556
2,1,F3,P0,2,0.52734375,32.333465678229864,10.351657224319805,32.528576643459786,-0.84895988763713115,76.671803398029652
2,1,F3,P0,2,0.53125,33.720570493587985,12.24111896290764,33.778093142905298,0.88336093953355155,76.593087111376605
2,1,F3,P0,2,0.53515625,35.093398620976792,14.101484982927477,35.049554479403376,2.6628568797380856,76.541177367709679
2,1,F3,P0,2,0.5390625,36.581370357305893,15.906471703654265,36.332399214299613,4.478471803559696,76.624798635180539
2,1,F3,P0,2,0.54296875,38.403461558241553,17.58800892878546,37.616347206733195,6.319119255762141,76.672137286973125
2,1,F3,P0,2,0.546875,40.779398481480243,19.075487924667232,38.891578145404246,8.1597415161884488,76.684447722915991
2,1,F3,P0,2,0.55078125,43.782850926862878,20.359081990916753,40.148888728901497,10.002128866453837,76.663370123023896
2,1,F3,P0,2,0.5546875,47.194667648522419,21.52110749867887,41.379825504818356,11.842710779823385,76.610842148086334
2,1,F3,P0,2,0.55859375,50.444982531135253,22.706066993915673,42.576791350452055,13.672082876174114,76.529014129253156
2,1,F3,P0,2,0.5625,52.723522074884642,24.051937031438065,43.733124558635197,15.481397957910842,76.420170460988857
2,1,F3,P0,2,0.56640625,53.271477117436689,25.629353877138904,44.843150440519963,17.262458175268478,76.709311359190195
2,1,F3,P0,2,0.5703125,51.756578076869737,27.412283958723474,45.902206236626803,19.007789597390158,77.072482622334746
2,1,F3,P0,2,0.57421875,48.533022190166349,29.272127324149292,46.906640907752525,20.710698669969748,77.428312636110334
2,1,F3,P0,2,0.578125,44.593127711434278,30.989391145744168,47.85379203489331,22.362755456714904,77.803724649262136
2,1,F3,P0,2,0.58203125,41.18056918223197,32.299710818377903,48.741942576177763,23.940448533746498,78.082590043042089
2,1,F3,P0,2,0.5859375,39.266674487298737,32.987573931775223,49.570260600577491,25.45695752235212,77.19719145739144
2,1,F3,P0,2,0.58984375,39.19278470942124,33.000382480354631,50.338725341889045,26.909442631980024,76.378981695587541
2,1,F3,P0,2,0.59375,40.65338184616644,32.516887065807602,51.048042997900374,28.295899921175799,75.825613382291877
2,1,F3,P0,2,0.59765625,42.96123205116875,31.910658996699738,51.699555650269929,29.615108125544356,75.289664891707162
2,1,F3,P0,2,0.6015625,45.395882123341671,31.605359154816774,52.295146516563193,30.866566503065666,75.186259154441004
2,1,F3,P0,2,0.60546875,47.457496841383985,31.887149966669959,52.8371444865383,32.050426141075242,75.518616530931695
2,1,F3,P0,2,0.609375,48.95607817563176,32.771885640310998,53.328230561575097,33.167417072971098,75.835193278557099
2,1,F3,P0,2,0.61328125,49.96377585248765,33.997488378689745,53.771348431254445,34.218773390291105,76.12250653983628
2,1,F3,P0,2,0.6171875,50.698538620248037,35.143613626427019,54.169621006233072,35.206158321335423,76.382571907908869
2,1,F3,P0,2,0.62109375,51.400372785609306,35.815523080601864,54.526274302004495,36.131590995592248,76.617394650599948
2,1,F3,P0,2,0.625,52.239153919074404,35.804548412078738,54.844569651944326,36.997376338200652,76.82894709181727
2,1,F3,P0,2,0.62890625,53.272969173980194,35.15938965640526,55.127744835457719,37.789282307977253,77.019149018262439
2,1,F3,P0,2,0.6328125,54.456856382573392,34.148885292209378,55.378964350177363,38.233366635254342,77.189851139339069
2,1,F3,P0,2,0.63671875,55.683900519388359,33.144197700710421,55.601278744813534,38.649902055379684,77.342821573030292
2,1,F3,P0,2,0.640625,56.833433197357706,32.480871069196851,55.797592667011443,39.026975668640965,77.479735274878223
2,1,F3,P0,2,0.64453125,57.808875822345044,32.363111867006474,55.970641070986524,39.356508387610234,77.60216627412909
2,1,F3,P0,2,0.6484375,58.560655963542096,32.839086987736891,56.122972872671284,39.663751605952562,77.711582533376614
2,1,F3,P0,2,0.65234375,59.094552356056013,33.831161619239644,56.256941233248902,39.89461222795002,77.809343207870882
2,1,F3,P0,2,0.65625,59.463216658473279,35.183241249499481,56.374699591129001,39.923699959456435,77.896698049621449
2,1,F3,P0,2,0.66015625,59.74067246644325,36.699011184822382,56.478202542207612,39.94875013872722,77.974788680367126
2,1,F3,P0,2,0.6640625,59.990304899606805,38.171584342217713,56.569210682404112,39.970340504874315,78.044651446581412
2,1,F3,P0,2,0.66796875,60.243316315170851,39.41943991362988,56.649298568361672,39.988974082948353,78.107221568500492
2,1,F3,P0,2,0.671875,60.496138015214804,40.331903617567995,56.71986501520955,40.005086033071009,78.163338302774449
2,1,F3,P0,2,0.67578125,60.721554016655283,40.904370372223575,56.782145028105965,40.107521369583232,78.213750853469719
2,1,F3,P0,2,0.6796875,60.884745089974039,41.236935475625145,56.837222751141503,40.311884817965961,78.259124787280001
2,1,F3,P0,2,0.68359375,60.959830109836744,41.488669401843588,56.886044908036425,40.49967043117762,78.204481293104323
2,1,F3,P0,2,0.6875,60.943019421030101,41.805239696465932,56.929434299670866,40.672119349214235,78.115740110948522
2,1,F3,P0,2,0.69140625,60.85584075648471,42.249289434532088,56.968103010454755,40.830403238858196,78.033700818921901
2,1,F3,P0,2,0.6953125,60.73522263523126,42.761269689966063,57.002665056323188,40.975625175756008,77.957991015404062
2,1,F3,P0,2,0.69921875,60.616319660481132,43.174888437205098,57.033648279963536,41.108820903495292,77.888246708270657
2,1,F3,P0,2,0.703125,60.519182338077265,43.297651549699836,57.061505362679242,41.230960408387325,77.824113474136041
2,1,F3,P0,2,0.70703125,60.446398618323975,43.026918342329161,57.086623876611519,41.342949759217007,77.765247419446908
2,1,F3,P0,2,0.7109375,60.390250047975854,42.431492373019687,57.109335345909059,41.440692714175817,77.71131596461764
2,1,F3,P0,2,0.71484375,60.34218033282017,41.739962301613318,57.129923321278277,41.526690778441314,77.661998469507424
2,1,F3,P0,2,0.71875,60.297084318078802,41.239121382929838,57.148630499863735,41.605555620258826,77.616986716242081
2,1,F3,P0,2,0.72265625,60.248752672159362,41.139728329362285,57.165664942487354,41.677905618360434,77.627513497363026
2,1,F3,P0,2,0.7265625,60.179839965874173,41.474649341899685,57.181205453905086,41.744310566932235,77.662337135424451
2,1,F3,P0,2,0.73046875,60.056913638193805,42.07294352553216,57.195406199942752,41.820708699681063,77.696687911441686
2,1,F3,P0,2,0.734375,59.839962572281067,42.625695910674118,57.208400639153027,41.938047570471447,77.730593223442384
2,1,F3,P0,2,0.73828125,59.502314625332474,42.822415153982263,57.220304846931455,42.04826332261878,77.764061544001422
2,1,F3,P0,2,0.7421875,59.043781323179118,42.494432281508189,57.231220307696269,42.151873178795192,77.797086548575166
2,1,F3,P0,2,0.74609375,58.484269346914701,41.68858523872133,57.241236246519769,42.249349043835522,77.829650715670553
2,1,F3,P0,2,0.75,57.844477726074622,40.634617464013395,57.250431566135234,42.341121682103221,77.861728427080848
2,1,F3,P0,2,0.75390625,57.132816406937494,39.633071763898272,57.258876449054824,42.427584546269998,77.893288602686951
2,1,F3,P0,2,0.7578125,56.350291872725926,38.926543395101483,57.266633678037365,42.509097278643225,77.924296908325829
2,1,F3,P0,2,0.76171875,55.507748549299137,38.614426836064162,57.273759721660198,42.585988906913329,77.954717577330825
2,1,F3,P0,2,0.765625,54.639536308881304,38.645479064330978,57.280305625509101,42.658560756135458,77.984514886903213
2,1,F3,P0,2,0.76953125,53.801274236746558,38.878616079984944,57.286317743665535,42.727089098160384,78.013654329804197
2,1,F3,P0,2,0.7734375,53.052136729814414,39.15653356028799,57.291838339841348,42.791827558789798,78.042103520257925
2,1,F3,P0,2,0.77734375,52.433206513788832,39.334166755325555,57.296906082739596,42.853009301802096,78.069832870685588
2,1,F3,P0,2,0.78125,51.954873178140588,39.259571087778063,57.301556456020641,42.910849007784144,78.09681607317259
2,1,F3,P0,2,0.78515625,51.598800012202226,38.762288751191299,57.305822099614346,42.965544664487695,78.123030416586928
2,1,F3,P0,2,0.7890625,51.329706362071875,37.70016702877269,57.309733096009623,43.017279184253255,78.148456967170503
2,1,F3,P0,2,0.79296875,51.106034438271664,36.055642506617623,57.313317212528773,43.024094147318806,78.173080637331537
2,1,F3,P0,2,0.796875,50.8823185898557,34.016238227837327,57.316600108407343,42.961274106926851,78.196890164366494
2,1,F4,P0,2,-0.19921875,5.6487705770960446,2.4154580098852385,,,
2,1,F4,P0,2,-0.1953125,5.5404432048534886,2.3975192789627333,,,
2,1,F4,P0,2,-0.19140625,5.4728428625601309,2.2832264555927613,,,
2,1,F4,P0,2,-0.1875,5.4723737740139038,2.1066191892078314,,,
2,1,F4,P0,2,-0.18359375,5.5179966297583825,1.8752394376996426,,,
2,1,F4,P0,2,-0.1796875,5.5423992110690588,1.5696307938946126,,,
2,1,F4,P0,2,-0.17578125,5.4673960435340048,1.1731465988136924,,,
2,1,F4,P0,2,-0.171875,5.2526114950689085,0.70926440103413557,,,
2,1,F4,P0,2,-0.16796875,4.9244820071475894,0.25062068022138223,,,
2,1,F4,P0,2,-0.1640625,4.5659853278766578,-0.11356891055266681,,,
2,1,F4,P0,2,-0.16015625,4.2732812106865028,-0.32885465194452451,,,
2,1,F4,P0,2,-0.15625,4.1045245514784074,-0.40592986745472903,,,
2,1,F4,P0,2,-0.15234375,4.0495587580224353,-0.40610677395407613,,,
2,1,F4,P0,2,-0.1484375,4.0373691040871176,-0.39351805803294393,,,
2,1,F4,P0,2,-0.14453125,3.9760658474644845,-0.39249977456325819,,,
2,1,F4,P0,2,-0.140625,3.8002251734667252,-0.38191624536547597,,,
2,1,F4,P0,2,-0.13671875,3.4980982197329555,-0.32164367081181339,,,
2,1,F4,P0,2,-0.1328125,3.1079425814991626,-0.17788371987280369,,,
2,1,F4,P0,2,-0.12890625,2.6922331378483992,0.07392182452506206,,,
2,1,F4,P0,2,-0.125,2.3063591222761564,0.45509151882178461,,,
2,1,F4,P0,2,-0.12109375,1.9759473296439494,0.97570115179676953,,,
2,1,F4,P0,2,-0.1171875,1.6913729051992452,1.6161267627091291,,,
2,1,F4,P0,2,-0.11328125,1.420024199820169,2.3233377697676483,,,
2,1,F4,P0,2,-0.109375,1.1263344889387796,3.0311003625359865,,,
2,1,F4,P0,2,-0.10546875,0.78513400462991279,3.6809984347225564,,,
2,1,F4,P0,2,-0.1015625,0.38328482210675147,4.2192840175486639,,,
2,1,F4,P0,2,-0.09765625,-0.081775543338436937,4.5782178249211869,,,
2,1,F4,P0,2,-0.09375,-0.5981022079177386,4.6746794713707374,,,
2,1,F4,P0,2,-0.08984375,-1.1354909002854332,4.4434986856548173,,,
2,1,F4,P0,2,-0.0859375,-1.6550849916835602,3.8901190539218979,,,
2,1,F4,P0,2,-0.08203125,-2.1337453129867381,3.1280079864648469,,,
2,1,F4,P0,2,-0.078125,-2.5861724099549308,2.3669657463171219,,,
2,1,F4,P0,2,-0.07421875,-3.0643143688103391,1.8400502490653208,,,
2,1,F4,P0,2,-0.0703125,-3.6286892369825776,1.6971461527610003,,,
2,1,F4,P0,2,-0.06640625,-4.3055546841486585,1.9233424421979406,,,
2,1,F4,P0,2,-0.0625,-5.054314147197327,2.3277602227903378,,,
2,1,F4,P0,2,-0.05859375,-5.7663566929273724,2.6058326410701542,,,
2,1,F4,P0,2,-0.0546875,-6.299711621496134,2.446532843753729,,,
2,1,F4,P0,2,-0.05078125,-6.5319523466118721,1.6480235734482842,,,
2,1,F4,P0,2,-0.046875,-6.4037369224240583,0.20195488163937639,,,
2,1,F4,P0,2,-0.04296875,-5.935917806551589,-1.6933836044312307,,,
2,1,F4,P0,2,-0.0390625,-5.2218915140517979,-3.7045880316478699,,,
2,1,F4,P0,2,-0.03515625,-4.4056157934541176,-5.4826922734474719,,,
2,1,F4,P0,2,-0.03125,-3.6530157694052843,-6.7669276045421833,,,
2,1,F4,P0,2,-0.02734375,-3.1205583260590219,-7.436908354485027,,,
2,1,F4,P0,2,-0.0234375,-2.9235635408389697,-7.5240945543420219,,,
2,1,F4,P0,2,-0.01953125,-3.1075334848742853,-7.1999246572010858,,,
2,1,F4,P0,2,-0.015625,-3.6304275479988091,-6.7313980027591089,,,
2,1,F4,P0,2,-0.01171875,-4.3693445112149165,-6.3942161919735776,,,
2,1,F4,P0,2,-0.0078125,-5.1601685143615317,-6.372551486212866,,,
2,1,F4,P0,2,-0.00390625,-5.8600183943038502,-6.6998120295216452,,,
2,1,F4,P0,2,0,-6.4037586833033755,-7.2697382503168351,-2.7428210585402377,-5.5378875632195497,10.05588646420421
2,1,F4,P0,2,0.00390625,-6.8246337415983511,-7.9012065363948834,-4.3294384544685851,-7.0868768839811862,8.829236073570252
2,1,F4,P0,2,0.0078125,-7.228278071439477,-8.4187360220716378,-5.8713426086512817,-9.1976433272301481,7.6762265686669418
2,1,F4,P0,2,0.01171875,-7.7355051923648031,-8.7174187789305755,-7.3661798460682268,-11.040333452238691,6.5433870441800348
2,1,F4,P0,2,0.015625,-8.4243216272577275,-8.7925864740892283,-8.8116550850072475,-13.205872794720007,5.4530621592223358
2,1,F4,P0,2,0.01953125,-9.2979302167208555,-8.7251948469973417,-10.205538760922767,-15.597640168535085,4.4188390265466655
2,1,F4,P0,2,0.0234375,-10.289785825247012,-8.6321622837715939,-11.545673722475938,-18.088359030252921,3.3951755493314062
2,1,F4,P0,2,0.02734375,-11.299565704576171,-8.6090785123259277,-12.829982080565463,-20.497719319915472,2.3814801026173944
2,1,F4,P0,2,0.03125,-12.240934091697394,-8.6936718210156911,-14.056471991225198,-22.801760926519645,1.388660726243488
2,1,F4,P0,2,0.03515625,-13.076909490747845,-8.8639778963401366,-15.22324435338095,-24.993859441717383,0.25014534598077204
2,1,F4,P0,2,0.0390625,-13.825652816298181,-9.0696707254333244,-16.328499402622676,-27.111759994405034,-0.8041421969148066
2,1,F4,P0,2,0.04296875,-14.537202521615004,-9.2804977206804704,-17.37054318234717,-29.355416394410913,-1.830153826869362
2,1,F4,P0,2,0.046875,-15.258921869680979,-9.5201684866254688,-18.34779387385673,-31.748889430660054,-2.8407248902463964
2,1,F4,P0,2,0.05078125,-16.011360573995095,-9.8546073104114118,-19.258787967250253,-34.037521473527462,-3.8355785252435597
2,1,F4,P0,2,0.0546875,-16.785120285104462,-10.337766390091643,-20.102186255205556,-36.112764721885185,-4.8137581645783571
2,1,F4,P0,2,0.05859375,-17.554062835363727,-10.961683547920581,-20.876779632019321,-37.843734643698724,-5.8292924932003212
2,1,F4,P0,2,0.0625,-18.292864269466214,-11.65821163182884,-21.581494680529239,-39.233960536416276,-6.9024446090577491
2,1,F4,P0,2,0.06640625,-18.989574080599638,-12.349394605419439,-22.215399029788053,-40.444228708486683,-7.9570755829672883
2,1,F4,P0,2,0.0703125,-19.6497838948608,-12.997278504189238,-22.777706466577783,-41.471536203002053,-8.8485069207576768
2,1,F4,P0,2,0.07421875,-20.292857678930496,-13.610969873440396,-23.267781784036671,-42.313626156932216,-9.6140767682281272
2,1,F4,P0,2,0.078125,-20.94297278003166,-14.212525095345901,-23.685145350814736,-42.969006057272686,-10.333293033207374
2,1,F4,P0,2,0.08203125,-21.619667528262447,-14.794599914648968,-24.029477384266279,-43.436961158152897,-11.018426201942857
2,1,F4,P0,2,0.0859375,-22.332610750502774,-15.302263789886684,-24.300621911224084,-43.717562935930566,-11.38711045691562
2,1,F4,P0,2,0.08984375,-23.08260876803633,-15.652404358553602,-24.498590399874352,-43.811672504705726,-11.890968615470571
2,1,F4,P0,2,0.09375,-23.866890026530239,-15.779004745028127,-24.623565046161744,-43.720938960824533,-12.364686338384899
2,1,F4,P0,2,0.09765625,-24.683060406182591,-15.671615824570532,-24.675901697993829,-43.447792671229671,-12.807882033564519
2,1,F4,P0,2,0.1015625,-25.525726284128346,-15.378319606074298,-24.656132400289255,-42.744541106051351,-13.217998823085781
2,1,F4,P0,2,0.10546875,-26.376071053155407,-14.976332243080687,-24.5649675436206,-41.996431689917877,-13.579237517287584
2,1,F4,P0,2,0.109375,-27.193840167858109,-14.538240742356759,-24.403297598848752,-41.14367956842576,-13.900517209074421
2,1,F4,P0,2,0.11328125,-27.922207943434099,-14.113226637380695,-24.17219441973624,-40.107209884736491,-13.990453541839161
2,1,F4,P0,2,0.1171875,-28.505772955675621,-13.72196529490906,-23.872912095071054,-38.902024873811264,-14.043217500177439
2,1,F4,P0,2,0.12109375,-28.912322592117373,-13.361246995292975,-23.506887331343638,-37.563052210024473,-14.059167155683578
2,1,F4,P0,2,0.125,-29.150497559127469,-13.021107639897176,-23.075739346510691,-36.064159410171065,-14.03874100556286
2,1,F4,P0,2,0.12890625,-29.28232993432858,-12.709185834390537,-22.581269254870904,-34.883184627125871,-13.982459991346992
2,1,F4,P0,2,0.1328125,-29.429736213522823,-12.46082384759413,-22.025458922586527,-33.622740405387596,-13.935907724699939
2,1,F4,P0,2,0.13671875,-29.766194740585508,-12.319233380668601,-21.410469272938453,-32.492865070758938,-13.764840899885961
2,1,F4,P0,2,0.140625,-30.478313860384269,-12.301149415884987,-20.738638020024251,-31.448296941368554,-13.60497388572132
2,1,F4,P0,2,0.14453125,-31.685434712726138,-12.381347871596565,-20.012476809327868,-30.334024734624442,-13.412197457540397
2,1,F4,P0,2,0.1484375,-33.323643259389925,-12.507329681624984,-19.234667743438763,-29.180463706014201,-13.161033736342059
2,1,F4,P0,2,0.15234375,-35.034372735422686,-12.622741012679912,-18.408059271208511,-28.53024098485972,-11.905593766470602
2,1,F4,P0,2,0.15625,-36.132682743867811,-12.678675122227002,-17.535661418838799,-28.107137638601696,-10.374804840160486
2,1,F4,P0,2,0.16015625,-35.730647673950259,-12.637749107534388,-16.620640341834505,-27.059283373589597,-8.9857772384459267
2,1,F4,P0,2,0.1640625,-33.025971633308551,-12.484438945472647,-15.666312177462022,-26.410382496997638,-6.5125472526062804
2,1,F4,P0,2,0.16796875,-27.653782311685109,-12.239911689213914,-14.676136178365722,-26.211909816733968,-3.5914483452932418
2,1,F4,P0,2,0.171875,-19.924140268600002,-11.971431192760836,-13.653707109349673,-26.228613946977042,-1.1181081669789117
2,1,F4,P0,2,0.17578125,-10.810944830122017,-11.792903033981579,-12.602746891060717,-26.305427217017247,1.3790665497035806
2,1,F4,P0,2,0.1796875,-1.6921405502966458,-11.850154208012908,-11.527095476449022,-26.495205560699766,3.8625068612506452
2,1,F4,P0,2,0.18359375,6.051638960523877,-12.274162393891126,-10.430700948460034,-26.653972850182594,6.3214732011589554
2,1,F4,P0,2,0.1875,11.441717234427783,-13.104130483023214,-9.3176088304567433,-26.782398156819475,8.7456022974102261
2,1,F4,P0,2,0.19140625,14.168467235297017,-14.228871320473639,-8.191950604404866,-26.881258834757102,11.124957275871228
2,1,F4,P0,2,0.1953125,14.608386480804795,-15.407623570338751,-7.057931435892649,-26.951443519390374,13.603828704416504
2,1,F4,P0,2,0.19921875,13.587040381482801,-16.375615292856605,-5.9198171096150594,-26.993954838066983,16.030263011795899
2,1,F4,P0,2,0.203125,12.019858080364786,-16.969603072800417,-4.7819201840313763,-27.009911777013045,18.387726729238267
2,1,F4,P0,2,0.20703125,10.607882998037901,-17.197008360803302,-3.6485853795043495,-27.000551644384615,20.667856336071903
2,1,F4,P0,2,0.2109375,9.6964522497293331,-17.21897641368426,-2.5241742203383253,-26.967231565561288,22.80991323520708
2,1,F4,P0,2,0.21484375,9.3011360129250047,-17.268221267942103,-1.4130489577294598,-26.911429443388673,24.857849817443551
2,1,F4,P0,2,0.21875,9.2377494940512896,-17.544186506914915,-0.31955580770009373,-26.834744313151468,26.807053896058719
2,1,F4,P0,2,0.22265625,9.2756114567602328,-18.127061746711711,0.75199245443291007,-26.738896019730625,28.65184728351818
2,1,F4,P0,2,0.2265625,9.2504614696707588,-18.938898540511246,1.7973344936533566,-26.625724142782342,30.387226183801435
2,1,F4,P0,2,0.23046875,9.1078919261621536,-19.759364959581202,2.8122789513375777,-26.497186094990258,32.008870417141182
2,1,F4,P0,2,0.234375,8.8835810336716055,-20.288771182357774,3.7927234518641737,-26.355354318603748,33.513148565714587
2,1,F4,P0,2,0.23828125,8.6495927838265168,-20.248526325213618,4.7346740051881087,-26.197212843108289,34.897119170933763
2,1,F4,P0,2,0.2421875,8.4602624680220178,-19.500350471929298,5.6342647221703137,-26.003872222722972,36.158528135460841
2,1,F4,P0,2,0.24609375,8.3204913817053416,-18.138004347486937,6.4877777508219401,-25.802025090627453,37.295802502623232
2,1,F4,P0,2,0.25,8.1844060574897277,-16.490318311000927,7.2916633331142444,-25.594238070254988,38.308040802509169
2,1,F4,P0,2,0.25390625,7.980878164910278,-15.012485677542944,8.0425598737378809,-25.383178191042767,39.195000167707704
2,1,F4,P0,2,0.2578125,7.6535689723197082,-14.116346056292508,8.737313904287614,-25.17160356177293,39.957080432487764
2,1,F4,P0,2,0.26171875,7.1963464739125547,-14.029236795254928,9.3729998189224943,-24.962352552412685,40.596456910335426
2,1,F4,P0,2,0.265625,6.6656103352049509,-14.737863021733778,9.9469392507401633,-24.758331436121502,41.138290376671506
2,1,F4,P0,2,0.26953125,6.1622637019658404,-16.013175263468902,10.456719952030817,-24.562500456845349,41.560266741522227
2,1,F4,P0,2,0.2734375,5.7918672089163783,-17.485744853865704,10.900214036376619,-24.377858303710962,42.119081548951044
2,1,F4,P0,2,0.27734375,5.6228917175057553,-18.747727355181123,11.275595436360607,-24.207424991229058,42.395492426337462
2,1,F4,P0,2,0.28125,5.663580933266199,-19.460541356182226,11.581356427567822,-24.054223164030617,42.524392343671373
2,1,F4,P0,2,0.28515625,5.8661245519217671,-19.442894558764895,11.816323067723046,-23.921257866370585,42.565408169491299
2,1,F4,P0,2,0.2890625,6.1499444647174482,-18.720527071143977,11.979669399317103,-23.811494839764038,42.510098885128357
2,1,F4,P0,2,0.29296875,6.4276755684229165,-17.529539838044737,12.070930265029498,-23.727837436652351,42.356654795943207
2,1,F4,P0,2,0.296875,6.6239180469864669,-16.261773941881412,12.090012587744418,-23.673102263660628,42.109829028047876
2,1,F4,P0,2,0.30078125,6.6882722117350299,-15.341909827106893,12.037204971050505,-23.649993694488067,41.77474296328311
2,1,F4,P0,2,0.3046875,6.6064478520000804,-15.062953015884565,11.913185481866826,-23.661077419406841,41.356856789217595
2,1,F4,P0,2,0.30859375,6.4054138617487615,-15.458375608758924,11.719027484284631,-23.708753225329151,40.861939352234216
2,1,F4,P0,2,0.3125,6.1437403943786784,-16.290791885796477,11.456203402871651,-23.795227226992839,40.296037440487794
2,1,F4,P0,2,0.31640625,5.8861701924604493,-17.167893481955478,11.126586304548983,-23.923360226861142,39.665444618510499
2,1,F4,P0,2,0.3203125,5.6748073725217987,-17.716977405375797,10.732449200689075,-24.095406447128287,38.976669730572432
2,1,F4,P0,2,0.32421875,5.5131589541255055,-17.72789691268547,10.27646198524652,-24.311214703226717,38.236405185640933
2,1,F4,P0,2,0.328125,5.3702242321819327,-17.209804914677132,9.7616859404462666,-24.571920205027624,37.451495132971509
2,1,F4,P0,2,0.33203125,5.199996089974551,-16.35467687498442,9.1915657587143755,-24.878329051737648,36.62890363403168
2,1,F4,P0,2,0.3359375,4.9651763032848821,-15.435882532133821,8.5699190480204148,-25.230893434238158,35.775682933610426
2,1,F4,P0,2,0.33984375,4.6524836478922387,-14.692586731853401,7.9009233074641854,-25.629688429828313,34.898941930587739
2,1,F4,P0,2,0.34375,4.270870830377361,-14.252619776294338,7.1891003806066722,-26.074390742874069,34.005814946897672
2,1,F4,P0,2,0.34765625,3.8348618355713806,-14.119443123409232,6.4392984155322468,-26.564259745138493,33.10343089166777
2,1,F4,P0,2,0.3515625,3.3468654354125409,-14.211260706152038,5.6566713827194137,-27.098121164748981,32.198882916294217
2,1,F4,P0,2,0.35546875,2.7929776064195182,-14.421783076318153,4.8466562242703528,-27.674353762567353,31.299198655242474
2,1,F4,P0,2,0.359375,2.1547108017422985,-14.675216480338028,4.0149477306583305,-28.290879318972731,30.41131114656439
2,1,F4,P0,2,0.36328125,1.4267975009393143,-14.955112818661391,3.1674712636484861,-28.945156232635114,29.542030525403284
2,1,F4,P0,2,0.3671875,0.62945270129347164,-15.296067704889099,2.3103534661667697,-29.634177005735793,28.698016583024774
2,1,F4,P0,2,0.37109375,-0.19123118216470225,-15.747874685169998,1.4498911213697938,-30.354469857369953,27.885752283064264
2,1,F4,P0,2,0.375,-0.97659612233384274,-16.341302833828319,0.59251834373777401,-31.102104668741788,27.111518325627848
2,1,F4,P0,2,0.37890625,-1.6795082623396025,-17.078381421253596,-0.25522769559475861,-31.872703420540663,26.381368848525167
2,1,F4,P0,2,0.3828125,-2.2879620895316921,-17.941730162187376,-1.0867422890935976,-32.661455234983634,25.536454782818563
2,1,F4,P0,2,0.38671875,-2.8320854211223048,-18.902304261903009,-1.8953897222115701,-33.46313608294885,24.621538877490043
2,1,F4,P0,2,0.390625,-3.3668125852739772,-19.920239265379287,-2.6745405610913617,-34.27213316103402,23.752886100227403
2,1,F4,P0,2,0.39453125,-3.9393783603127028,-20.95121959162605,-3.4176094355429432,-35.082473884976167,22.936753895025873
2,1,F4,P0,2,0.3984375,-4.5605323131966635,-21.961134425811903,-4.1180930443561445,-35.887859385475842,22.285554037665079
2,1,F4,P0,2,0.40234375,-5.1945747544381176,-22.931932238041401,-4.7696081026134545,-36.682522482499373,21.971958412606753
2,1,F4,P0,2,0.40625,-5.77369333605421,-23.848435881709204,-5.3659289459156732,-37.45914075140945,21.747902434122306
2,1,F4,P0,2,0.41015625,-6.2339300036162602,-24.683015891780069,-5.9010245044392455,-38.245414336075214,21.606127140202922
2,1,F4,P0,2,0.4140625,-6.5620826316438032,-25.399140465404379,-6.3690943605866757,-39.000427297277774,21.549190263934904
2,1,F4,P0,2,0.41796875,-6.8323770363444103,-25.967182905420547,-6.7646036077172518,-39.710620572694857,21.579269953675002
2,1,F4,P0,2,0.421875,-7.2034827356438278,-26.369654397458039,-7.0823162340652948,-40.368512465317174,21.698162737540414
2,1,F4,P0,2,0.42578125,-7.8513341737603222,-26.593103371370624,-7.3173267654373042,-40.966667531316816,21.970783090941673
2,1,F4,P0,2,0.4296875,-8.8402533082614791,-26.626310287712553,-7.4650899125683763,-41.497755178222597,22.47143972476875
2,1,F4,P0,2,0.43359375,-9.9803314092805859,-26.472944432341468,-7.5214479840063913,-41.954608812942062,23.061466926847345
2,1,F4,P0,2,0.4375,-10.759610793030559,-26.160368619014687,-7.4826558429492254,-42.342090928575381,23.740470460802779
2,1,F4,P0,2,0.44140625,-10.439481483605036,-25.725102391475961,-7.3454032064093004,-42.65593785423205,24.507711271640058
2,1,F4,P0,2,0.4453125,-8.3361021327541351,-25.180279991697319,-7.1068341072241576,-42.881988994644921,25.36211617692982
2,1,F4,P0,2,0.44921875,-4.1927143769587758,-24.489984505044312,-6.7645633635323428,-43.014639553338306,26.302289828109743
2,1,F4,P0,2,0.453125,1.5584277183720006,-23.573155662286013,-6.3166899261383218,-43.048679078137447,27.326527861646088
2,1,F4,P0,2,0.45703125,7.8438432770168243,-22.342630455530436,-5.7618070014076732,-42.979336174362928,28.432831154815414
2,1,F4,P0,2,0.4609375,13.342833292612536,-20.762570084964864,-5.0990088756689183,-42.802320080473564,29.618921096284488
2,1,F4,P0,2,0.46484375,17.028940976960627,-18.889538419699957,-4.327894396228241,-42.513858644462658,30.882255777535146
2,1,F4,P0,2,0.46875,18.55165484861422,-16.863714132613818,-3.4485670936995554,-42.110732275369976,32.220047007545752
2,1,F4,P0,2,0.47265625,18.273444168887902,-14.845990596326347,-2.4616319600815064,-41.38067564469663,33.62927805004508
2,1,F4,P0,2,0.4765625,17.010134969077285,-12.936966358497427,-1.3681889265345626,-40.515978543185682,35.106721980133699
2,1,F4,P0,2,0.48046875,15.666819482219228,-11.128981763197709,-0.1698231137915403,-39.507242862349258,36.648960555156677
2,1,F4,P0,2,0.484375,14.944983257290888,-9.3181851986192523,1.1314080437525571,-38.521092737737099,38.252403493432638
2,1,F4,P0,2,0.48828125,15.189989614762366,-7.3654647670525444,2.5329906722974167,-37.406776311090269,39.913308053821112
2,1,F4,P0,2,0.4921875,16.354281082762007,-5.1711041993150539,4.031973177820678,-36.165216583358166,41.716154522967393
2,1,F4,P0,2,0.49609375,18.027195650420236,-2.7230052292147664,5.6249876330823803,-34.798049751094119,43.666942040947347
2,1,F4,P0,2,0.5,19.51858338412222,-0.092553498936430251,7.3082736336744185,-33.307613604054147,45.662827669066594
2,1,F4,P0,2,0.50390625,20.024867988089238,2.6142456318576679,9.0777044049091327,-31.696929743061268,47.699355595639013
2,1,F4,P0,2,0.5078125,18.895248897288756,5.3112436396530018,10.928814924349028,-29.9696798360347,49.772036277511162
2,1,F4,P0,2,0.51171875,15.939061348781701,7.9543809869266164,12.856831810386607,-28.130176201207224,51.876365507356276
2,1,F4,P0,2,0.515625,11.622910796151537,10.528359517368225,14.856704715619458,-26.183327073174837,54.007842948438572
2,1,F4,P0,2,0.51953125,6.9933218522496698,13.027017348019948,16.923138954920699,-24.134596968535305,56.127197166502519
2,1,F4,P0,2,0.5234375,3.2943465729008694,15.453767947206529,19.050629092137594,-21.989962622579228,58.270533607364662
2,1,F4,P0,2,0.52734375,1.4629591731272498,17.835143157261943,21.233493206274652,-19.839008043351406,60.441369734864011
2,1,F4,P0,2,0.53125,1.7895658780048438,20.217065267266459,23.465907557817964,-17.612421244682707,62.63479930210864
2,1,F4,P0,2,0.53515625,3.9159054633972672,22.630471150862867,25.741941378477819,-15.311147839784693,64.845966214104578
2,1,F4,P0,2,0.5390625,7.1151152936495938,25.052809324041259,28.055591512976925,-12.942212954380381,67.070083627504559
2,1,F4,P0,2,0.54296875,10.653204955787697,27.408217330858786,30.400816649474582,-10.512885411108069,69.302452077023872
2,1,F4,P0,2,0.546875,14.04512586199874,29.620247157418937,32.771570885636649,-8.030624646337948,71.511752850179263
2,1,F4,P0,2,0.55078125,17.129028383767089,31.68210417345184,35.161836390061758,-5.5030272055603247,73.693964746994652
2,1,F4,P0,2,0.5546875,19.99093458054686,33.685149596328621,37.565654933551762,-2.9377733561051897,75.862093884622382
2,1,F4,P0,2,0.55859375,22.823794370335467,35.772267628703517,39.977158081346353,-0.3425743411381279,78.012687777425072
2,1,F4,P0,2,0.5625,25.798405590621542,38.043293355961211,42.390595855684616,2.2387124083505103,80.142456456391159
2,1,F4,P0,2,0.56640625,28.986163008162851,40.482985716871262,44.800363697661581,4.7844052181056957,82.248279234598243
2,1,F4,P0,2,0.5703125,32.335331152796293,42.961977830646212,47.201027578044545,7.3347892321165453,84.327210418962821
2,1,F4,P0,2,0.57421875,35.68501094824132,45.295185055470149,49.587347128241483,9.8826758089712872,86.376483979310294
2,1,F4,P0,2,0.578125,38.808785056827872,47.30269530361236,51.954296684694604,12.421097835539866,88.393517191608666
2,1,F4,P0,2,0.58203125,41.495346884612182,48.844225223331698,54.297084162342536,14.943348527177683,90.375913277716535
2,1,F4,P0,2,0.5859375,43.668225442039862,49.845191121213198,56.611167695189508,17.364408679474803,92.321463069158497
2,1,F4,P0,2,0.58984375,45.510927312991065,50.336739091332788,58.89227000418807,19.748638270039777,94.228145727238001
2,1,F4,P0,2,0.59375,47.521528787722112,50.494097199228129,61.136390474339279,22.103436355087251,96.09412855619486
2,1,F4,P0,2,0.59765625,50.4151963742571,50.628966257987507,63.339814943918817,24.412730599746023,97.917765950098101
2,1,F4,P0,2,0.6015625,54.853031438634929,51.105930975889784,65.499123228838172,26.670840601576074,99.697597517712495
2,1,F4,P0,2,0.60546875,61.088558615784116,52.199796262214726,67.611194424159379,28.82720377295238,101.43234543268012
2,1,F4,P0,2,0.609375,68.726027199817452,53.95985798275975,69.673210042533526,30.8504766531473,103.12091105900795
2,1,F4,P0,2,0.61328125,76.781192816794615,56.16557685769822,71.682655065684528,32.820454786588058,104.76237090404398
2,1,F4,P0,2,0.6171875,84.070885099562929,58.419530778571023,73.637316999886238,34.734160194486819,106.35597195286122
2,1,F4,P0,2,0.62109375,89.723090597877942,60.337501353300013,75.535283039595129,36.589027725696788,107.90112643925441
2,1,F4,P0,2,0.625,93.500578751559189,61.72446471821678,77.374935454923303,38.382900085156763,109.39740610939685
2,1,F4,P0,2,0.62890625,95.772189026914958,62.633304585513166,79.15494532842807,40.114019699812957,110.84453603461931
2,1,F4,P0,2,0.6328125,97.21347647895459,63.28638698018603,80.874264774728232,41.781017688320695,112.25078109668361
2,1,F4,P0,2,0.63671875,98.458112953270387,63.930205217160633,82.532117782735966,43.382900219397698,113.61185755805569
2,1,F4,P0,2,0.640625,99.882161034401335,64.723176133774743,84.12798982483811,45.007352822768013,114.92346663912862
2,1,F4,P0,2,0.64453125,101.57314453666758,65.713122440816306,85.661616380215946,46.62577205709016,116.18587044512569
2,1,F4,P0,2,0.6484375,103.42841788384108,66.886621325538854,87.132970520717635,48.173913963368868,117.42942378958786
2,1,F4,P0,2,0.65234375,105.28989400361894,68.226831086343282,88.54224970737188,49.652000480517827,118.83467250572568
2,1,F4,P0,2,0.65625,107.04111524053477,69.728228353987745,89.889861943848388,51.060552353261514,120.18457668468612
2,1,F4,P0,2,0.66015625,108.63688510351052,71.366010041106151,91.17641143003425,52.400365808409063,121.47970317719398
2,1,F4,P0,2,0.6640625,110.0789239048887,73.060117517517398,92.40268385452292,53.672488603519739,122.72175924245543
2,1,F4,P0,2,0.66796875,111.37374920187217,74.677510109640934,93.569631459329671,54.889221947061209,123.9219031731807
2,1,F4,P0,2,0.671875,112.50523735568959,76.082887678507902,94.678358003680955,56.135991508212889,125.06919435668517
2,1,F4,P0,2,0.67578125,113.43644529830294,77.205594729678751,95.730103746413349,57.366084362695581,126.16462604640353
2,1,F4,P0,2,0.6796875,114.13904415184686,78.073371274321772,96.726230558496155,58.374187063279273,127.20927747533092
2,1,F4,P0,2,0.68359375,114.63647508978536,78.787137810630298,97.668207268593875,59.233511712701635,128.15910675010417
2,1,F4,P0,2,0.6875,115.03460447872344,79.454656286096977,98.557595335548811,60.036240662370744,128.92131014918579
2,1,F4,P0,2,0.69140625,115.50742899346567,80.127017012519602,99.396034932317548,60.787690196954465,129.64479345569728
2,1,F4,P0,2,0.6953125,116.21903685264668,80.775761076781052,100.18523151636583,61.542343402041574,130.33075671243267
2,1,F4,P0,2,0.69921875,117.19956241217645,81.324002396008524,100.92694295193016,62.274047412310068,130.98042275347638
2,1,F4,P0,2,0.703125,118.23554031774398,81.714180004594368,101.62296724000723,62.957515796161488,131.59503134961497
2,1,F4,P0,2,0.70703125,118.85617662222089,81.966400875923995,102.2751309025315,63.595048478282628,132.17583366221973
2,1,F4,P0,2,0.7109375,118.47311317484068,82.181072568171402,102.88527805804448,64.188941553313967,132.72408701497486
2,1,F4,P0,2,0.71484375,116.65603206293468,82.483807107869183,103.45526021732685,64.72886460015954,133.2410499902094
2,1,F4,P0,2,0.71875,113.42248460298707,82.959724539466919,103.98692681903208,65.173260748102791,133.72981338878577
2,1,F4,P0,2,0.72265625,109.3488948842401,83.622134837338791,104.48211651738691,65.584355736825998,134.19267244280911
2,1,F4,P0,2,0.7265625,105.35946147614968,84.416847285556713,104.94264922656598,65.964227834590602,134.62771614765779
2,1,F4,P0,2,0.73046875,102.25811668847362,85.240077433932584,105.37031891944234,66.314886021972569,135.03617541942793
2,1,F4,P0,2,0.734375,100.30615387018111,85.964581372490258,105.7668871720975,66.638264508906204,135.41926291624989
2,1,F4,P0,2,0.73828125,99.163132292954799,86.48089974125412,106.13407743976269,66.936218429056453,135.77817005163297
2,1,F4,P0,2,0.7421875,98.220033771802591,86.741863090247236,106.4735700447725,67.210520629957472,136.11406432145554
2,1,F4,P0,2,0.74609375,97.030918389561847,86.781698824918877,106.78699785264376,67.462859473249267,136.42808693573681
2,1,F4,P0,2,0.75,95.523477778074422,86.696709552775914,107.07594260854472,67.694837556832013,136.72135074508554
2,1,F4,P0,2,0.75390625,93.919469993594134,86.600950597786436,107.34193190317922,67.907971269701633,136.99493845064271
2,1,F4,P0,2,0.7578125,92.520494625801447,86.576854060390829,107.58643673446112,68.103691090487459,137.24990108541959
2,1,F4,P0,2,0.76171875,91.53464323879993,86.636023927500403,107.81086962927034,68.283342542131521,137.48725675417359
2,1,F4,P0,2,0.765625,91.014324569277107,86.707371208465162,108.01658328803853,68.448187717576374,137.70798961835339
2,1,F4,P0,2,0.76953125,90.883119349899331,86.664416645834237,108.20486971387199,68.599407294611325,137.91304911217983
2,1,F4,P0,2,0.7734375,90.999536174288409,86.377441581953249,108.37695978735405,68.738102962016882,138.10334937559742
2,1,F4,P0,2,0.77734375,91.21869709458106,85.756763595892949,108.53402324803214,68.865300183700157,138.27976888962974
2,1,F4,P0,2,0.78125,91.436003920151464,84.769212209433007,108.67716904385424,68.981951232493486,138.44315029958756
2,1,F4,P0,2,0.78515625,91.609385022823218,83.438685484086221,108.80744601043008,69.08893843056947,138.59430041160459
2,1,F4,P0,2,0.7890625,91.757938976862448,81.845514422865563,108.92584384291482,69.187077538890264,138.73399034810399
2,1,F4,P0,2,0.79296875,91.935910630313984,80.122502986617732,109.03329432450623,69.277121243653326,138.86295584801616
2,1,F4,P0,2,0.796875,92.189906229593319,78.437379935200752,109.13067277697164,69.359762693226614,138.98189769786947
