task,method,family,time_s,truth_F3,restored_F3
1,P0,broad_common,-0.19921875,-8.8246661217973192e-05,0.47359739970979708
1,P0,broad_common,-0.1953125,-8.8246287091138103e-05,0.4542294569131291
1,P0,broad_common,-0.19140625,-8.8245768975815932e-05,0.43486243519557699
1,P0,broad_common,-0.1875,-8.8245053201136225e-05,0.41549832983161794
1,P0,broad_common,-0.18359375,-8.8244066766710668e-05,0.39613914598297573
1,P0,broad_common,-0.1796875,-8.8242710635318155e-05,0.37678689845798474
1,P0,broad_common,-0.17578125,-8.8240850790805139e-05,0.35744361146999415
1,P0,broad_common,-0.171875,-8.823830634926531e-05,0.33811131839553843
1,P0,broad_common,-0.16796875,-8.8234833795879002e-05,0.31879206153324113
1,P0,broad_common,-0.1640625,-8.82301061424104e-05,0.29948789186467772
1,P0,broad_common,-0.16015625,-8.8223685444779331e-05,0.28020086881879269
1,P0,broad_common,-0.15625,-8.8214986665776743e-05,0.26093306004191397
1,P0,broad_common,-0.15234375,-8.8203230289341845e-05,0.24168654117598831
1,P0,broad_common,-0.1484375,-8.8187380358286128e-05,0.22246339564840412
1,P0,broad_common,-0.14453125,-8.8166063678042544e-05,0.20326571447768726
1,P0,broad_common,-0.140625,-8.81374647572311e-05,0.18409559610053661
1,P0,broad_common,-0.13671875,-8.8099189583302302e-05,0.16495514622713703
1,P0,broad_common,-0.1328125,-8.8048089487386232e-05,0.14584647773353199
1,P0,broad_common,-0.12890625,-8.7980034050945096e-05,0.12677171060214221
1,P0,broad_common,-0.125,-8.78896191444882e-05,0.10773297192437825
1,P0,broad_common,-0.12109375,-8.7769792641391074e-05,0.088732395982843659
1,P0,broad_common,-0.1171875,-8.76113759696201e-05,0.069772124435008021
1,P0,broad_common,-0.11328125,-8.7402454274870624e-05,0.050854306625619738
1,P0,broad_common,-0.109375,-8.7127601362182254e-05,0.031981100061730938
1,P0,broad_common,-0.10546875,-8.6766897514776287e-05,0.013154671092283632
1,P0,broad_common,-0.1015625,-8.6294688472442641e-05,-0.0056228041559784891
1,P0,broad_common,-0.09765625,-8.5678021954426899e-05,-0.024349138522615554
1,P0,broad_common,-0.09375,-8.4874683748635321e-05,-0.043022132159586945
1,P0,broad_common,-0.08984375,-8.3830738118032843e-05,-0.061639570384038667
1,P0,broad_common,-0.0859375,-8.2477456591877402e-05,-0.080199220921795433
1,P0,broad_common,-0.08203125,-8.0727494542229408e-05,-0.098698830400917537
1,P0,broad_common,-0.078125,-7.8470145652017681e-05,-0.11713611992536777
1,P0,broad_common,-0.07421875,-7.5565469742505092e-05,-0.13550877952420537
1,P0,broad_common,-0.0703125,-7.183704865203891e-05,-0.15381446123094689
1,P0,broad_common,-0.06640625,-6.7063077075764829e-05,-0.1720507704999461
1,P0,broad_common,-0.0625,-6.096543954634337e-05,-0.1902152556109149
1,P0,broad_common,-0.05859375,-5.3196360051275304e-05,-0.20830539464802245
1,P0,broad_common,-0.0546875,-4.3322136080037222e-05,-0.22631857956531176
1,P0,broad_common,-0.05078125,-3.0803383070046105e-05,-0.24425209676433335
1,P0,broad_common,-0.046875,-1.4971117151087499e-05,-0.26210310351183796
1,P0,broad_common,-0.04296875,5.0021073420780063e-06,-0.27986859941393805
1,P0,broad_common,-0.0390625,3.013691498149683e-05,-0.29754539203727326
1,P0,broad_common,-0.03515625,6.1688731653660437e-05,-0.31513005562644691
1,P0,broad_common,-0.03125,0.00010119752047305799,-0.33261888170945442
1,P0,broad_common,-0.02734375,0.00015054701384791365,-0.35000782020839072
1,P0,broad_common,-0.0234375,0.00021203501603606748,-0.3672924094810246
1,P0,broad_common,-0.01953125,0.00028845655946762065,-0.38446769350989696
1,P0,broad_common,-0.015625,0.00038320192382404299,-0.40152812422988049
1,P0,broad_common,-0.01171875,0.00050037176830552684,-0.41846744674369285
1,P0,broad_common,-0.0078125,0.00064491188295223711,-0.43527856491942707
1,P0,broad_common,-0.00390625,0.00082277033175393011,-0.45195338459729095
1,P0,broad_common,0,0.0010410800350754289,-0.46848263135795332
1,P0,broad_common,0.00390625,0.0013083701170400008,-0.48485563952677735
1,P0,broad_common,0.0078125,0.0016348096191164307,-0.50106010881262408
1,P0,broad_common,0.01171875,0.0020324874470538626,-0.51708182471400566
1,P0,broad_common,0.015625,0.0025157326658223878,-0.53290433857785358
1,P0,broad_common,0.01953125,0.0031014794760796578,-0.54850860297731119
1,P0,broad_common,0.0234375,0.0038096813839603063,-0.56387255789667767
1,P0,broad_common,0.02734375,0.0046637792000302596,-0.57897066308758527
1,P0,broad_common,0.03125,0.0056912275577049838,-0.59377337190604251
1,P0,broad_common,0.03515625,0.006924084609284069,-0.60824654197211236
1,P0,broad_common,0.0390625,0.0083996694204497204,-0.62235077813130912
1,P0,broad_common,0.04296875,0.010161291321711086,-0.63604070345915931
1,P0,broad_common,0.046875,0.012259055066881616,-0.64926415445875696
1,P0,broad_common,0.05078125,0.014750745072586859,-0.66196129717725505
1,P0,broad_common,0.0546875,0.017702791247131613,-0.67406366173287946
1,P0,broad_common,0.05859375,0.021191317940287183,-0.68549309372082901
1,P0,broad_common,0.0625,0.025303276337228838,-0.69616062217475738
1,P0,broad_common,0.06640625,0.030137659161360731,-0.70596524521900861
1,P0,broad_common,0.0703125,0.03580679482628478,-0.71479263627127798
1,P0,broad_common,0.07421875,0.042437716174656699,-0.72251377565785324
1,P0,broad_common,0.078125,0.050173596653954745,-0.72898351479133128
1,P0,broad_common,0.08203125,0.059175244205112429,-0.73403908263475603
1,P0,broad_common,0.0859375,0.069622640285593881,-0.73749854703050355
1,P0,broad_common,0.08984375,0.081716508328268739,-0.73915924659245169
1,P0,broad_common,0.09375,0.095679892575364078,-0.73879621222205438
1,P0,broad_common,0.09765625,0.11175972465742896,-0.73616060087826662
1,P0,broad_common,0.1015625,0.13022835155676948,-0.73097816796176129
1,P0,broad_common,0.10546875,0.15138499476159076,-0.72294780850708174
1,P0,broad_common,0.109375,0.17555710655226667,-0.71174020124119108
1,P0,broad_common,0.11328125,0.20310158554882221,-0.69699659337922748
1,P0,broad_common,0.1171875,0.23440580998568014,-0.67832776769129843
1,P0,broad_common,0.12109375,0.26988844377492105,-0.65531323677895381
1,P0,broad_common,0.125,0.30999996739272595,-0.62750071252656836
1,P0,broad_common,0.12890625,0.35522288310468714,-0.594405901211847
1,P0,broad_common,0.1328125,0.40607154217099056,-0.55551267663436388
1,P0,broad_common,0.13671875,0.46309154058330759,-0.51027368471020607
1,P0,broad_common,0.140625,0.52685862972415864,-0.45811143314189495
1,P0,broad_common,0.14453125,0.59797708924654547,-0.39841991886571471
1,P0,broad_common,0.1484375,0.67707751158008256,-0.33056684387016366
1,P0,broad_common,0.15234375,0.76481395090145077,-0.25389646654766374
1,P0,broad_common,0.15625,0.86186039426704042,-0.1677331308816119
1,P0,broad_common,0.16015625,0.96890651897765756,-0.071385509398865121
1,P0,broad_common,0.1640625,1.0866527081857125,0.035848412122781781
1,P0,broad_common,0.16796875,1.2158043062886634,0.15467558973593754
1,P0,broad_common,0.171875,1.3570651067659907,0.28580140885107519
1,P0,broad_common,0.17578125,1.5111300777564007,0.42992240950684457
1,P0,broad_common,0.1796875,1.6786773447379928,0.58771826874601141
1,P0,broad_common,0.18359375,1.8603594650195001,0.75984307480518454
1,P0,broad_common,0.1875,2.0567940451785791,0.94691594425436065
1,P0,broad_common,0.19140625,2.2685537698465992,1.1495110504858188
1,P0,broad_common,0.1953125,2.4961559280427563,1.3681471497552662
1,P0,broad_common,0.19921875,2.7400515412615047,1.6032767089793554
1,P0,broad_common,0.203125,3.000614215332559,1.8552747573089208
1,P0,broad_common,0.20703125,3.2781288552821661,2.1244276007067864
1,P0,broad_common,0.2109375,3.5727803985804858,2.4109215549151344
1,P0,broad_common,0.21484375,3.8846427367963487,2.7148318668338494
1,P0,broad_common,0.21875,4.2136680083235269,3.0361120069741578
1,P0,broad_common,0.22265625,4.559676455022581,3.3745835258317869
1,P0,broad_common,0.2265625,4.9223470428877905,3.7299266742893318
1,P0,broad_common,0.23046875,5.3012090507799288,4.1016719920887503
1,P0,broad_common,0.234375,5.6956348314888539,4.4891930686380981
1,P0,broad_common,0.23828125,6.1048339455913805,4.8917006766181412
1,P0,broad_common,0.2421875,6.5278488605098239,5.3082384707943344
1,P0,broad_common,0.24609375,6.9635523947008453,5.7376804319638683
1,P0,broad_common,0.25,7.4106470699558837,6.1787302190191902
1,P0,broad_common,0.25390625,7.8676665134227095,6.6299225707375218
1,P0,broad_common,0.2578125,8.3329790253232616,7.0896268732715857
1,P0,broad_common,0.26171875,8.8047933987233264,7.5560529796970712
1,P0,broad_common,0.265625,9.2811670444977405,8.0272593347604317
1,P0,broad_common,0.26953125,9.7600164383370061,8.5011634216729544
1,P0,broad_common,0.2734375,10.23912986787084,8.9755545090263897
1,P0,broad_common,0.27734375,10.716182417450387,9.4481086353719377
1,P0,broad_common,0.28125,11.188753086626948,9.9164057275001962
1,P0,broad_common,0.28515625,11.654343896749801,10.377948706844673
1,P0,broad_common,0.2890625,12.11040079928576,10.830184397611367
1,P0,broad_common,0.29296875,12.554336160369258,11.27052601114312
1,P0,broad_common,0.296875,12.983552559656909,11.696376944592714
1,P0,broad_common,0.30078125,13.395467608693766,12.105155599111862
1,P0,broad_common,0.3046875,13.78753946556021,12.494320894325028
1,P0,broad_common,0.30859375,14.157292699345412,12.861398132634134
1,P0,broad_common,0.3125,14.502344140675415,13.204004849582198
1,P0,broad_common,0.31640625,14.820428343681277,13.519876275661515
1,P0,broad_common,0.3203125,15.109422280857933,13.806890031017183
1,P0,broad_common,0.32421875,15.367368895516337,14.063089677748641
1,P0,broad_common,0.328125,15.59249914708278,14.286706765063368
1,P0,broad_common,0.33203125,15.783252202291038,14.476181020328562
1,P0,broad_common,0.3359375,15.938293450110441,14.630178363864092
1,P0,broad_common,0.33984375,16.056530049648945,14.747606456715982
1,P0,broad_common,0.34375,16.137123757693107,14.827627528072535
1,P0,broad_common,0.34765625,16.17950082527171,14.869668271709974
1,P0,broad_common,0.3515625,16.183358799797041,14.873426648021733
1,P0,broad_common,0.35546875,16.148670119972678,14.838875478820377
1,P0,broad_common,0.359375,16.075682443695321,14.766262775139655
1,P0,broad_common,0.36328125,15.964915703493348,14.656108792579509
1,P0,broad_common,0.3671875,15.817155938477006,14.509199863168762
1,P0,broad_common,0.37109375,15.633446005160433,14.326579106105759
1,P0,broad_common,0.375,15.415073320719161,14.109534170940407
1,P0,broad_common,0.37890625,15.16355484018853,13.859582214702938
1,P0,broad_common,0.3828125,14.880619512794645,13.578452358170898
1,P0,broad_common,0.38671875,14.568188501155307,13.26806590501155
1,P0,broad_common,0.390625,14.22835347974047,12.930514640189132
1,P0,broad_common,0.39453125,13.863353355137043,12.568037550181558
1,P0,broad_common,0.3984375,13.475549769879951,12.182996326768309
1,P0,broad_common,0.40234375,13.067401763621262,11.777850028161195
1,P0,broad_common,0.40625,12.641439970117306,11.355129275957742
1,P0,broad_common,0.41015625,12.200240725999139,10.917410363882466
1,P0,broad_common,0.4140625,11.746400457800828,10.467289644790453
1,P0,broad_common,0.41796875,11.282510697655662,10.007358546343287
1,P0,broad_common,0.421875,10.811134055976785,9.5401795436738173
1,P0,broad_common,0.42578125,10.334781451983384,9.0682633899009435
1,P0,broad_common,0.4296875,9.8558908708856823,8.5940478733076926
1,P0,broad_common,0.43359375,9.3768078807491602,8.1198783342031291
1,P0,broad_common,0.4375,8.8997681034222857,7.6479901358524227
1,P0,broad_common,0.44140625,8.4268817933622913,7.1804932433097761
1,P0,broad_common,0.4453125,7.9601206366638309,6.7193590224590913
1,P0,broad_common,0.44921875,7.5013068409985006,6.2664093299705268
1,P0,broad_common,0.453125,7.0521045463797751,5.8233079240875512
1,P0,broad_common,0.45703125,6.6140135474850439,5.3915541869762817
1,P0,broad_common,0.4609375,6.1883652814219028,4.9724791125243231
1,P0,broad_common,0.46484375,5.7763210009527892,4.5672434796032046
1,P0,broad_common,0.46875,5.3788720228187366,4.1768381004352371
1,P0,broad_common,0.47265625,4.9968419143458522,3.8020860072483522
1,P0,broad_common,0.4765625,4.6308904592771549,3.4436464181615078
1,P0,broad_common,0.48046875,4.2815192259320058,3.1020203054028372
1,P0,broad_common,0.484375,3.9490785474264012,2.7775573755936822
1,P0,broad_common,0.48828125,3.6337757147534666,2.4704642628977602
1,P0,broad_common,0.4921875,3.3356841788893408,2.1808137312004869
1,P0,broad_common,0.49609375,3.0547535575314049,1.9085546809252834
1,P0,broad_common,0.5,2.7908202452936641,1.6535227593114965
1,P0,broad_common,0.50390625,2.5436184328149669,1.4154513796094781
1,P0,broad_common,0.5078125,2.3127913498681401,1.1939829642807402
1,P0,broad_common,0.51171875,2.0979025597455201,0.98868023947851569
1,P0,broad_common,0.515625,1.8984471464720847,0.79903742235978781
1,P0,broad_common,0.51953125,1.71386265228722,0.62449115866970617
1,P0,broad_common,0.5234375,1.5435396398716039,0.46443108507474617
1,P0,broad_common,0.52734375,1.3868317715242784,0.31820990844960129
1,P0,broad_common,0.53125,1.2430653154909848,0.1851529123188036
1,P0,broad_common,0.53515625,1.1115480075165203,0.064566818525770397
1,P0,broad_common,0.5390625,0.99157721309052838,-0.044252050401387244
1,P0,broad_common,0.54296875,0.88244735247244732,-0.1420103461015505
1,P0,broad_common,0.546875,0.78345656616058501,-0.22941102878490316
1,P0,broad_common,0.55078125,0.69391261280553029,-0.3071474691896241
1,P0,broad_common,0.5546875,0.61313800450231137,-0.37589831315658451
1,P0,broad_common,0.55859375,0.54047439582011803,-0.43632309246325374
1,P0,broad_common,0.5625,0.4752862527800919,-0.48905855570631651
1,P0,broad_common,0.56640625,0.41696383624995254,-0.53471568476427622
1,P0,broad_common,0.5703125,0.36492554090637513,-0.57387735568911502
1,P0,broad_common,0.57421875,0.31861963607259514,-0.60709659771960878
1,P0,broad_common,0.578125,0.27752545844817028,-0.63489540039939119
1,P0,broad_common,0.58203125,0.24115410911162896,-0.65776401641907389
1,P0,broad_common,0.5859375,0.20904870831367475,-0.67616070666482653
1,P0,broad_common,0.58984375,0.18078426162011213,-0.69051187391432878
1,P0,broad_common,0.59375,0.15596719004873241,-0.70121253253591087
1,P0,broad_common,0.59765625,0.13423457511542528,-0.708627063275721
1,P0,broad_common,0.6015625,0.11525316730353834,-0.71309020461897088
1,P0,broad_common,0.60546875,0.098718203534824453,-0.71490823514701063
1,P0,broad_common,0.609375,0.084352075881233626,-0.71436030465109379
1,P0,broad_common,0.61328125,0.071902890136332429,-0.71169987538413926
1,P0,broad_common,0.6171875,0.061142949074512794,-0.70715623862242349
1,P0,broad_common,0.62109375,0.051867191364693817,-0.70093607557061111
1,P0,broad_common,0.625,0.043891613259574316,-0.69322503548915781
1,P0,broad_common,0.62890625,0.037051696425393403,-0.68418930767923403
1,P0,broad_common,0.6328125,0.031200861671513452,-0.6739771675659374
1,P0,broad_common,0.63671875,0.026208964932483987,-0.6627204805272342
1,P0,broad_common,0.640625,0.021960848684407508,-0.65053615028689782
1,P0,broad_common,0.64453125,0.018354959068440611,-0.63752750159868787
1,P0,broad_common,0.6484375,0.015302036363393829,-0.62378558957988783
1,P0,broad_common,0.65234375,0.012723884104283061,-0.60939043039743046
1,P0,broad_common,0.65625,0.010552220084529352,-0.59441215006897652
1,P0,broad_common,0.66015625,0.0087276107002403451,-0.57891204992058221
1,P0,broad_common,0.6640625,0.0071984885844764215,-0.56294358875313755
1,P0,broad_common,0.66796875,0.0059202522224543813,-0.54655328302666328
1,P0,broad_common,0.671875,0.0048544452171506575,-0.52978152739308637
1,P0,broad_common,0.67578125,0.0039680120685759686,-0.51266333871426584
1,P0,broad_common,0.6796875,0.0032326267177362543,-0.49522902731433716
1,P0,broad_common,0.68359375,0.0026240896661083916,-0.47750479965559256
1,P0,broad_common,0.6875,0.0021217891915938469,-0.45951329691699261
1,P0,broad_common,0.69140625,0.0017082220212271191,-0.44127407411510466
1,P0,broad_common,0.6953125,0.0013685687692684217,-0.42280402445889154
1,P0,broad_common,0.69921875,0.0010903194878589065,-0.40411775359123592
1,P0,broad_common,0.703125,0.00086294478882714188,-0.3852279082586727
1,P0,broad_common,0.70703125,0.00067760816381254015,-0.36614546378222901
1,P0,broad_common,0.7109375,0.00052691534162566524,-0.346879974490506
1,P0,broad_common,0.71484375,0.00040469676442273243,-0.32743979103350274
1,P0,broad_common,0.71875,0.0003058195272367737,-0.30783224823268451
1,P0,broad_common,0.72265625,0.00022602539969201636,-0.2880638268485507
1,P0,broad_common,0.7265625,0.00016179182684873214,-0.26814029236879788
1,P0,broad_common,0.73046875,0.0001102130819887323,-0.2480668136443489
1,P0,broad_common,0.734375,6.8899012919155145e-05,-0.22784806393172241
1,P0,broad_common,0.73828125,3.5889081326146333e-05,-0.20748830664227125
1,P0,broad_common,0.7421875,9.579639113797432e-06,-0.18699146785442
1,P0,broad_common,0.74609375,-1.1337385373420868e-05,-0.16636119741606104
1,P0,broad_common,0.75,-2.7926005998445803e-05,-0.14560092025192306
1,P0,broad_common,0.75390625,-4.104932194821036e-05,-0.12471387929556155
1,P0,broad_common,0.7578125,-5.1405527048526472e-05,-0.10370317128776785
1,P0,broad_common,0.76171875,-5.9557866131864051e-05,-0.08257177652229819
1,P0,broad_common,0.765625,-6.5959474843658652e-05,-0.061322583475364123
1,P0,broad_common,0.76953125,-7.0973910402232618e-05,-0.039958409126455319
1,P0,broad_common,0.7734375,-7.4892066594659231e-05,-0.018482015663823237
1,P0,broad_common,0.77734375,-7.7946065637803869e-05,0.0031038758326875637
1,P0,broad_common,0.78125,-8.0320631350614235e-05,0.024796574226969792
1,P0,broad_common,0.78515625,-8.216237124624447e-05,0.04659340925249511
1,P0,broad_common,0.7890625,-8.358732855117914e-05,0.068491724167598633
1,P0,broad_common,0.79296875,-8.4687107720476051e-05,0.090488869836607311
1,P0,broad_common,0.796875,-8.5533827724080787e-05,0.11258219998248054
1,P0,narrow_antisym,-0.19921875,-3.7918893120355285e-33,0.17847203487565777
1,P0,narrow_antisym,-0.1953125,-3.7918893120355285e-33,0.17098486815719005
1,P0,narrow_antisym,-0.19140625,-3.7918893120355285e-33,0.16350896145534144
1,P0,narrow_antisym,-0.1875,-3.7918893120355285e-33,0.15604513966388056
1,P0,narrow_antisym,-0.18359375,-3.7918893120355285e-33,0.14859423007021022
1,P0,narrow_antisym,-0.1796875,-3.7918893120355285e-33,0.14115706224032476
1,P0,narrow_antisym,-0.17578125,-3.7918893120355285e-33,0.13373446790264698
1,P0,narrow_antisym,-0.171875,-3.7918893120355285e-33,0.12632728083076361
1,P0,narrow_antisym,-0.16796875,-3.7918893120355285e-33,0.11893633672507387
1,P0,narrow_antisym,-0.1640625,-3.7918893120355285e-33,0.11156247309336764
1,P0,narrow_antisym,-0.16015625,-3.7918893120355285e-33,0.10420652913035278
1,P0,narrow_antisym,-0.15625,-3.7918893120355285e-33,0.096869345596146239
1,P0,narrow_antisym,-0.15234375,-3.7918893120355285e-33,0.089551764693749591
1,P0,narrow_antisym,-0.1484375,-3.7918893120355285e-33,0.082254629945526569
1,P0,narrow_antisym,-0.14453125,-3.7918893120355285e-33,0.074978786068702896
1,P0,narrow_antisym,-0.140625,-3.7918893120355285e-33,0.067725078849906306
1,P0,narrow_antisym,-0.13671875,-3.7918893120355285e-33,0.060494355018769319
1,P0,narrow_antisym,-0.1328125,-3.7918893120355285e-33,0.053287462120614193
1,P0,narrow_antisym,-0.12890625,-3.7918893120355285e-33,0.046105248388242814
1,P0,narrow_antisym,-0.125,-3.7918893120355285e-33,0.038948562612851845
1,P0,narrow_antisym,-0.12109375,-3.7918893120355285e-33,0.031818254014095659
1,P0,narrow_antisym,-0.1171875,-3.7918893120355285e-33,0.024715172109319283
1,P0,narrow_antisym,-0.11328125,-3.7918893120355285e-33,0.017640166581984196
1,P0,narrow_antisym,-0.109375,-3.7918893120355285e-33,0.010594087149309317
1,P0,narrow_antisym,-0.10546875,-3.7918893120355285e-33,0.0035777834291540467
1,P0,narrow_antisym,-0.1015625,-3.7918893120355285e-33,-0.0034078951938306679
1,P0,narrow_antisym,-0.09765625,-3.7918893120355285e-33,-0.010362099702755923
1,P0,narrow_antisym,-0.09375,-3.7918893120355285e-33,-0.017283981583724128
1,P0,narrow_antisym,-0.08984375,-3.7918893120355285e-33,-0.024172692961711317
1,P0,narrow_antisym,-0.0859375,-3.7918893120355285e-33,-0.031027386737074392
1,P0,narrow_antisym,-0.08203125,-3.7918893120355285e-33,-0.037847216722668775
1,P0,narrow_antisym,-0.078125,-3.7918893120355279e-33,-0.04463133778155115
1,P0,narrow_antisym,-0.07421875,-3.7918893120355237e-33,-0.051378905965239752
1,P0,narrow_antisym,-0.0703125,-3.7918893120354827e-33,-0.058089078652498682
1,P0,narrow_antisym,-0.06640625,-3.7918893120350694e-33,-0.064761014688595187
1,P0,narrow_antisym,-0.0625,-3.791889312031053e-33,-0.071393874524977474
1,P0,narrow_antisym,-0.05859375,-3.7918893119929196e-33,-0.077986820359326248
1,P0,narrow_antisym,-0.0546875,-3.7918893116396631e-33,-0.084539016275957501
1,P0,narrow_antisym,-0.05078125,-3.7918893084464022e-33,-0.091049628386583259
1,P0,narrow_antisym,-0.046875,-3.7918892802794355e-33,-0.097517824971468436
1,P0,narrow_antisym,-0.04296875,-3.7918890378386609e-33,-0.10394277662101425
1,P0,narrow_antisym,-0.0390625,-3.7918870015938234e-33,-0.11032365637775643
1,P0,narrow_antisym,-0.03515625,-3.7918703133021178e-33,-0.11665963987866823
1,P0,narrow_antisym,-0.03125,-3.7917368536242989e-33,-0.12294990549755302
1,P0,narrow_antisym,-0.02734375,-3.7906953920064886e-33,-0.12919363448726717
1,P0,narrow_antisym,-0.0234375,-3.7827650826808195e-33,-0.13539001112157079
1,P0,narrow_antisym,-0.01953125,-3.723841485771215e-33,-0.14153822283665096
1,P0,narrow_antisym,-0.015625,-3.2966336755409165e-33,-0.14763746037267034
1,P0,narrow_antisym,-0.01171875,-2.7432776796247279e-34,-0.15368691791598377
1,P0,narrow_antisym,-0.0078125,2.0589086848291599e-32,-0.15968579324265464
1,P0,narrow_antisym,-0.00390625,1.6112213220766167e-31,-0.16563328786343601
1,P0,narrow_antisym,0,1.0847901942662442e-30,-0.17152860716945917
1,P0,narrow_antisym,0.00390625,7.0085307426870279e-30,-0.17737096057684265
1,P0,narrow_antisym,0.0078125,4.4078047114400913e-29,-0.18315956166790126
1,P0,narrow_antisym,0.01171875,2.7042605738633661e-28,-0.18889362832731715
1,P0,narrow_antisym,0.015625,1.6189954876262855e-27,-0.19457238287386536
1,P0,narrow_antisym,0.01953125,9.4587907532589855e-27,-0.20019505219155709
1,P0,narrow_antisym,0.0234375,5.3928955117204634e-26,-0.20576086786683623
1,P0,narrow_antisym,0.02734375,3.0005811896912245e-25,-0.21126906633849873
1,P0,narrow_antisym,0.03125,1.6292429325526261e-24,-0.2167188890624735
1,P0,narrow_antisym,0.03515625,8.6330332349772399e-24,-0.22210958268455727
1,P0,narrow_antisym,0.0390625,4.4641428839323361e-23,-0.22744039920385439
1,P0,narrow_antisym,0.04296875,2.2527337606757699e-22,-0.2327105961042405
1,P0,narrow_antisym,0.046875,1.1093759740626398e-21,-0.23791943643763569
1,P0,narrow_antisym,0.05078125,5.3314427719123332e-21,-0.24306618886468956
1,P0,narrow_antisym,0.0546875,2.5003905851196989e-20,-0.24815012769093292
1,P0,narrow_antisym,0.05859375,1.1443742195687891e-19,-0.25317053296433356
1,P0,narrow_antisym,0.0625,5.1112295194061665e-19,-0.25812669070140848
1,P0,narrow_antisym,0.06640625,2.2278185132104855e-18,-0.26301789326505498
1,P0,narrow_antisym,0.0703125,9.4761372270649299e-18,-0.2678434398281665
1,P0,narrow_antisym,0.07421875,3.9335074882095876e-17,-0.27260263675397367
1,P0,narrow_antisym,0.078125,1.5934033601313752e-16,-0.27729479766820042
1,P0,narrow_antisym,0.08203125,6.2989561266914838e-16,-0.28191924305914651
1,P0,narrow_antisym,0.0859375,2.4300127123260973e-15,-0.28647529945551409
1,P0,narrow_antisym,0.08984375,9.1484098975643808e-15,-0.29096229855316846
1,P0,narrow_antisym,0.09375,3.3610872930648255e-14,-0.29537957694247818
1,P0,narrow_antisym,0.09765625,1.2050666739739203e-13,-0.29972647710819589
1,P0,narrow_antisym,0.1015625,4.2163773131376835e-13,-0.30400234994753716
1,P0,narrow_antisym,0.10546875,1.4396766698021217e-12,-0.30820655817488862
1,P0,narrow_antisym,0.109375,4.7971972195010719e-12,-0.31233847895555
1,P0,narrow_antisym,0.11328125,1.5599378184865538e-11,-0.31639750354154927
1,P0,narrow_antisym,0.1171875,4.9502155286419559e-11,-0.32038303226621678
1,P0,narrow_antisym,0.12109375,1.5329854636091656e-10,-0.32429446536247231
1,P0,narrow_antisym,0.125,4.6328588918284115e-10,-0.32813119327969587
1,P0,narrow_antisym,0.12890625,1.3663350708736458e-09,-0.3318925930275537
1,P0,narrow_antisym,0.1328125,3.9324432734442953e-09,-0.33557803737819147
1,P0,narrow_antisym,0.13671875,1.1044977221503905e-08,-0.33918691955844749
1,P0,narrow_antisym,0.140625,3.0273615445263148e-08,-0.34271868705551001
1,P0,narrow_antisym,0.14453125,8.0976847018466032e-08,-0.34617286677242587
1,P0,narrow_antisym,0.1484375,2.1137544886916892e-07,-0.34954905486113319
1,P0,narrow_antisym,0.15234375,5.3844993687186476e-07,-0.35284684276563116
1,P0,narrow_antisym,0.15625,1.3385457678773835e-06,-0.35606565561694803
1,P0,narrow_antisym,0.16015625,3.2472687082632564e-06,-0.35920447770563924
1,P0,narrow_antisym,0.1640625,7.6877692107364827e-06,-0.36226140309028765
1,P0,narrow_antisym,0.16796875,1.7761496484915766e-05,-0.36523283060624678
1,P0,narrow_antisym,0.171875,4.0045698992641627e-05,-0.36811186202297075
1,P0,narrow_antisym,0.17578125,8.811083367200748e-05,-0.37088499664797692
1,P0,narrow_antisym,0.1796875,0.00018919072851608109,-0.37352548647610317
1,P0,narrow_antisym,0.18359375,0.00039643089784754829,-0.37598066888677451
1,P0,narrow_antisym,0.1875,0.00081064787756396643,-0.37814916928787279
1,P0,narrow_antisym,0.19140625,0.0016176855689130944,-0.37984198678881975
1,P0,narrow_antisym,0.1953125,0.0031503084630472586,-0.38071905722523625
1,P0,narrow_antisym,0.19921875,0.0059869985908215118,-0.38018990647987272
1,P0,narrow_antisym,0.203125,0.011103562445015468,-0.37726366347428508
1,P0,narrow_antisym,0.20703125,0.020096139191092155,-0.37033067861893409
1,P0,narrow_antisym,0.2109375,0.035494415449328451,-0.35685674843841475
1,P0,narrow_antisym,0.21484375,0.061179304255658283,-0.33297390437269458
1,P0,narrow_antisym,0.21875,0.10290729123576203,-0.29296214509143914
1,P0,narrow_antisym,0.22265625,0.16892147577676753,-0.2286378164353825
1,P0,narrow_antisym,0.2265625,0.27059557764291625,-0.12869888430176746
1,P0,narrow_antisym,0.23046875,0.42301291756982323,0.021875534624650861
1,P0,narrow_antisym,0.234375,0.64533270003688492,0.24221980528326148
1,P0,narrow_antisym,0.23828125,0.96075094838098007,0.55556921241996904
1,P0,narrow_antisym,0.2421875,1.3958381983163819,0.98861067923850132
1,P0,narrow_antisym,0.24609375,1.9790485275897758,1.5699807716683445
1,P0,narrow_antisym,0.25,2.7382614695025289,2.3277680239814247
1,P0,narrow_antisym,0.25390625,3.6973494112317908,3.2860177823130656
1,P0,narrow_antisym,0.2578125,4.8719540252498081,4.4604397258075164
1,P0,narrow_antisym,0.26171875,6.2648831540779835,5.8537534943987461
1,P0,narrow_antisym,0.265625,7.8617617208438118,7.4513295802872248
1,P0,narrow_antisym,0.26953125,9.6277296270958388,9.2179319381178377
1,P0,narrow_antisym,0.2734375,11.506016745808795,11.096388107007165
1,P0,narrow_antisym,0.27734375,13.419094932637593,13.008862660738997
1,P0,narrow_antisym,0.28125,15.272796186988316,14.861084973271183
1,P0,narrow_antisym,0.28515625,16.963325456502236,16.549420051148108
1,P0,narrow_antisym,0.2890625,18.386562406858239,17.970150375685183
1,P0,narrow_antisym,0.29296875,19.448548452499729,19.029863639131776
1,P0,narrow_antisym,0.296875,20.0757118521494,19.655525802647169
1,P0,narrow_antisym,0.30078125,20.223290546910562,19.80274624485337
1,P0,narrow_antisym,0.3046875,19.880614154564473,19.460947976888939
1,P0,narrow_antisym,0.30859375,19.072379473733861,18.654614778661848
1,P0,narrow_antisym,0.3125,17.855707746795304,17.440413117467262
1,P0,narrow_antisym,0.31640625,16.313470663492254,15.900653975545046
1,P0,narrow_antisym,0.3203125,14.544968028537191,14.134132305036928
1,P0,narrow_antisym,0.32421875,12.655411845844309,12.245746845746757
1,P0,narrow_antisym,0.328125,10.745754204517105,10.336397239107933
1,P0,narrow_antisym,0.33203125,8.9041943195860718,8.494478067379621
1,P0,narrow_antisym,0.3359375,7.2002812937697875,6.7898987185479376
1,P0,narrow_antisym,0.33984375,5.6820022964148205,5.271052213730937
1,P0,narrow_antisym,0.34375,4.375729369040168,3.9646470866103662
1,P0,narrow_antisym,0.34765625,3.2884906403790684,2.8779018087066
1,P0,narrow_antisym,0.3515625,2.4117921306727386,2.0023443745117517
1,P0,narrow_antisym,0.35546875,1.7261568054659591,1.3183802670841054
1,P0,narrow_antisym,0.359375,1.2056402080427286,0.79986947487214566
1,P0,narrow_antisym,0.36328125,0.82177383440384422,0.4181388380230423
1,P0,narrow_antisym,0.3671875,0.5466180923910996,0.14508978126123429
1,P0,narrow_antisym,0.37109375,0.35482384908610509,-0.044711933880812293
1,P0,narrow_antisym,0.375,0.22477018895598957,-0.17289803818400717
1,P0,narrow_antisym,0.37890625,0.138951015781238,-0.25693100589756634
1,P0,narrow_antisym,0.3828125,0.083826599435475088,-0.31028105090231584
1,P0,narrow_antisym,0.38671875,0.049351354710176626,-0.34292474625133818
1,P0,narrow_antisym,0.390625,0.028353940006534815,-0.36198229620788791
1,P0,narrow_antisym,0.39453125,0.015897354576864239,-0.37236382117564493
1,P0,narrow_antisym,0.3984375,0.0086982805902171244,-0.3773474248263563
1,P0,narrow_antisym,0.40234375,0.0046445011273349556,-0.37905424913257824
1,P0,narrow_antisym,0.40625,0.0024201475220129607,-0.37881484432672996
1,P0,narrow_antisym,0.41015625,0.0012306702831061322,-0.37743776699279363
1,P0,narrow_antisym,0.4140625,0.00061071515261571765,-0.37539833023234237
1,P0,narrow_antisym,0.41796875,0.00029575546926475257,-0.37296635353375251
1,P0,narrow_antisym,0.421875,0.0001397732234556027,-0.37028956832716664
1,P0,narrow_antisym,0.42578125,6.4463262993958462e-05,-0.36744605831222621
1,P0,narrow_antisym,0.4296875,2.9013337898951378e-05,-0.36447586674461674
1,P0,narrow_antisym,0.43359375,1.2743250330055582e-05,-0.36139913986149075
1,P0,narrow_antisym,0.4375,5.4621024339471112e-06,-0.3582259813837515
1,P0,narrow_antisym,0.44140625,2.2847388878760045e-06,-0.35496150607348198
1,P0,narrow_antisym,0.4453125,9.3263221853864917e-07,-0.35160831483807831
1,P0,narrow_antisym,0.44921875,3.715192852054492e-07,-0.34816770045762746
1,P0,narrow_antisym,0.453125,1.4442734174284278e-07,-0.34464027594927271
1,P0,narrow_antisym,0.45703125,5.4791675448154218e-08,-0.34102634152758926
1,P0,narrow_antisym,0.4609375,2.0285085889427562e-08,-0.33732610989877043
1,P0,narrow_antisym,0.46484375,7.3288566724776476e-09,-0.33353983029800138
1,P0,narrow_antisym,0.46875,2.5840012141289808e-09,-0.32966783379648146
1,P0,narrow_antisym,0.47265625,8.8909118763072839e-10,-0.32571052588821037
1,P0,narrow_antisym,0.4765625,2.9853620336003563e-10,-0.32166835510727132
1,P0,narrow_antisym,0.48046875,9.7823863810315814e-11,-0.31754178143301315
1,P0,narrow_antisym,0.484375,3.1281655352916821e-11,-0.31333125768135084
1,P0,narrow_antisym,0.48828125,9.7618414278634743e-12,-0.30903722616705076
1,P0,narrow_antisym,0.4921875,2.9728354958278681e-12,-0.30466012571205237
1,P0,narrow_antisym,0.49609375,8.83501140368576e-13,-0.30020040183757046
1,P0,narrow_antisym,0.5,2.5623618421706888e-13,-0.2956585145779419
1,P0,narrow_antisym,0.50390625,7.252218989136758e-14,-0.29103494158704868
1,P0,narrow_antisym,0.5078125,2.0030808007888143e-14,-0.28633017709402531
1,P0,narrow_antisym,0.51171875,5.3991219176128979e-15,-0.28154472876021608
1,P0,narrow_antisym,0.515625,1.4201849558766819e-15,-0.27667911453802907
1,P0,narrow_antisym,0.51953125,3.6455561237370534e-16,-0.27173386079434059
1,P0,narrow_antisym,0.5234375,9.1322917361639852e-17,-0.26670950193668819
1,P0,narrow_antisym,0.52734375,2.2325072215201729e-17,-0.26160658106630541
1,P0,narrow_antisym,0.53125,5.3260234628875758e-18,-0.25642565094864167
1,P0,narrow_antisym,0.53515625,1.239967737930893e-18,-0.25116727474363942
1,P0,narrow_antisym,0.5390625,2.8171813412833995e-19,-0.24583202625880596
1,P0,narrow_antisym,0.54296875,6.2462063625542445e-20,-0.24042048977844444
1,P0,narrow_antisym,0.546875,1.3514966104209757e-20,-0.23493325967499368
1,P0,narrow_antisym,0.55078125,2.8537156741592376e-21,-0.22937094001541458
1,P0,narrow_antisym,0.5546875,5.8803550321231882e-22,-0.22373414429211069
1,P0,narrow_antisym,0.55859375,1.182479178771766e-22,-0.21802349530450449
1,P0,narrow_antisym,0.5625,2.3204946114305866e-23,-0.21223962514447281
1,P0,narrow_antisym,0.56640625,4.4439046630659478e-24,-0.20638317521435023
1,P0,narrow_antisym,0.5703125,8.3051218440317301e-25,-0.20045479622079776
1,P0,narrow_antisym,0.57421875,1.514692180917986e-25,-0.19445514812000797
1,P0,narrow_antisym,0.578125,2.695875455705273e-26,-0.18838490001912056
1,P0,narrow_antisym,0.58203125,4.6824390496087097e-27,-0.18224473005443087
1,P0,narrow_antisym,0.5859375,7.9367027642069704e-28,-0.17603532526796861
1,P0,narrow_antisym,0.58984375,1.3127936288937505e-28,-0.16975738149573394
1,P0,narrow_antisym,0.59375,2.118825593450777e-29,-0.16341160327046678
1,P0,narrow_antisym,0.59765625,3.3345741496986015e-30,-0.15699870373438751
1,P0,narrow_antisym,0.6015625,5.0941454107293909e-31,-0.15051940455477697
1,P0,narrow_antisym,0.60546875,7.3200417581712714e-32,-0.14397443583666736
1,P0,narrow_antisym,0.609375,7.4800770190593366e-33,-0.13736453603013798
1,P0,narrow_antisym,0.61328125,-2.1814322850740572e-33,-0.13069045183267891
1,P0,narrow_antisym,0.6171875,-3.5673482844049842e-33,-0.12395293808871777
1,P0,narrow_antisym,0.62109375,-3.7613373308112418e-33,-0.11715275768851796
1,P0,narrow_antisym,0.625,-3.7878325441606934e-33,-0.11029068146784315
1,P0,narrow_antisym,0.62890625,-3.7913636361611716e-33,-0.10336748810872576
1,P0,narrow_antisym,0.6328125,-3.791822837847617e-33,-0.096383964040925751
1,P0,narrow_antisym,0.63671875,-3.7918811088007283e-33,-0.089340903343393951
1,P0,narrow_antisym,0.640625,-3.7918883241324198e-33,-0.082239107645184162
1,P0,narrow_antisym,0.64453125,-3.79188919593327e-33,-0.07507938602558617
1,P0,narrow_antisym,0.6484375,-3.791889298719826e-33,-0.067862554913549755
1,P0,narrow_antisym,0.65234375,-3.7918893105451908e-33,-0.060589437986634187
1,P0,narrow_antisym,0.65625,-3.791889311872748e-33,-0.053260866069735902
1,P0,narrow_antisym,0.66015625,-3.7918893120181779e-33,-0.045877677033764663
1,P0,narrow_antisym,0.6640625,-3.7918893120337235e-33,-0.038440715694330274
1,P0,narrow_antisym,0.66796875,-3.7918893120353452e-33,-0.030950833710423398
1,P0,narrow_antisym,0.671875,-3.7918893120355101e-33,-0.023408889483051754
1,P0,narrow_antisym,0.67578125,-3.7918893120355265e-33,-0.015815748053794043
1,P0,narrow_antisym,0.6796875,-3.7918893120355285e-33,-0.0081722810032800464
1,P0,narrow_antisym,0.68359375,-3.7918893120355285e-33,-0.00047936634961975866
1,P0,narrow_antisym,0.6875,-3.7918893120355285e-33,0.0072621115531646963
1,P0,narrow_antisym,0.69140625,-3.7918893120355285e-33,0.015051262116660857
1,P0,narrow_antisym,0.6953125,-3.7918893120355285e-33,0.022887188619498233
1,P0,narrow_antisym,0.69921875,-3.7918893120355285e-33,0.030768988308664147
1,P0,narrow_antisym,0.703125,-3.7918893120355285e-33,0.03869575250068269
1,P0,narrow_antisym,0.70703125,-3.7918893120355285e-33,0.046666566682639576
1,P0,narrow_antisym,0.7109375,-3.7918893120355285e-33,0.05468051061303425
1,P0,narrow_antisym,0.71484375,-3.7918893120355285e-33,0.062736658422441915
1,P0,narrow_antisym,0.71875,-3.7918893120355285e-33,0.070834078713959081
1,P0,narrow_antisym,0.72265625,-3.7918893120355285e-33,0.078971834663411955
1,P0,narrow_antisym,0.7265625,-3.7918893120355285e-33,0.087148984119300721
1,P0,narrow_antisym,0.73046875,-3.7918893120355285e-33,0.095364579702460262
1,P0,narrow_antisym,0.734375,-3.7918893120355285e-33,0.10361766890541468
1,P0,narrow_antisym,0.73828125,-3.7918893120355285e-33,0.11190729419140488
1,P0,narrow_antisym,0.7421875,-3.7918893120355285e-33,0.1202324930930746
1,P0,narrow_antisym,0.74609375,-3.7918893120355285e-33,0.12859229831079078
1,P0,narrow_antisym,0.75,-3.7918893120355285e-33,0.13698573781058465
1,P0,narrow_antisym,0.75390625,-3.7918893120355285e-33,0.14541183492169396
1,P0,narrow_antisym,0.7578125,-3.7918893120355285e-33,0.15386960843368636
1,P0,narrow_antisym,0.76171875,-3.7918893120355285e-33,0.16235807269315117
1,P0,narrow_antisym,0.765625,-3.7918893120355285e-33,0.17087623769993787
1,P0,narrow_antisym,0.76953125,-3.7918893120355285e-33,0.17942310920292759
1,P0,narrow_antisym,0.7734375,-3.7918893120355285e-33,0.18799768879532308
1,P0,narrow_antisym,0.77734375,-3.7918893120355285e-33,0.19659897400943815
1,P0,narrow_antisym,0.78125,-3.7918893120355285e-33,0.20522595841097446
1,P0,narrow_antisym,0.78515625,-3.7918893120355285e-33,0.21387763169277185
1,P0,narrow_antisym,0.7890625,-3.7918893120355285e-33,0.22255297976801725
1,P0,narrow_antisym,0.79296875,-3.7918893120355285e-33,0.23125098486289675
1,P0,narrow_antisym,0.796875,-3.7918893120355285e-33,0.23997062560868065
1,P0,shifted_antisym,-0.19921875,-7.5701718352509186e-34,0.35456863507336012
1,P0,shifted_antisym,-0.1953125,-7.5701718352509186e-34,0.3413206912623572
1,P0,shifted_antisym,-0.19140625,-7.5701718352509186e-34,0.32800213877986273
1,P0,shifted_antisym,-0.1875,-7.5701718352509186e-34,0.31461395115728552
1,P0,shifted_antisym,-0.18359375,-7.5701718352509186e-34,0.3011571173818075
1,P0,shifted_antisym,-0.1796875,-7.5701718352509186e-34,0.287632641856995
1,P0,shifted_antisym,-0.17578125,-7.5701718352509186e-34,0.27404154436064143
1,P0,shifted_antisym,-0.171875,-7.5701718352509186e-34,0.26038485999982453
1,P0,shifted_antisym,-0.16796875,-7.5701718352509186e-34,0.24666363916316458
1,P0,shifted_antisym,-0.1640625,-7.5701718352509186e-34,0.23287894747026927
1,P0,shifted_antisym,-0.16015625,-7.5701718352509186e-34,0.21903186571834909
1,P0,shifted_antisym,-0.15625,-7.5701718352509186e-34,0.20512348982599204
1,P0,shifted_antisym,-0.15234375,-7.5701718352509186e-34,0.19115493077408263
1,P0,shifted_antisym,-0.1484375,-7.5701718352509186e-34,0.17712731454385189
1,P0,shifted_antisym,-0.14453125,-7.5701718352509186e-34,0.16304178205204733
1,P0,shifted_antisym,-0.140625,-7.5701718352509186e-34,0.14889948908321016
1,P0,shifted_antisym,-0.13671875,-7.5701718352509177e-34,0.13470160621904659
1,P0,shifted_antisym,-0.1328125,-7.5701718352509169e-34,0.1204493187648854
1,P0,shifted_antisym,-0.12890625,-7.5701718352509109e-34,0.10614382667320676
1,P0,shifted_antisym,-0.125,-7.5701718352508903e-34,0.091786344464236169
1,P0,shifted_antisym,-0.12109375,-7.5701718352508159e-34,0.077378101143589895
1,P0,shifted_antisym,-0.1171875,-7.5701718352505448e-34,0.062920340116965678
1,P0,shifted_antisym,-0.11328125,-7.5701718352495706e-34,0.04841431910186822
1,P0,shifted_antisym,-0.109375,-7.5701718352460913e-34,0.033861310036361503
1,P0,shifted_antisym,-0.10546875,-7.5701718352337607e-34,0.019262598984839285
1,P0,shifted_antisym,-0.1015625,-7.5701718351903909e-34,0.0046194860408080851
1,P0,shifted_antisym,-0.09765625,-7.5701718350389987e-34,-0.010066714773326102
1,P0,shifted_antisym,-0.09375,-7.5701718345145159e-34,-0.02479467560947235
1,P0,shifted_antisym,-0.08984375,-7.5701718327111917e-34,-0.039563054900075612
1,P0,shifted_antisym,-0.0859375,-7.5701718265575953e-34,-0.054370497467352341
1,P0,shifted_antisym,-0.08203125,-7.5701718057176015e-34,-0.069215634635541812
1,P0,shifted_antisym,-0.078125,-7.5701717356722977e-34,-0.084097084346180351
1,P0,shifted_antisym,-0.07421875,-7.5701715020183095e-34,-0.099013451276398823
1,P0,shifted_antisym,-0.0703125,-7.5701707284834602e-34,-0.11396332696024969
1,P0,shifted_antisym,-0.06640625,-7.5701681869322048e-34,-0.12894528991306353
1,P0,shifted_antisym,-0.0625,-7.5701598993099345e-34,-0.14395790575883904
1,P0,shifted_antisym,-0.05859375,-7.570133078437962e-34,-0.15899972736066548
1,P0,shifted_antisym,-0.0546875,-7.5700469339523929e-34,-0.17406929495417967
1,P0,shifted_antisym,-0.05078125,-7.5697723384073818e-34,-0.18916513628405729
1,P0,shifted_antisym,-0.046875,-7.5689036366980119e-34,-0.20428576674353793
1,P0,shifted_antisym,-0.04296875,-7.5661761740493001e-34,-0.21942968951698194
1,P0,shifted_antisym,-0.0390625,-7.5576773732035734e-34,-0.23459539572545751
1,P0,shifted_antisym,-0.03515625,-7.5313948563763613e-34,-0.24978136457535671
1,P0,shifted_antisym,-0.03125,-7.4507296115562762e-34,-0.26498606351003573
1,P0,shifted_antisym,-0.02734375,-7.2050235272239575e-34,-0.28020794836447582
1,P0,shifted_antisym,-0.0234375,-6.4622523326010304e-34,-0.29544546352296119
1,P0,shifted_antisym,-0.01953125,-4.2337986331074453e-34,-0.31069704207976734
1,P0,shifted_antisym,-0.015625,2.4015129945637147e-34,-0.32596110600285588
1,P0,shifted_antisym,-0.01171875,2.2009269349170916e-33,-0.34123606630056658
1,P0,shifted_antisym,-0.0078125,7.9513932374981095e-33,-0.35652032319130267
1,P0,shifted_antisym,-0.00390625,2.4688736268029358e-32,-0.37181226627619879
1,P0,shifted_antisym,0,7.3036675499182997e-32,-0.38711027471476311
1,P0,shifted_antisym,0.00390625,2.1164110552060477e-31,-0.40241271740348672
1,P0,shifted_antisym,0.0078125,6.0599273383041977e-31,-0.41771795315740656
1,P0,shifted_antisym,0.01171875,1.7195107102543837e-30,-0.43302433089461345
1,P0,shifted_antisym,0.015625,4.8399631699778283e-30,-0.44833018982369255
1,P0,shifted_antisym,0.01953125,1.3518456250260679e-29,-0.46363385963408443
1,P0,shifted_antisym,0.0234375,3.74724067589691e-29,-0.47893366068935361
1,P0,shifted_antisym,0.02734375,1.0308930608204333e-28,-0.49422790422334939
1,P0,shifted_antisym,0.03125,2.8147484197818087e-28,-0.50951489253924531
1,P0,shifted_antisym,0.03515625,7.6276677898410237e-28,-0.52479291921144144
1,P0,shifted_antisym,0.0390625,2.0514974982953897e-27,-0.5400602692903137
1,P0,shifted_antisym,0.04296875,5.4761778629483069e-27,-0.55531521950979201
1,P0,shifted_antisym,0.046875,1.450813333849968e-26,-0.5705560384977505
1,P0,shifted_antisym,0.05078125,3.814810860241312e-26,-0.58578098698918957
1,P0,shifted_antisym,0.0546875,9.9554747654674054e-26,-0.60098831804219144
1,P0,shifted_antisym,0.05859375,2.578567119055019e-25,-0.61617627725662805
1,P0,shifted_antisym,0.0625,6.6286090578494768e-25,-0.63134310299560081
1,P0,shifted_antisym,0.06640625,1.6911957294529929e-24,-0.64648702660958801
1,P0,shifted_antisym,0.0703125,4.2824553416078066e-24,-0.66160627266327998
1,P0,shifted_antisym,0.07421875,1.0762652405957242e-23,-0.67669905916507467
1,P0,shifted_antisym,0.078125,2.6845610717499509e-23,-0.69176359779921281
1,P0,shifted_antisym,0.08203125,6.6459147247435358e-23,-0.70679809416052242
1,P0,shifted_antisym,0.0859375,1.6329156180711853e-22,-0.7218007479917502
1,P0,shifted_antisym,0.08984375,3.9819905367567124e-22,-0.73676975342344864
1,P0,shifted_antisym,0.09375,9.6374959059856274e-22,-0.75170329921639445
1,P0,shifted_antisym,0.09765625,2.3150250346276209e-21,-0.76659956900650494
1,P0,shifted_antisym,0.1015625,5.5191815401129727e-21,-0.78145674155222566
1,P0,shifted_antisym,0.10546875,1.3059338204619159e-20,-0.79627299098435589
1,P0,shifted_antisym,0.109375,3.0668685451589194e-20,-0.81104648705827953
1,P0,shifted_antisym,0.11328125,7.1481993493725074e-20,-0.82577539540857192
1,P0,shifted_antisym,0.1171875,1.6535816806324843e-19,-0.84045787780594206
1,P0,shifted_antisym,0.12109375,3.796489046368014e-19,-0.85509209241648232
1,P0,shifted_antisym,0.125,8.6509968201337696e-19,-0.86967619406318419
1,P0,shifted_antisym,0.12890625,1.9564901052994349e-18,-0.88420833448968683
1,P0,shifted_antisym,0.1328125,4.3915381672788386e-18,-0.89868666262621788
1,P0,shifted_antisym,0.13671875,9.7832504065110707e-18,-0.91310932485768947
1,P0,shifted_antisym,0.140625,2.1631029018060537e-17,-0.92747446529390742
1,P0,shifted_antisym,0.14453125,4.7467755039914496e-17,-0.94178022604185518
1,P0,shifted_antisym,0.1484375,1.0338266122050962e-16,-0.95602474748000754
1,P0,shifted_antisym,0.15234375,2.2347257048421021e-16,-0.97020616853463426
1,P0,shifted_antisym,0.15625,4.7943335336840438e-16,-0.9843226269580464
1,P0,shifted_antisym,0.16015625,1.0208449049728698e-15,-0.99837225960874354
1,P0,shifted_antisym,0.1640625,2.1573409615311793e-15,-1.0123532027334115
1,P0,shifted_antisym,0.16796875,4.5248617624169164e-15,-1.0262635922507282
1,P0,shifted_antisym,0.171875,9.4193155092883112e-15,-1.0401015640369251
1,P0,shifted_antisym,0.17578125,1.946080831912071e-14,-1.0538652542130587
1,P0,shifted_antisym,0.1796875,3.9905238254782877e-14,-1.0675527994339342
1,P0,shifted_antisym,0.18359375,8.1213166406093515e-14,-1.0811623371786401
1,P0,shifted_antisym,0.1875,1.6404027212680766e-13,-1.0946920060426306
1,P0,shifted_antisym,0.19140625,3.2885316116846162e-13,-1.1081399460313044
1,P0,shifted_antisym,0.1953125,6.5430624154053406e-13,-1.121504298855021
1,P0,shifted_antisym,0.19921875,1.2920746550436381e-12,-1.1347832082254916
1,P0,shifted_antisym,0.203125,2.5323378966645688e-12,-1.1479748201534719
1,P0,shifted_antisym,0.20703125,4.9258729174846675e-12,-1.1610772832476806
1,P0,shifted_antisym,0.2109375,9.5098190757260007e-12,-1.174088749014834
1,P0,shifted_antisym,0.21484375,1.822169647264811e-11,-1.1870073721606609
1,P0,shifted_antisym,0.21875,3.4652363698104783e-11,-1.1998313108916911
1,P0,shifted_antisym,0.22265625,6.5404016893919205e-11,-1.2125587272175018
1,P0,shifted_antisym,0.2265625,1.2251901099828751e-10,-1.2251877872529109
1,P0,shifted_antisym,0.23046875,2.2778758229331981e-10,-1.2377166615192676
1,P0,shifted_antisym,0.234375,4.2032392412154857e-10,-1.250143525243427
1,P0,shifted_antisym,0.23828125,7.6977832307950756e-10,-1.2624665586520307
1,P0,shifted_antisym,0.2421875,1.3991837308712441e-09,-1.2746839472571025
1,P0,shifted_antisym,0.24609375,2.5241276745742772e-09,-1.2867938821263154
1,P0,shifted_antisym,0.25,4.5193439231448132e-09,-1.2987945601269106
1,P0,shifted_antisym,0.25390625,8.0309508650619491e-09,-1.3106841841251793
1,P0,shifted_antisym,0.2578125,1.4164004217605044e-08,-1.3224609631120217
1,P0,shifted_antisym,0.26171875,2.4793202541545337e-08,-1.3341231122070196
1,P0,shifted_antisym,0.265625,4.3073157728561703e-08,-1.3456688524649474
1,P0,shifted_antisym,0.26953125,7.4269123207580536e-08,-1.3570964103642496
1,P0,shifted_antisym,0.2734375,1.2709761016541688e-07,-1.3684040167885585
1,P0,shifted_antisym,0.27734375,2.158708365402364e-07,-1.379589905207844
1,P0,shifted_antisym,0.28125,3.6389665772624009e-07,-1.3906523086080957
1,P0,shifted_antisym,0.28515625,6.0882105211885982e-07,-1.4015894544829308
1,P0,shifted_antisym,0.2890625,1.0109478618637028e-06,-1.4123995568526992
1,P0,shifted_antisym,0.29296875,1.6660781052768446e-06,-1.4230808037686926
1,P0,shifted_antisym,0.296875,2.7251440164777236e-06,-1.4336313380266623
1,P0,shifted_antisym,0.30078125,4.4239586815573297e-06,-1.4440492277673251
1,P0,shifted_antisym,0.3046875,7.1278765275947832e-06,-1.4543324221660741
1,P0,shifted_antisym,0.30859375,1.1398213204439904e-05,-1.4644786853594436
1,P0,shifted_antisym,0.3125,1.8090096629667983e-05,-1.4744854989310734
1,P0,shifted_antisym,0.31640625,2.8495251827782159e-05,-1.4843499194472924
1,P0,shifted_antisym,0.3203125,4.454834911138556e-05,-1.4940683724038717
1,P0,shifted_antisym,0.32421875,6.912230813929291e-05,-1.5036363571811524
1,P0,shifted_antisym,0.328125,0.00010644673653284595,-1.5130480288179737
1,P0,shifted_antisym,0.33203125,0.00016269491266648417,-1.5222956111844392
1,P0,shifted_antisym,0.3359375,0.00024679883041895209,-1.5313685820276248
1,P0,shifted_antisym,0.33984375,0.00037156921388328514,-1.5402525529785791
1,P0,shifted_antisym,0.34375,0.00055521840262408675,-1.5489277466234639
1,P0,shifted_antisym,0.34765625,0.00082340876044859047,-1.5573669479992187
1,P0,shifted_antisym,0.3515625,0.0012119776649762186,-1.5655327794824077
1,P0,shifted_antisym,0.35546875,0.0017705216919059717,-1.5733741164978756
1,P0,shifted_antisym,0.359375,0.0025670562771930522,-1.5808214278198269
1,P0,shifted_antisym,0.36328125,0.0036940011797196273,-1.5877807902125545
1,P0,shifted_antisym,0.3671875,0.0052757738647499774,-1.5941262953703421
1,P0,shifted_antisym,0.37109375,0.0074782988528151106,-1.5996905411945317
1,P0,shifted_antisym,0.375,0.010520756367311056,-1.6042528841493358
1,P0,shifted_antisym,0.37890625,0.014689892334869354,-1.6075251306957368
1,P0,shifted_antisym,0.3828125,0.020357186912939196,-1.6091343706451706
1,P0,shifted_antisym,0.38671875,0.027999122323677874,-1.6086027116164363
1,P0,shifted_antisym,0.390625,0.038220694468261561,-1.605323770016442
1,P0,shifted_antisym,0.39453125,0.051782168330971948,-1.5985359183530718
1,P0,shifted_antisym,0.3984375,0.069628877309647161,-1.5872924884833042
1,P0,shifted_antisym,0.40234375,0.092923606171397707,-1.5704293907700966
1,P0,shifted_antisym,0.40625,0.12308077455045213,-1.546530931860679
1,P0,shifted_antisym,0.41015625,0.16180125578781629,-1.5138949959120387
1,P0,shifted_antisym,0.4140625,0.21110623368018336,-1.4704991863694996
1,P0,shifted_antisym,0.41796875,0.27336803406657328,-1.4139699911519079
1,P0,shifted_antisym,0.421875,0.3513353942708658,-1.3415575081786963
1,P0,shifted_antisym,0.42578125,0.44815018518063665,-1.2501187166385845
1,P0,shifted_antisym,0.4296875,0.56735222052982748,-1.1361126598763285
1,P0,shifted_antisym,0.43359375,0.71286852514038712,-0.99561116885763734
1,P0,shifted_antisym,0.4375,0.88898334234629373,-0.82432884694455211
1,P0,shifted_antisym,0.44140625,1.1002852952439808,-0.6176759024585049
1,P0,shifted_antisym,0.4453125,1.3515885274072352,-0.37083700456186464
1,P0,shifted_antisym,0.44921875,1.647825377083965,-0.078878609503641228
1,P0,shifted_antisym,0.453125,1.9939092093675448,0.26311386647896484
1,P0,shifted_antisym,0.45703125,2.3945674457311941,0.65986906665595269
1,P0,shifted_antisym,0.4609375,2.8541465639726273,1.1157346789971494
1,P0,shifted_antisym,0.46484375,3.3763928362582609,1.6344581556747073
1,P0,shifted_antisym,0.46875,3.9642147367722749,2.2189490999736021
1,P0,shifted_antisym,0.47265625,4.6194351586554303,2.8710314624577218
1,P0,shifted_antisym,0.4765625,5.3425436791244252,3.5911957878138043
1,P0,shifted_antisym,0.48046875,6.1324609281829421,4.3783635703952717
1,P0,shifted_antisym,0.484375,6.98632846776969,5.2296771276529395
1,P0,shifted_antisym,0.48828125,7.8993382980937454,6.1403291099120088
1,P0,shifted_antisym,0.4921875,8.8646160224013997,7.1034456784907372
1,P0,shifted_antisym,0.49609375,9.8731707063347738,8.1100363878824879
1,P0,shifted_antisym,0.5,10.913922504945175,9.1490218433452029
1,P0,shifted_antisym,0.50390625,11.973816209656761,10.207347283277384
1,P0,shifted_antisym,0.5078125,13.038025076474216,11.270186443824427
1,P0,shifted_antisym,0.51171875,14.090244802111787,12.32123556803638
1,P0,shifted_antisym,0.515625,15.113072557174169,13.34309246438654
1,P0,shifted_antisym,0.51953125,16.08846086712915,14.317710401692686
1,P0,shifted_antisym,0.5234375,16.998231196340829,15.22691169318316
1,P0,shifted_antisym,0.52734375,17.82462769779999,16.052941431415356
1,P0,shifted_antisym,0.53125,18.550888088205873,16.779038334599505
1,P0,shifted_antisym,0.53515625,19.161806298023272,17.389997356665429
1,P0,shifted_antisym,0.5390625,19.644260660279077,17.872697829097145
1,P0,shifted_antisym,0.54296875,19.987682075519807,18.216571577267491
1,P0,shifted_antisym,0.546875,20.184438846653752,18.413987710692474
1,P0,shifted_antisym,0.55078125,20.230118620345205,18.460534529214346
1,P0,shifted_antisym,0.5546875,20.123692889711691,18.355184004140209
1,P0,shifted_antisym,0.55859375,19.867555493492667,18.100330272137278
1,P0,shifted_antisym,0.5625,19.467433099183079,17.701700130008792
1,P0,shifted_antisym,0.56640625,18.93217234487215,17.168140203633254
1,P0,shifted_antisym,0.5703125,18.273414688683864,16.511291836616429
1,P0,shifted_antisym,0.57421875,17.505175653332142,15.745170381388146
1,P0,shifted_antisym,0.578125,16.64334969363124,14.885670115011711
1,P0,shifted_antisym,0.58203125,15.705165082208383,13.950019169324182
1,P0,shifted_antisym,0.5859375,14.708614836724035,12.956210493750167
1,P0,shifted_antisym,0.58984375,13.671889752432671,11.922434910932147
1,P0,shifted_antisym,0.59375,12.612838126321156,10.866540849408782
1,P0,shifted_antisym,0.59765625,11.548473939470028,9.8055425198316613
1,P0,shifted_antisym,0.6015625,10.49455136593418,8.75519440462506
1,P0,shifted_antisym,0.60546875,9.4652188236381551,7.7296452796389445
1,P0,shifted_antisym,0.609375,8.4727607312303856,6.741179935756878
1,P0,shifted_antisym,0.61328125,7.5274300413527824,5.800051675320085
1,P0,shifted_antisym,0.6171875,6.6373698152253437,4.9144038524810485
1,P0,shifted_antisym,0.62109375,5.8086178653376956,4.0902744877979558
1,P0,shifted_antisym,0.625,5.0451850345372709,3.3316745278188344
1,P0,shifted_antisym,0.62890625,4.349195136049091,2.6407277753969471
1,P0,shifted_antisym,0.6328125,3.7210730059255539,2.0178589421787643
1,P0,shifted_antisym,0.63671875,3.1597664986376901,1.4620156528074526
1,P0,shifted_antisym,0.640625,2.6629885054812608,0.97091047851066803
1,P0,shifted_antisym,0.64453125,2.227466062102593,0.54127006388434762
1,P0,shifted_antisym,0.6484375,1.8491851707811044,0.1690799698909472
1,P0,shifted_antisym,0.65234375,1.5236219144014984,-0.15018419240905423
1,P0,shifted_antisym,0.65625,1.2459526017738765,-0.4213465996874789
1,P0,shifted_antisym,0.66015625,1.0112378913399223,-0.64934708003360864
1,P0,shifted_antisym,0.6640625,0.81457794964034191,-0.83908594676924719
1,P0,shifted_antisym,0.66796875,0.65123760026744859,-0.99529884667365554
1,P0,shifted_antisym,0.671875,0.51674203024482723,-1.1224610551421264
1,P0,shifted_antisym,0.67578125,0.40694489930340078,-1.2247193718918625
1,P0,shifted_antisym,0.6796875,0.3180716294913567,-1.3058488386521856
1,P0,shifted_antisym,0.68359375,0.24674124996994765,-1.369230902820513
1,P0,shifted_antisym,0.6875,0.18997046662767644,-1.4178493563847279
1,P0,shifted_antisym,0.69140625,0.14516366376321327,-1.4543003419955816
1,P0,shifted_antisym,0.6953125,0.11009237843011738,-1.4808128849879001
1,P0,shifted_antisym,0.69921875,0.08286747198019398,-1.4992767264781168
1,P0,shifted_antisym,0.703125,0.061906810343996893,-1.511274645915857
1,P0,shifted_antisym,0.70703125,0.045900801449213512,-1.5181169248112187
1,P0,shifted_antisym,0.7109375,0.033777663996382531,-1.5208760776873764
1,P0,shifted_antisym,0.71484375,0.024669847006374396,-1.5204204311967855
1,P0,shifted_antisym,0.71875,0.017882605807841831,-1.5174455461112157
1,P0,shifted_antisym,0.72265625,0.01286538102211331,-1.5125028359853538
1,P0,shifted_antisym,0.7265625,0.0091863291981434548,-1.5060250341440744
1,P0,shifted_antisym,0.73046875,0.0065101179717784816,-1.4983483963488142
1,P0,shifted_antisym,0.734375,0.0045789216769177672,-1.4897317033663091
1,P0,shifted_antisym,0.73828125,0.0031964290831976092,-1.4803722518417346
1,P0,shifted_antisym,0.7421875,0.0022145956084142567,-1.4704191011421641
1,P0,shifted_antisym,0.74609375,0.0015228295567925271,-1.4599838865861856
1,P0,shifted_antisym,0.75,0.001039287402026124,-1.4491495239769372
1,P0,shifted_antisym,0.75390625,0.00070395926731195522,-1.437977124206856
1,P0,shifted_antisym,0.7578125,0.00047324594408223991,-1.4265114165098391
1,P0,shifted_antisym,0.76171875,0.00031575757119126291,-1.414784950162542
1,P0,shifted_antisym,0.765625,0.00020909716632641588,-1.4028213113784931
1,P0,shifted_antisym,0.76953125,0.00013742635385711368,-1.3906375580010693
1,P0,shifted_antisym,0.7734375,8.9643623557128819e-05,-1.3782460416263458
1,P0,shifted_antisym,0.77734375,5.8035841311024687e-05,-1.3656557564140646
1,P0,shifted_antisym,0.78125,3.7290711367184224e-05,-1.3528733268781088
1,P0,shifted_antisym,0.78515625,2.37811336717209e-05,-1.3399037237126632
1,P0,shifted_antisym,0.7890625,1.5051921414783028e-05,-1.3267507771946225
1,P0,shifted_antisym,0.79296875,9.4553766338612584e-06,-1.313417541673644
1,P0,shifted_antisym,0.796875,5.895127811378893e-06,-1.2999065517566146
1,P0,biphasic_common,-0.19921875,8.4863190531539829e-06,0.23729674074210499
1,P0,biphasic_common,-0.1953125,8.4863190531539829e-06,0.22825673467615981
1,P0,biphasic_common,-0.19140625,8.4863190531539812e-06,0.21917842898089168
1,P0,biphasic_common,-0.1875,8.4863190531539795e-06,0.21006262141647047
1,P0,biphasic_common,-0.18359375,8.4863190531539727e-06,0.2009101199084215
1,P0,biphasic_common,-0.1796875,8.486319053153949e-06,0.19172174248792789
1,P0,biphasic_common,-0.17578125,8.4863190531538813e-06,0.18249831722980736
1,P0,biphasic_common,-0.171875,8.4863190531536814e-06,0.17324068218815103
1,P0,biphasic_common,-0.16796875,8.4863190531531088e-06,0.16394968532961263
1,P0,biphasic_common,-0.1640625,8.4863190531514875e-06,0.15462618446433529
1,P0,biphasic_common,-0.16015625,8.4863190531469695e-06,0.14527104717450467
1,P0,biphasic_common,-0.15625,8.4863190531345503e-06,0.13588515074051721
1,P0,biphasic_common,-0.15234375,8.4863190531008807e-06,0.12646938206475178
1,P0,biphasic_common,-0.1484375,8.4863190530108005e-06,0.11702463759293469
1,P0,biphasic_common,-0.14453125,8.4863190527729197e-06,0.10755182323308698
1,P0,biphasic_common,-0.140625,8.4863190521528221e-06,0.098051854272043437
1,P0,biphasic_common,-0.13671875,8.4863190505569968e-06,0.088525655289533156
1,P0,biphasic_common,-0.1328125,8.4863190465022959e-06,0.07897416006981206
1,P0,biphasic_common,-0.12890625,8.48631903633045e-06,0.069398311510837751
1,P0,biphasic_common,-0.125,8.4863190111350704e-06,0.059799061530977249
1,P0,biphasic_common,-0.12109375,8.4863189495138673e-06,0.050177370973241264
1,P0,biphasic_common,-0.1171875,8.4863188007036565e-06,0.04053420950703468
1,P0,biphasic_common,-0.11328125,8.4863184458645312e-06,0.030870555527412025
1,P0,biphasic_common,-0.109375,8.486317610400365e-06,0.021187396051819296
1,P0,biphasic_common,-0.10546875,8.4863156680752039e-06,0.011485726614281599
1,P0,biphasic_common,-0.1015625,8.4863112093245236e-06,0.0017665511569540104
1,P0,biphasic_common,-0.09765625,8.4863011028357881e-06,-0.007969118081145643
1,P0,biphasic_common,-0.09375,8.4862784834160875e-06,-0.017720260678623312
1,P0,biphasic_common,-0.08984375,8.486228496716463e-06,-0.027485848150294534
1,P0,biphasic_common,-0.0859375,8.4861194238442011e-06,-0.037264844071756342
1,P0,biphasic_common,-0.08203125,8.485884425145766e-06,-0.047056204213924646
1,P0,biphasic_common,-0.078125,8.4853845086679924e-06,-0.05685887669570866
1,P0,biphasic_common,-0.07421875,8.4843344601954015e-06,-0.066671802171251904
1,P0,biphasic_common,-0.0703125,8.4821567628947162e-06,-0.076493914084032166
1,P0,biphasic_common,-0.06640625,8.4776975513600901e-06,-0.08632413905000591
1,P0,biphasic_common,-0.0625,8.4686821115768531e-06,-0.096161397487199096
1,P0,biphasic_common,-0.05859375,8.4506859587328041e-06,-0.10600460470921835
1,P0,biphasic_common,-0.0546875,8.4152183656526625e-06,-0.11585267287811574
1,P0,biphasic_common,-0.05078125,8.3462042144241535e-06,-0.125704514522611
1,P0,biphasic_common,-0.046875,8.2136193987354599e-06,-0.13555904885954284
1,P0,biphasic_common,-0.04296875,7.9621453699362553e-06,-0.14541521305017158
1,P0,biphasic_common,-0.0390625,7.4912435338575495e-06,-0.1552719819964018
1,P0,biphasic_common,-0.03515625,6.6206822414043238e-06,-0.16512840266464057
1,P0,biphasic_common,-0.03125,5.0317934439581627e-06,-0.17498365270291227
1,P0,biphasic_common,-0.02734375,2.1688954005619902e-06,-0.18483713898785581
1,P0,biphasic_common,-0.0234375,-2.9235818710422858e-06,-0.19468866067508073
1,P0,biphasic_common,-0.01953125,-1.1866006540335772e-05,-0.20453867464095843
1,P0,biphasic_common,-0.015625,-2.7367590358071565e-05,-0.21438872059977876
1,P0,biphasic_common,-0.01171875,-5.3894246236774144e-05,-0.22424209077133916
1,P0,biphasic_common,-0.0078125,-9.8703222947983609e-05,-0.23410486723814372
1,P0,biphasic_common,-0.00390625,-0.00017341918897697127,-0.24398750175292006
1,P0,biphasic_common,0,-0.000296394156103826,-0.25390718030583792
1,P0,biphasic_common,0.00390625,-0.0004961792867300926,-0.26389130014478124
1,P0,biphasic_common,0.0078125,-0.00081654063313097141,-0.27398249057977186
1,P0,biphasic_common,0.01171875,-0.0013235709627856707,-0.28424572857847297
1,P0,biphasic_common,0.015625,-0.0021155796565636297,-0.29477822957358202
1,P0,biphasic_common,0.01953125,-0.0033365700496308637,-0.30572292100103371
1,P0,biphasic_common,0.0234375,-0.0051942188546005479,-0.31728641136902835
1,P0,biphasic_common,0.02734375,-0.0079833269500785616,-0.32976242278730761
1,P0,biphasic_common,0.03125,-0.012115676921921356,-0.34356162209764551
1,P0,biphasic_common,0.03515625,-0.018157063860156017,-0.35924861864381652
1,P0,biphasic_common,0.0390625,-0.026871910008153151,-0.37758654315659368
1,P0,biphasic_common,0.04296875,-0.039275278962857922,-0.39958902990325207
1,P0,biphasic_common,0.046875,-0.056691228055942004,-0.4265785494101153
1,P0,biphasic_common,0.05078125,-0.080815255653396603,-0.46024885830001416
1,P0,biphasic_common,0.0546875,-0.11377712528623929,-0.50272785717432056
1,P0,biphasic_common,0.05859375,-0.15819864191124489,-0.55663543750728106
1,P0,biphasic_common,0.0625,-0.21723914049365037,-0.62512907728167999
1,P0,biphasic_common,0.06640625,-0.29461971673065823,-0.71192820625459285
1,P0,biphasic_common,0.0703125,-0.39461584615184825,-0.82130696862018526
1,P0,biphasic_common,0.07421875,-0.52200731835598124,-0.95804428278418885
1,P0,biphasic_common,0.078125,-0.68197470174629626,-1.1273203814722992
1,P0,biphasic_common,0.08203125,-0.87993317724247311,-1.3345506393589719
1,P0,biphasic_common,0.0859375,-1.1212977885196274,-1.5851507129690368
1,P0,biphasic_common,0.08984375,-1.4111790629260883,-1.8842319405734722
1,P0,biphasic_common,0.09375,-1.7540144701022362,-2.2362324851552988
1,P0,biphasic_common,0.09765625,-2.1531489613996193,-2.6444975043642964
1,P0,biphasic_common,0.1015625,-2.6103862558334847,-3.1108300756191043
1,P0,biphasic_common,0.10546875,-3.125540734555607,-3.6350428132164008
1,P0,biphasic_common,0.109375,-3.6960267106461049,-4.2145470173162192
1,P0,biphasic_common,0.11328125,-4.3165263091479975,-4.8440206441174318
1,P0,biphasic_common,0.1171875,-4.9787781500754411,-5.515197309838296
1,P0,biphasic_common,0.12109375,-5.6715256469030537,-6.2168151157498261
1,P0,biphasic_common,0.125,-6.3806556043603342,-6.9347559057900341
1,P0,biphasic_common,0.12890625,-7.0895450672685589,-7.6523927979268134
1,P0,biphasic_common,0.1328125,-7.7796178123020212,-8.3511472512081806
1,P0,biphasic_common,0.13671875,-8.4310928814071531,-9.0112379437811239
1,P0,biphasic_common,0.140625,-9.0238880321731969,-9.6125842476864136
1,P0,biphasic_common,0.14453125,-9.5386231337299279,-10.135809296176152
1,P0,biphasic_common,0.1484375,-9.9576546010661815,-10.563273772305866
1,P0,biphasic_common,0.15234375,-10.266063886392439,-10.880063539554081
1,P0,biphasic_common,0.15625,-10.452522201918526,-11.074853439857636
1,P0,biphasic_common,0.16015625,-10.509960586777607,-11.140576542456442
1,P0,biphasic_common,0.1640625,-10.43598876081891,-11.074842441661644
1,P0,biphasic_common,0.16796875,-10.233026601602825,-10.880068547247989
1,P0,biphasic_common,0.171875,-9.9081364193911714,-10.563312578600661
1,P0,biphasic_common,0.17578125,-9.4725698464125827,-10.135820036360199
1,P0,biphasic_common,0.1796875,-8.9410672857578195,-9.6123244846877594
1,P0,biphasic_common,0.18359375,-8.3309678696119356,-9.010158435952965
1,P0,biphasic_common,0.1875,-7.6612016917064381,-8.3482464323713987
1,P0,biphasic_common,0.19140625,-6.9512424474328238,-7.6460583099667137
1,P0,biphasic_common,0.1953125,-6.2200972219516011,-6.922599287902079
1,P0,biphasic_common,0.19921875,-5.485401634415692,-6.1955050610423683
1,P0,biphasic_common,0.203125,-4.7626742978235281,-5.4802958932301085
1,P0,biphasic_common,0.20703125,-4.0647665707610718,-4.7898257806702578
1,P0,biphasic_common,0.2109375,-3.4015240993078111,-4.1339433086963666
1,P0,biphasic_common,0.21484375,-2.7796578626121828,-3.5193620447067659
1,P0,biphasic_common,0.21875,-2.2028062079390893,-2.9497220611626833
1,P0,biphasic_common,0.22265625,-1.6717570326497895,-2.4258118148326187
1,P0,biphasic_common,0.2265625,-1.1847915601223862,-1.9459118507564845
1,P0,biphasic_common,0.23046875,-0.73810815488677672,-1.5062187530998563
1,P0,biphasic_common,0.234375,-0.3262858737886411,-1.1013089832375518
1,P0,biphasic_common,0.23828125,0.057247904537361172,-0.72460687356002618
1,P0,biphasic_common,0.2421875,0.41977448037775927,-0.36882799419989221
1,P0,biphasic_common,0.24609375,0.76888606651288138,-0.026377229076169684
1,P0,biphasic_common,0.25,1.1121456495351556,0.31031087247611833
1,P0,biphasic_common,0.25390625,1.4568094173293924,0.64849442099900312
1,P0,biphasic_common,0.2578125,1.809610577363749,0.9949080057710793
1,P0,biphasic_common,0.26171875,2.1765989347111021,1.355602352389873
1,P0,biphasic_common,0.265625,2.563027864632442,1.7358314223119637
1,P0,biphasic_common,0.26953125,2.973279164576121,2.1399774073292339
1,P0,biphasic_common,0.2734375,3.4108164296829915,2.571504236679194
1,P0,biphasic_common,0.27734375,3.8781587171066794,3.0329313444591173
1,P0,biphasic_common,0.28125,4.3768679853233401,3.5258211754033697
1,P0,biphasic_common,0.28515625,4.9075457815406676,4.0507759023332994
1,P0,biphasic_common,0.2890625,5.4698366269076084,4.6074408110878426
1,P0,biphasic_common,0.29296875,6.0624373098658983,5.1945135724948788
1,P0,biphasic_common,0.296875,6.6831127093715681,5.8097600329150669
1,P0,biphasic_common,0.30078125,7.3287197637713772,6.4500381476755351
1,P0,biphasic_common,0.3046875,7.9952417629747501,7.111332241254809
1,P0,biphasic_common,0.30859375,8.6778352957698459,7.7887999296869008
1,P0,biphasic_common,0.3125,9.3708919814687377,8.4768338356536095
1,P0,biphasic_common,0.31640625,10.068116621339659,9.1691397312561165
1,P0,biphasic_common,0.3203125,10.762622692775228,9.8588320298805066
1,P0,biphasic_common,0.32421875,11.447045250662068,10.538546689643509
1,P0,biphasic_common,0.328125,12.113670365551616,11.200570656066278
1,P0,biphasic_common,0.33203125,12.754579281227695,11.836986024940302
1,P0,biphasic_common,0.3359375,13.361804572885957,12.439826205422314
1,P0,biphasic_common,0.33984375,13.92749478202656,13.001240558745852
1,P0,biphasic_common,0.34375,14.444083338336316,13.51366332251337
1,P0,biphasic_common,0.34765625,14.90445708714913,13.969982139149458
1,P0,biphasic_common,0.3515625,15.302119449554205,14.3637012157781
1,P0,biphasic_common,0.35546875,15.631343167400258,14.689094068077551
1,P0,biphasic_common,0.359375,15.88730773376372,14.941340949027712
1,P0,biphasic_common,0.36328125,16.066216976915946,15.116646430923602
1,P0,biphasic_common,0.3671875,16.165392838035938,15.212333181199293
1,P0,biphasic_common,0.37109375,16.183342135561396,15.226908725193343
1,P0,biphasic_common,0.375,16.119794008964803,15.160102888811798
1,P0,biphasic_common,0.37890625,15.97570674136588,15.012874620598364
1,P0,biphasic_common,0.3828125,15.753243727911022,14.787387960172026
1,P0,biphasic_common,0.38671875,15.455719436470186,14.486957999550167
1,P0,biphasic_common,0.390625,15.087517249745009,14.11596872636604
1,P0,biphasic_common,0.39453125,14.653982036408237,13.679765596475283
1,P0,biphasic_common,0.3984375,14.161291131196689,13.184526515721604
1,P0,biphasic_common,0.40234375,13.616308074691977,12.637115581432335
1,P0,biphasic_common,0.40625,13.026423946299081,12.044924416993601
1,P0,biphasic_common,0.41015625,12.399391402082113,11.415706211021503
1,P0,biphasic_common,0.4140625,11.743156596631469,10.757407640189546
1,P0,biphasic_common,0.41796875,11.065694029578079,10.078003716251748
1,P0,biphasic_common,0.421875,10.374849027238259,9.3853402677112605
1,P0,biphasic_common,0.42578125,9.6781920714165128,8.686988268171584
1,P0,biphasic_common,0.4296875,8.9828885509637288,7.9901135870178379
1,P0,biphasic_common,0.43359375,8.2955867727524275,7.3013649991734049
1,P0,biphasic_common,0.4375,7.6223262656963175,6.6267824876671089
1,P0,biphasic_common,0.44140625,6.9684675834321768,5.9717270447501889
1,P0,biphasic_common,0.4453125,6.3386439960122702,5.3408323620344333
1,P0,biphasic_common,0.44921875,5.7367346928272722,4.7379780319853229
1,P0,biphasic_common,0.453125,5.1658584275067412,4.1662831916130632
1,P0,biphasic_common,0.45703125,4.6283859441802342,3.6281189478149085
1,P0,biphasic_common,0.4609375,4.1259690498872121,3.125137449198212
1,P0,biphasic_common,0.46484375,3.6595838496879107,2.658315120947091
1,P0,biphasic_common,0.46875,3.2295854418181311,2.2280073600578687
1,P0,biphasic_common,0.47265625,2.8357712763263319,1.8340118943393855
1,P0,biphasic_common,0.4765625,2.4774504027600783,1.4756380306844288
1,P0,biphasic_common,0.48046875,2.1535159568799651,1.1517791425181092
1,P0,biphasic_common,0.484375,1.8625184460492956,0.86098595599499195
1,P0,biphasic_common,0.48828125,1.6027376688380355,0.60153847040972597
1,P0,biphasic_common,0.4921875,1.3722514266574384,0.37151467057232912
1,P0,biphasic_common,0.49609375,1.1689995344010293,0.16885453807173878
1,P0,biphasic_common,0.5,0.99084199488823654,-0.0085817738125020249
1,P0,biphasic_common,0.50390625,0.83561055221757352,-0.16296238646290595
1,P0,biphasic_common,0.5078125,0.70115316836172348,-0.29643921921187877
1,P0,biphasic_common,0.51171875,0.5853712648229854,-0.41111074773495737
1,P0,biphasic_common,0.515625,0.48624982929902882,-0.50899189757659746
1,P0,biphasic_common,0.51953125,0.40188070144106108,-0.59199075869548956
1,P0,biphasic_common,0.5234375,0.33047952002258557,-0.66189163867581247
1,P0,biphasic_common,0.52734375,0.27039693669015397,-0.7203438493967611
1,P0,biphasic_common,0.53125,0.22012478144327094,-0.76885554197902417
1,P0,biphasic_common,0.53515625,0.17829790612944232,-0.80879186369269007
1,P0,biphasic_common,0.5390625,0.1436924396528759,-0.84137670310464641
1,P0,biphasic_common,0.54296875,0.11522116802004212,-0.86769731032600017
1,P0,biphasic_common,0.546875,0.091926709749622582,-0.88871112182283607
1,P0,biphasic_common,0.55078125,0.072973098416122831,-0.90525417801863273
1,P0,biphasic_common,0.5546875,0.057636314653407419,-0.91805059136537626
1,P0,biphasic_common,0.55859375,0.045294234715966858,-0.92772259779336963
1,P0,biphasic_common,0.5625,0.035416385873682933,-0.93480080127482168
1,P0,biphasic_common,0.56640625,0.027553823919034187,-0.93973429623483984
1,P0,biphasic_common,0.5703125,0.021329377529044336,-0.94290042308043498
1,P0,biphasic_common,0.57421875,0.016428440032227785,-0.94461397630961064
1,P0,biphasic_common,0.578125,0.012590432483631947,-0.94513574130824374
1,P0,biphasic_common,0.58203125,0.0096010134536698398,-0.94468028443792451
1,P0,biphasic_common,0.5859375,0.0072850706992974423,-0.94342296125279379
1,P0,biphasic_common,0.58984375,0.0055004976302869433,-0.9415061399369351
1,P0,biphasic_common,0.59375,0.0041327326424486534,-0.93904466189264935
1,P0,biphasic_common,0.59765625,0.0030900212034637121,-0.93613057959432888
1,P0,biphasic_common,0.6015625,0.0022993481736875909,-0.93283722422439053
1,P0,biphasic_common,0.60546875,0.0017029803089958749,-0.92922266314206015
1,P0,biphasic_common,0.609375,0.0012555553218704216,-0.92533261080591189
1,P0,biphasic_common,0.61328125,0.00092165341863073699,-0.92120285722910222
1,P0,biphasic_common,0.6171875,0.00067378911267332591,-0.91686127616423274
1,P0,biphasic_common,0.62109375,0.00049076465959295543,-0.91232947166900535
1,P0,biphasic_common,0.625,0.0003563310974536892,-0.90762411706681889
1,P0,biphasic_common,0.62890625,0.0002581081352257251,-0.90275803505716312
1,P0,biphasic_common,0.6328125,0.00018671964385983262,-0.89774106221973504
1,P0,biphasic_common,0.63671875,0.00013510698644043909,-0.89258073567473906
1,P0,biphasic_common,0.640625,9.798767349062851e-05,-0.88728283441264511
1,P0,biphasic_common,0.64453125,7.1431710206772123e-05,-0.88185180292637333
1,P0,biphasic_common,0.6484375,5.2532431728751793e-05,-0.87629108034985337
1,P0,biphasic_common,0.65234375,3.9152560725524505e-05,-0.8706033543689613
1,P0,biphasic_common,0.65625,2.9729661109322197e-05,-0.86479075573147091
1,P0,biphasic_common,0.66015625,2.3128118367725252e-05,-0.85885500622606914
1,P0,biphasic_common,0.6640625,1.8527282303201175e-05,-0.85279753049519802
1,P0,biphasic_common,0.66796875,1.5337502950237216e-05,-0.84661953995153416
1,P0,biphasic_common,0.671875,1.3137520953401575e-05,-0.84032209533733004
1,P0,biphasic_common,0.67578125,1.1628086811666082e-05,-0.83390615305267479
1,P0,biphasic_common,0.6796875,1.0597824883635453e-05,-0.82737259923717654
1,P0,biphasic_common,0.68359375,9.8982706571023321e-06,-0.82072227467687786
1,P0,biphasic_common,0.6875,9.4257322501564488e-06,-0.8139559928856952
1,P0,biphasic_common,0.69140625,9.1081936584546068e-06,-0.80707455314405085
1,P0,biphasic_common,0.6953125,8.8959175061387732e-06,-0.8000787498370836
1,P0,biphasic_common,0.69921875,8.7547441463837661e-06,-0.79296937909567533
1,P0,biphasic_common,0.703125,8.6613429049596682e-06,-0.78574724348456404
1,P0,biphasic_common,0.70703125,8.599867364945394e-06,-0.77841315528567034
1,P0,biphasic_common,0.7109375,8.5596139006721395e-06,-0.77096793877745262
1,P0,biphasic_common,0.71484375,8.5333924490286826e-06,-0.76341243180130158
1,P0,biphasic_common,0.71875,8.5163996835111049e-06,-0.75574748682480375
1,P0,biphasic_common,0.72265625,8.5054443267247468e-06,-0.74797397165213653
1,P0,biphasic_common,0.7265625,8.4984177250419727e-06,-0.74009276988847295
1,P0,biphasic_common,0.73046875,8.493934178592421e-06,-0.73210478123389233
1,P0,biphasic_common,0.734375,8.4910880358194339e-06,-0.72401092165980163
1,P0,biphasic_common,0.73828125,8.4892906079684684e-06,-0.71581212350481049
1,P0,biphasic_common,0.7421875,8.4881613137688061e-06,-0.70750933551567075
1,P0,biphasic_common,0.74609375,8.4874554439535845e-06,-0.69910352285090016
1,P0,biphasic_common,0.75,8.4870165041038225e-06,-0.69059566705915865
1,P0,biphasic_common,0.75390625,8.4867449544394574e-06,-0.68198676604057895
1,P0,biphasic_common,0.7578125,8.4865778229308905e-06,-0.67327783399660146
1,P0,biphasic_common,0.76171875,8.4864754858289224e-06,-0.66446990137205364
1,P0,biphasic_common,0.765625,8.4864131447232035e-06,-0.65556401479196569
1,P0,biphasic_common,0.76953125,8.4863753628614579e-06,-0.64656123699480217
1,P0,biphasic_common,0.7734375,8.4863525825052398e-06,-0.63746264676321251
1,P0,biphasic_common,0.77734375,8.4863389175950483e-06,-0.6282693388530447
1,P0,biphasic_common,0.78125,8.4863307626140108e-06,-0.6189824239211108
1,P0,biphasic_common,0.78515625,8.4863259207811011e-06,-0.60960302845203973
1,P0,biphasic_common,0.7890625,8.486323060767797e-06,-0.60013229468443474
1,P0,biphasic_common,0.79296875,8.4863213800358901e-06,-0.59057138053649938
1,P0,biphasic_common,0.796875,8.4863203973795154e-06,-0.58092145953123375
1,P0,oscillatory,-0.19921875,0.0014518000011473895,0.0014523051914437156
1,P0,oscillatory,-0.1953125,0.0014523694319221357,0.001452866472868547
1,P0,oscillatory,-0.19140625,0.0014525420918279173,0.0014530312407961452
1,P0,oscillatory,-0.1875,0.0014520919962561852,0.0014525736630264256
1,P0,oscillatory,-0.18359375,0.0014507516870734751,0.0014512264477451685
1,P0,oscillatory,-0.1796875,0.0014482229578504883,0.0014486915547496761
1,P0,oscillatory,-0.17578125,0.0014441963470645271,0.0014446596689308832
1,P0,oscillatory,-0.171875,0.0014383812641668731,0.001438840301022457
1,P0,oscillatory,-0.16796875,0.0014305482302221712,0.0014310039981861897
1,P0,oscillatory,-0.1640625,0.0014205839840541158,0.0014210374171549675
1,P0,oscillatory,-0.16015625,0.0014085590587979042,0.0014090108676785916
1,P0,oscillatory,-0.15625,0.00139480582481868,0.0013952563261833649
1,P0,oscillatory,-0.15234375,0.0013800029097441042,0.0013804518353792629
1,P0,oscillatory,-0.1484375,0.0013652593818752718,0.0013657056818677127
1,P0,oscillatory,-0.14453125,0.0013521892235157428,0.0013526308844642588
1,P0,oscillatory,-0.140625,0.0013429636123532286,0.0013433975173120414
1,P0,oscillatory,-0.13671875,0.0013403256529842587,0.0013407475147706486
1,P0,oscillatory,-0.1328125,0.0013475498380764424,0.0013479542404461785
1,P0,oscillatory,-0.12890625,0.0013683271466242469,0.0013687077275951619
1,P0,oscillatory,-0.125,0.0014065568615116734,0.0014069066687325373
1,P0,oscillatory,-0.12109375,0.0014660285127748381,0.001466340551370082
1,P0,oscillatory,-0.1171875,0.0015499824247520312,0.001550250402906075
1,P0,oscillatory,-0.11328125,0.0016605456886831542,0.0016607649452320507
1,P0,oscillatory,-0.109375,0.0017980523592640275,0.0017982209312762821
1,P0,oscillatory,-0.10546875,0.0019602723820225164,0.0019603921401385727
1,P0,oscillatory,-0.1015625,0.0021415929218126534,0.002141670669264191
1,P0,oscillatory,-0.09765625,0.0023322176225500485,0.0023322660235337309
1,P0,oscillatory,-0.09375,0.0025174725504915271,0.0025175107290198316
1,P0,oscillatory,-0.08984375,0.0026773301865273156,0.0026773838227409988
1,P0,oscillatory,-0.0859375,0.0027862822156653642,0.002786382967834883
1,P0,oscillatory,-0.08203125,0.0028137047977699423,0.002813888899523883
1,P0,oscillatory,-0.078125,0.0027248628217284988,0.0027251687491765446
1,P0,oscillatory,-0.07421875,0.00248268845913168,0.0024831536335713006
1,P0,oscillatory,-0.0703125,0.0020504403859118777,0.0020510969743598858
1,P0,oscillatory,-0.06640625,0.0013953001500441895,0.0013961701444323929
1,P0,oscillatory,-0.0625,0.00049288925955494399,0.00049397914896249194
1,P0,oscillatory,-0.05859375,-0.00066740572199932516,-0.00066611023418670164
1,P0,oscillatory,-0.0546875,-0.0020765305235205204,-0.0020750691787245418
1,P0,oscillatory,-0.05078125,-0.0036996478155232378,-0.0036980891577995129
1,P0,oscillatory,-0.046875,-0.0054703170419571658,-0.005468759745600355
1,P0,oscillatory,-0.04296875,-0.0072856174324183749,-0.0072841888855595975
1,P0,oscillatory,-0.0390625,-0.0090029845041087585,-0.009001836032925082
1,P0,oscillatory,-0.03515625,-0.010439617088559493,-0.01043891540009082
1,P0,oscillatory,-0.03125,-0.011375343332664776,-0.011375258046532055
1,P0,oscillatory,-0.02734375,-0.011559789987147243,-0.011560477511339054
1,P0,oscillatory,-0.0234375,-0.010724560764085948,-0.010726145228804967
1,P0,oscillatory,-0.01953125,-0.0086008815008122626,-0.0086034339652166763
1,P0,oscillatory,-0.015625,-0.0049428035454785382,-0.0049463211900560942
1,P0,oscillatory,-0.01171875,0.0004444275009540654,0.00044004004475963181
1,P0,oscillatory,-0.0078125,0.0076718208088526361,0.0076667655238003693
1,P0,oscillatory,-0.00390625,0.016731560707897504,0.016726153054578339
1,P0,oscillatory,0,0.027461761892516215,0.027456427995103529
1,P0,oscillatory,0.00390625,0.039514116088508813,0.039509378181592704
1,P0,oscillatory,0.0078125,0.05232809346263001,0.052324542273875271
1,P0,oscillatory,0.01171875,0.065115801545342203,0.065114055340158045
1,P0,oscillatory,0.015625,0.076861790498949797,0.076862441839267451
1,P0,oscillatory,0.01953125,0.086341941157775062,0.086345493946137095
1,P0,oscillatory,0.0234375,0.09216500616790875,0.092171807139130688
1,P0,oscillatory,0.02734375,0.09283933914518086,0.09284950947443904
1,P0,oscillatory,0.03125,0.086865816370118795,0.086879190306736895
1,P0,oscillatory,0.03515625,0.072855944347700805,0.072872022566148248
1,P0,oscillatory,0.0390625,0.049671717135501843,0.049689642636310212
1,P0,oscillatory,0.04296875,0.016581056407993518,0.01659962015015708
1,P0,oscillatory,0.046875,-0.026580192415463173,-0.026562510508528415
1,P0,oscillatory,0.05078125,-0.079251497165589546,-0.079236448630922843
1,P0,oscillatory,0.0546875,-0.14001029365778131,-0.13999974342979338
1,P0,oscillatory,0.05859375,-0.20646997222232244,-0.20646574608744611
1,P0,oscillatory,0.0625,-0.27522986706192332,-0.27523357291972456
1,P0,oscillatory,0.06640625,-0.34189341680402402,-0.3419062522803864
1,P0,oscillatory,0.0703125,-0.40116866534582452,-0.40119122807893665
1,P0,oscillatory,0.07421875,-0.4470616222902955,-0.44709374201346308
1,P0,oscillatory,0.078125,-0.47316766301645374,-0.47320827591677
1,P0,oscillatory,0.08203125,-0.47305922361046693,-0.47310630894091527
1,P0,oscillatory,0.0859375,-0.440759802356194,-0.44081039863839661
1,P0,oscillatory,0.08984375,-0.37128515601865875,-0.37133546929087313
1,P0,oscillatory,0.09375,-0.261223181152268,-0.26126879071099651
1,P0,oscillatory,0.09765625,-0.10931504829698377,-0.10935120661673298
1,P0,oscillatory,0.1015625,0.083007434411039013,0.082985420801057461
1,P0,oscillatory,0.10546875,0.3111786081977454,0.31117494030871862
1,P0,oscillatory,0.109375,0.56720252263752025,0.56722044601576027
1,P0,oscillatory,0.11328125,0.83955424107643606,0.83959559881776857
1,P0,oscillatory,0.1171875,1.1133237530139786,1.1133886002216049
1,P0,oscillatory,0.12109375,1.3706364765561245,1.3707228026358689
1,P0,oscillatory,0.125,1.5913687540433188,1.5914723556806427
1,P0,oscillatory,0.12890625,1.7541569364838729,1.7542714757646054
1,P0,oscillatory,0.1328125,1.8376755355333065,1.8377928046028766
1,P0,oscillatory,0.13671875,1.8221348498735113,1.822245246438996
1,P0,oscillatory,0.140625,1.6909231898393762,1.6910163878820799
1,P0,oscillatory,0.14453125,1.4322953739011157,1.4323611528244296
1,P0,oscillatory,0.1484375,1.0409897665941001,1.0410189416729834
1,P0,oscillatory,0.15234375,0.51964298693077282,0.51962836653294098
1,P0,oscillatory,0.15625,-0.12013343106515786,-0.12019614829324395
1,P0,oscillatory,0.16015625,-0.8571450592762605,-0.85725653931839296
1,P0,oscillatory,0.1640625,-1.6605898443433633,-1.6607466136879316
1,P0,oscillatory,0.16796875,-2.4907038548382157,-2.4908981138358826
1,P0,oscillatory,0.171875,-3.3001267404848815,-3.3003465493311954
1,P0,oscillatory,0.17578125,-4.0359890546385397,-4.0362189178088244
1,P0,oscillatory,0.1796875,-4.6426699597532997,-4.642891799496252
1,P0,oscillatory,0.18359375,-5.0651170655064712,-5.0653115367448942
1,P0,oscillatory,0.1875,-5.2525643480760795,-5.2527124092697264
1,P0,oscillatory,0.19140625,-5.1624338121826252,-5.1625184332142888
1,P0,oscillatory,0.1953125,-4.7641664391294407,-4.7641743018837719
1,P0,oscillatory,0.19921875,-4.0427023992485083,-4.0426254326327644
1,P0,oscillatory,0.203125,-3.0013232126549854,-3.0011598039013823
1,P0,oscillatory,0.20703125,-1.6635821793942569,-1.6633379189472939
1,P0,oscillatory,0.2109375,-0.074085235269565022,-0.073773083327708502
1,P0,oscillatory,0.21484375,1.702057962700718,1.7024181554832347
1,P0,oscillatory,0.21875,3.5812156373382562,3.5815982675452593
1,P0,oscillatory,0.22265625,5.4646581619342038,5.4650336211046167
1,P0,oscillatory,0.2265625,7.2433320265994299,7.243668949185774
1,P0,oscillatory,0.23046875,8.8037845219367181,8.804052367850506
1,P0,oscillatory,0.234375,10.034938986122642,10.035110747825126
1,P0,oscillatory,0.23828125,10.835332328398628,10.83538712485505
1,P0,oscillatory,0.2421875,11.120359358906363,11.120284671807639
1,P0,oscillatory,0.24609375,10.829029151182477,10.828822474841429
1,P0,oscillatory,0.25,9.9297325441903066,9.9294022594899882
1,P0,oscillatory,0.25390625,8.4245500729812743,8.4241154154440814
1,P0,oscillatory,0.2578125,6.3516966076456303,6.3511866756342359
1,P0,oscillatory,0.26171875,3.785800437739435,3.7852522726153346
1,P0,oscillatory,0.265625,0.83584525733438764,0.8353011153280544
1,P0,oscillatory,0.26953125,-2.3592443671279981,-2.3597403499696119
1,P0,oscillatory,0.2734375,-5.637229969083605,-5.6376354504937272
1,P0,oscillatory,0.27734375,-8.8210912191931126,-8.8213693493187861
1,P0,oscillatory,0.28125,-11.72900480669461,-11.729127620510264
1,P0,oscillatory,0.28515625,-14.185185553667273,-14.185136738595384
1,P0,oscillatory,0.2890625,-16.030913997636965,-16.030690761111867
1,P0,oscillatory,0.29296875,-17.135027392202442,-17.134641225017738
1,P0,oscillatory,0.296875,-17.403153342769553,-17.40262956725762
1,P0,oscillatory,0.30078125,-16.785019260866218,-16.784395360167828
1,P0,oscillatory,0.3046875,-15.279274760566436,-15.278597596671208
1,P0,oscillatory,0.30859375,-12.935412408370667,-12.934734541691851
1,P0,oscillatory,0.3125,-9.8525556346736334,-9.8519310463805887
1,P0,oscillatory,0.31640625,-6.1750888622252385,-6.1745684434214132
1,P0,oscillatory,0.3203125,-2.0853195868298666,-2.0849467892096163
1,P0,oscillatory,0.32421875,2.2064302551335166,2.2066232180287031
1,P0,oscillatory,0.328125,6.4737212012966259,6.4737162549789398
1,P0,oscillatory,0.33203125,10.487150554967331,10.486945494822043
1,P0,oscillatory,0.3359375,14.027932976859965,14.027541858249162
1,P0,oscillatory,0.33984375,16.901032702181979,16.900484838169763
1,P0,oscillatory,0.34375,18.946989838282089,18.946327478598818
1,P0,oscillatory,0.34765625,20.051660696758777,20.050935581399045
1,P0,oscillatory,0.3515625,20.153225073993273,20.152494157715836
1,P0,oscillatory,0.35546875,19.245992687754196,19.245313407866306
1,P0,oscillatory,0.359375,17.380753926665808,17.380179428506814
1,P0,oscillatory,0.36328125,14.661651404784566,14.661226143220178
1,P0,oscillatory,0.3671875,11.239781846755813,11.239537947378953
1,P0,oscillatory,0.37109375,7.3039557402931505,7.303910434239512
1,P0,oscillatory,0.375,3.0692293300809466,3.0693836781254729
1,P0,oscillatory,0.37890625,-1.2360333905042915,-1.2356943861786764
1,P0,oscillatory,0.3828125,-5.3837219078456151,-5.3832278309439792
1,P0,oscillatory,0.38671875,-9.1592874749673285,-9.1586798093389667
1,P0,oscillatory,0.390625,-12.373953938626306,-12.373282423265422
1,P0,oscillatory,0.39453125,-14.875075983890138,-14.874394343409463
1,P0,oscillatory,0.3984375,-16.554029324898533,-16.553390759077086
1,P0,oscillatory,0.40234375,-17.351196209547886,-17.350649038429385
1,P0,oscillatory,0.40625,-17.257813913988105,-17.257397751478749
1,P0,oscillatory,0.41015625,-16.314668422237705,-16.314411194300252
1,P0,oscillatory,0.4140625,-14.607824624852345,-14.607740664394107
1,P0,oscillatory,0.41796875,-12.261773401140594,-12.261862749139507
1,P0,oscillatory,0.421875,-9.4305321051495454,-9.4307810365568834
1,P0,oscillatory,0.42578125,-6.2873483570864925,-6.2877310411707086
1,P0,oscillatory,0.4296875,-3.0137212673814453,-3.0142023754555574
1,P0,oscillatory,0.43359375,0.21153322293575008,0.21099522552732516
1,P0,oscillatory,0.4375,3.2224839256001658,3.2219331155489499
1,P0,oscillatory,0.44140625,5.8749469388253353,5.8744262301846
1,P0,oscillatory,0.4453125,8.0535233070697529,8.0530710252225699
1,P0,oscillatory,0.44921875,9.6764728725702334,9.6761198862009561
1,P0,oscillatory,0.453125,10.698247178250767,10.698014805508954
1,P0,oscillatory,0.45703125,11.109668697278304,11.109567522989403
1,P0,oscillatory,0.4609375,10.935898928010603,10.935928581440661
1,P0,oscillatory,0.46484375,10.232473599026513,10.232623454817681
1,P0,oscillatory,0.46875,9.0797910443951295,9.0800417308083361
1,P0,oscillatory,0.47265625,7.576513973528308,7.5768395087635891
1,P0,oscillatory,0.4765625,5.8323824523474093,5.8327527863442254
1,P0,oscillatory,0.48046875,3.960936882492045,3.9613206009467512
1,P0,oscillatory,0.484375,2.0726167367529551,2.0729836865319893
1,P0,oscillatory,0.48828125,0.26863869042273492,0.26896230931285259
1,P0,oscillatory,0.4921875,-1.3640267658208587,-1.3637675906583284
1,P0,oscillatory,0.49609375,-2.7563603697968833,-2.756180036262267
1,P0,oscillatory,0.5,-3.8595666151605093,-3.8594721943469228
1,P0,oscillatory,0.50390625,-4.6459037495099507,-4.6458950268447534
1,P0,oscillatory,0.5078125,-5.108156667194323,-5.1082267793709768
1,P0,oscillatory,0.51171875,-5.2579189055661484,-5.2580554692094834
1,P0,oscillatory,0.515625,-5.1229117603938725,-5.1230983547205611
1,P0,oscillatory,0.51953125,-4.7436088208812164,-4.7438266680384471
1,P0,oscillatory,0.5234375,-4.1694522500181073,-4.1696819336843491
1,P0,oscillatory,0.52734375,-3.4549438550854856,-3.4551669292054781
1,P0,oscillatory,0.53125,-2.6558718134245001,-2.6560721762964494
1,P0,oscillatory,0.53515625,-1.8258963757209234,-1.826061316823506
1,P0,oscillatory,0.5390625,-1.0136692464800103,-1.0137901106716887
1,P0,oscillatory,0.54296875,-0.26060627081840304,-0.26067872300222095
1,P0,oscillatory,0.546875,0.40062386642218473,0.40059995699334949
1,P0,oscillatory,0.55078125,0.94688678065576781,0.94690778657151131
1,P0,oscillatory,0.5546875,1.3646858430920776,1.3647450825305363
1,P0,oscillatory,0.55859375,1.649662399472144,1.6497510103581607
1,P0,oscillatory,0.5625,1.8056027468552374,1.8057106392990379
1,P0,oscillatory,0.56640625,1.843080188351742,1.8431969868948592
1,P0,oscillatory,0.5703125,1.7778677050649894,1.7779836032725105
1,P0,oscillatory,0.57421875,1.6292538085087909,1.6293602749872813
1,P0,oscillatory,0.578125,1.418382502021176,1.4184727968843831
1,P0,oscillatory,0.58203125,1.1667199541172184,1.1667894360756434
1,P0,oscillatory,0.5859375,0.89472766594788988,0.89477389052056111
1,P0,oscillatory,0.58984375,0.62079682751714449,0.62081945463374411
1,P0,oscillatory,0.59375,0.36047329253072991,0.36047383573375869
1,P0,oscillatory,0.59765625,0.12597897210129727,0.12596043090517775
1,P0,oscillatory,0.6015625,-0.073985109567982169,-0.074018688099253285
1,P0,oscillatory,0.60546875,-0.23418533187600687,-0.23422931638167985
1,P0,oscillatory,0.609375,-0.35259463664212093,-0.3526442577031193
1,P0,oscillatory,0.61328125,-0.42997445210227592,-0.43002519681883855
1,P0,oscillatory,0.6171875,-0.46935200709525887,-0.46939993658407037
1,P0,oscillatory,0.62109375,-0.47544413976248295,-0.47548611430440951
1,P0,oscillatory,0.625,-0.45407390332975694,-0.45410770993900867
1,P0,oscillatory,0.62890625,-0.41161905449773561,-0.41164344073248504
1,P0,oscillatory,0.6328125,-0.3545227829017511,-0.35453740813139323
1,P0,oscillatory,0.63671875,-0.28888767316340402,-0.28889299383214861
1,P0,oscillatory,0.640625,-0.22016465919389108,-0.2201617677075019
1,P0,oscillatory,0.64453125,-0.15294027028392931,-0.15293070805807416
1,P0,oscillatory,0.6484375,-0.090818253153629999,-0.090803817349140212
1,P0,oscillatory,0.65234375,-0.036385984471493757,-0.036368545391439841
1,P0,oscillatory,0.65625,0.0087479004327099871,0.0087665579294882393
1,P0,oscillatory,0.66015625,0.043860557233757924,0.043878859146714799
1,P0,oscillatory,0.6640625,0.06898334043717734,0.069000011021052826
1,P0,oscillatory,0.66796875,0.084747722267931827,0.084761832590628888
1,P0,oscillatory,0.671875,0.092223316258998822,0.092234296522740483
1,P0,oscillatory,0.67578125,0.092760312445069562,0.092767933295179295
1,P0,oscillatory,0.6796875,0.08784591918728564,0.087850248955176333
1,P0,oscillatory,0.68359375,0.078981546794206742,0.078982892444452668
1,P0,oscillatory,0.6875,0.067584695827150612,0.067583535385127583
1,P0,oscillatory,0.69140625,0.054917012118157638,0.054913925686743692
1,P0,oscillatory,0.6953125,0.042037869015863323,0.042033474325538854
1,P0,oscillatory,0.69921875,0.029781208241805947,0.029776105210020679
1,P0,oscillatory,0.703125,0.018752237248256538,0.018746964436268727
1,P0,oscillatory,0.70703125,0.0093399246482053135,0.0093349289591744076
1,P0,oscillatory,0.7109375,0.0017410056811895975,0.0017366252709472621
1,P0,oscillatory,0.71484375,-0.0040086653307673595,-0.0040122060697308651
1,P0,oscillatory,0.71875,-0.0079991828060083699,-0.0080017681271860527
1,P0,oscillatory,0.72265625,-0.010411265351442397,-0.010412875321668964
1,P0,oscillatory,0.7265625,-0.011483044312392013,-0.011483736857855354
1,P0,oscillatory,0.73046875,-0.011480759420831096,-0.011480649762464294
1,P0,oscillatory,0.734375,-0.010674473427061204,-0.010673713132112145
1,P0,oscillatory,0.73828125,-0.0093193087681547881,-0.0093180662251252985
1,P0,oscillatory,0.7421875,-0.0076422024775402164,-0.0076406461107973297
1,P0,oscillatory,0.74609375,-0.0058337852628313853,-0.0058320702989477953
1,P0,oscillatory,0.75,-0.0040447194288507288,-0.0040429785565177867
1,P0,oscillatory,0.75390625,-0.0023856709340068973,-0.0023840087977920407
1,P0,oscillatory,0.7578125,-0.00093002927692967903,-0.00092852043345965115
1,P0,oscillatory,0.76171875,0.00028149318043858536,0.00028280342842671303
1,P0,oscillatory,0.765625,0.0012351735654677919,0.0012362661584382974
1,P0,oscillatory,0.76953125,0.0019381769396156724,0.0019390546057203441
1,P0,oscillatory,0.7734375,0.0024125774026920997,0.0024132594496844859
1,P0,oscillatory,0.77734375,0.0026898949481031025,0.0026904119040856078
1,P0,oscillatory,0.78125,0.002806404276397112,0.0028067928580470525
1,P0,oscillatory,0.78515625,0.0027993502203337802,0.0027996489705828676
1,P0,oscillatory,0.7890625,0.0027041036189468341,0.0027043494207603909
1,P0,oscillatory,0.79296875,0.0025522138620094953,0.0025524394126353019
1,P0,oscillatory,0.796875,0.0023702599532260454,0.0023704921819326895
1,P0,slow_common,-0.19921875,-0.82003003422666776,0.37289542934546294
1,P0,slow_common,-0.1953125,-0.80428544716244543,0.34117320378520866
1,P0,slow_common,-0.19140625,-0.78784396857203354,0.31007870648419322
1,P0,slow_common,-0.1875,-0.7706808604342732,0.27964091186782936
1,P0,slow_common,-0.18359375,-0.75277083300979997,0.24988937636131414
1,P0,slow_common,-0.1796875,-0.7340880497092388,0.2208542330929939
1,P0,slow_common,-0.17578125,-0.71460613308923127,0.1925661854628764
1,P0,slow_common,-0.171875,-0.69429817202116828,0.16505649953147872
1,P0,slow_common,-0.16796875,-0.6731367300770611,0.13835699518459244
1,P0,slow_common,-0.1640625,-0.65109385517646301,0.1125000360301156
1,P0,slow_common,-0.16015625,-0.62814109053765266,0.087518517983772082
1,P0,slow_common,-0.15625,-0.60424948697545255,0.063445856501394893
1,P0,slow_common,-0.15234375,-0.57938961658709043,0.040315972416404833
1,P0,slow_common,-0.1484375,-0.55353158786635781,0.018163276342292534
1,P0,slow_common,-0.14453125,-0.52664506228502339,-0.0029773483988226879
1,P0,slow_common,-0.140625,-0.49869927237902034,-0.023070564359002788
1,P0,slow_common,-0.13671875,-0.46966304137527748,-0.042080600094505982
1,P0,slow_common,-0.1328125,-0.43950480439327744,-0.059971271877026666
1,P0,slow_common,-0.12890625,-0.40819263125348026,-0.076706007018229272
1,P0,slow_common,-0.125,-0.37569425092256936,-0.092247868837501912
1,P0,slow_common,-0.12109375,-0.34197707762321061,-0.10655958330053217
1,P0,slow_common,-0.1171875,-0.30700823863348081,-0.11960356735381339
1,P0,slow_common,-0.11328125,-0.27075460379847238,-0.13134195897752576
1,P0,slow_common,-0.109375,-0.23318281677372699,-0.14173664897637117
1,P0,slow_common,-0.10546875,-0.19425932801712764,-0.1507493145249228
1,P0,slow_common,-0.1015625,-0.15395042954265381,-0.15834145448084147
1,P0,slow_common,-0.09765625,-0.11222229144605556,-0.16447442647591792
1,P0,slow_common,-0.09375,-0.069041000208914793,-0.16910948579135887
1,P0,slow_common,-0.08984375,-0.024372598783850563,-0.17220782601999041
1,P0,slow_common,-0.0859375,0.02181687154025691,-0.17373062151416718
1,P0,slow_common,-0.08203125,0.069561327498244951,-0.17363907161411429
1,P0,slow_common,-0.078125,0.11889459844324368,-0.17189444664720011
1,P0,slow_common,-0.07421875,0.16985037918964263,-0.16845813568427825
1,P0,slow_common,-0.0703125,0.22246218112275629,-0.16329169603471172
1,P0,slow_common,-0.06640625,0.27676328159814267,-0.15635690445702544
1,P0,slow_common,-0.0625,0.33278667165834896,-0.14761581005735103
1,P0,slow_common,-0.05859375,0.39056500209972178,-0.13703078884290676
1,P0,slow_common,-0.0546875,0.45013052792702934,-0.12456459989271185
1,P0,slow_common,-0.05078125,0.51151505123869256,-0.11018044310261121
1,P0,slow_common,-0.046875,0.57474986259071215,-0.093842018456457232
1,P0,slow_common,-0.04296875,0.63986568089269502,-0.075513586769947239
1,P0,slow_common,-0.0390625,0.70689259189471154,-0.055160031848273228
1,P0,slow_common,-0.03515625,0.77585998532921963,-0.032746923993263177
1,P0,slow_common,-0.03125,0.84679649077776875,-0.0082405847902142781
1,P0,slow_common,-0.02734375,0.91972991233767831,0.018391846900904341
1,P0,slow_common,-0.0234375,0.99468716216946196,0.04718234783074049
1,P0,slow_common,-0.01953125,1.0716941930113053,0.078161942208730739
1,P0,slow_common,-0.015625,1.1507759297523814,0.11136063260607942
1,P0,slow_common,-0.01171875,1.2319562001623321,0.14680733001095359
1,P0,slow_common,-0.0078125,1.3152576648796506,0.18452978313874091
1,P0,slow_common,-0.00390625,1.400701746767077,0.22455450710560054
1,P0,slow_common,0,1.4883085597474175,0.26690671157882173
1,P0,slow_common,0.00390625,1.5780968372383855,0.31161022852269049
1,P0,slow_common,0.0078125,1.6700838603101145,0.35868743966364391
1,P0,slow_common,0.01171875,1.7642853856939225,0.40815920380340032
1,P0,slow_common,0.015625,1.8607155737756977,0.46004478411353844
1,P0,slow_common,0.01953125,1.9593869167118163,0.51436177554957307
1,P0,slow_common,0.0234375,2.0603101668099528,0.5711260325269798
1,P0,slow_common,0.02734375,2.1634942653212414,0.63035159700578092
1,P0,slow_common,0.03125,2.2689462717942703,0.69205062713425569
1,P0,slow_common,0.03515625,2.3766712941449981,0.75623332660601372
1,P0,slow_common,0.0390625,2.4866724196001382,0.82290787488807826
1,P0,slow_common,0.04296875,2.5989506466746208,0.89208035848074685
1,P0,slow_common,0.046875,2.7135048183466131,0.96375470337277935
1,P0,slow_common,0.05078125,2.8303315565959819,1.0379326088579681
1,P0,slow_common,0.0546875,2.9494251984742368,1.1146134828812473
1,P0,slow_common,0.05859375,3.0707777338757678,1.1937943790842613
1,P0,slow_common,0.0625,3.1943787451815453,1.275469935721703
1,P0,slow_common,0.06640625,3.3202153489474444,1.3596323166207105
1,P0,slow_common,0.0703125,3.448272139809923,1.4462711543561886
1,P0,slow_common,0.07421875,3.5785311367819537,1.5353734958150635
1,P0,slow_common,0.078125,3.7109717321117879,1.6269237503221996
1,P0,slow_common,0.08203125,3.8455706428764067,1.7209036404999569
1,P0,slow_common,0.0859375,3.9823018654803173,1.8172921560321846
1,P0,slow_common,0.08984375,4.1211366332286774,1.9160655105017566
1,P0,slow_common,0.09375,4.2620433771415875,2.0171971014686187
1,P0,slow_common,0.09765625,4.4049876901737131,2.1206574739526793
1,P0,slow_common,0.1015625,4.549932295000362,2.2264142874827426
1,P0,slow_common,0.10546875,4.6968370155274144,2.334432286869069
1,P0,slow_common,0.109375,4.8456587522784584,2.4446732768530159
1,P0,slow_common,0.11328125,4.9963514618077873,2.5570961007825854
1,P0,slow_common,0.1171875,5.148866140282883,2.6716566234575927
1,P0,slow_common,0.12109375,5.3031508113742838,2.78830771828253
1,P0,slow_common,0.125,5.4591505185846829,2.9069992588590896
1,P0,slow_common,0.12890625,5.6168073221424679,3.0276781151436891
1,P0,slow_common,0.1328125,5.7760603005778073,3.1502881542882597
1,P0,slow_common,0.13671875,5.9368455570918632,3.2747702462749717
1,P0,slow_common,0.140625,6.0990962308215693,3.4010622744475483
1,P0,slow_common,0.14453125,6.2627425130940813,3.5290991510333103
1,P0,slow_common,0.1484375,6.4277116687559035,3.6588128377411877
1,P0,slow_common,0.15234375,6.5939280626524832,3.7901323715115489
1,P0,slow_common,0.15625,6.7613131913241746,3.9229838954839571
1,P0,slow_common,0.16015625,6.9297857199744604,4.0572906952387946
1,P0,slow_common,0.1640625,7.0992615247556392,4.192973240358187
1,P0,slow_common,0.16796875,7.2696537404064818,4.3299492313407795
1,P0,slow_common,0.171875,7.4408728132649857,4.4681336518937211
1,P0,slow_common,0.17578125,7.6128265596680711,4.6074388266137349
1,P0,slow_common,0.1796875,7.7854202297381159,4.7477744840573877
1,P0,slow_common,0.18359375,7.9585565765443329,4.8890478251886451
1,P0,slow_common,0.1875,8.1321359306147194,5.0311635971796198
1,P0,slow_common,0.19140625,8.3060562797619575,5.1740241725279636
1,P0,slow_common,0.1953125,8.4802133541740403,5.317529633441854
1,P0,slow_common,0.19921875,8.6545007167077177,5.4615778614308095
1,P0,slow_common,0.203125,8.8288098583101675,5.6060646320278291
1,P0,slow_common,0.20703125,9.0030302984814359,5.7508837145555409
1,P0,slow_common,0.2109375,9.1770496906773467,5.8959269768362255
1,P0,slow_common,0.21484375,9.3507539325398614,6.0410844947327682
1,P0,slow_common,0.21875,9.5240272808290545,6.1862446663948658
1,P0,slow_common,0.22265625,9.6967524709182715,6.3312943310721774
1,P0,slow_common,0.2265625,9.86881084070151,6.4761188923435746
1,P0,slow_common,0.23046875,10.040082458749749,6.6206024455993333
1,P0,slow_common,0.234375,10.210446256540791,6.7646279096009971
1,P0,slow_common,0.23828125,10.379780164575365,6.9080771619317094
1,P0,slow_common,0.2421875,10.547961252180592,7.0508311781383135
1,P0,slow_common,0.24609375,10.714865870790707,7.1927701743551644
1,P0,slow_common,0.25,10.880369800483974,7.3337737531887672
1,P0,slow_common,0.25390625,11.044348399544312,7.4737210526318112
1,P0,slow_common,0.2578125,11.206676756805942,7.6124908977651202
1,P0,slow_common,0.26171875,11.36722984653,7.7499619549964347
1,P0,slow_common,0.265625,11.525882685552659,7.8860128885758547
1,P0,slow_common,0.26953125,11.682510492436073,8.0205225191191936
1,P0,slow_common,0.2734375,11.836988848345174,8.1533699838625253
1,P0,slow_common,0.27734375,11.989193859366205,8.2844348983638234
1,P0,slow_common,0.28125,12.139002319975914,8.4135975193607671
1,P0,slow_common,0.28515625,12.286291877364393,8.5407389084877643
1,P0,slow_common,0.2890625,12.430941196308943,8.6657410965497519
1,P0,slow_common,0.29296875,12.572830124291819,8.7884872480456249
1,P0,slow_common,0.296875,12.711839856550515,8.9088618256301242
1,P0,slow_common,0.30078125,12.847853100746143,9.02675075419981
1,P0,slow_common,0.3046875,12.98075424093286,9.1420415842861793
1,P0,slow_common,0.30859375,13.110429500509667,9.2546236544373315
1,P0,slow_common,0.3125,13.236767103834918,9.3643882522686113
1,P0,slow_common,0.31640625,13.359657436183754,9.4712287738625616
1,P0,slow_common,0.3203125,13.47899320172942,9.5750408811991825
1,P0,slow_common,0.32421875,13.594669579230828,9.6757226572989978
1,P0,slow_common,0.328125,13.706584375111143,9.7731747587637354
1,P0,slow_common,0.33203125,13.814638173615208,9.8673005654025694
1,P0,slow_common,0.3359375,13.918734483737644,9.9580063266358021
1,P0,slow_common,0.33984375,14.018779882618185,10.045201304372654
1,P0,slow_common,0.34375,14.114684155106396,10.128797912065329
1,P0,slow_common,0.34765625,14.206360429204244,10.208711849647965
1,P0,slow_common,0.3515625,14.293725307102168,10.284862234076158
1,P0,slow_common,0.35546875,14.376698991532198,10.357171725190639
1,P0,slow_common,0.359375,14.455205407170286,10.425566646637417
1,P0,slow_common,0.36328125,14.529172316829474,10.489977101585982
1,P0,slow_common,0.3671875,14.598531432195534,10.550337082997336
1,P0,slow_common,0.37109375,14.663218518867545,10.606584578204334
1,P0,slow_common,0.375,14.723173495477289,10.658661667578293
1,P0,slow_common,0.37890625,14.778340526673375,10.706514617067832
1,P0,slow_common,0.3828125,14.828668109768703,10.750093964408579
1,P0,slow_common,0.38671875,14.874109154863017,10.789354598815596
1,P0,slow_common,0.390625,14.914621058266125,10.824255833984076
1,P0,slow_common,0.39453125,14.950165769061464,10.854761474238119
1,P0,slow_common,0.3984375,14.98070984866451,10.880839873682039
1,P0,slow_common,0.40234375,15.006224523245475,10.902463988223749
1,P0,slow_common,0.40625,15.026685728901292,10.919611420355229
1,P0,slow_common,0.41015625,15.04207414947756,10.932264456590815
1,P0,slow_common,0.4140625,15.052375246957318,10.940410097480148
1,P0,slow_common,0.41796875,15.057579284349625,10.944040080128872
1,P0,slow_common,0.421875,15.057681341027589,10.94315089317668
1,P0,slow_common,0.42578125,15.05268132048197,10.937743784198888
1,P0,slow_common,0.4296875,15.042583950473254,10.927824759514472
1,P0,slow_common,0.43359375,15.027398775581915,10.913404576400254
1,P0,slow_common,0.4375,15.007140142173231,10.894498727727665
1,P0,slow_common,0.44140625,14.981827175809833,10.871127419055295
1,P0,slow_common,0.4453125,14.951483751161806,10.84331553822696
1,P0,slow_common,0.44921875,14.916138454480546,10.81109261754164
1,P0,slow_common,0.453125,14.875824538719005,10.774492788577781
1,P0,slow_common,0.45703125,14.830579871396882,10.733554729770697
1,P0,slow_common,0.4609375,14.780446875325286,10.688321606857379
1,P0,slow_common,0.46484375,14.725472462320635,10.638841006318692
1,P0,slow_common,0.46875,14.665707960052874,10.5851648619639
1,P0,slow_common,0.47265625,14.601209032187612,10.527349374817163
1,P0,slow_common,0.4765625,14.532035591996156,10.465454926479959
1,P0,slow_common,0.48046875,14.458251709621056,10.399545986157062
1,P0,slow_common,0.484375,14.379925513198099,10.329691011546963
1,P0,slow_common,0.48828125,14.297129084048313,10.255962343810324
1,P0,slow_common,0.4921875,14.209938346165636,10.178436096842052
1,P0,slow_common,0.49609375,14.118432950237368,10.097192041084128
1,P0,slow_common,0.5,14.022696152445294,10.012313482127043
1,P0,slow_common,0.50390625,13.922814688305522,9.9238871343578676
1,P0,slow_common,0.5078125,13.818878641814475,9.8320029899223531
1,P0,slow_common,0.51171875,13.710981310177173,9.7367541832771796
1,P0,slow_common,0.515625,13.599219064401849,9.6382368516163677
1,P0,slow_common,0.51953125,13.483691206052155,9.5365499914630689
1,P0,slow_common,0.5234375,13.364499820454592,9.4317953117243238
1,P0,slow_common,0.52734375,13.241749626664353,9.3240770835119662
1,P0,slow_common,0.53125,13.115547824497627,9.2135019870376578
1,P0,slow_common,0.53515625,12.98600393894235,9.1001789558939929
1,P0,slow_common,0.5390625,12.853229662262574,8.9842190190368107
1,P0,slow_common,0.54296875,12.717338694113936,8.865735140786164
1,P0,slow_common,0.546875,12.578446579989293,8.7448420591649363
1,P0,slow_common,0.55078125,12.436670548314304,8.6216561228948283
1,P0,slow_common,0.5546875,12.292129346512537,8.4962951273693061
1,P0,slow_common,0.55859375,12.144943076358988,8.3688781499222351
1,P0,slow_common,0.5625,11.995233028938982,8.2395253847092107
1,P0,slow_common,0.56640625,11.843121519527156,8.1083579775161851
1,P0,slow_common,0.5703125,11.688731722697883,7.9754978608066738
1,P0,slow_common,0.57421875,11.532187507974569,7.8410675893149593
1,P0,slow_common,0.578125,11.37361327632056,7.7051901764879007
1,P0,slow_common,0.58203125,11.213133797768961,7.567988932072657
1,P0,slow_common,0.5859375,11.050874050482649,7.4295873011414777
1,P0,slow_common,0.58984375,10.886959061528966,7.2901087048380004
1,P0,slow_common,0.59375,10.721513749646208,7.1496763831221299
1,P0,slow_common,0.59765625,10.554662770271156,7.0084132397826062
1,P0,slow_common,0.6015625,10.386530363088225,6.8664416899778384
1,P0,slow_common,0.60546875,10.217240202351828,6.7238835105564583
1,P0,slow_common,0.609375,10.046915250223959,6.5808596933995727
1,P0,slow_common,0.61328125,9.875677613358901,6.4374903020165233
1,P0,slow_common,0.6171875,9.7036484029565777,6.2938943316155616
1,P0,slow_common,0.62109375,9.530947598495036,6.1501895728599392
1,P0,slow_common,0.625,9.3576939153415069,6.006492479508645
1,P0,slow_common,0.62890625,9.1840046764296677,5.8629180401294381
1,P0,slow_common,0.6328125,9.0099956881790995,5.7195796540600314
1,P0,slow_common,0.63671875,8.8357811208206467,5.5765890117810812
1,P0,slow_common,0.640625,8.6614733932791879,5.434055979852352
1,P0,slow_common,0.64453125,8.4871830627526972,5.292088490550932
1,P0,slow_common,0.6484375,8.3130187191139928,5.1507924363376949
1,P0,slow_common,0.65234375,8.1390868842486483,5.0102715692655142
1,P0,slow_common,0.65625,7.9654919164299551,4.8706274054299259
1,P0,slow_common,0.66015625,7.7923359198188082,4.7319591345500776
1,P0,slow_common,0.6640625,7.6197186591636958,4.5943635347550629
1,P0,slow_common,0.66796875,7.4477374797631901,4.4579348926378781
1,P0,slow_common,0.671875,7.2764872327406467,4.3227649286266843
1,P0,slow_common,0.67578125,7.1060602056682649,4.1889427277103763
1,P0,slow_common,0.6796875,6.9365460585652245,4.0565546755431487
1,P0,slow_common,0.68359375,6.7680317652824717,3.9256843999404496
1,P0,slow_common,0.6875,6.6006015602746029,3.7964127177667439
1,P0,slow_common,0.69140625,6.4343368907475993,3.6688175872037143
1,P0,slow_common,0.6953125,6.2693163741596223,3.5429740653760127
1,P0,slow_common,0.69921875,6.1056157610409203,3.4189542713005041
1,P0,slow_common,0.703125,5.9433079030879572,3.2968273541140354
1,P0,slow_common,0.70703125,5.7824627264763739,3.1766594665242391
1,P0,slow_common,0.7109375,5.6231472103272147,3.0585137434176972
1,P0,slow_common,0.71484375,5.4654253702510935,2.9424502855500361
1,P0,slow_common,0.71875,5.3093582468855542,2.828526148233105
1,P0,slow_common,0.72265625,5.1550038993319474,2.7167953349255001
1,P0,slow_common,0.7265625,5.0024174033897006,2.6073087956241494
1,P0,slow_common,0.73046875,4.8516508544776915,2.50011442994662
1,P0,slow_common,0.734375,4.7027533751249271,2.3952570947862242
1,P0,slow_common,0.73828125,4.5557711269055945,2.2927786164148927
1,P0,slow_common,0.7421875,4.4107473266869022,2.1927178069021425
1,P0,slow_common,0.74609375,4.2677222670520116,2.0951104847123303
1,P0,slow_common,0.75,4.1267333407546962,1.9999894993367504
1,P0,slow_common,0.75390625,3.9878150690572278,1.9073847598119444
1,P0,slow_common,0.7578125,3.8509991337983669,1.8173232669710147
1,P0,slow_common,0.76171875,3.7163144130341239,1.7298291492705311
1,P0,slow_common,0.765625,3.5837870200903978,1.6449237020320062
1,P0,slow_common,0.76953125,3.4534403458634024,1.5626254299337603
1,P0,slow_common,0.7734375,3.3252951042011123,1.4829500925863357
1,P0,slow_common,0.77734375,3.1993693801968774,1.4059107530224653
1,P0,slow_common,0.78125,3.0756786812245522,1.3315178289308927
1,P0,slow_common,0.78515625,2.9542359905433768,1.2597791464621428
1,P0,slow_common,0.7890625,2.8350518232999953,1.1906999964335698
1,P0,slow_common,0.79296875,2.7181342847547594,1.1242831927607058
1,P0,slow_common,0.796875,2.6034891305595531,1.0605291329420701
1,P0,outside_subspace_stress,-0.19921875,-0.9934664313765813,-0.34722977919657227
1,P0,outside_subspace_stress,-0.1953125,-0.80930123642791152,-0.47411607311339388
1,P0,outside_subspace_stress,-0.19140625,-0.67950449541410174,-0.52479017368600245
1,P0,outside_subspace_stress,-0.1875,-0.59797845344229039,-0.50722570449705151
1,P0,outside_subspace_stress,-0.18359375,-0.55371253555635658,-0.45625085401870946
1,P0,outside_subspace_stress,-0.1796875,-0.53883122872925404,-0.41654812624660231
1,P0,outside_subspace_stress,-0.17578125,-0.55379023229544633,-0.42310399016373623
1,P0,outside_subspace_stress,-0.171875,-0.60729567970478271,-0.48764621596174884
1,P0,outside_subspace_stress,-0.16796875,-0.7051014150237167,-0.59532337460282136
1,P0,outside_subspace_stress,-0.1640625,-0.83145617469612865,-0.71158105514024161
1,P0,outside_subspace_stress,-0.16015625,-0.94083487340019978,-0.79603192563576919
1,P0,outside_subspace_stress,-0.15625,-0.97579844373062963,-0.81816554272208697
1,P0,outside_subspace_stress,-0.15234375,-0.90454799119960216,-0.76919504935404481
1,P0,outside_subspace_stress,-0.1484375,-0.74916207040313021,-0.66564793504508779
1,P0,outside_subspace_stress,-0.14453125,-0.57808412823710076,-0.54344070790349985
1,P0,outside_subspace_stress,-0.140625,-0.46553036599793157,-0.44498510566741445
1,P0,outside_subspace_stress,-0.13671875,-0.44887940222610007,-0.40447846196519122
1,P0,outside_subspace_stress,-0.1328125,-0.5149104533649248,-0.43657702615585448
1,P0,outside_subspace_stress,-0.12890625,-0.61862402864313593,-0.53137439804687381
1,P0,outside_subspace_stress,-0.125,-0.71271227304088225,-0.65571639061239095
1,P0,outside_subspace_stress,-0.12109375,-0.76390975719057952,-0.75925197946575318
1,P0,outside_subspace_stress,-0.1171875,-0.74949888769513151,-0.7838384572538214
1,P0,outside_subspace_stress,-0.11328125,-0.6443230943901993,-0.67590064751438772
1,P0,outside_subspace_stress,-0.109375,-0.41487638545215155,-0.40131186188068402
1,P0,outside_subspace_stress,-0.10546875,-0.031664595295350872,0.039554439903887739
1,P0,outside_subspace_stress,-0.1015625,0.50309056325258394,0.60177092740536342
1,P0,outside_subspace_stress,-0.09765625,1.1301042486643955,1.1973001444943674
1,P0,outside_subspace_stress,-0.09375,1.7310791598892834,1.7121399193345792
1,P0,outside_subspace_stress,-0.08984375,2.1594101711807947,2.0373000526285501
1,P0,outside_subspace_stress,-0.0859375,2.2944879862548313,2.1043431406401449
1,P0,outside_subspace_stress,-0.08203125,2.0962444872142685,1.9115274237402802
1,P0,outside_subspace_stress,-0.078125,1.6326138375169594,1.5279592857249471
1,P0,outside_subspace_stress,-0.07421875,1.0617671581964319,1.0711404464533079
1,P0,outside_subspace_stress,-0.0703125,0.57106034588908827,0.66482462634830664
1,P0,outside_subspace_stress,-0.06640625,0.29725783765406355,0.39374017404658646
1,P0,outside_subspace_stress,-0.0625,0.26611994927269206,0.27438213088060714
1,P0,outside_subspace_stress,-0.05859375,0.3841652904187422,0.25477943163112721
1,P0,outside_subspace_stress,-0.0546875,0.49029093169681887,0.24343493128582744
1,P0,outside_subspace_stress,-0.05078125,0.44162438123217573,0.15448364941513071
1,P0,outside_subspace_stress,-0.046875,0.18723865412999452,-0.051090988337568088
1,P0,outside_subspace_stress,-0.04296875,-0.20884604107317972,-0.34613960492877582
1,P0,outside_subspace_stress,-0.0390625,-0.60271192377261118,-0.64754584780948166
1,P0,outside_subspace_stress,-0.03515625,-0.83996308575900025,-0.85032575805964983
1,P0,outside_subspace_stress,-0.03125,-0.82361367392738016,-0.87022128997257175
1,P0,outside_subspace_stress,-0.02734375,-0.55075447447812576,-0.67718870995816272
1,P0,outside_subspace_stress,-0.0234375,-0.10501909036421335,-0.30768200375784327
1,P0,outside_subspace_stress,-0.01953125,0.38586594851434258,0.14670237913073203
1,P0,outside_subspace_stress,-0.015625,0.79993438342623113,0.56769410393340114
1,P0,outside_subspace_stress,-0.01171875,1.0516917815832678,0.84472569993433277
1,P0,outside_subspace_stress,-0.0078125,1.0979742792630278,0.90437754040538687
1,P0,outside_subspace_stress,-0.00390625,0.93268152705813667,0.72774459133694724
1,P0,outside_subspace_stress,0,0.58389552394920341,0.35303821911525651
1,P0,outside_subspace_stress,0.00390625,0.11347834097729816,-0.13576014144640425
1,P0,outside_subspace_stress,0.0078125,-0.3885359410104231,-0.63106836538039668
1,P0,outside_subspace_stress,0.01171875,-0.81894160938296978,-1.0298046398919043
1,P0,outside_subspace_stress,0.015625,-1.0850483932701218,-1.2608945830742093
1,P0,outside_subspace_stress,0.01953125,-1.1348014975837435,-1.3047063895894757
1,P0,outside_subspace_stress,0.0234375,-0.9851900521922663,-1.1979081370352791
1,P0,outside_subspace_stress,0.02734375,-0.73005611875857179,-1.0209993938823945
1,P0,outside_subspace_stress,0.03125,-0.50972734071940939,-0.87168453229479337
1,P0,outside_subspace_stress,0.03515625,-0.44910540362235019,-0.83299127879685753
1,P0,outside_subspace_stress,0.0390625,-0.599637483668088,-0.94763110955501639
1,P0,outside_subspace_stress,0.04296875,-0.9229756112173555,-1.2077947843925187
1,P0,outside_subspace_stress,0.046875,-1.3237951269995238,-1.5631656737514912
1,P0,outside_subspace_stress,0.05078125,-1.7040648664335474,-1.9425024809293165
1,P0,outside_subspace_stress,0.0546875,-2.002718579492397,-2.2792964469479764
1,P0,outside_subspace_stress,0.05859375,-2.2051040546990497,-2.5317615298975564
1,P0,outside_subspace_stress,0.0625,-2.3302225058103714,-2.6911997118842419
1,P0,outside_subspace_stress,0.06640625,-2.4106576246595557,-2.7781212500468091
1,P0,outside_subspace_stress,0.0703125,-2.4751668818922998,-2.8297134640223169
1,P0,outside_subspace_stress,0.07421875,-2.53974247824882,-2.8839611149958095
1,P0,outside_subspace_stress,0.078125,-2.6093037966866239,-2.9652480877339289
1,P0,outside_subspace_stress,0.08203125,-2.6845360723843674,-3.0749036200416402
1,P0,outside_subspace_stress,0.0859375,-2.7632142708447867,-3.1889564970706439
1,P0,outside_subspace_stress,0.08984375,-2.8315917497708556,-3.2643808554060683
1,P0,outside_subspace_stress,0.09375,-2.8548027871988486,-3.2535909745649345
1,P0,outside_subspace_stress,0.09765625,-2.7821032433791109,-3.1242743650924778
1,P0,outside_subspace_stress,0.1015625,-2.5745625093616833,-2.8784187442161224
1,P0,outside_subspace_stress,0.10546875,-2.2433090746116786,-2.5624437506922839
1,P0,outside_subspace_stress,0.109375,-1.8709546804839843,-2.2617396448582099
1,P0,outside_subspace_stress,0.11328125,-1.5936187909843542,-2.0782501882823632
1,P0,outside_subspace_stress,0.1171875,-1.5460945417415541,-2.0972188866796597
1,P0,outside_subspace_stress,0.12109375,-1.798633541814372,-2.3552349176800074
1,P0,outside_subspace_stress,0.125,-2.3200909848627145,-2.8228015502185491
1,P0,outside_subspace_stress,0.12890625,-2.9862592189043782,-3.4096184650250039
1,P0,outside_subspace_stress,0.1328125,-3.6279552003065745,-3.991615353863414
1,P0,outside_subspace_stress,0.13671875,-4.0952991872384015,-4.449729624034056
1,P0,outside_subspace_stress,0.140625,-4.308916281460542,-4.7057195462478596
1,P0,outside_subspace_stress,0.14453125,-4.2765842639170506,-4.7419854076818639
1,P0,outside_subspace_stress,0.1484375,-4.0725105840736422,-4.5993596451079357
1,P0,outside_subspace_stress,0.15234375,-3.7959275979659695,-4.3556979346724729
1,P0,outside_subspace_stress,0.15625,-3.5325557931514386,-4.0949601737306853
1,P0,outside_subspace_stress,0.16015625,-3.3331348854237963,-3.8787997332910691
1,P0,outside_subspace_stress,0.1640625,-3.2088197413761064,-3.7302249974827357
1,P0,outside_subspace_stress,0.16796875,-3.1366558197944769,-3.6333125568592668
1,P0,outside_subspace_stress,0.171875,-3.0705844525600163,-3.5467185022839103
1,P0,outside_subspace_stress,0.17578125,-2.9568805829687617,-3.424086985572909
1,P0,outside_subspace_stress,0.1796875,-2.7528488058226683,-3.2327592328326005
1,P0,outside_subspace_stress,0.18359375,-2.4445235800346441,-2.9637621881137726
1,P0,outside_subspace_stress,0.1875,-2.0550186397211201,-2.6302087603897566
1,P0,outside_subspace_stress,0.19140625,-1.6346200673676723,-2.2563878415267511
1,P0,outside_subspace_stress,0.1953125,-1.2327370774875799,-1.863853440218564
1,P0,outside_subspace_stress,0.19921875,-0.86714660285022327,-1.4618595089755337
1,P0,outside_subspace_stress,0.203125,-0.51276074914975089,-1.0468600813690787
1,P0,outside_subspace_stress,0.20703125,-0.12060026563111488,-0.61067352940870723
1,P0,outside_subspace_stress,0.2109375,0.34410842595974234,-0.15197526736172062
1,P0,outside_subspace_stress,0.21484375,0.87027570619244443,0.31615354907559434
1,P0,outside_subspace_stress,0.21875,1.3983250151595414,0.76760449327100522
1,P0,outside_subspace_stress,0.22265625,1.8513064352878426,1.173283861670058
1,P0,outside_subspace_stress,0.2265625,2.1818105382356938,1.5144787050992314
1,P0,outside_subspace_stress,0.23046875,2.4033589375690787,1.7923711060058793
1,P0,outside_subspace_stress,0.234375,2.5832205988899033,2.0289513294484518
1,P0,outside_subspace_stress,0.23828125,2.8012471230607026,2.2595701085646973
1,P0,outside_subspace_stress,0.2421875,3.1049986774260256,2.5216657404342304
1,P0,outside_subspace_stress,0.24609375,3.4931834180247634,2.8452245333778174
1,P0,outside_subspace_stress,0.25,3.9360003906223642,3.2481071066689928
1,P0,outside_subspace_stress,0.25390625,4.4119106786066382,3.7356852873776911
1,P0,outside_subspace_stress,0.2578125,4.9289788294717116,4.3020893784296286
1,P0,outside_subspace_stress,0.26171875,5.5138884474516923,4.9310693190079018
1,P0,outside_subspace_stress,0.265625,6.1796119995685777,5.5969493105554058
1,P0,outside_subspace_stress,0.26953125,6.8998126538405948,6.2679266293569338
1,P0,outside_subspace_stress,0.2734375,7.6121135576979615,6.9131956076586727
1,P0,outside_subspace_stress,0.27734375,8.2506257400509782,7.5123803296992824
1,P0,outside_subspace_stress,0.28125,8.7865553105803667,8.0628183629652934
1,P0,outside_subspace_stress,0.28515625,9.24767193655717,8.5798876130663988
1,P0,outside_subspace_stress,0.2890625,9.6999588570568456,9.0886337467587275
1,P0,outside_subspace_stress,0.29296875,10.202572275449944,9.6098149617665261
1,P0,outside_subspace_stress,0.296875,10.768726605060234,10.147102518665989
1,P0,outside_subspace_stress,0.30078125,11.359358547307119,10.682166427061951
1,P0,outside_subspace_stress,0.3046875,11.908657147239131,11.180569770578465
1,P0,outside_subspace_stress,0.30859375,12.358685133672902,11.605908417959943
1,P0,outside_subspace_stress,0.3125,12.682229580776456,11.935471951204775
1,P0,outside_subspace_stress,0.31640625,12.888478781930193,12.169979823431916
1,P0,outside_subspace_stress,0.3203125,13.015667128632494,12.332844902547441
1,P0,outside_subspace_stress,0.32421875,13.114941644312102,12.459332237398842
1,P0,outside_subspace_stress,0.328125,13.229556731899127,12.580523962310414
1,P0,outside_subspace_stress,0.33203125,13.376230485746065,12.709165217394096
1,P0,outside_subspace_stress,0.3359375,13.536309898409364,12.833443564980454
1,P0,outside_subspace_stress,0.33984375,13.661497231402041,12.921165346169838
1,P0,outside_subspace_stress,0.34375,13.693879434065799,12.932326184931146
1,P0,outside_subspace_stress,0.34765625,13.592641879861949,12.83471018644498
1,P0,outside_subspace_stress,0.3515625,13.352910185364943,12.616271502044171
1,P0,outside_subspace_stress,0.35546875,13.004721354332732,12.289817705768225
1,P0,outside_subspace_stress,0.359375,12.594786217558116,11.888877345164369
1,P0,outside_subspace_stress,0.36328125,12.166727867616121,11.456962022011391
1,P0,outside_subspace_stress,0.3671875,11.752074702696905,11.034399781372624
1,P0,outside_subspace_stress,0.37109375,11.369907445439743,10.647084309806257
1,P0,outside_subspace_stress,0.375,11.026240591098944,10.300264955712827
1,P0,outside_subspace_stress,0.37890625,10.710660325702252,9.9786578285003422
1,P0,outside_subspace_stress,0.3828125,10.395600639723702,9.6523148169020274
1,P0,outside_subspace_stress,0.38671875,10.042851615511625,9.2861944170704547
1,P0,outside_subspace_stress,0.390625,9.615577889582088,8.8504527345821806
1,P0,outside_subspace_stress,0.39453125,9.0906704958526063,8.3283383807404814
1,P0,outside_subspace_stress,0.3984375,8.4672363344327586,7.7193905970051304
1,P0,outside_subspace_stress,0.40234375,7.7674149455436785,7.0372818877097565
1,P0,outside_subspace_stress,0.40625,7.0259078655892395,6.3035751294323941
1,P0,outside_subspace_stress,0.41015625,6.2713778120213624,5.5400769111690682
1,P0,outside_subspace_stress,0.4140625,5.5127611452802352,4.7627166596053296
1,P0,outside_subspace_stress,0.41796875,4.7419294594363555,3.9789019124885625
1,P0,outside_subspace_stress,0.421875,3.9490691496775918,3.1886996905007825
1,P0,outside_subspace_stress,0.42578125,3.1358705249733618,2.3888498640613514
1,P0,outside_subspace_stress,0.4296875,2.3164163913997413,1.5780637545600875
1,P0,outside_subspace_stress,0.43359375,1.5087835318854508,0.76216283791139794
1,P0,outside_subspace_stress,0.4375,0.72757664544690326,-0.042189334168140413
1,P0,outside_subspace_stress,0.44140625,-0.015247940614466703,-0.80647247833239455
1,P0,outside_subspace_stress,0.4453125,-0.7019619619986609,-1.4933822912966486
1,P0,outside_subspace_stress,0.44921875,-1.3013979423334534,-2.0647160587380067
1,P0,outside_subspace_stress,0.453125,-1.7727183084754516,-2.4930159920534667
1,P0,outside_subspace_stress,0.45703125,-2.0843680584098814,-2.7734808797245711
1,P0,outside_subspace_stress,0.4609375,-2.2388056941479944,-2.9309599040517176
1,P0,outside_subspace_stress,0.46484375,-2.2854116598538843,-3.017386114426694
1,P0,outside_subspace_stress,0.46875,-2.3094193829472394,-3.0982968207654662
1,P0,outside_subspace_stress,0.47265625,-2.399854745459832,-3.2319996746519091
1,P0,outside_subspace_stress,0.4765625,-2.6118644823092727,-3.4490966990208656
1,P0,outside_subspace_stress,0.48046875,-2.9413765113086185,-3.7410934057002181
1,P0,outside_subspace_stress,0.484375,-3.3251352322027925,-4.0637215856011606
1,P0,outside_subspace_stress,0.48828125,-3.6689358552716338,-4.3545228960513622
1,P0,outside_subspace_stress,0.4921875,-3.8916787166769162,-4.5579499828618486
1,P0,outside_subspace_stress,0.49609375,-3.9615964168508211,-4.6477605330717573
1,P0,outside_subspace_stress,0.5,-3.9062092747950041,-4.6375068933751082
1,P0,outside_subspace_stress,0.50390625,-3.7957131911553663,-4.5749871197243595
1,P0,outside_subspace_stress,0.5078125,-3.7127945561952456,-4.5232770008056047
1,P0,outside_subspace_stress,0.51171875,-3.7221638776280956,-4.5364029064765123
1,P0,outside_subspace_stress,0.515625,-3.848686640270969,-4.6395949999938608
1,P0,outside_subspace_stress,0.51953125,-4.0708547270787108,-4.8217964867172487
1,P0,outside_subspace_stress,0.5234375,-4.3327359959288811,-5.0428578701968894
1,P0,outside_subspace_stress,0.52734375,-4.5691632035035292,-5.2518829599322174
1,P0,outside_subspace_stress,0.53125,-4.7321397004058916,-5.4089013623378577
1,P0,outside_subspace_stress,0.53515625,-4.8081812013805276,-5.501002221086452
1,P0,outside_subspace_stress,0.5390625,-4.822375942895416,-5.5465236033111545
1,P0,outside_subspace_stress,0.54296875,-4.8278500722173261,-5.5857695535692127
1,P0,outside_subspace_stress,0.546875,-4.8819553293271003,-5.6620907500699937
1,P0,outside_subspace_stress,0.55078125,-5.0180974545122226,-5.8009785879058633
1,P0,outside_subspace_stress,0.5546875,-5.2281139469571913,-5.9956901883567246
1,P0,outside_subspace_stress,0.55859375,-5.4647500461592671,-6.2055691073202937
1,P0,outside_subspace_stress,0.5625,-5.6605262403621426,-6.3685414535694331
1,P0,outside_subspace_stress,0.56640625,-5.7511853372884518,-6.4239083582154297
1,P0,outside_subspace_stress,0.5703125,-5.6950840846743667,-6.3373512779638244
1,P0,outside_subspace_stress,0.57421875,-5.4872859865274792,-6.1184827252070155
1,P0,outside_subspace_stress,0.578125,-5.1685395785610009,-5.8230718643548718
1,P0,outside_subspace_stress,0.58203125,-4.8239096210504906,-5.5370694886503458
1,P0,outside_subspace_stress,0.5859375,-4.562442963048249,-5.346440747116695
1,P0,outside_subspace_stress,0.58984375,-4.4762840494687337,-5.3032025483525764
1,P0,outside_subspace_stress,0.59375,-4.5930356404894681,-5.401111795710726
1,P0,outside_subspace_stress,0.59765625,-4.846853015025097,-5.5721012296722439
1,P0,outside_subspace_stress,0.6015625,-5.0907616093113637,-5.7069039925349978
1,P0,outside_subspace_stress,0.60546875,-5.1535139408163033,-5.6931564269433776
1,P0,outside_subspace_stress,0.609375,-4.9171916740562267,-5.4562172538536089
1,P0,outside_subspace_stress,0.61328125,-4.3735461576098373,-4.9861275865902863
1,P0,outside_subspace_stress,0.6171875,-3.6254633405762799,-4.3398612000156547
1,P0,outside_subspace_stress,0.62109375,-2.8338988475707159,-3.618744875184539
1,P0,outside_subspace_stress,0.625,-2.1439470408242367,-2.9314787660164705
1,P0,outside_subspace_stress,0.62890625,-1.6306420867260838,-2.3585008509396883
1,P0,outside_subspace_stress,0.6328125,-1.2866477843952839,-1.9313142361558895
1,P0,outside_subspace_stress,0.63671875,-1.0490989805396114,-1.6325029165217386
1,P0,outside_subspace_stress,0.640625,-0.84447772406415655,-1.4128454916302373
1,P0,outside_subspace_stress,0.64453125,-0.6238187845266655,-1.2156635430567455
1,P0,outside_subspace_stress,0.6484375,-0.37097137308460071,-0.99760414018898047
1,P0,outside_subspace_stress,0.65234375,-0.089232739905117126,-0.73880279590627163
1,P0,outside_subspace_stress,0.65625,0.21412135156159437,-0.44115081624864028
1,P0,outside_subspace_stress,0.66015625,0.53313528140676147,-0.11832377826319973
1,P0,outside_subspace_stress,0.6640625,0.86199755162354197,0.21637955889433169
1,P0,outside_subspace_stress,0.66796875,1.1958998579377589,0.55866724868055051
1,P0,outside_subspace_stress,0.671875,1.5351283673485288,0.9148931579722045
1,P0,outside_subspace_stress,0.67578125,1.8874201719392543,1.2963970868173438
1,P0,outside_subspace_stress,0.6796875,2.2648674150665804,1.7093385378356434
1,P0,outside_subspace_stress,0.68359375,2.6752246298529072,2.144993332472962
1,P0,outside_subspace_stress,0.6875,3.109688545124901,2.5758952716445522
1,P0,outside_subspace_stress,0.69140625,3.5330937103598603,2.9613090741399644
1,P0,outside_subspace_stress,0.6953125,3.8874887740857957,3.2615745771883198
1,P0,outside_subspace_stress,0.69921875,4.1167587092725553,3.4562670484571067
1,P0,outside_subspace_stress,0.703125,4.2037466905408527,3.558106272353466
1,P0,outside_subspace_stress,0.70703125,4.1954000510059197,3.6151051227846929
1,P0,outside_subspace_stress,0.7109375,4.1942841012373062,3.697993260340573
1,P0,outside_subspace_stress,0.71484375,4.316539254138271,3.8766692891741394
1,P0,outside_subspace_stress,0.71875,4.6380818621507425,4.1949556580184915
1,P0,outside_subspace_stress,0.72265625,5.1571136397481894,4.6541544587972918
1,P0,outside_subspace_stress,0.7265625,5.7922743096932408,5.2119153181785016
1,P0,outside_subspace_stress,0.73046875,6.4183711438917745,5.7957480734578581
1,P0,outside_subspace_stress,0.734375,6.9210068978669694,6.3240669779579051
1,P0,outside_subspace_stress,0.73828125,7.2389103305821205,6.7254784843645758
1,P0,outside_subspace_stress,0.7421875,7.370846311960757,6.9500929762192749
1,P0,outside_subspace_stress,0.74609375,7.3487902940685448,6.9726875137685287
1,P0,outside_subspace_stress,0.75,7.2013268112316799,6.7924393137304948
1,P0,outside_subspace_stress,0.75390625,6.9356502092687311,6.4343300531158629
1,P0,outside_subspace_stress,0.7578125,6.5509563413290532,5.9528772234296543
1,P0,outside_subspace_stress,0.76171875,6.0702817327296117,5.4327266714919613
1,P0,outside_subspace_stress,0.765625,5.5614723683259788,4.9776336426836236
1,P0,outside_subspace_stress,0.76953125,5.125759173430148,4.6828964095761929
1,P0,outside_subspace_stress,0.7734375,4.8573004767375592,4.5959990604031216
1,P0,outside_subspace_stress,0.77734375,4.797100015433247,4.6814152336258559
1,P0,outside_subspace_stress,0.78125,4.9064063354352605,4.8112090385621764
1,P0,outside_subspace_stress,0.78515625,5.072625274215504,4.7973544642285928
1,P0,outside_subspace_stress,0.7890625,5.1470424681491256,4.4635030083975762
1,P0,outside_subspace_stress,0.79296875,5.0029279773218658,3.7294630928494237
1,P0,outside_subspace_stress,0.796875,4.5921228795526341,2.6645144595191099
1,P0,mixed_subspace_stress,-0.19921875,-0.42526006786048515,0.12312158123057282
1,P0,mixed_subspace_stress,-0.1953125,-0.34643628826443751,0.057690611956917381
1,P0,mixed_subspace_stress,-0.19140625,-0.29088252450525276,0.024882592309849016
1,P0,mixed_subspace_stress,-0.1875,-0.25598890183324347,0.021286606909663774
1,P0,mixed_subspace_stress,-0.18359375,-0.23704282979852032,0.031996544509876657
1,P0,mixed_subspace_stress,-0.1796875,-0.23067354275778765,0.037887825657286323
1,P0,mixed_subspace_stress,-0.17578125,-0.23707608261162447,0.023985772481756262
1,P0,mixed_subspace_stress,-0.171875,-0.25997672523639426,-0.014728973414045221
1,P0,mixed_subspace_stress,-0.16796875,-0.30183814936835185,-0.071899087476512857
1,P0,mixed_subspace_stress,-0.1640625,-0.35591872199468688,-0.13273375268881593
1,P0,mixed_subspace_stress,-0.16015625,-0.40273344037641118,-0.17994539547773147
1,P0,mixed_subspace_stress,-0.15625,-0.41769804775367558,-0.20047382526482349
1,P0,mixed_subspace_stress,-0.15234375,-0.38720243106062541,-0.1905568289204016
1,P0,mixed_subspace_stress,-0.1484375,-0.32069634005892372,-0.1572670538212011
1,P0,mixed_subspace_stress,-0.14453125,-0.24747396909745409,-0.11597587008598564
1,P0,mixed_subspace_stress,-0.140625,-0.19930028488076931,-0.084834669085732894
1,P0,mixed_subspace_stress,-0.13671875,-0.19217355314673709,-0.078478991560320122
1,P0,mixed_subspace_stress,-0.1328125,-0.22043519948713497,-0.1031806185255959
1,P0,mixed_subspace_stress,-0.12890625,-0.26482517658273602,-0.15469832134178918
1,P0,mixed_subspace_stress,-0.125,-0.30509544299904001,-0.2188406560413112
1,P0,mixed_subspace_stress,-0.12109375,-0.32700819657487173,-0.27405582961498354
1,P0,mixed_subspace_stress,-0.1171875,-0.32084016934772452,-0.29545717493000101
1,P0,mixed_subspace_stress,-0.11328125,-0.27582419547961362,-0.26011296814117735
1,P0,mixed_subspace_stress,-0.109375,-0.17761950586815961,-0.15341555883259828
1,P0,mixed_subspace_stress,-0.10546875,-0.013602413900890748,0.024476440448793602
1,P0,mixed_subspace_stress,-0.1015625,0.21527618907113663,0.25433510910710933
1,P0,mixed_subspace_stress,-0.09765625,0.48364206342224619,0.49848115298915152
1,P0,mixed_subspace_stress,-0.09375,0.74086329739777257,0.70812224009118219
1,P0,mixed_subspace_stress,-0.08984375,0.92419207161644124,0.83661120279160339
1,P0,mixed_subspace_stress,-0.0859375,0.98200694206886618,0.85465771683286973
1,P0,mixed_subspace_stress,-0.08203125,0.89715857031978197,0.76151759380812578
1,P0,mixed_subspace_stress,-0.078125,0.69872323873634201,0.58677007745839149
1,P0,mixed_subspace_stress,-0.07421875,0.45439919148983549,0.38070791474385768
1,P0,mixed_subspace_stress,-0.0703125,0.24437594814409175,0.19629976686350337
1,P0,mixed_subspace_stress,-0.06640625,0.12718961403541806,0.069811234940592382
1,P0,mixed_subspace_stress,-0.0625,0.11386591438453673,0.008303699317502744
1,P0,mixed_subspace_stress,-0.05859375,0.1643944675229484,-0.010465312494833068
1,P0,mixed_subspace_stress,-0.0546875,0.20982252729699927,-0.025655616400428016
1,P0,mixed_subspace_stress,-0.05078125,0.18900014195367471,-0.074016368407351152
1,P0,mixed_subspace_stress,-0.046875,0.080130648255156908,-0.17224525909043953
1,P0,mixed_subspace_stress,-0.04296875,-0.089384455778103347,-0.30872047498994615
1,P0,mixed_subspace_stress,-0.0390625,-0.25794693366149613,-0.44786590009446314
1,P0,mixed_subspace_stress,-0.03515625,-0.35947371436336595,-0.54474582127652127
1,P0,mixed_subspace_stress,-0.03125,-0.35245340258996399,-0.56329517511166971
1,P0,mixed_subspace_stress,-0.02734375,-0.23563975705554421,-0.49065274444313545
1,P0,mixed_subspace_stress,-0.0234375,-0.044827130079362836,-0.34241848830225319
1,P0,mixed_subspace_stress,-0.01953125,0.16531838096552154,-0.15779337869474475
1,P0,mixed_subspace_stress,-0.015625,0.34259644993979371,0.012605373323419711
1,P0,mixed_subspace_stress,-0.01171875,0.45041731286325148,0.12145783304167912
1,P0,mixed_subspace_stress,-0.0078125,0.47030942151263999,0.13734404264046107
1,P0,mixed_subspace_stress,-0.00390625,0.39966520337693612,0.052177181074663181
1,P0,mixed_subspace_stress,0,0.25050801056386013,-0.11768274247671062
1,P0,mixed_subspace_stress,0.00390625,0.049320064441107481,-0.33628506391696766
1,P0,mixed_subspace_stress,0.0078125,-0.16535768794276864,-0.55757694802180069
1,P0,mixed_subspace_stress,0.01171875,-0.34934566266987777,-0.73743062119404357
1,P0,mixed_subspace_stress,0.015625,-0.46296366104863912,-0.84541639541558489
1,P0,mixed_subspace_stress,0.01953125,-0.48392221074074537,-0.87312081494638338
1,P0,mixed_subspace_stress,0.0234375,-0.41948131034968555,-0.83622537440404932
1,P0,mixed_subspace_stress,0.02734375,-0.30979246145739309,-0.76916970580919308
1,P0,mixed_subspace_stress,0.03125,-0.21490096331348507,-0.71375489902776224
1,P0,mixed_subspace_stress,0.03515625,-0.18824707381988123,-0.70549771706421271
1,P0,mixed_subspace_stress,0.0390625,-0.25182907331109622,-0.76265631847481874
1,P0,mixed_subspace_stress,0.04296875,-0.38920895820659368,-0.88186226805053369
1,P0,mixed_subspace_stress,0.046875,-0.55955847004635761,-1.0415498258210443
1,P0,mixed_subspace_stress,0.05078125,-0.72088654411301334,-1.211192971140115
1,P0,mixed_subspace_stress,0.0546875,-0.84701835476505849,-1.362286282330496
1,P0,mixed_subspace_stress,0.05859375,-0.93163899388123894,-1.4769002486049896
1,P0,mixed_subspace_stress,0.0625,-0.98283120410428082,-1.5512610208105668
1,P0,mixed_subspace_stress,0.06640625,-1.0144841992671598,-1.5940891594701885
1,P0,mixed_subspace_stress,0.0703125,-1.0388418968878783,-1.6212354602967993
1,P0,mixed_subspace_stress,0.07421875,-1.0626761677859766,-1.6488835985487831
1,P0,mixed_subspace_stress,0.078125,-1.0880103914793908,-1.6873867410247652
1,P0,mixed_subspace_stress,0.08203125,-1.1150455897875298,-1.737220420130031
1,P0,mixed_subspace_stress,0.0859375,-1.1427261713861452,-1.7880204331142382
1,P0,mixed_subspace_stress,0.08984375,-1.1650533288842417,-1.8212551830153494
1,P0,mixed_subspace_stress,0.09375,-1.1669763589450217,-1.8164286284553905
1,P0,mixed_subspace_stress,0.09765625,-1.1266347973705244,-1.7595680625984613
1,P0,mixed_subspace_stress,0.1015625,-1.0272098582179809,-1.6513668934286612
1,P0,mixed_subspace_stress,0.10546875,-0.8732929229970493,-1.5115202399122412
1,P0,mixed_subspace_stress,0.109375,-0.70005442535953344,-1.3763866857480105
1,P0,mixed_subspace_stress,0.11328125,-0.56554952215222143,-1.2893929236727248
1,P0,mixed_subspace_stress,0.1171875,-0.52724820638467529,-1.2868003605104472
1,P0,mixed_subspace_stress,0.12109375,-0.61497837060697225,-1.3840281252927809
1,P0,mixed_subspace_stress,0.125,-0.81515139458087549,-1.5681919465179304
1,P0,mixed_subspace_stress,0.12890625,-1.0743288440756134,-1.8003648986264635
1,P0,mixed_subspace_stress,0.1328125,-1.319804281256548,-2.0271480397453181
1,P0,mixed_subspace_stress,0.13671875,-1.487115267709785,-2.1972678426480443
1,P0,mixed_subspace_stress,0.140625,-1.5419585484658933,-2.2769050564685092
1,P0,mixed_subspace_stress,0.14453125,-1.4873163564474643,-2.2581792097498794
1,P0,mixed_subspace_stress,0.1484375,-1.3545881139661549,-2.1582040458290428
1,P0,mixed_subspace_stress,0.15234375,-1.1858705884749374,-2.0099260201359685
1,P0,mixed_subspace_stress,0.15625,-1.0174659523770542,-1.8488928046367903
1,P0,mixed_subspace_stress,0.16015625,-0.87069540118577948,-1.7010957562718039
1,P0,mixed_subspace_stress,0.1640625,-0.74993144125628719,-1.5759798203474578
1,P0,mixed_subspace_stress,0.16796875,-0.64494470663363479,-1.4663240717163122
1,P0,mixed_subspace_stress,0.171875,-0.53561801989920643,-1.3540283639987027
1,P0,mixed_subspace_stress,0.17578125,-0.39855800803083069,-1.2188524866142494
1,P0,mixed_subspace_stress,0.1796875,-0.21510171669066502,-1.0464283318694134
1,P0,mixed_subspace_stress,0.18359375,0.021102589148558903,-0.83254009919275695
1,P0,mixed_subspace_stress,0.1875,0.30051644527335158,-0.58244497486979263
1,P0,mixed_subspace_stress,0.19140625,0.60194568985320696,-0.30620931710530286
1,P0,mixed_subspace_stress,0.1953125,0.90453968268673357,-0.012760733463604179
1,P0,mixed_subspace_stress,0.19921875,1.2009485642659794,0.29419963118476522
1,P0,mixed_subspace_stress,0.203125,1.5021244546061354,0.61640464248247628
1,P0,mixed_subspace_stress,0.20703125,1.8291942221712765,0.95752035176948014
1,P0,mixed_subspace_stress,0.2109375,2.197147268661265,1.3182205872948332
1,P0,mixed_subspace_stress,0.21484375,2.6012795671300553,1.6929497105600004
1,P0,mixed_subspace_stress,0.21875,3.0160645414911746,2.0705064663362118
1,P0,mixed_subspace_stress,0.22265625,3.4084640420284278,2.4383361949096596
1,P0,mixed_subspace_stress,0.2265625,3.7580023646008329,2.7882461900648572
1,P0,mixed_subspace_stress,0.23046875,4.0701967646530424,3.1204730392518742
1,P0,mixed_subspace_stress,0.234375,4.3734786426730485,3.4440693040901147
1,P0,mixed_subspace_stress,0.23828125,4.7015714392439065,3.7737124892200296
1,P0,mixed_subspace_stress,0.2421875,5.0742818037939044,4.1248777056854298
1,P0,mixed_subspace_stress,0.24609375,5.4904101041667435,4.5097532201209027
1,P0,mixed_subspace_stress,0.25,5.93645693549737,4.9352397119726881
1,P0,mixed_subspace_stress,0.25390625,6.4023621907420889,5.4027956674968927
1,P0,mixed_subspace_stress,0.2578125,6.8906413628583749,5.908973264607722
1,P0,mixed_subspace_stress,0.26171875,7.4116874933451182,6.4457902934999529
1,P0,mixed_subspace_stress,0.265625,7.9699383220119273,7.0011434036930504
1,P0,mixed_subspace_stress,0.26953125,8.5529261181044056,7.5602260088904529
1,P0,mixed_subspace_stress,0.2734375,9.1326842641715036,8.1085847060050966
1,P0,mixed_subspace_stress,0.27734375,9.6796779856396586,8.6361651215045754
1,P0,mixed_subspace_stress,0.28125,10.180194290998383,9.140439212478956
1,P0,mixed_subspace_stress,0.28515625,10.644685555944797,9.6265561246509392
1,P0,mixed_subspace_stress,0.2890625,11.099927618316931,10.103770676461242
1,P0,mixed_subspace_stress,0.29296875,11.569755035350733,10.579483339325975
1,P0,mixed_subspace_stress,0.296875,12.058333394789551,11.053775644887715
1,P0,mixed_subspace_stress,0.30078125,12.547461742740088,11.517321069313827
1,P0,mixed_subspace_stress,0.3046875,13.007514235509378,11.953922477644483
1,P0,mixed_subspace_stress,0.30859375,13.412273115078118,12.346578842281719
1,P0,mixed_subspace_stress,0.3125,13.748723757383576,12.684203043257138
1,P0,mixed_subspace_stress,0.31640625,14.019499016188808,12.965803609279202
1,P0,mixed_subspace_stress,0.3203125,14.239745356848999,13.200183678596176
1,P0,mixed_subspace_stress,0.32421875,14.430231151641653,13.401314400600924
1,P0,mixed_subspace_stress,0.328125,14.60845455856936,13.581484469599449
1,P0,mixed_subspace_stress,0.33203125,14.780675498547112,13.745253680537971
1,P0,mixed_subspace_stress,0.3359375,14.938144648274339,13.88680081880031
1,P0,mixed_subspace_stress,0.33984375,15.059563280912229,13.991720085677045
1,P0,mixed_subspace_stress,0.34375,15.119663334122315,14.042408707233008
1,P0,mixed_subspace_stress,0.34765625,15.100646723377242,14.024749160374565
1,P0,mixed_subspace_stress,0.3515625,15.000253653267354,13.933412457614697
1,P0,mixed_subspace_stress,0.35546875,14.831324323714277,13.773864722101447
1,P0,mixed_subspace_stress,0.359375,14.613993335810717,13.560598663292854
1,P0,mixed_subspace_stress,0.36328125,14.367229937010853,13.31253599529019
1,P0,mixed_subspace_stress,0.3671875,14.104979452378583,13.047388511488393
1,P0,mixed_subspace_stress,0.37109375,13.836006876961767,12.776837346008598
1,P0,mixed_subspace_stress,0.375,13.563625099741994,12.503868033831729
1,P0,mixed_subspace_stress,0.37890625,13.284247293698673,12.222809442584715
1,P0,mixed_subspace_stress,0.3828125,12.987067022629816,11.921835681030164
1,P0,mixed_subspace_stress,0.38671875,12.656832477048994,11.587051120227059
1,P0,mixed_subspace_stress,0.390625,12.278977995100355,11.206882551319325
1,P0,mixed_subspace_stress,0.39453125,11.844897366981034,10.775444890605488
1,P0,mixed_subspace_stress,0.3984375,11.355563322613422,10.293895940886269
1,P0,mixed_subspace_stress,0.40234375,10.821862577613103,9.7694984876002273
1,P0,mixed_subspace_stress,0.40625,10.260099532151145,9.2129335007785418
1,P0,mixed_subspace_stress,0.41015625,9.6840201584277246,8.6350124649709841
1,P0,mixed_subspace_stress,0.4140625,9.0989389590876559,8.0440429137596077
1,P0,mixed_subspace_stress,0.41796875,8.5028638089318456,7.4446821366661355
1,P0,mixed_subspace_stress,0.421875,7.8930647140858312,6.8384290276387771
1,P0,mixed_subspace_stress,0.42578125,7.271705765390192,6.2253287656001746
1,P0,mixed_subspace_stress,0.4296875,6.6462132692844849,5.6062284587565179
1,P0,mixed_subspace_stress,0.43359375,6.0256699537096319,4.9849653613766494
1,P0,mixed_subspace_stress,0.4375,5.4176093932545637,4.3699541006759359
1,P0,mixed_subspace_stress,0.44140625,4.8283597149589523,3.7746121076122958
1,P0,mixed_subspace_stress,0.4453125,4.2666399656377978,3.216036904339191
1,P0,mixed_subspace_stress,0.44921875,3.7468354908086274,2.7116247579375097
1,P0,mixed_subspace_stress,0.453125,3.2873798032870547,2.2740823362368499
1,P0,mixed_subspace_stress,0.45703125,2.9026391288092168,1.9063248496662104
1,P0,mixed_subspace_stress,0.4609375,2.5923251202655884,1.5984803548493516
1,P0,mixed_subspace_stress,0.46484375,2.3359689226638487,1.3289871949559569
1,P0,mixed_subspace_stress,0.46875,2.0976588946794323,1.0703634925633283
1,P0,mixed_subspace_stress,0.47265625,1.8397639567770503,0.79812544322778267
1,P0,mixed_subspace_stress,0.4765625,1.5390595322156757,0.49955342581561979
1,P0,mixed_subspace_stress,0.48046875,1.1975762685523916,0.17857056148413708
1,P0,mixed_subspace_stress,0.484375,0.84258893431890536,-0.14567545502555479
1,P0,mixed_subspace_stress,0.48828125,0.51453666217024996,-0.44633353271237608
1,P0,mixed_subspace_stress,0.4921875,0.24817272420621458,-0.69958733149808161
1,P0,mixed_subspace_stress,0.49609375,0.057064846413763456,-0.89423430626786393
1,P0,mixed_subspace_stress,0.5,-0.070659696383072151,-1.0361692372405011
1,P0,mixed_subspace_stress,0.50390625,-0.16519766670225736,-1.1460029245660541
1,P0,mixed_subspace_stress,0.5078125,-0.26214401798290393,-1.2509373328211297
1,P0,mixed_subspace_stress,0.51171875,-0.38944562920135978,-1.3743469478564947
1,P0,mixed_subspace_stress,0.515625,-0.55803476642366867,-1.5273206175938627
1,P0,mixed_subspace_stress,0.51953125,-0.75902853753497868,-1.7054491913176877
1,P0,mixed_subspace_stress,0.5234375,-0.96883732088551788,-1.8918986432198914
1,P0,mixed_subspace_stress,0.52734375,-1.1599399889895794,-2.0652564879569142
1,P0,mixed_subspace_stress,0.53125,-1.3121802460911796,-2.2088022791211688
1,P0,mixed_subspace_stress,0.53515625,-1.4201839228574098,-2.3174078600223087
1,P0,mixed_subspace_stress,0.5390625,-1.4950920644919292,-2.3993257623364119
1,P0,mixed_subspace_stress,0.54296875,-1.5600477956381333,-2.4722117908231569
1,P0,mixed_subspace_stress,0.546875,-1.6400006848376125,-2.55502360930367
1,P0,mixed_subspace_stress,0.55078125,-1.7496457544920696,-2.6590695021692197
1,P0,mixed_subspace_stress,0.5546875,-1.8858781122350292,-2.7818528479535143
1,P0,mixed_subspace_stress,0.55859375,-2.02885016725687,-2.9063508544653081
1,P0,mixed_subspace_stress,0.5625,-2.1500449290838954,-3.0063608652682463
1,P0,mixed_subspace_stress,0.56640625,-2.2223097791266495,-3.0562539579794317
1,P0,mixed_subspace_stress,0.5703125,-2.2281548555906143,-3.0416760180976725
1,P0,mixed_subspace_stress,0.57421875,-2.1657838623708345,-2.9670585551361821
1,P0,mixed_subspace_stress,0.578125,-2.0529361390679033,-2.8565705864445921
1,P0,mixed_subspace_stress,0.58203125,-1.9263004036315245,-2.7472808339652195
1,P0,mixed_subspace_stress,0.5859375,-1.8328114772602369,-2.6762458088443566
1,P0,mixed_subspace_stress,0.58984375,-1.8121515593754962,-2.6659736985450015
1,P0,mixed_subspace_stress,0.59375,-1.8763606067854492,-2.7140190589536486
1,P0,mixed_subspace_stress,0.59765625,-1.9974649170477039,-2.791457767146956
1,P0,mixed_subspace_stress,0.6015625,-2.1127497186325739,-2.8517150243593221
1,P0,mixed_subspace_stress,0.60546875,-2.1490949450015235,-2.846874254731957
1,P0,mixed_subspace_stress,0.609375,-2.0561901359695596,-2.7451487156821184
1,P0,mixed_subspace_stress,0.61328125,-1.8306493437173039,-2.5424213683454235
1,P0,mixed_subspace_stress,0.6171875,-1.5166389958167619,-2.2632088760560016
1,P0,mixed_subspace_stress,0.62109375,-1.1831666929759599,-1.9509982755105013
1,P0,mixed_subspace_stress,0.625,-0.89243924124174501,-1.6524203830997486
1,P0,mixed_subspace_stress,0.62890625,-0.67666609386056187,-1.4019984739244342
1,P0,mixed_subspace_stress,0.6328125,-0.5327914131534992,-1.2133011338502797
1,P0,mixed_subspace_stress,0.63671875,-0.4339832158143988,-1.0789498680475926
1,P0,mixed_subspace_stress,0.640625,-0.34884146037948538,-0.97794470245822085
1,P0,mixed_subspace_stress,0.64453125,-0.25646700822574198,-0.88608622484158017
1,P0,mixed_subspace_stress,0.6484375,-0.14999843973899907,-0.78487136997574991
1,P0,mixed_subspace_stress,0.65234375,-0.030891862127983373,-0.66584393024807076
1,P0,mixed_subspace_stress,0.65625,0.097699478731511871,-0.52985363037018907
1,P0,mixed_subspace_stress,0.66015625,0.23319244295846761,-0.382788868919411
1,P0,mixed_subspace_stress,0.6640625,0.37307008890633114,-0.23037226461205851
1,P0,mixed_subspace_stress,0.66796875,0.5152488443337333,-0.074467484374105331
1,P0,mixed_subspace_stress,0.671875,0.65982912620153089,0.087621788052969052
1,P0,mixed_subspace_stress,0.67578125,0.81010348967762957,0.26072896350611252
1,P0,mixed_subspace_stress,0.6796875,0.97123119081400289,0.44747295593260783
1,P0,mixed_subspace_stress,0.68359375,1.1465173307365675,0.64410473104099475
1,P0,mixed_subspace_stress,0.6875,1.3321822320682066,0.83885560466904163
1,P0,mixed_subspace_stress,0.69140625,1.5131648341140789,1.0142794168960498
1,P0,mixed_subspace_stress,0.6953125,1.6646531173199404,1.1533916904124186
1,P0,mixed_subspace_stress,0.69921875,1.7626223447506688,1.2474421368303172
1,P0,mixed_subspace_stress,0.703125,1.7997232537194714,1.3018676407464265
1,P0,mixed_subspace_stress,0.70703125,1.796044507171465,1.3372116990011378
1,P0,mixed_subspace_stress,0.7109375,1.7954804148147885,1.3837415468055356
1,P0,mixed_subspace_stress,0.71484375,1.8477362121396912,1.4713694162359952
1,P0,mixed_subspace_stress,0.71875,1.9853015965340035,1.6188473723793528
1,P0,mixed_subspace_stress,0.72265625,2.2074044481455686,1.8267289979215162
1,P0,mixed_subspace_stress,0.7265625,2.4792200719376147,2.0768847583542041
1,P0,mixed_subspace_stress,0.73046875,2.7471635817279791,2.338285439850956
1,P0,mixed_subspace_stress,0.734375,2.9622709172014559,2.5760091477608502
1,P0,mixed_subspace_stress,0.73828125,3.0983165043808811,2.7594965654299832
1,P0,mixed_subspace_stress,0.7421875,3.1547707802916007,2.8673924247385245
1,P0,mixed_subspace_stress,0.74609375,3.1453186747267519,2.8888991541094988
1,P0,mixed_subspace_stress,0.75,3.0821939249033843,2.8236627537983625
1,P0,mixed_subspace_stress,0.75390625,2.968475257663862,2.6823737602428102
1,P0,mixed_subspace_stress,0.7578125,2.8038180928724623,2.4883641840084398
1,P0,mixed_subspace_stress,0.76171875,2.5980818747913035,2.2778610415225837
1,P0,mixed_subspace_stress,0.765625,2.3803048213287825,2.0952701783670808
1,P0,mixed_subspace_stress,0.76953125,2.1938141513478082,1.9813778242701161
1,P0,mixed_subspace_stress,0.7734375,2.0789100127296827,1.9565057107034596
1,P0,mixed_subspace_stress,0.77734375,2.0531421113655437,2.0054471198470489
1,P0,mixed_subspace_stress,0.78125,2.0999244925272689,2.0734441462323381
1,P0,mixed_subspace_stress,0.78515625,2.1710661127315793,2.0800204241416149
1,P0,mixed_subspace_stress,0.7890625,2.2029162889378275,1.9496975825660989
1,P0,mixed_subspace_stress,0.79296875,2.1412338139141442,1.6481522339014334
1,P0,mixed_subspace_stress,0.796875,1.9654063462315101,1.2050343291775707
1,U0_L100,broad_common,-0.19921875,-8.8246661217973192e-05,0.47355354348176326
1,U0_L100,broad_common,-0.1953125,-8.8246287091138103e-05,0.45419764736468698
1,U0_L100,broad_common,-0.19140625,-8.8245768975815932e-05,0.43484239103047007
1,U0_L100,broad_common,-0.1875,-8.8245053201136225e-05,0.41548893357803179
1,U0_L100,broad_common,-0.18359375,-8.8244066766710668e-05,0.39613883576851433
1,U0_L100,broad_common,-0.1796875,-8.8242710635318155e-05,0.37679395354617906
1,U0_L100,broad_common,-0.17578125,-8.8240850790805139e-05,0.35745634717802149
1,U0_L100,broad_common,-0.171875,-8.823830634926531e-05,0.33812820760071643
1,U0_L100,broad_common,-0.16796875,-8.8234833795879002e-05,0.31881179961446282
1,U0_L100,broad_common,-0.1640625,-8.82301061424104e-05,0.29950942034796396
1,U0_L100,broad_common,-0.16015625,-8.8223685444779331e-05,0.28022337076970749
1,U0_L100,broad_common,-0.15625,-8.8214986665776743e-05,0.26095593778392312
1,U0_L100,broad_common,-0.15234375,-8.8203230289341845e-05,0.24170938449591409
1,U0_L100,broad_common,-0.1484375,-8.8187380358286128e-05,0.22248594645414763
1,U0_L100,broad_common,-0.14453125,-8.8166063678042544e-05,0.20328783199447112
1,U0_L100,broad_common,-0.140625,-8.81374647572311e-05,0.18411722516526299
1,U0_L100,broad_common,-0.13671875,-8.8099189583302302e-05,0.16497629006032929
1,U0_L100,broad_common,-0.1328125,-8.8048089487386232e-05,0.14586717570340466
1,U0_L100,broad_common,-0.12890625,-8.7980034050945096e-05,0.12679202090048303
1,U0_L100,broad_common,-0.125,-8.78896191444882e-05,0.10775295869845852
1,U0_L100,broad_common,-0.12109375,-8.7769792641391074e-05,0.088752120261836417
1,U0_L100,broad_common,-0.1171875,-8.76113759696201e-05,0.069791638107969733
1,U0_L100,broad_common,-0.11328125,-8.7402454274870624e-05,0.050873648732008545
1,U0_L100,broad_common,-0.109375,-8.7127601362182254e-05,0.032000294712987293
1,U0_L100,broad_common,-0.10546875,-8.6766897514776287e-05,0.013173726429463231
1,U0_L100,broad_common,-0.1015625,-8.6294688472442641e-05,-0.005603896465944014
1,U0_L100,broad_common,-0.09765625,-8.5678021954426899e-05,-0.024330403653355613
1,U0_L100,broad_common,-0.09375,-8.4874683748635321e-05,-0.043003612669213209
1,U0_L100,broad_common,-0.08984375,-8.3830738118032843e-05,-0.061621327178058162
1,U0_L100,broad_common,-0.0859375,-8.2477456591877402e-05,-0.080181334818748312
1,U0_L100,broad_common,-0.08203125,-8.0727494542229408e-05,-0.09868140444161104
1,U0_L100,broad_common,-0.078125,-7.8470145652017681e-05,-0.11711928253739794
1,U0_L100,broad_common,-0.07421875,-7.5565469742505092e-05,-0.13549268863590147
1,U0_L100,broad_common,-0.0703125,-7.183704865203891e-05,-0.15379930942017814
1,U0_L100,broad_common,-0.06640625,-6.7063077075764829e-05,-0.1720367912616127
1,U0_L100,broad_common,-0.0625,-6.096543954634337e-05,-0.19020273082910058
1,U0_L100,broad_common,-0.05859375,-5.3196360051275304e-05,-0.20829466336336033
1,U0_L100,broad_common,-0.0546875,-4.3322136080037222e-05,-0.2263100481323487
1,U0_L100,broad_common,-0.05078125,-3.0803383070046105e-05,-0.2442462504962907
1,U0_L100,broad_common,-0.046875,-1.4971117151087499e-05,-0.26210051990918454
1,U0_L100,broad_common,-0.04296875,5.0021073420780063e-06,-0.27986996306712125
1,U0_L100,broad_common,-0.0390625,3.013691498149683e-05,-0.29755151128163515
1,U0_L100,broad_common,-0.03515625,6.1688731653660437e-05,-0.31514188100717427
1,U0_L100,broad_common,-0.03125,0.00010119752047305799,-0.33263752628517013
1,U0_L100,broad_common,-0.02734375,0.00015054701384791365,-0.35003458168268803
1,U0_L100,broad_common,-0.0234375,0.00021203501603606748,-0.36732879410046537
1,U0_L100,broad_common,-0.01953125,0.00028845655946762065,-0.38451544160395179
1,U0_L100,broad_common,-0.015625,0.00038320192382404299,-0.40158923719182976
1,U0_L100,broad_common,-0.01171875,0.00050037176830552684,-0.41854421516128865
1,U0_L100,broad_common,-0.0078125,0.00064491188295223711,-0.43537359745933102
1,U0_L100,broad_common,-0.00390625,0.00082277033175393011,-0.45206963712821813
1,U0_L100,broad_common,0,0.0010410800350754289,-0.46862343566423192
1,U0_L100,broad_common,0.00390625,0.0013083701170400008,-0.48502473081772002
1,U0_L100,broad_common,0.0078125,0.0016348096191164307,-0.50126165107540199
1,U0_L100,broad_common,0.01171875,0.0020324874470538626,-0.51732043279050177
1,U0_L100,broad_common,0.015625,0.0025157326658223878,-0.53318509567301919
1,U0_L100,broad_common,0.01953125,0.0031014794760796578,-0.5488370721316056
1,U0_L100,broad_common,0.0234375,0.0038096813839603063,-0.56425478578334332
1,U0_L100,broad_common,0.02734375,0.0046637792000302596,-0.57941317433320405
1,U0_L100,broad_common,0.03125,0.0056912275577049838,-0.59428315198668047
1,U0_L100,broad_common,0.03515625,0.006924084609284069,-0.60883100661620804
1,U0_L100,broad_common,0.0390625,0.0083996694204497204,-0.62301772707280323
1,U0_L100,broad_common,0.04296875,0.010161291321711086,-0.63679825634044374
1,U0_L100,broad_common,0.046875,0.012259055066881616,-0.65012066669311908
1,U0_L100,broad_common,0.05078125,0.014750745072586859,-0.66292525365540755
1,U0_L100,broad_common,0.0546875,0.017702791247131613,-0.67514354640901753
1,U0_L100,broad_common,0.05859375,0.021191317940287183,-0.68669723335030386
1,U0_L100,broad_common,0.0625,0.025303276337228838,-0.69749700280835203
1,U0_L100,broad_common,0.06640625,0.030137659161360731,-0.70744130049538301
1,U0_L100,broad_common,0.0703125,0.03580679482628478,-0.71641500709673689
1,U0_L100,broad_common,0.07421875,0.042437716174656699,-0.72428804152443593
1,U0_L100,broad_common,0.078125,0.050173596653954745,-0.73091389776169957
1,U0_L100,broad_common,0.08203125,0.059175244205112429,-0.73612812591253152
1,U0_L100,broad_common,0.0859375,0.069622640285593881,-0.73974677103067821
1,U0_L100,broad_common,0.08984375,0.081716508328268739,-0.74156478651655766
1,U0_L100,broad_common,0.09375,0.095679892575364078,-0.74135444231002234
1,U0_L100,broad_common,0.09765625,0.11175972465742896,-0.73886375173111218
1,U0_L100,broad_common,0.1015625,0.13022835155676948,-0.73381494457843244
1,U0_L100,broad_common,0.10546875,0.15138499476159076,-0.72590301792147871
1,U0_L100,broad_common,0.109375,0.17555710655226667,-0.71479439984304283
1,U0_L100,broad_common,0.11328125,0.20310158554882221,-0.70012576511120028
1,U0_L100,broad_common,0.1171875,0.23440580998568014,-0.68150304528745176
1,U0_L100,broad_common,0.12109375,0.26988844377492105,-0.65850067899543607
1,U0_L100,broad_common,0.125,0.30999996739272595,-0.63066115086224939
1,U0_L100,broad_common,0.12890625,0.35522288310468714,-0.59749486987225209
1,U0_L100,broad_common,0.1328125,0.40607154217099056,-0.55848043940588021
1,U0_L100,broad_common,0.13671875,0.46309154058330759,-0.51306537193636803
1,U0_L100,broad_common,0.140625,0.52685862972415864,-0.46066730108862747
1,U0_L100,broad_common,0.14453125,0.59797708924654547,-0.4006757423947287
1,U0_L100,broad_common,0.1484375,0.67707751158008256,-0.33245445148665276
1,U0_L100,broad_common,0.15234375,0.76481395090145077,-0.25534442454050299
1,U0_L100,broad_common,0.15625,0.86186039426704042,-0.16866758043562363
1,U0_L100,broad_common,0.16015625,0.96890651897765756,-0.071731157250864472
1,U0_L100,broad_common,0.1640625,1.0866527081857125,0.036167152651026976
1,U0_L100,broad_common,0.16796875,1.2158043062886634,0.1557333146063937
1,U0_L100,broad_common,0.171875,1.3570651067659907,0.28767030776687524
1,U0_L100,broad_common,0.17578125,1.5111300777564007,0.43267073525597693
1,U0_L100,broad_common,0.1796875,1.6786773447379928,0.59140871242862114
1,U0_L100,broad_common,0.18359375,1.8603594650195001,0.76453107260282815
1,U0_L100,broad_common,0.1875,2.0567940451785791,0.95264794588034607
1,U0_L100,broad_common,0.19140625,2.2685537698465992,1.1563227836055379
1,U0_L100,broad_common,0.1953125,2.4961559280427563,1.3760619183270506
1,U0_L100,broad_common,0.19921875,2.7400515412615047,1.6123037664829034
1,U0_L100,broad_common,0.203125,3.000614215332559,1.8654077980459602
1,U0_L100,broad_common,0.20703125,3.2781288552821661,2.1356434136345879
1,U0_L100,broad_common,0.2109375,3.5727803985804858,2.4231788846803615
1,U0_L100,broad_common,0.21484375,3.8846427367963487,2.7280705257061229
1,U0_L100,broad_common,0.21875,4.2136680083235269,3.0502522791576681
1,U0_L100,broad_common,0.22265625,4.559676455022581,3.3895259021126782
1,U0_L100,broad_common,0.2265625,4.9223470428877905,3.7455519501475916
1,U0_L100,broad_common,0.23046875,5.3012090507799288,4.1178417562966221
1,U0_L100,broad_common,0.234375,5.6956348314888539,4.5057506020559313
1,U0_L100,broad_common,0.23828125,6.1048339455913805,4.9084722725001422
1,U0_L100,broad_common,0.2421875,6.5278488605098239,5.3250351785902543
1,U0_L100,broad_common,0.24609375,6.9635523947008453,5.7543002165489785
1,U0_L100,broad_common,0.25,7.4106470699558837,6.1949605167416566
1,U0_L100,broad_common,0.25390625,7.8676665134227095,6.6455432129083105
1,U0_L100,broad_common,0.2578125,8.3329790253232616,7.1044133370323062
1,U0_L100,broad_common,0.26171875,8.8047933987233264,7.5697799158958592
1,U0_L100,broad_common,0.265625,9.2811670444977405,8.0397043128641705
1,U0_L100,broad_common,0.26953125,9.7600164383370061,8.5121108231610574
1,U0_L100,broad_common,0.2734375,10.23912986787084,8.9847994934499269
1,U0_L100,broad_common,0.27734375,10.716182417450387,9.4554610975998781
1,U0_L100,broad_common,0.28125,11.188753086626948,9.9216941608563758
1,U0_L100,broad_common,0.28515625,11.654343896749801,10.381023885063097
1,U0_L100,broad_common,0.2890625,12.11040079928576,10.830922788950762
1,U0_L100,broad_common,0.29296875,12.554336160369258,11.268832840688429
1,U0_L100,broad_common,0.296875,12.983552559656909,11.692188825752281
1,U0_L100,broad_common,0.30078125,13.395467608693766,12.098442662543688
1,U0_L100,broad_common,0.3046875,13.78753946556021,12.485088351872934
1,U0_L100,broad_common,0.30859375,14.157292699345412,12.849687225136556
1,U0_L100,broad_common,0.3125,14.502344140675415,13.189893140376123
1,U0_L100,broad_common,0.31640625,14.820428343681277,13.503477265928781
1,U0_L100,broad_common,0.3203125,15.109422280857933,13.788352088444297
1,U0_L100,broad_common,0.32421875,15.367368895516337,14.04259428589036
1,U0_L100,broad_common,0.328125,15.59249914708278,14.264466116881087
1,U0_L100,broad_common,0.33203125,15.783252202291038,14.452434995169781
1,U0_L100,broad_common,0.3359375,15.938293450110441,14.605190942212124
1,U0_L100,broad_common,0.33984375,16.056530049648945,14.721661640935864
1,U0_L100,broad_common,0.34375,16.137123757693107,14.801024849705859
1,U0_L100,broad_common,0.34765625,16.17950082527171,14.842717976265371
1,U0_L100,broad_common,0.3515625,16.183358799797041,14.846444656361987
1,U0_L100,broad_common,0.35546875,16.148670119972678,14.812178229918242
1,U0_L100,broad_common,0.359375,16.075682443695321,14.740162057993812
1,U0_L100,broad_common,0.36328125,15.964915703493348,14.630906675357984
1,U0_L100,broad_common,0.3671875,15.817155938477006,14.485183825172024
1,U0_L100,broad_common,0.37109375,15.633446005160433,14.304017472990004
1,U0_L100,broad_common,0.375,15.415073320719161,14.088671945966608
1,U0_L100,broad_common,0.37890625,15.16355484018853,13.840637388808281
1,U0_L100,broad_common,0.3828125,14.880619512794645,13.5616127696918
1,U0_L100,broad_common,0.38671875,14.568188501155307,13.25348670627341
1,U0_L100,broad_common,0.390625,14.22835347974047,12.91831641331477
1,U0_L100,broad_common,0.39453125,13.863353355137043,12.558305098785532
1,U0_L100,broad_common,0.3984375,13.475549769879951,12.175778154144675
1,U0_L100,broad_common,0.40234375,13.067401763621262,11.773158496585802
1,U0_L100,broad_common,0.40625,12.641439970117306,11.352941426249348
1,U0_L100,broad_common,0.41015625,12.200240725999139,10.917669359812095
1,U0_L100,broad_common,0.4140625,11.746400457800828,10.469906793668526
1,U0_L100,broad_common,0.41796875,11.282510697655662,10.012215835474347
1,U0_L100,broad_common,0.421875,10.811134055976785,9.5471326226171218
1,U0_L100,broad_common,0.42578125,10.334781451983384,9.0771449208135788
1,U0_L100,broad_common,0.4296875,9.8558908708856823,8.6046711662117072
1,U0_L100,broad_common,0.43359375,9.3768078807491602,8.1320411808708837
1,U0_L100,broad_common,0.4375,8.8997681034222857,7.6614787551420331
1,U0_L100,broad_common,0.44140625,8.4268817933622913,7.1950862521299683
1,U0_L100,broad_common,0.4453125,7.9601206366638309,6.7348313499672363
1,U0_L100,broad_common,0.44921875,7.5013068409985006,6.2825359979188038
1,U0_L100,broad_common,0.453125,7.0521045463797751,5.8398676231951105
1,U0_L100,broad_common,0.45703125,6.6140135474850439,5.4083325875477239
1,U0_L100,broad_common,0.4609375,6.1883652814219028,4.9892718569576822
1,U0_L100,broad_common,0.46484375,5.7763210009527892,4.5838588146209158
1,U0_L100,broad_common,0.46875,5.3788720228187366,4.1930991175096306
1,U0_L100,broad_common,0.47265625,4.9968419143458522,3.8178324704663273
1,U0_L100,broad_common,0.4765625,4.6308904592771549,3.4587361693833594
1,U0_L100,broad_common,0.48046875,4.2815192259320058,3.1163302467413745
1,U0_L100,broad_common,0.484375,3.9490785474264012,2.7909840387293152
1,U0_L100,broad_common,0.48828125,3.6337757147534666,2.482923983343317
1,U0_L100,broad_common,0.4921875,3.3356841788893408,2.1922424531687765
1,U0_L100,broad_common,0.49609375,3.0547535575314049,1.9189074248071398
1,U0_L100,broad_common,0.5,2.7908202452936641,1.6627727888607722
1,U0_L100,broad_common,0.50390625,2.5436184328149669,1.4235891097137534
1,U0_L100,broad_common,0.5078125,2.3127913498681401,1.2010146526752505
1,U0_L100,broad_common,0.51171875,2.0979025597455201,0.99462650697393329
1,U0_L100,broad_common,0.515625,1.8984471464720847,0.8039316461750905
1,U0_L100,broad_common,0.51953125,1.71386265228722,0.62837778238962894
1,U0_L100,broad_common,0.5234375,1.5435396398716039,0.46736388671081502
1,U0_L100,broad_common,0.52734375,1.3868317715242784,0.32025026521529659
1,U0_L100,broad_common,0.53125,1.2430653154909848,0.18636809718401923
1,U0_L100,broad_common,0.53515625,1.1115480075165203,0.065028359550806283
1,U0_L100,broad_common,0.5390625,0.99157721309052838,-0.044469921378595588
1,U0_L100,broad_common,0.54296875,0.88244735247244732,-0.14283213348806989
1,U0_L100,broad_common,0.546875,0.78345656616058501,-0.23076128473119339
1,U0_L100,broad_common,0.55078125,0.69391261280553029,-0.30895196396713481
1,U0_L100,broad_common,0.5546875,0.61313800450231137,-0.37808505627501354
1,U0_L100,broad_common,0.55859375,0.54047439582011803,-0.43882320056561808
1,U0_L100,broad_common,0.5625,0.4752862527800919,-0.49180696709799238
1,U0_L100,broad_common,0.56640625,0.41696383624995254,-0.53765172382957427
1,U0_L100,broad_common,0.5703125,0.36492554090637513,-0.57694515338331132
1,U0_L100,broad_common,0.57421875,0.31861963607259514,-0.61024537677084267
1,U0_L100,broad_common,0.578125,0.27752545844817028,-0.63807963580630955
1,U0_L100,broad_common,0.58203125,0.24115410911162896,-0.66094348329271591
1,U0_L100,broad_common,0.5859375,0.20904870831367475,-0.67930042845848093
1,U0_L100,broad_common,0.58984375,0.18078426162011213,-0.69358198464265652
1,U0_L100,broad_common,0.59375,0.15596719004873241,-0.70418806674578549
1,U0_L100,broad_common,0.59765625,0.13423457511542528,-0.71148768734056589
1,U0_L100,broad_common,0.6015625,0.11525316730353834,-0.71581990243703619
1,U0_L100,broad_common,0.60546875,0.098718203534824453,-0.71749496058395712
1,U0_L100,broad_common,0.609375,0.084352075881233626,-0.71679561213135823
1,U0_L100,broad_common,0.61328125,0.071902890136332429,-0.71397853895431951
1,U0_L100,broad_common,0.6171875,0.061142949074512794,-0.70927586863252245
1,U0_L100,broad_common,0.62109375,0.051867191364693817,-0.70289674088941412
1,U0_L100,broad_common,0.625,0.043891613259574316,-0.69502889792773903
1,U0_L100,broad_common,0.62890625,0.037051696425393403,-0.68584027407643877
1,U0_L100,broad_common,0.6328125,0.031200861671513452,-0.67548056381951993
1,U0_L100,broad_common,0.63671875,0.026208964932483987,-0.66408275075647916
1,U0_L100,broad_common,0.640625,0.021960848684407508,-0.65176458330365639
1,U0_L100,broad_common,0.64453125,0.018354959068440611,-0.63862998595452924
1,U0_L100,broad_common,0.6484375,0.015302036363393829,-0.62477039765183062
1,U0_L100,broad_common,0.65234375,0.012723884104283061,-0.61026603127415713
1,U0_L100,broad_common,0.65625,0.010552220084529352,-0.5951870503987895
1,U0_L100,broad_common,0.66015625,0.0087276107002403451,-0.57959466137362758
1,U0_L100,broad_common,0.6640625,0.0071984885844764215,-0.56354212032270212
1,U0_L100,broad_common,0.66796875,0.0059202522224543813,-0.54707565603492969
1,U0_L100,broad_common,0.671875,0.0048544452171506575,-0.53023531076297725
1,U0_L100,broad_common,0.67578125,0.0039680120685759686,-0.51305570180886284
1,U0_L100,broad_common,0.6796875,0.0032326267177362543,-0.49556670742032011
1,U0_L100,broad_common,0.68359375,0.0026240896661083916,-0.47779408099352694
1,U0_L100,broad_common,0.6875,0.0021217891915938469,-0.45975999790308741
1,U0_L100,broad_common,0.69140625,0.0017082220212271191,-0.44148353948961749
1,U0_L100,broad_common,0.6953125,0.0013685687692684217,-0.42298111886327011
1,U0_L100,broad_common,0.69921875,0.0010903194878589065,-0.40426685325989392
1,U0_L100,broad_common,0.703125,0.00086294478882714188,-0.38535288775070808
1,U0_L100,broad_common,0.70703125,0.00067760816381254015,-0.36624967518970847
1,U0_L100,broad_common,0.7109375,0.00052691534162566524,-0.34696621741538713
1,U0_L100,broad_common,0.71484375,0.00040469676442273243,-0.32751027293157847
1,U0_L100,broad_common,0.71875,0.0003058195272367737,-0.30788853659227589
1,U0_L100,broad_common,0.72265625,0.00022602539969201636,-0.28810679721194343
1,U0_L100,broad_common,0.7265625,0.00016179182684873214,-0.26817007950087846
1,U0_L100,broad_common,0.73046875,0.0001102130819887323,-0.24808277724518632
1,U0_L100,broad_common,0.734375,6.8899012919155145e-05,-0.22784878513906212
1,U0_L100,broad_common,0.73828125,3.5889081326146333e-05,-0.20747163702011123
1,U0_L100,broad_common,0.7421875,9.579639113797432e-06,-0.18695465829325048
1,U0_L100,broad_common,0.74609375,-1.1337385373420868e-05,-0.16630113983906186
1,U0_L100,broad_common,0.75,-2.7926005998445803e-05,-0.14551453941315093
1,U0_L100,broad_common,0.75390625,-4.104932194821036e-05,-0.12459871412631308
1,U0_L100,broad_common,0.7578125,-5.1405527048526472e-05,-0.10355818367711227
1,U0_L100,broad_common,0.76171875,-5.9557866131864051e-05,-0.082398418195198248
1,U0_L100,broad_common,0.765625,-6.5959474843658652e-05,-0.06112613646575444
1,U0_L100,broad_common,0.76953125,-7.0973910402232618e-05,-0.03974958963669839
1,U0_L100,broad_common,0.7734375,-7.4892066594659231e-05,-0.018278792105512347
1,U0_L100,broad_common,0.77734375,-7.7946065637803869e-05,0.003274354756041058
1,U0_L100,broad_common,0.78125,-8.0320631350614235e-05,0.024896118561216853
1,U0_L100,broad_common,0.78515625,-8.216237124624447e-05,0.046571263354638549
1,U0_L100,broad_common,0.7890625,-8.358732855117914e-05,0.068283758958194662
1,U0_L100,broad_common,0.79296875,-8.4687107720476051e-05,0.090017997873323333
1,U0_L100,broad_common,0.796875,-8.5533827724080787e-05,0.11176065347412786
1,U0_L100,narrow_antisym,-0.19921875,-3.7918893120355285e-33,0.17836036071769601
1,U0_L100,narrow_antisym,-0.1953125,-3.7918893120355285e-33,0.17091658269162954
1,U0_L100,narrow_antisym,-0.19140625,-3.7918893120355285e-33,0.16347393771609037
1,U0_L100,narrow_antisym,-0.1875,-3.7918893120355285e-33,0.15603425800519741
1,U0_L100,narrow_antisym,-0.18359375,-3.7918893120355285e-33,0.14859974231940828
1,U0_L100,narrow_antisym,-0.1796875,-3.7918893120355285e-33,0.14117271454471936
1,U0_L100,narrow_antisym,-0.17578125,-3.7918893120355285e-33,0.13375545975357206
1,U0_L100,narrow_antisym,-0.171875,-3.7918893120355285e-33,0.12635012280431621
1,U0_L100,narrow_antisym,-0.16796875,-3.7918893120355285e-33,0.11895865494573818
1,U0_L100,narrow_antisym,-0.1640625,-3.7918893120355285e-33,0.11158279531582829
1,U0_L100,narrow_antisym,-0.16015625,-3.7918893120355285e-33,0.10422407617933002
1,U0_L100,narrow_antisym,-0.15625,-3.7918893120355285e-33,0.096883842887688643
1,U0_L100,narrow_antisym,-0.15234375,-3.7918893120355285e-33,0.089563281630825053
1,U0_L100,narrow_antisym,-0.1484375,-3.7918893120355285e-33,0.082263449934688343
1,U0_L100,narrow_antisym,-0.14453125,-3.7918893120355285e-33,0.074985306464794566
1,U0_L100,narrow_antisym,-0.140625,-3.7918893120355285e-33,0.067729737995735964
1,U0_L100,narrow_antisym,-0.13671875,-3.7918893120355285e-33,0.060497582407077276
1,U0_L100,narrow_antisym,-0.1328125,-3.7918893120355285e-33,0.053289647295882876
1,U0_L100,narrow_antisym,-0.12890625,-3.7918893120355285e-33,0.046106724294284841
1,U0_L100,narrow_antisym,-0.125,-3.7918893120355285e-33,0.038949599491617672
1,U0_L100,narrow_antisym,-0.12109375,-3.7918893120355285e-33,0.03181906052710147
1,U0_L100,narrow_antisym,-0.1171875,-3.7918893120355285e-33,0.024715900980133796
1,U0_L100,narrow_antisym,-0.11328125,-3.7918893120355285e-33,0.017640922673930685
1,U0_L100,narrow_antisym,-0.109375,-3.7918893120355285e-33,0.010594936451957179
1,U0_L100,narrow_antisym,-0.10546875,-3.7918893120355285e-33,0.0035787619057217283
1,U0_L100,narrow_antisym,-0.1015625,-3.7918893120355285e-33,-0.0034067735573522087
1,U0_L100,narrow_antisym,-0.09765625,-3.7918893120355285e-33,-0.010360836005632172
1,U0_L100,narrow_antisym,-0.09375,-3.7918893120355285e-33,-0.017282586414896651
1,U0_L100,narrow_antisym,-0.08984375,-3.7918893120355285e-33,-0.024171182088935903
1,U0_L100,narrow_antisym,-0.0859375,-3.7918893120355285e-33,-0.031025777974277243
1,U0_L100,narrow_antisym,-0.08203125,-3.7918893120355285e-33,-0.037845527817209512
1,U0_L100,narrow_antisym,-0.078125,-3.7918893120355279e-33,-0.044629585142693592
1,U0_L100,narrow_antisym,-0.07421875,-3.7918893120355237e-33,-0.051377104055794577
1,U0_L100,narrow_antisym,-0.0703125,-3.7918893120354827e-33,-0.058087239879003952
1,U0_L100,narrow_antisym,-0.06640625,-3.7918893120350694e-33,-0.064759149644968983
1,U0_L100,narrow_antisym,-0.0625,-3.791889312031053e-33,-0.071391992465109119
1,U0_L100,narrow_antisym,-0.05859375,-3.7918893119929196e-33,-0.077984929792346003
1,U0_L100,narrow_antisym,-0.0546875,-3.7918893116396631e-33,-0.08453712559125276
1,U0_L100,narrow_antisym,-0.05078125,-3.7918893084464022e-33,-0.091047746423123035
1,U0_L100,narrow_antisym,-0.046875,-3.7918892802794355e-33,-0.097515961447171215
1,U0_L100,narrow_antisym,-0.04296875,-3.7918890378386609e-33,-0.10394094233330096
1,U0_L100,narrow_antisym,-0.0390625,-3.7918870015938234e-33,-0.11032186307770608
1,U0_L100,narrow_antisym,-0.03515625,-3.7918703133021178e-33,-0.11665789971054974
1,U0_L100,narrow_antisym,-0.03125,-3.7917368536242989e-33,-0.12294822988603947
1,U0_L100,narrow_antisym,-0.02734375,-3.7906953920064886e-33,-0.12919203235113641
1,U0_L100,narrow_antisym,-0.0234375,-3.7827650826808195e-33,-0.13538848629998593
1,U0_L100,narrow_antisym,-0.01953125,-3.723841485771215e-33,-0.14153677063915485
1,U0_L100,narrow_antisym,-0.015625,-3.2966336755409165e-33,-0.14763606321448761
1,U0_L100,narrow_antisym,-0.01171875,-2.7432776796247279e-34,-0.15368554008486535
1,U0_L100,narrow_antisym,-0.0078125,2.0589086848291599e-32,-0.15968437497179963
1,U0_L100,narrow_antisym,-0.00390625,1.6112213220766167e-31,-0.16563173906617262
1,U0_L100,narrow_antisym,0,1.0847901942662442e-30,-0.17152680143261764
1,U0_L100,narrow_antisym,0.00390625,7.0085307426870279e-30,-0.17736873031475234
1,U0_L100,narrow_antisym,0.0078125,4.4078047114400913e-29,-0.18315669570462872
1,U0_L100,narrow_antisym,0.01171875,2.7042605738633661e-28,-0.18888987358794365
1,U0_L100,narrow_antisym,0.015625,1.6189954876262855e-27,-0.19456745230107381
1,U0_L100,narrow_antisym,0.01953125,9.4587907532589855e-27,-0.20018864141883727
1,U0_L100,narrow_antisym,0.0234375,5.3928955117204634e-26,-0.20575268351279657
1,U0_L100,narrow_antisym,0.02734375,3.0005811896912245e-25,-0.21125886895330895
1,U0_L100,narrow_antisym,0.03125,1.6292429325526261e-24,-0.21670655364528935
1,U0_L100,narrow_antisym,0.03515625,8.6330332349772399e-24,-0.2220951791585507
1,U0_L100,narrow_antisym,0.0390625,4.4641428839323361e-23,-0.22742429410809936
1,U0_L100,narrow_antisym,0.04296875,2.2527337606757699e-22,-0.2326935748352755
1,U0_L100,narrow_antisym,0.046875,1.1093759740626398e-21,-0.23790284242342527
1,U0_L100,narrow_antisym,0.05078125,5.3314427719123332e-21,-0.24305207185965097
1,U0_L100,narrow_antisym,0.0546875,2.5003905851196989e-20,-0.24814138776228967
1,U0_L100,narrow_antisym,0.05859375,1.1443742195687891e-19,-0.2531710396107999
1,U0_L100,narrow_antisym,0.0625,5.1112295194061665e-19,-0.25814134797501009
1,U0_L100,narrow_antisym,0.06640625,2.2278185132104855e-18,-0.26305261204936597
1,U0_L100,narrow_antisym,0.0703125,9.4761372270649299e-18,-0.26790496814662368
1,U0_L100,narrow_antisym,0.07421875,3.9335074882095876e-17,-0.27269818908277499
1,U0_L100,narrow_antisym,0.078125,1.5934033601313752e-16,-0.27743141608168542
1,U0_L100,narrow_antisym,0.08203125,6.2989561266914838e-16,-0.28210281853503327
1,U0_L100,narrow_antisym,0.0859375,2.4300127123260973e-15,-0.28670918334143258
1,U0_L100,narrow_antisym,0.08984375,9.1484098975643808e-15,-0.29124544533584401
1,U0_L100,narrow_antisym,0.09375,3.3610872930648255e-14,-0.29570418420545869
1,U0_L100,narrow_antisym,0.09765625,1.2050666739739203e-13,-0.30007513186071239
1,U0_L100,narrow_antisym,0.1015625,4.2163773131376835e-13,-0.30434475783048842
1,U0_L100,narrow_antisym,0.10546875,1.4396766698021217e-12,-0.30849602878720045
1,U0_L100,narrow_antisym,0.109375,4.7971972195010719e-12,-0.31250847101550316
1,U0_L100,narrow_antisym,0.11328125,1.5599378184865538e-11,-0.31635869978500325
1,U0_L100,narrow_antisym,0.1171875,4.9502155286419559e-11,-0.32002161413576213
1,U0_L100,narrow_antisym,0.12109375,1.5329854636091656e-10,-0.32347248483646096
1,U0_L100,narrow_antisym,0.125,4.6328588918284115e-10,-0.32669018052811238
1,U0_L100,narrow_antisym,0.12890625,1.3663350708736458e-09,-0.3296617733480367
1,U0_L100,narrow_antisym,0.1328125,3.9324432734442953e-09,-0.33238872925208268
1,U0_L100,narrow_antisym,0.13671875,1.1044977221503905e-08,-0.3348948060839374
1,U0_L100,narrow_antisym,0.140625,3.0273615445263148e-08,-0.33723563845955962
1,U0_L100,narrow_antisym,0.14453125,8.0976847018466032e-08,-0.33950976582072534
1,U0_L100,narrow_antisym,0.1484375,2.1137544886916892e-07,-0.34187054178618104
1,U0_L100,narrow_antisym,0.15234375,5.3844993687186476e-07,-0.34453793467523758
1,U0_L100,narrow_antisym,0.15625,1.3385457678773835e-06,-0.34780868162900669
1,U0_L100,narrow_antisym,0.16015625,3.2472687082632564e-06,-0.35206259256056721
1,U0_L100,narrow_antisym,0.1640625,7.6877692107364827e-06,-0.35776203081391716
1,U0_L100,narrow_antisym,0.16796875,1.7761496484915766e-05,-0.36544076227556038
1,U0_L100,narrow_antisym,0.171875,4.0045698992641627e-05,-0.3756775302458219
1,U0_L100,narrow_antisym,0.17578125,8.811083367200748e-05,-0.38904898239939545
1,U0_L100,narrow_antisym,0.1796875,0.00018919072851608109,-0.4060560934198198
1,U0_L100,narrow_antisym,0.18359375,0.00039643089784754829,-0.42701818182420753
1,U0_L100,narrow_antisym,0.1875,0.00081064787756396643,-0.45192924375128868
1,U0_L100,narrow_antisym,0.19140625,0.0016176855689130944,-0.48027288390146522
1,U0_L100,narrow_antisym,0.1953125,0.0031503084630472586,-0.51079488992151256
1,U0_L100,narrow_antisym,0.19921875,0.0059869985908215118,-0.54123672417814517
1,U0_L100,narrow_antisym,0.203125,0.011103562445015468,-0.56803907440216017
1,U0_L100,narrow_antisym,0.20703125,0.020096139191092155,-0.58603214383844249
1,U0_L100,narrow_antisym,0.2109375,0.035494415449328451,-0.58813836531363251
1,U0_L100,narrow_antisym,0.21484375,0.061179304255658283,-0.56512314069321612
1,U0_L100,narrow_antisym,0.21875,0.10290729123576203,-0.50543903936492796
1,U0_L100,narrow_antisym,0.22265625,0.16892147577676753,-0.39521712204430731
1,U0_L100,narrow_antisym,0.2265625,0.27059557764291625,-0.21846366419519653
1,U0_L100,narrow_antisym,0.23046875,0.42301291756982323,0.042480868083607133
1,U0_L100,narrow_antisym,0.234375,0.64533270003688492,0.40617367280116817
1,U0_L100,narrow_antisym,0.23828125,0.96075094838098007,0.89096591094089472
1,U0_L100,narrow_antisym,0.2421875,1.3958381983163819,1.5135692211199296
1,U0_L100,narrow_antisym,0.24609375,1.9790485275897758,2.2873412912791502
1,U0_L100,narrow_antisym,0.25,2.7382614695025289,3.2203902402495732
1,U0_L100,narrow_antisym,0.25390625,3.6973494112317908,4.3136505979750481
1,U0_L100,narrow_antisym,0.2578125,4.8719540252498081,5.5591306885456975
1,U0_L100,narrow_antisym,0.26171875,6.2648831540779835,6.9385625242039435
1,U0_L100,narrow_antisym,0.265625,7.8617617208438118,8.4226912238737661
1,U0_L100,narrow_antisym,0.26953125,9.6277296270958388,9.9714138324900397
1,U0_L100,narrow_antisym,0.2734375,11.506016745808795,11.534913794860678
1,U0_L100,narrow_antisym,0.27734375,13.419094932637593,13.055839753158848
1,U0_L100,narrow_antisym,0.28125,15.272796186988316,14.472455108988111
1,U0_L100,narrow_antisym,0.28515625,16.963325456502236,15.722553509336722
1,U0_L100,narrow_antisym,0.2890625,18.386562406858239,16.747814916144758
1,U0_L100,narrow_antisym,0.29296875,19.448548452499729,17.498187973079357
1,U0_L100,narrow_antisym,0.296875,20.0757118521494,17.93584469471195
1,U0_L100,narrow_antisym,0.30078125,20.223290546910562,18.038273868583509
1,U0_L100,narrow_antisym,0.3046875,19.880614154564473,17.800161109623215
1,U0_L100,narrow_antisym,0.30859375,19.072379473733861,17.233836772831847
1,U0_L100,narrow_antisym,0.3125,17.855707746795304,16.36823909819185
1,U0_L100,narrow_antisym,0.31640625,16.313470663492254,15.246514122052746
1,U0_L100,narrow_antisym,0.3203125,14.544968028537191,13.922529637265923
1,U0_L100,narrow_antisym,0.32421875,12.655411845844309,12.456694851526517
1,U0_L100,narrow_antisym,0.328125,10.745754204517105,10.91153501551655
1,U0_L100,narrow_antisym,0.33203125,8.9041943195860718,9.3474659161691509
1,U0_L100,narrow_antisym,0.3359375,7.2002812937697875,7.8191519789623332
1,U0_L100,narrow_antisym,0.33984375,5.6820022964148205,6.3727277671951077
1,U0_L100,narrow_antisym,0.34375,4.375729369040168,5.0440353278713195
1,U0_L100,narrow_antisym,0.34765625,3.2884906403790684,3.8578999687691327
1,U0_L100,narrow_antisym,0.3515625,2.4117921306727386,2.8283531315630421
1,U0_L100,narrow_antisym,0.35546875,1.7261568054659591,1.9596262926358479
1,U0_L100,narrow_antisym,0.359375,1.2056402080427286,1.2476908571087653
1,U0_L100,narrow_antisym,0.36328125,0.82177383440384422,0.68210578615644257
1,U0_L100,narrow_antisym,0.3671875,0.5466180923910996,0.24795184344008384
1,U0_L100,narrow_antisym,0.37109375,0.35482384908610509,-0.072329860551518535
1,U0_L100,narrow_antisym,0.375,0.22477018895598957,-0.29732681964245605
1,U0_L100,narrow_antisym,0.37890625,0.138951015781238,-0.44535033208112756
1,U0_L100,narrow_antisym,0.3828125,0.083826599435475088,-0.53346739199243776
1,U0_L100,narrow_antisym,0.38671875,0.049351354710176626,-0.57686078393051365
1,U0_L100,narrow_antisym,0.390625,0.028353940006534815,-0.58848141272960519
1,U0_L100,narrow_antisym,0.39453125,0.015897354576864239,-0.57894080653828661
1,U0_L100,narrow_antisym,0.3984375,0.0086982805902171244,-0.5565854860309335
1,U0_L100,narrow_antisym,0.40234375,0.0046445011273349556,-0.52769618571935717
1,U0_L100,narrow_antisym,0.40625,0.0024201475220129607,-0.49676124319437143
1,U0_L100,narrow_antisym,0.41015625,0.0012306702831061322,-0.46678256037198579
1,U0_L100,narrow_antisym,0.4140625,0.00061071515261571765,-0.43958255887061876
1,U0_L100,narrow_antisym,0.41796875,0.00029575546926475257,-0.41609019606597303
1,U0_L100,narrow_antisym,0.421875,0.0001397732234556027,-0.39659257073841692
1,U0_L100,narrow_antisym,0.42578125,6.4463262993958462e-05,-0.38094552693408729
1,U0_L100,narrow_antisym,0.4296875,2.9013337898951378e-05,-0.36874186236609963
1,U0_L100,narrow_antisym,0.43359375,1.2743250330055582e-05,-0.35943936375241287
1,U0_L100,narrow_antisym,0.4375,5.4621024339471112e-06,-0.35245314154581009
1,U0_L100,narrow_antisym,0.44140625,2.2847388878760045e-06,-0.34721788765119838
1,U0_L100,narrow_antisym,0.4453125,9.3263221853864917e-07,-0.34322600606286779
1,U0_L100,narrow_antisym,0.44921875,3.715192852054492e-07,-0.34004732065036947
1,U0_L100,narrow_antisym,0.453125,1.4442734174284278e-07,-0.3373354620620625
1,U0_L100,narrow_antisym,0.45703125,5.4791675448154218e-08,-0.33482524843540118
1,U0_L100,narrow_antisym,0.4609375,2.0285085889427562e-08,-0.33232452973777654
1,U0_L100,narrow_antisym,0.46484375,7.3288566724776476e-09,-0.329703150558531
1,U0_L100,narrow_antisym,0.46875,2.5840012141289808e-09,-0.32688095497970793
1,U0_L100,narrow_antisym,0.47265625,8.8909118763072839e-10,-0.32381613757181305
1,U0_L100,narrow_antisym,0.4765625,2.9853620336003563e-10,-0.3204947453846107
1,U0_L100,narrow_antisym,0.48046875,9.7823863810315814e-11,-0.31692175304210751
1,U0_L100,narrow_antisym,0.484375,3.1281655352916821e-11,-0.31311385495663263
1,U0_L100,narrow_antisym,0.48828125,9.7618414278634743e-12,-0.30909392951545539
1,U0_L100,narrow_antisym,0.4921875,2.9728354958278681e-12,-0.304887012824124
1,U0_L100,narrow_antisym,0.49609375,8.83501140368576e-13,-0.30051755764576543
1,U0_L100,narrow_antisym,0.5,2.5623618421706888e-13,-0.29600773156342153
1,U0_L100,narrow_antisym,0.50390625,7.252218989136758e-14,-0.29137651429314476
1,U0_L100,narrow_antisym,0.5078125,2.0030808007888143e-14,-0.28663937707217074
1,U0_L100,narrow_antisym,0.51171875,5.3991219176128979e-15,-0.28180835910176727
1,U0_L100,narrow_antisym,0.515625,1.4201849558766819e-15,-0.27689239127446075
1,U0_L100,narrow_antisym,0.51953125,3.6455561237370534e-16,-0.27189775187048215
1,U0_L100,narrow_antisym,0.5234375,9.1322917361639852e-17,-0.26682857009375999
1,U0_L100,narrow_antisym,0.52734375,2.2325072215201729e-17,-0.26168731992852856
1,U0_L100,narrow_antisym,0.53125,5.3260234628875758e-18,-0.25647526836843199
1,U0_L100,narrow_antisym,0.53515625,1.239967737930893e-18,-0.25119285870958624
1,U0_L100,narrow_antisym,0.5390625,2.8171813412833995e-19,-0.24584002176494585
1,U0_L100,narrow_antisym,0.54296875,6.2462063625542445e-20,-0.24041641619888923
1,U0_L100,narrow_antisym,0.546875,1.3514966104209757e-20,-0.23492160441177326
1,U0_L100,narrow_antisym,0.55078125,2.8537156741592376e-21,-0.22935517323083907
1,U0_L100,narrow_antisym,0.5546875,5.8803550321231882e-22,-0.22371680972702851
1,U0_L100,narrow_antisym,0.55859375,1.182479178771766e-22,-0.21800634233018637
1,U0_L100,narrow_antisym,0.5625,2.3204946114305866e-23,-0.2122237565068657
1,U0_L100,narrow_antisym,0.56640625,4.4439046630659478e-24,-0.20636919294441727
1,U0_L100,narrow_antisym,0.5703125,8.3051218440317301e-25,-0.20044293470765043
1,U0_L100,narrow_antisym,0.57421875,1.514692180917986e-25,-0.19444538837512099
1,U0_L100,narrow_antisym,0.578125,2.695875455705273e-26,-0.18837706283156461
1,U0_L100,narrow_antisym,0.58203125,4.6824390496087097e-27,-0.18223854825019276
1,U0_L100,narrow_antisym,0.5859375,7.9367027642069704e-28,-0.17603049686717076
1,U0_L100,narrow_antisym,0.58984375,1.3127936288937505e-28,-0.16975360642774492
1,U0_L100,narrow_antisym,0.59375,2.118825593450777e-29,-0.16340860665220908
1,U0_L100,narrow_antisym,0.59765625,3.3345741496986015e-30,-0.15699624870258519
1,U0_L100,narrow_antisym,0.6015625,5.0941454107293909e-31,-0.15051729739817063
1,U0_L100,narrow_antisym,0.60546875,7.3200417581712714e-32,-0.14397252579958006
1,U0_L100,narrow_antisym,0.609375,7.4800770190593366e-33,-0.13736271173006745
1,U0_L100,narrow_antisym,0.61328125,-2.1814322850740572e-33,-0.13068863580428869
1,U0_L100,narrow_antisym,0.6171875,-3.5673482844049842e-33,-0.12395108057094198
1,U0_L100,narrow_antisym,0.62109375,-3.7613373308112418e-33,-0.11715083043007705
1,U0_L100,narrow_antisym,0.625,-3.7878325441606934e-33,-0.11028867204796046
1,U0_L100,narrow_antisym,0.62890625,-3.7913636361611716e-33,-0.10336539505448297
1,U0_L100,narrow_antisym,0.6328125,-3.791822837847617e-33,-0.096381792864809801
1,U0_L100,narrow_antisym,0.63671875,-3.7918811088007283e-33,-0.089338663515685868
1,U0_L100,narrow_antisym,0.640625,-3.7918883241324198e-33,-0.082236810446680644
1,U0_L100,narrow_antisym,0.64453125,-3.79188919593327e-33,-0.075077043186675296
1,U0_L100,narrow_antisym,0.6484375,-3.791889298719826e-33,-0.0678601779275807
1,U0_L100,narrow_antisym,0.65234375,-3.7918893105451908e-33,-0.060587037980778212
1,U0_L100,narrow_antisym,0.65625,-3.791889311872748e-33,-0.053258454118543706
1,U0_L100,narrow_antisym,0.66015625,-3.7918893120181779e-33,-0.045875264804256966
1,U0_L100,narrow_antisym,0.6640625,-3.7918893120337235e-33,-0.038438316311900325
1,U0_L100,narrow_antisym,0.66796875,-3.7918893120353452e-33,-0.030948462728781986
1,U0_L100,narrow_antisym,0.671875,-3.7918893120355101e-33,-0.023406565827102564
1,U0_L100,narrow_antisym,0.67578125,-3.7918893120355265e-33,-0.015813494779954872
1,U0_L100,narrow_antisym,0.6796875,-3.7918893120355285e-33,-0.0081701256880397123
1,U0_L100,narrow_antisym,0.68359375,-3.7918893120355285e-33,-0.00047734087581567376
1,U0_L100,narrow_antisym,0.6875,-3.7918893120355285e-33,0.0072639720880140635
1,U0_L100,narrow_antisym,0.69140625,-3.7918893120355285e-33,0.015052921688959293
1,U0_L100,narrow_antisym,0.6953125,-3.7918893120355285e-33,0.022888614116177174
1,U0_L100,narrow_antisym,0.69921875,-3.7918893120355285e-33,0.030770155272037546
1,U0_L100,narrow_antisym,0.703125,-3.7918893120355285e-33,0.038696653112834697
1,U0_L100,narrow_antisym,0.70703125,-3.7918893120355285e-33,0.046667220234194985
1,U0_L100,narrow_antisym,0.7109375,-3.7918893120355285e-33,0.054680976534530731
1,U0_L100,narrow_antisym,0.71484375,-3.7918893120355285e-33,0.062737051685663861
1,U0_L100,narrow_antisym,0.71875,-3.7918893120355285e-33,0.070834587009165367
1,U0_L100,narrow_antisym,0.72265625,-3.7918893120355285e-33,0.0789727362028982
1,U0_L100,narrow_antisym,0.7265625,-3.7918893120355285e-33,0.087150664190715627
1,U0_L100,narrow_antisym,0.73046875,-3.7918893120355285e-33,0.09536754319004033
1,U0_L100,narrow_antisym,0.734375,-3.7918893120355285e-33,0.10362254492651957
1,U0_L100,narrow_antisym,0.73828125,-3.7918893120355285e-33,0.11191482779986339
1,U0_L100,narrow_antisym,0.7421875,-3.7918893120355285e-33,0.12024351775856085
1,U0_L100,narrow_antisym,0.74609375,-3.7918893120355285e-33,0.12860768172392789
1,U0_L100,narrow_antisym,0.75,-3.7918893120355285e-33,0.13700629267957318
1,U0_L100,narrow_antisym,0.75390625,-3.7918893120355285e-33,0.14543818608390877
1,U0_L100,narrow_antisym,0.7578125,-3.7918893120355285e-33,0.15390200815563396
1,U0_L100,narrow_antisym,0.76171875,-3.7918893120355285e-33,0.16239615791078363
1,U0_L100,narrow_antisym,0.765625,-3.7918893120355285e-33,0.17091872667708061
1,U0_L100,narrow_antisym,0.76953125,-3.7918893120355285e-33,0.17946744123904967
1,U0_L100,narrow_antisym,0.7734375,-3.7918893120355285e-33,0.18803961980033937
1,U0_L100,narrow_antisym,0.77734375,-3.7918893120355285e-33,0.19663215355319244
1,U0_L100,narrow_antisym,0.78125,-3.7918893120355285e-33,0.20524153068876522
1,U0_L100,narrow_antisym,0.78515625,-3.7918893120355285e-33,0.21386392391175121
1,U0_L100,narrow_antisym,0.7890625,-3.7918893120355285e-33,0.22249536651301022
1,U0_L100,narrow_antisym,0.79296875,-3.7918893120355285e-33,0.2311320451701746
1,U0_L100,narrow_antisym,0.796875,-3.7918893120355285e-33,0.23977073900235665
1,U0_L100,shifted_antisym,-0.19921875,-7.5701718352509186e-34,0.35510792350269121
1,U0_L100,shifted_antisym,-0.1953125,-7.5701718352509186e-34,0.34161499898945308
1,U0_L100,shifted_antisym,-0.19140625,-7.5701718352509186e-34,0.32811671358043615
1,U0_L100,shifted_antisym,-0.1875,-7.5701718352509186e-34,0.31460479529111801
1,U0_L100,shifted_antisym,-0.18359375,-7.5701718352509186e-34,0.30106985837746769
1,U0_L100,shifted_antisym,-0.1796875,-7.5701718352509186e-34,0.2875026406426649
1,U0_L100,shifted_antisym,-0.17578125,-7.5701718352509186e-34,0.27389478446840726
1,U0_L100,shifted_antisym,-0.171875,-7.5701718352509186e-34,0.2602392642370871
1,U0_L100,shifted_antisym,-0.16796875,-7.5701718352509186e-34,0.24653055391850512
1,U0_L100,shifted_antisym,-0.1640625,-7.5701718352509186e-34,0.23276461542862997
1,U0_L100,shifted_antisym,-0.16015625,-7.5701718352509186e-34,0.21893877352436628
1,U0_L100,shifted_antisym,-0.15625,-7.5701718352509186e-34,0.20505152827155909
1,U0_L100,shifted_antisym,-0.15234375,-7.5701718352509186e-34,0.1911023426465025
1,U0_L100,shifted_antisym,-0.1484375,-7.5701718352509186e-34,0.17709143122954035
1,U0_L100,shifted_antisym,-0.14453125,-7.5701718352509186e-34,0.16301956647080348
1,U0_L100,shifted_antisym,-0.140625,-7.5701718352509186e-34,0.1488879116420761
1,U0_L100,shifted_antisym,-0.13671875,-7.5701718352509177e-34,0.13469788415945988
1,U0_L100,shifted_antisym,-0.1328125,-7.5701718352509169e-34,0.1204510492019927
1,U0_L100,shifted_antisym,-0.12890625,-7.5701718352509109e-34,0.10614904115778978
1,U0_L100,shifted_antisym,-0.125,-7.5701718352508903e-34,0.091793509099134127
1,U0_L100,shifted_antisym,-0.12109375,-7.5701718352508159e-34,0.07738608194194041
1,U0_L100,shifted_antisym,-0.1171875,-7.5701718352505448e-34,0.062928348944297635
1,U0_L100,shifted_antisym,-0.11328125,-7.5701718352495706e-34,0.048421851544810733
1,U0_L100,shifted_antisym,-0.109375,-7.5701718352460913e-34,0.033868083082301118
1,U0_L100,shifted_antisym,-0.10546875,-7.5701718352337607e-34,0.019268493559683481
1,U0_L100,shifted_antisym,-0.1015625,-7.5701718351903909e-34,0.0046244972378973164
1,U0_L100,shifted_antisym,-0.09765625,-7.5701718350389987e-34,-0.010062518579352638
1,U0_L100,shifted_antisym,-0.09375,-7.5701718345145159e-34,-0.024791184711841569
1,U0_L100,shifted_antisym,-0.08984375,-7.5701718327111917e-34,-0.039560141952786232
1,U0_L100,shifted_antisym,-0.0859375,-7.5701718265575953e-34,-0.054368034015862383
1,U0_L100,shifted_antisym,-0.08203125,-7.5701718057176015e-34,-0.069213501755725493
1,U0_L100,shifted_antisym,-0.078125,-7.5701717356722977e-34,-0.08409517867306647
1,U0_L100,shifted_antisym,-0.07421875,-7.5701715020183095e-34,-0.099011687608818302
1,U0_L100,shifted_antisym,-0.0703125,-7.5701707284834602e-34,-0.11396163847218588
1,U0_L100,shifted_antisym,-0.06640625,-7.5701681869322048e-34,-0.12894362682052191
1,U0_L100,shifted_antisym,-0.0625,-7.5701598993099345e-34,-0.14395623310755554
1,U0_L100,shifted_antisym,-0.05859375,-7.570133078437962e-34,-0.15899802242944172
1,U0_L100,shifted_antisym,-0.0546875,-7.5700469339523929e-34,-0.17406754462033075
1,U0_L100,shifted_antisym,-0.05078125,-7.5697723384073818e-34,-0.18916333457518228
1,U0_L100,shifted_antisym,-0.046875,-7.5689036366980119e-34,-0.20428391270377697
1,U0_L100,shifted_antisym,-0.04296875,-7.5661761740493001e-34,-0.21942778544447836
1,U0_L100,shifted_antisym,-0.0390625,-7.5576773732035734e-34,-0.2345934457875205
1,U0_L100,shifted_antisym,-0.03515625,-7.5313948563763613e-34,-0.24977937377535769
1,U0_L100,shifted_antisym,-0.03125,-7.4507296115562762e-34,-0.26498403696130074
1,U0_L100,shifted_antisym,-0.02734375,-7.2050235272239575e-34,-0.28020589081813696
1,U0_L100,shifted_antisym,-0.0234375,-6.4622523326010304e-34,-0.2954433790956093
1,U0_L100,shifted_antisym,-0.01953125,-4.2337986331074453e-34,-0.31069493413045768
1,U0_L100,shifted_antisym,-0.015625,2.4015129945637147e-34,-0.32595897711512384
1,U0_L100,shifted_antisym,-0.01171875,2.2009269349170916e-33,-0.34123391833305672
1,U0_L100,shifted_antisym,-0.0078125,7.9513932374981095e-33,-0.3565181573680532
1,U0_L100,shifted_antisym,-0.00390625,2.4688736268029358e-32,-0.37181008329507098
1,U0_L100,shifted_antisym,0,7.3036675499182997e-32,-0.3871080748587965
1,U0_L100,shifted_antisym,0.00390625,2.1164110552060477e-31,-0.40241050064520723
1,U0_L100,shifted_antisym,0.0078125,6.0599273383041977e-31,-0.41771571925035256
1,U0_L100,shifted_antisym,0.01171875,1.7195107102543837e-30,-0.43302207944934801
1,U0_L100,shifted_antisym,0.015625,4.8399631699778283e-30,-0.4483279203678841
1,U0_L100,shifted_antisym,0.01953125,1.3518456250260679e-29,-0.46363157165760055
1,U0_L100,shifted_antisym,0.0234375,3.74724067589691e-29,-0.47893135367619727
1,U0_L100,shifted_antisym,0.02734375,1.0308930608204333e-28,-0.4942255776726257
1,U0_L100,shifted_antisym,0.03125,2.8147484197818087e-28,-0.50951254597746398
1,U0_L100,shifted_antisym,0.03515625,7.6276677898410237e-28,-0.52479055219827908
1,U0_L100,shifted_antisym,0.0390625,2.0514974982953897e-27,-0.54005788141976352
1,U0_L100,shifted_antisym,0.04296875,5.4761778629483069e-27,-0.55531281040823299
1,U0_L100,shifted_antisym,0.046875,1.450813333849968e-26,-0.57055360782016873
1,U0_L100,shifted_antisym,0.05078125,3.814810860241312e-26,-0.58577853441456873
1,U0_L100,shifted_antisym,0.0546875,9.9554747654674054e-26,-0.60098584326867766
1,U0_L100,shifted_antisym,0.05859375,2.578567119055019e-25,-0.6161737799969792
1,U0_L100,shifted_antisym,0.0625,6.6286090578494768e-25,-0.63134058297318829
1,U0_L100,shifted_antisym,0.06640625,1.6911957294529929e-24,-0.64648448355510768
1,U0_L100,shifted_antisym,0.0703125,4.2824553416078066e-24,-0.66160370631229626
1,U0_L100,shifted_antisym,0.07421875,1.0762652405957242e-23,-0.67669646925638116
1,U0_L100,shifted_antisym,0.078125,2.6845610717499509e-23,-0.69176098407399955
1,U0_L100,shifted_antisym,0.08203125,6.6459147247435358e-23,-0.70679545636240715
1,U0_L100,shifted_antisym,0.0859375,1.6329156180711853e-22,-0.72179808586763439
1,U0_L100,shifted_antisym,0.08984375,3.9819905367567124e-22,-0.73676706672519865
1,U0_L100,shifted_antisym,0.09375,9.6374959059856274e-22,-0.75170058770335402
1,U0_L100,shifted_antisym,0.09765625,2.3150250346276209e-21,-0.76659683244883381
1,U0_L100,shifted_antisym,0.1015625,5.5191815401129727e-21,-0.78145397973498198
1,U0_L100,shifted_antisym,0.10546875,1.3059338204619159e-20,-0.79627020371219726
1,U0_L100,shifted_antisym,0.109375,3.0668685451589194e-20,-0.81104367416055023
1,U0_L100,shifted_antisym,0.11328125,7.1481993493725074e-20,-0.82577255674431727
1,U0_L100,shifted_antisym,0.1171875,1.6535816806324843e-19,-0.84045501326824334
1,U0_L100,shifted_antisym,0.12109375,3.796489046368014e-19,-0.85508920193518723
1,U0_L100,shifted_antisym,0.125,8.6509968201337696e-19,-0.86967327760489721
1,U0_L100,shifted_antisym,0.12890625,1.9564901052994349e-18,-0.88420539205341331
1,U0_L100,shifted_antisym,0.1328125,4.3915381672788386e-18,-0.89868369423285921
1,U0_L100,shifted_antisym,0.13671875,9.7832504065110707e-18,-0.91310633053121693
1,U0_L100,shifted_antisym,0.140625,2.1631029018060537e-17,-0.92747144503187495
1,U0_L100,shifted_antisym,0.14453125,4.7467755039914496e-17,-0.94177717977300168
1,U0_L100,shifted_antisym,0.1484375,1.0338266122050962e-16,-0.95602167500687629
1,U0_L100,shifted_antisym,0.15234375,2.2347257048421021e-16,-0.97020306945998103
1,U0_L100,shifted_antisym,0.15625,4.7943335336840438e-16,-0.98431950059501583
1,U0_L100,shifted_antisym,0.16015625,1.0208449049728698e-15,-0.99836910487692865
1,U0_L100,shifted_antisym,0.1640625,2.1573409615311793e-15,-1.0123500180457363
1,U0_L100,shifted_antisym,0.16796875,4.5248617624169164e-15,-1.0262603754002826
1,U0_L100,shifted_antisym,0.171875,9.4193155092883112e-15,-1.0400983120977576
1,U0_L100,shifted_antisym,0.17578125,1.946080831912071e-14,-1.0538619634753015
1,U0_L100,shifted_antisym,0.1796875,3.9905238254782877e-14,-1.0675494654009619
1,U0_L100,shifted_antisym,0.18359375,8.1213166406093515e-14,-1.0811589546616307
1,U0_L100,shifted_antisym,0.1875,1.6404027212680766e-13,-1.0946885693960393
1,U0_L100,shifted_antisym,0.19140625,3.2885316116846162e-13,-1.1081364495796218
1,U0_L100,shifted_antisym,0.1953125,6.5430624154053406e-13,-1.1215007375657502
1,U0_L100,shifted_antisym,0.19921875,1.2920746550436381e-12,-1.1347795786838297
1,U0_L100,shifted_antisym,0.203125,2.5323378966645688e-12,-1.1479711218876709
1,U0_L100,shifted_antisym,0.20703125,4.9258729174846675e-12,-1.1610735204380187
1,U0_L100,shifted_antisym,0.2109375,9.5098190757260007e-12,-1.1740849325897909
1,U0_L100,shifted_antisym,0.21484375,1.822169647264811e-11,-1.187003522237525
1,U0_L100,shifted_antisym,0.21875,3.4652363698104783e-11,-1.1998274594515421
1,U0_L100,shifted_antisym,0.22265625,6.5404016893919205e-11,-1.2125549208128679
1,U0_L100,shifted_antisym,0.2265625,1.2251901099828751e-10,-1.2251840894284101
1,U0_L100,shifted_antisym,0.23046875,2.2778758229331981e-10,-1.2377131544805837
1,U0_L100,shifted_antisym,0.234375,4.2032392412154857e-10,-1.2501403101415465
1,U0_L100,shifted_antisym,0.23828125,7.6977832307950756e-10,-1.262463753665287
1,U0_L100,shifted_antisym,0.2421875,1.3991837308712441e-09,-1.2746816824683185
1,U0_L100,shifted_antisym,0.24609375,2.5241276745742772e-09,-1.2867922900285067
1,U0_L100,shifted_antisym,0.25,4.5193439231448132e-09,-1.2987937604830735
1,U0_L100,shifted_antisym,0.25390625,8.0309508650619491e-09,-1.3106842619017176
1,U0_L100,shifted_antisym,0.2578125,1.4164004217605044e-08,-1.3224619383620602
1,U0_L100,shifted_antisym,0.26171875,2.4793202541545337e-08,-1.3341249011754108
1,U0_L100,shifted_antisym,0.265625,4.3073157728561703e-08,-1.3456712199120904
1,U0_L100,shifted_antisym,0.26953125,7.4269123207580536e-08,-1.3570989142641439
1,U0_L100,shifted_antisym,0.2734375,1.2709761016541688e-07,-1.3684059482606679
1,U0_L100,shifted_antisym,0.27734375,2.158708365402364e-07,-1.3795902289031954
1,U0_L100,shifted_antisym,0.28125,3.6389665772624009e-07,-1.3906496118900371
1,U0_L100,shifted_antisym,0.28515625,6.0882105211885982e-07,-1.4015819176940325
1,U0_L100,shifted_antisym,0.2890625,1.0109478618637028e-06,-1.4123849617667701
1,U0_L100,shifted_antisym,0.29296875,1.6660781052768446e-06,-1.4230566029391867
1,U0_L100,shifted_antisym,0.296875,2.7251440164777236e-06,-1.4335948140046066
1,U0_L100,shifted_antisym,0.30078125,4.4239586815573297e-06,-1.4439977777761364
1,U0_L100,shifted_antisym,0.3046875,7.1278765275947832e-06,-1.4542640103185955
1,U0_L100,shifted_antisym,0.30859375,1.1398213204439904e-05,-1.4643925102082564
1,U0_L100,shifted_antisym,0.3125,1.8090096629667983e-05,-1.4743829281513701
1,U0_L100,shifted_antisym,0.31640625,2.8495251827782159e-05,-1.484235744617175
1,U0_L100,shifted_antisym,0.3203125,4.454834911138556e-05,-1.4939524337941716
1,U0_L100,shifted_antisym,0.32421875,6.912230813929291e-05,-1.5035355796306002
1,U0_L100,shifted_antisym,0.328125,0.00010644673653284595,-1.5129888934722555
1,U0_L100,shifted_antisym,0.33203125,0.00016269491266648417,-1.522317062451924
1,U0_L100,shifted_antisym,0.3359375,0.00024679883041895209,-1.5315253330673615
1,U0_L100,shifted_antisym,0.33984375,0.00037156921388328514,-1.540618705315155
1,U0_L100,shifted_antisym,0.34375,0.00055521840262408675,-1.5496005796929821
1,U0_L100,shifted_antisym,0.34765625,0.00082340876044859047,-1.558470663186716
1,U0_L100,shifted_antisym,0.3515625,0.0012119776649762186,-1.5672219024630414
1,U0_L100,shifted_antisym,0.35546875,0.0017705216919059717,-1.5758361750482588
1,U0_L100,shifted_antisym,0.359375,0.0025670562771930522,-1.5842784352503732
1,U0_L100,shifted_antisym,0.36328125,0.0036940011797196273,-1.5924889848033557
1,U0_L100,shifted_antisym,0.3671875,0.0052757738647499774,-1.6003735233783489
1,U0_L100,shifted_antisym,0.37109375,0.0074782988528151106,-1.6077906367121086
1,U0_L100,shifted_antisym,0.375,0.010520756367311056,-1.6145364062727965
1,U0_L100,shifted_antisym,0.37890625,0.014689892334869354,-1.6203258805848528
1,U0_L100,shifted_antisym,0.3828125,0.020357186912939196,-1.6247712409629689
1,U0_L100,shifted_antisym,0.38671875,0.027999122323677874,-1.6273566292344197
1,U0_L100,shifted_antisym,0.390625,0.038220694468261561,-1.6274097865348458
1,U0_L100,shifted_antisym,0.39453125,0.051782168330971948,-1.6240708828351511
1,U0_L100,shifted_antisym,0.3984375,0.069628877309647161,-1.6162591959525447
1,U0_L100,shifted_antisym,0.40234375,0.092923606171397707,-1.6026386220708551
1,U0_L100,shifted_antisym,0.40625,0.12308077455045213,-1.5815833583107743
1,U0_L100,shifted_antisym,0.41015625,0.16180125578781629,-1.5511454774914297
1,U0_L100,shifted_antisym,0.4140625,0.21110623368018336,-1.5090264961789319
1,U0_L100,shifted_antisym,0.41796875,0.27336803406657328,-1.4525553941350779
1,U0_L100,shifted_antisym,0.421875,0.3513353942708658,-1.3786758460351443
1,U0_L100,shifted_antisym,0.42578125,0.44815018518063665,-1.283945640535999
1,U0_L100,shifted_antisym,0.4296875,0.56735222052982748,-1.1645513509274612
1,U0_L100,shifted_antisym,0.43359375,0.71286852514038712,-1.0163412492718396
1,U0_L100,shifted_antisym,0.4375,0.88898334234629373,-0.83487918873247147
1,U0_L100,shifted_antisym,0.44140625,1.1002852952439808,-0.61552168968001886
1,U0_L100,shifted_antisym,0.4453125,1.3515885274072352,-0.35351973707869444
1,U0_L100,shifted_antisym,0.44921875,1.647825377083965,-0.044145826032026533
1,U0_L100,shifted_antisym,0.453125,1.9939092093675448,0.31715440767017172
1,U0_L100,shifted_antisym,0.45703125,2.3945674457311941,0.73458803239185844
1,U0_L100,shifted_antisym,0.4609375,2.8541465639726273,1.2118217430736151
1,U0_L100,shifted_antisym,0.46484375,3.3763928362582609,1.7517750769871452
1,U0_L100,shifted_antisym,0.46875,3.9642147367722749,2.3564067327519016
1,U0_L100,shifted_antisym,0.47265625,4.6194351586554303,3.026502271762745
1,U0_L100,shifted_antisym,0.4765625,5.3425436791244252,3.7614727110752426
1,U0_L100,shifted_antisym,0.48046875,6.1324609281829421,4.5591743916404006
1,U0_L100,shifted_antisym,0.484375,6.98632846776969,5.4157609171651657
1,U0_L100,shifted_antisym,0.48828125,7.8993382980937454,6.3255778151325064
1,U0_L100,shifted_antisym,0.4921875,8.8646160224013997,7.2811098071187024
1,U0_L100,shifted_antisym,0.49609375,9.8731707063347738,8.2729891596363956
1,U0_L100,shifted_antisym,0.5,10.913922504945175,9.2900715299004109
1,U0_L100,shifted_antisym,0.50390625,11.973816209656761,10.319583079396544
1,U0_L100,shifted_antisym,0.5078125,13.038025076474216,11.347339504733496
1,U0_L100,shifted_antisym,0.51171875,14.090244802111787,12.358034176547299
1,U0_L100,shifted_antisym,0.515625,15.113072557174169,13.33558896685336
1,U0_L100,shifted_antisym,0.51953125,16.08846086712915,14.263557793570401
1,U0_L100,shifted_antisym,0.5234375,16.998231196340829,15.125569641581031
1,U0_L100,shifted_antisym,0.52734375,17.82462769779999,15.905795053837601
1,U0_L100,shifted_antisym,0.53125,18.550888088205873,16.589418025796956
1,U0_L100,shifted_antisym,0.53515625,19.161806298023272,17.163094048680257
1,U0_L100,shifted_antisym,0.5390625,19.644260660279077,17.615374848785141
1,U0_L100,shifted_antisym,0.54296875,19.987682075519807,17.937081217477644
1,U0_L100,shifted_antisym,0.546875,20.184438846653752,18.12160720791546
1,U0_L100,shifted_antisym,0.55078125,20.230118620345205,18.165141808842673
1,U0_L100,shifted_antisym,0.5546875,20.123692889711691,18.066797846019544
1,U0_L100,shifted_antisym,0.55859375,19.867555493492667,17.82864210439875
1,U0_L100,shifted_antisym,0.5625,19.467433099183079,17.455625262502593
1,U0_L100,shifted_antisym,0.56640625,18.93217234487215,16.955414912519331
1,U0_L100,shifted_antisym,0.5703125,18.273414688683864,16.338139427300746
1,U0_L100,shifted_antisym,0.57421875,17.505175653332142,15.616054464598276
1,U0_L100,shifted_antisym,0.578125,16.64334969363124,14.803147238245046
1,U0_L100,shifted_antisym,0.58203125,15.705165082208383,13.914696153230517
1,U0_L100,shifted_antisym,0.5859375,14.708614836724035,12.966804875300317
1,U0_L100,shifted_antisym,0.58984375,13.671889752432671,11.975930332349458
1,U0_L100,shifted_antisym,0.59375,12.612838126321156,10.958423540446036
1,U0_L100,shifted_antisym,0.59765625,11.548473939470028,9.9301005934323801
1,U0_L100,shifted_antisym,0.6015625,10.49455136593418,8.9058587902289954
1,U0_L100,shifted_antisym,0.60546875,9.4652188236381551,7.8993498810089742
1,U0_L100,shifted_antisym,0.609375,8.4727607312303856,6.9227190040778694
1,U0_L100,shifted_antisym,0.61328125,7.5274300413527824,5.9864142837160772
1,U0_L100,shifted_antisym,0.6171875,6.6373698152253437,5.0990684855092923
1,U0_L100,shifted_antisym,0.62109375,5.8086178653376956,4.2674507809477662
1,U0_L100,shifted_antisym,0.625,5.0451850345372709,3.4964837271799918
1,U0_L100,shifted_antisym,0.62890625,4.349195136049091,2.7893181504114875
1,U0_L100,shifted_antisym,0.6328125,3.7210730059255539,2.1474568168426496
1,U0_L100,shifted_antisym,0.63671875,3.1597664986376901,1.5709166209122669
1,U0_L100,shifted_antisym,0.640625,2.6629885054812608,1.058418510301
1,U0_L100,shifted_antisym,0.64453125,2.227466062102593,0.60759445499699705
1,U0_L100,shifted_antisym,0.6484375,1.8491851707811044,0.21520137665897995
1,U0_L100,shifted_antisym,0.65234375,1.5236219144014984,-0.12266701497690234
1,U0_L100,shifted_antisym,0.65625,1.2459526017738765,-0.41037819225369154
1,U0_L100,shifted_antisym,0.66015625,1.0112378913399223,-0.65257476730024178
1,U0_L100,shifted_antisym,0.6640625,0.81457794964034191,-0.85400900433123306
1,U0_L100,shifted_antisym,0.66796875,0.65123760026744859,-1.0194008587001837
1,U0_L100,shifted_antisym,0.671875,0.51674203024482723,-1.1533210231964799
1,U0_L100,shifted_antisym,0.67578125,0.40694489930340078,-1.2600991385007305
1,U0_L100,shifted_antisym,0.6796875,0.3180716294913567,-1.3437562136244519
1,U0_L100,shifted_antisym,0.68359375,0.24674124996994765,-1.4079594279246077
1,U0_L100,shifted_antisym,0.6875,0.18997046662767644,-1.4559968550199074
1,U0_L100,shifted_antisym,0.69140625,0.14516366376321327,-1.490769251289499
1,U0_L100,shifted_antisym,0.6953125,0.11009237843011738,-1.5147958661376952
1,U0_L100,shifted_antisym,0.69921875,0.08286747198019398,-1.5302312278873036
1,U0_L100,shifted_antisym,0.703125,0.061906810343996893,-1.5388900030611261
1,U0_L100,shifted_antisym,0.70703125,0.045900801449213512,-1.5422772811793855
1,U0_L100,shifted_antisym,0.7109375,0.033777663996382531,-1.5416219662023369
1,U0_L100,shifted_antisym,0.71484375,0.024669847006374396,-1.53791132653799
1,U0_L100,shifted_antisym,0.71875,0.017882605807841831,-1.5319251397207201
1,U0_L100,shifted_antisym,0.72265625,0.01286538102211331,-1.5242682423429803
1,U0_L100,shifted_antisym,0.7265625,0.0091863291981434548,-1.5154006430725673
1,U0_L100,shifted_antisym,0.73046875,0.0065101179717784816,-1.5056646645251857
1,U0_L100,shifted_antisym,0.734375,0.0045789216769177672,-1.4953088412387896
1,U0_L100,shifted_antisym,0.73828125,0.0031964290831976092,-1.4845085130810489
1,U0_L100,shifted_antisym,0.7421875,0.0022145956084142567,-1.4733832165524046
1,U0_L100,shifted_antisym,0.74609375,0.0015228295567925271,-1.4620110935523336
1,U0_L100,shifted_antisym,0.75,0.001039287402026124,-1.4504406128377201
1,U0_L100,shifted_antisym,0.75390625,0.00070395926731195522,-1.4386999391072399
1,U0_L100,shifted_antisym,0.7578125,0.00047324594408223991,-1.4268042941824801
1,U0_L100,shifted_antisym,0.76171875,0.00031575757119126291,-1.4147616397474536
1,U0_L100,shifted_antisym,0.765625,0.00020909716632641588,-1.4025769767209315
1,U0_L100,shifted_antisym,0.76953125,0.00013742635385711368,-1.3902555071373015
1,U0_L100,shifted_antisym,0.7734375,8.9643623557128819e-05,-1.3778048443889974
1,U0_L100,shifted_antisym,0.77734375,5.8035841311024687e-05,-1.3652363903885554
1,U0_L100,shifted_antisym,0.78125,3.7290711367184224e-05,-1.352565927032406
1,U0_L100,shifted_antisym,0.78515625,2.37811336717209e-05,-1.3398133978887048
1,U0_L100,shifted_antisym,0.7890625,1.5051921414783028e-05,-1.3270017885355334
1,U0_L100,shifted_antisym,0.79296875,9.4553766338612584e-06,-1.3141549558206831
1,U0_L100,shifted_antisym,0.796875,5.895127811378893e-06,-1.3012942144899819
1,U0_L100,biphasic_common,-0.19921875,8.4863190531539829e-06,0.23768179376793339
1,U0_L100,biphasic_common,-0.1953125,8.4863190531539829e-06,0.22851009171383166
1,U0_L100,biphasic_common,-0.19140625,8.4863190531539812e-06,0.21933555780282954
1,U0_L100,biphasic_common,-0.1875,8.4863190531539795e-06,0.21015384528098965
1,U0_L100,biphasic_common,-0.18359375,8.4863190531539727e-06,0.20096005477951048
1,U0_L100,biphasic_common,-0.1796875,8.486319053153949e-06,0.19174939336431698
1,U0_L100,biphasic_common,-0.17578125,8.4863190531538813e-06,0.18251758742597707
1,U0_L100,biphasic_common,-0.171875,8.4863190531536814e-06,0.17326110551965729
1,U0_L100,biphasic_common,-0.16796875,8.4863190531531088e-06,0.16397724217193138
1,U0_L100,biphasic_common,-0.1640625,8.4863190531514875e-06,0.15466410634942038
1,U0_L100,biphasic_common,-0.16015625,8.4863190531469695e-06,0.14532055012369174
1,U0_L100,biphasic_common,-0.15625,8.4863190531345503e-06,0.13594606502084255
1,U0_L100,biphasic_common,-0.15234375,8.4863190531008807e-06,0.12654066621083465
1,U0_L100,biphasic_common,-0.1484375,8.4863190530108005e-06,0.11710477839421247
1,U0_L100,biphasic_common,-0.14453125,8.4863190527729197e-06,0.1076391321034269
1,U0_L100,biphasic_common,-0.140625,8.4863190521528221e-06,0.098144675136279141
1,U0_L100,biphasic_common,-0.13671875,8.4863190505569968e-06,0.088622500875259441
1,U0_L100,biphasic_common,-0.1328125,8.4863190465022959e-06,0.07907379316757715
1,U0_L100,biphasic_common,-0.12890625,8.48631903633045e-06,0.06949978607792652
1,U0_L100,biphasic_common,-0.125,8.4863190111350704e-06,0.059901736013420977
1,U0_L100,biphasic_common,-0.12109375,8.4863189495138673e-06,0.05028090330883745
1,U0_L100,biphasic_common,-0.1171875,8.4863188007036565e-06,0.040638540227487849
1,U0_L100,biphasic_common,-0.11328125,8.4863184458645312e-06,0.030975882382658502
1,U0_L100,biphasic_common,-0.109375,8.486317610400365e-06,0.021294140753771663
1,U0_L100,biphasic_common,-0.10546875,8.4863156680752039e-06,0.011594491725045493
1,U0_L100,biphasic_common,-0.1015625,8.4863112093245236e-06,0.0018780629069734989
1,U0_L100,biphasic_common,-0.09765625,8.4863011028357881e-06,-0.0078540870676931263
1,U0_L100,biphasic_common,-0.09375,8.4862784834160875e-06,-0.017600996010400091
1,U0_L100,biphasic_common,-0.08984375,8.486228496716463e-06,-0.027361833369402833
1,U0_L100,biphasic_common,-0.0859375,8.4861194238442011e-06,-0.037135942566302725
1,U0_L100,biphasic_common,-0.08203125,8.485884425145766e-06,-0.046922888497192783
1,U0_L100,biphasic_common,-0.078125,8.4853845086679924e-06,-0.056722506399883035
1,U0_L100,biphasic_common,-0.07421875,8.4843344601954015e-06,-0.066534945996023956
1,U0_L100,biphasic_common,-0.0703125,8.4821567628947162e-06,-0.076360702036905856
1,U0_L100,biphasic_common,-0.06640625,8.4776975513600901e-06,-0.086200619162245667
1,U0_L100,biphasic_common,-0.0625,8.4686821115768531e-06,-0.096055855458911044
1,U0_L100,biphasic_common,-0.05859375,8.4506859587328041e-06,-0.10592778553933338
1,U0_L100,biphasic_common,-0.0546875,8.4152183656526625e-06,-0.11581782076291629
1,U0_L100,biphasic_common,-0.05078125,8.3462042144241535e-06,-0.1257271220074242
1,U0_L100,biphasic_common,-0.046875,8.2136193987354599e-06,-0.13565617999846127
1,U0_L100,biphasic_common,-0.04296875,7.9621453699362553e-06,-0.14560424071341979
1,U0_L100,biphasic_common,-0.0390625,7.4912435338575495e-06,-0.15556856014495032
1,U0_L100,biphasic_common,-0.03515625,6.6206822414043238e-06,-0.16554348533572252
1,U0_L100,biphasic_common,-0.03125,5.0317934439581627e-06,-0.17551937887357089
1,U0_L100,biphasic_common,-0.02734375,2.1688954005619902e-06,-0.18548143384628749
1,U0_L100,biphasic_common,-0.0234375,-2.9235818710422858e-06,-0.19540846740658563
1,U0_L100,biphasic_common,-0.01953125,-1.1866006540335772e-05,-0.20527183508533414
1,U0_L100,biphasic_common,-0.015625,-2.7367590358071565e-05,-0.21503467567272053
1,U0_L100,biphasic_common,-0.01171875,-5.3894246236774144e-05,-0.22465177768120384
1,U0_L100,biphasic_common,-0.0078125,-9.8703222947983609e-05,-0.23407045139916963
1,U0_L100,biphasic_common,-0.00390625,-0.00017341918897697127,-0.24323289157258274
1,U0_L100,biphasic_common,0,-0.000296394156103826,-0.25208061843248142
1,U0_L100,biphasic_common,0.00390625,-0.0004961792867300926,-0.26056167963833549
1,U0_L100,biphasic_common,0.0078125,-0.00081654063313097141,-0.2686413697950662
1,U0_L100,biphasic_common,0.01171875,-0.0013235709627856707,-0.27631726103934801
1,U0_L100,biphasic_common,0.015625,-0.0021155796565636297,-0.28363931804236209
1,U0_L100,biphasic_common,0.01953125,-0.0033365700496308637,-0.29073577147737512
1,U0_L100,biphasic_common,0.0234375,-0.0051942188546005479,-0.2978452224595704
1,U0_L100,biphasic_common,0.02734375,-0.0079833269500785616,-0.30535512492598266
1,U0_L100,biphasic_common,0.03125,-0.012115676921921356,-0.31384632602935192
1,U0_L100,biphasic_common,0.03515625,-0.018157063860156017,-0.32414272722764542
1,U0_L100,biphasic_common,0.0390625,-0.026871910008153151,-0.33736436426615302
1,U0_L100,biphasic_common,0.04296875,-0.039275278962857922,-0.35498131313094206
1,U0_L100,biphasic_common,0.046875,-0.056691228055942004,-0.37886485292366723
1,U0_L100,biphasic_common,0.05078125,-0.080815255653396603,-0.4113313212403289
1,U0_L100,biphasic_common,0.0546875,-0.11377712528623929,-0.45517317396846174
1,U0_L100,biphasic_common,0.05859375,-0.15819864191124489,-0.51367102369286399
1,U0_L100,biphasic_common,0.0625,-0.21723914049365037,-0.59058001115709502
1,U0_L100,biphasic_common,0.06640625,-0.29461971673065823,-0.69008390256953511
1,U0_L100,biphasic_common,0.0703125,-0.39461584615184825,-0.81671093612651624
1,U0_L100,biphasic_common,0.07421875,-0.52200731835598124,-0.9752067743878966
1,U0_L100,biphasic_common,0.078125,-0.68197470174629626,-1.170362021565158
1,U0_L100,biphasic_common,0.08203125,-0.87993317724247311,-1.4067946382804415
1,U0_L100,biphasic_common,0.0859375,-1.1212977885196274,-1.6886911500816366
1,U0_L100,biphasic_common,0.08984375,-1.4111790629260883,-2.0195146238540733
1,U0_L100,biphasic_common,0.09375,-1.7540144701022362,-2.4016917034386509
1,U0_L100,biphasic_common,0.09765625,-2.1531489613996193,-2.8362951871701365
1,U0_L100,biphasic_common,0.1015625,-2.6103862558334847,-3.3227422625271283
1,U0_L100,biphasic_common,0.10546875,-3.125540734555607,-3.8585311214868385
1,U0_L100,biphasic_common,0.109375,-3.6960267106461049,-4.4390398154840804
1,U0_L100,biphasic_common,0.11328125,-4.3165263091479975,-5.0574104941976312
1,U0_L100,biphasic_common,0.1171875,-4.9787781500754411,-5.7045393606512631
1,U0_L100,biphasic_common,0.12109375,-5.6715256469030537,-6.3691877006946518
1,U0_L100,biphasic_common,0.125,-6.3806556043603342,-7.03822236099598
1,U0_L100,biphasic_common,0.12890625,-7.0895450672685589,-7.6969854437006529
1,U0_L100,biphasic_common,0.1328125,-7.7796178123020212,-8.3297833677287283
1,U0_L100,biphasic_common,0.13671875,-8.4310928814071531,-8.9204756068691626
1,U0_L100,biphasic_common,0.140625,-9.0238880321731969,-9.4531342550723654
1,U0_L100,biphasic_common,0.14453125,-9.5386231337299279,-9.9127380109845316
1,U0_L100,biphasic_common,0.1484375,-9.9576546010661815,-10.285859054504543
1,U0_L100,biphasic_common,0.15234375,-10.266063886392439,-10.561299259709802
1,U0_L100,biphasic_common,0.15625,-10.452522201918526,-10.730633629182313
1,U0_L100,biphasic_common,0.16015625,-10.509960586777607,-10.788623789629172
1,U0_L100,biphasic_common,0.1640625,-10.43598876081891,-10.733472547190871
1,U0_L100,biphasic_common,0.16796875,-10.233026601602825,-10.566901216862908
1,U0_L100,biphasic_common,0.171875,-9.9081364193911714,-10.294043793912087
1,U0_L100,biphasic_common,0.17578125,-9.4725698464125827,-9.923164928235769
1,U0_L100,biphasic_common,0.1796875,-8.9410672857578195,-9.465220938904837
1,U0_L100,biphasic_common,0.18359375,-8.3309678696119356,-8.9332936773979643
1,U0_L100,biphasic_common,0.1875,-7.6612016917064381,-8.3419350119783502
1,U0_L100,biphasic_common,0.19140625,-6.9512424474328238,-7.7064644398213433
1,U0_L100,biphasic_common,0.1953125,-6.2200972219516011,-7.0422635536329103
1,U0_L100,biphasic_common,0.19921875,-5.485401634415692,-6.3641088661471032
1,U0_L100,biphasic_common,0.203125,-4.7626742978235281,-5.6855792287672946
1,U0_L100,biphasic_common,0.20703125,-4.0647665707610718,-5.0185664361725353
1,U0_L100,biphasic_common,0.2109375,-3.4015240993078111,-4.3729084310131485
1,U0_L100,biphasic_common,0.21484375,-2.7796578626121828,-3.7561547307111507
1,U0_L100,biphasic_common,0.21875,-2.2028062079390893,-3.1734641827920047
1,U0_L100,biphasic_common,0.22265625,-1.6717570326497895,-2.6276266892477311
1,U0_L100,biphasic_common,0.2265625,-1.1847915601223862,-2.1191937121806852
1,U0_L100,biphasic_common,0.23046875,-0.73810815488677672,-1.646697546275756
1,U0_L100,biphasic_common,0.234375,-0.3262858737886411,-1.2069366489302833
1,U0_L100,biphasic_common,0.23828125,0.057247904537361172,-0.79530367093657495
1,U0_L100,biphasic_common,0.2421875,0.41977448037775927,-0.40613396775663863
1,U0_L100,biphasic_common,0.24609375,0.76888606651288138,-0.033054908205399462
1,U0_L100,biphasic_common,0.25,1.1121456495351556,0.33068021731117975
1,U0_L100,biphasic_common,0.25390625,1.4568094173293924,0.69188591385176645
1,U0_L100,biphasic_common,0.2578125,1.809610577363749,1.0571740116999717
1,U0_L100,biphasic_common,0.26171875,2.1765989347111021,1.4327234448842483
1,U0_L100,biphasic_common,0.265625,2.563027864632442,1.8240915060471332
1,U0_L100,biphasic_common,0.26953125,2.973279164576121,2.2360652955796341
1,U0_L100,biphasic_common,0.2734375,3.4108164296829915,2.6725503317087815
1,U0_L100,biphasic_common,0.27734375,3.8781587171066794,3.1364922724524527
1,U0_L100,biphasic_common,0.28125,4.3768679853233401,3.6298273335515918
1,U0_L100,biphasic_common,0.28515625,4.9075457815406676,4.1534571401404916
1,U0_L100,biphasic_common,0.2890625,5.4698366269076084,4.7072442744453422
1,U0_L100,biphasic_common,0.29296875,6.0624373098658983,5.2900255249876036
1,U0_L100,biphasic_common,0.296875,6.6831127093715681,5.8996406643284782
1,U0_L100,biphasic_common,0.30078125,7.3287197637713772,6.5329753641776129
1,U0_L100,biphasic_common,0.3046875,7.9952417629747501,7.186017508603884
1,U0_L100,biphasic_common,0.30859375,8.6778352957698459,7.8539266281844133
1,U0_L100,biphasic_common,0.3125,9.3708919814687377,8.5311164194961009
1,U0_L100,biphasic_common,0.31640625,10.068116621339659,9.2113503308042119
1,U0_L100,biphasic_common,0.3203125,10.762622692775228,9.8878500032088628
1,U0_L100,biphasic_common,0.32421875,11.447045250662068,10.553415990488155
1,U0_L100,biphasic_common,0.328125,12.113670365551616,11.20055968536025
1,U0_L100,biphasic_common,0.33203125,12.754579281227695,11.821644806208239
1,U0_L100,biphasic_common,0.3359375,13.361804572885957,12.409036199795549
1,U0_L100,biphasic_common,0.33984375,13.92749478202656,12.955253143746173
1,U0_L100,biphasic_common,0.34375,14.444083338336316,13.453123834413786
1,U0_L100,biphasic_common,0.34765625,14.90445708714913,13.895937360975401
1,U0_L100,biphasic_common,0.3515625,15.302119449554205,14.27758922616238
1,U0_L100,biphasic_common,0.35546875,15.631343167400258,14.592716399161173
1,U0_L100,biphasic_common,0.359375,15.88730773376372,14.836817987727692
1,U0_L100,biphasic_common,0.36328125,16.066216976915946,15.006357894980304
1,U0_L100,biphasic_common,0.3671875,16.165392838035938,15.098846272323813
1,U0_L100,biphasic_common,0.37109375,16.183342135561396,15.112897175195807
1,U0_L100,biphasic_common,0.375,16.119794008964803,15.048260546796055
1,U0_L100,biphasic_common,0.37890625,15.97570674136588,14.905827464497682
1,U0_L100,biphasic_common,0.3828125,15.753243727911022,14.687608447767461
1,U0_L100,biphasic_common,0.38671875,15.455719436470186,14.396685506306355
1,U0_L100,biphasic_common,0.390625,15.087517249745009,14.037139463612782
1,U0_L100,biphasic_common,0.39453125,14.653982036408237,13.613954886791017
1,U0_L100,biphasic_common,0.3984375,14.161291131196689,13.132905654246247
1,U0_L100,biphasic_common,0.40234375,13.616308074691977,12.600424770153928
1,U0_L100,biphasic_common,0.40625,13.026423946299081,12.023462465977685
1,U0_L100,biphasic_common,0.41015625,12.399391402082113,11.409336899967228
1,U0_L100,biphasic_common,0.4140625,11.743156596631469,10.76558186855585
1,U0_L100,biphasic_common,0.41796875,11.065694029578079,10.099795879960741
1,U0_L100,biphasic_common,0.421875,10.374849027238259,9.4194967187887375
1,U0_L100,biphasic_common,0.42578125,9.6781920714165128,8.7319852666829885
1,U0_L100,biphasic_common,0.4296875,8.9828885509637288,8.0442218594492356
1,U0_L100,biphasic_common,0.43359375,8.2955867727524275,7.3627178815815562
1,U0_L100,biphasic_common,0.4375,7.6223262656963175,6.6934446535229597
1,U0_L100,biphasic_common,0.44140625,6.9684675834321768,6.0417609855657535
1,U0_L100,biphasic_common,0.4453125,6.3386439960122702,5.412360085017105
1,U0_L100,biphasic_common,0.44921875,5.7367346928272722,4.8092358384494069
1,U0_L100,biphasic_common,0.453125,5.1658584275067412,4.235667873878592
1,U0_L100,biphasic_common,0.45703125,4.6283859441802342,3.6942242599292259
1,U0_L100,biphasic_common,0.4609375,4.1259690498872121,3.1867802370765093
1,U0_L100,biphasic_common,0.46484375,3.6595838496879107,2.7145510113478459
1,U0_L100,biphasic_common,0.46875,3.2295854418181311,2.278136379565185
1,U0_L100,biphasic_common,0.47265625,2.8357712763263319,1.8775747983197648
1,U0_L100,biphasic_common,0.4765625,2.4774504027600783,1.5124044526811196
1,U0_L100,biphasic_common,0.48046875,2.1535159568799651,1.1817289173522216
1,U0_L100,biphasic_common,0.484375,1.8625184460492956,0.88428512148938776
1,U0_L100,biphasic_common,0.48828125,1.6027376688380355,0.61851151517394354
1,U0_L100,biphasic_common,0.4921875,1.3722514266574384,0.38261457550569117
1,U0_L100,biphasic_common,0.49609375,1.1689995344010293,0.17463206781003765
1,U0_L100,biphasic_common,0.5,0.99084199488823654,-0.0075082229635416078
1,U0_L100,biphasic_common,0.50390625,0.83561055221757352,-0.16593526848964887
1,U0_L100,biphasic_common,0.5078125,0.70115316836172348,-0.30278775727802026
1,U0_L100,biphasic_common,0.51171875,0.5853712648229854,-0.42017363034479865
1,U0_L100,biphasic_common,0.515625,0.48624982929902882,-0.52013632465214821
1,U0_L100,biphasic_common,0.51953125,0.40188070144106108,-0.60462762966279004
1,U0_L100,biphasic_common,0.5234375,0.33047952002258557,-0.67548687189539824
1,U0_L100,biphasic_common,0.52734375,0.27039693669015397,-0.73442599048560719
1,U0_L100,biphasic_common,0.53125,0.22012478144327094,-0.78301995356344212
1,U0_L100,biphasic_common,0.53515625,0.17829790612944232,-0.82270188917471521
1,U0_L100,biphasic_common,0.5390625,0.1436924396528759,-0.85476226257604371
1,U0_L100,biphasic_common,0.54296875,0.11522116802004212,-0.88035142009581158
1,U0_L100,biphasic_common,0.546875,0.091926709749622582,-0.90048483379440802
1,U0_L100,biphasic_common,0.55078125,0.072973098416122831,-0.91605041596122128
1,U0_L100,biphasic_common,0.5546875,0.057636314653407419,-0.92781732309254372
1,U0_L100,biphasic_common,0.55859375,0.045294234715966858,-0.93644573063189229
1,U0_L100,biphasic_common,0.5625,0.035416385873682933,-0.94249712803219832
1,U0_L100,biphasic_common,0.56640625,0.027553823919034187,-0.94644475474467693
1,U0_L100,biphasic_common,0.5703125,0.021329377529044336,-0.94868386827957296
1,U0_L100,biphasic_common,0.57421875,0.016428440032227785,-0.94954160288859701
1,U0_L100,biphasic_common,0.578125,0.012590432483631947,-0.94928623969816284
1,U0_L100,biphasic_common,0.58203125,0.0096010134536698398,-0.94813576489552021
1,U0_L100,biphasic_common,0.5859375,0.0072850706992974423,-0.9462656410106921
1,U0_L100,biphasic_common,0.58984375,0.0055004976302869433,-0.94381575709567445
1,U0_L100,biphasic_common,0.59375,0.0041327326424486534,-0.94089655673160377
1,U0_L100,biphasic_common,0.59765625,0.0030900212034637121,-0.93759436865469026
1,U0_L100,biphasic_common,0.6015625,0.0022993481736875909,-0.93397598397938353
1,U0_L100,biphasic_common,0.60546875,0.0017029803089958749,-0.93009253725615093
1,U0_L100,biphasic_common,0.609375,0.0012555553218704216,-0.92598275676457587
1,U0_L100,biphasic_common,0.61328125,0.00092165341863073699,-0.92167565336975632
1,U0_L100,biphasic_common,0.6171875,0.00067378911267332591,-0.91719271780380707
1,U0_L100,biphasic_common,0.62109375,0.00049076465959295543,-0.91254969416413034
1,U0_L100,biphasic_common,0.625,0.0003563310974536892,-0.90775799345837527
1,U0_L100,biphasic_common,0.62890625,0.0002581081352257251,-0.90282580579583827
1,U0_L100,biphasic_common,0.6328125,0.00018671964385983262,-0.89775896384858023
1,U0_L100,biphasic_common,0.63671875,0.00013510698644043909,-0.89256160390801564
1,U0_L100,biphasic_common,0.640625,9.798767349062851e-05,-0.88723666457583961
1,U0_L100,biphasic_common,0.64453125,7.1431710206772123e-05,-0.88178625709809133
1,U0_L100,biphasic_common,0.6484375,5.2532431728751793e-05,-0.87621193574588374
1,U0_L100,biphasic_common,0.65234375,3.9152560725524505e-05,-0.87051489157520356
1,U0_L100,biphasic_common,0.65625,2.9729661109322197e-05,-0.86469608841475276
1,U0_L100,biphasic_common,0.66015625,2.3128118367725252e-05,-0.85875635604779799
1,U0_L100,biphasic_common,0.6640625,1.8527282303201175e-05,-0.85269645225741886
1,U0_L100,biphasic_common,0.66796875,1.5337502950237216e-05,-0.84651710265513147
1,U0_L100,biphasic_common,0.671875,1.3137520953401575e-05,-0.84021902496150924
1,U0_L100,biphasic_common,0.67578125,1.1628086811666082e-05,-0.83380294259672172
1,U0_L100,biphasic_common,0.6796875,1.0597824883635453e-05,-0.82726959101139541
1,U0_L100,biphasic_common,0.68359375,9.8982706571023321e-06,-0.82061971908732845
1,U0_L100,biphasic_common,0.6875,9.4257322501564488e-06,-0.81385408711525631
1,U0_L100,biphasic_common,0.69140625,9.1081936584546068e-06,-0.80697346226844568
1,U0_L100,biphasic_common,0.6953125,8.8959175061387732e-06,-0.7999786121045207
1,U0_L100,biphasic_common,0.69921875,8.7547441463837661e-06,-0.7928702964165254
1,U0_L100,biphasic_common,0.703125,8.6613429049596682e-06,-0.78564925770147953
1,U0_L100,biphasic_common,0.70703125,8.599867364945394e-06,-0.77831621060988665
1,U0_L100,biphasic_common,0.7109375,8.5596139006721395e-06,-0.77087183097671519
1,U0_L100,biphasic_common,0.71484375,8.5333924490286826e-06,-0.76331674541033123
1,U0_L100,biphasic_common,0.71875,8.5163996835111049e-06,-0.75565152292372095
1,U0_L100,biphasic_common,0.72265625,8.5054443267247468e-06,-0.74787667072053154
1,U0_L100,biphasic_common,0.7265625,8.4984177250419727e-06,-0.73999263696998008
1,U0_L100,biphasic_common,0.73046875,8.493934178592421e-06,-0.73199982417730347
1,U0_L100,biphasic_common,0.734375,8.4910880358194339e-06,-0.72389861750356232
1,U0_L100,biphasic_common,0.73828125,8.4892906079684684e-06,-0.71568943300699606
1,U0_L100,biphasic_common,0.7421875,8.4881613137688061e-06,-0.70737279111405493
1,U0_L100,biphasic_common,0.74609375,8.4874554439535845e-06,-0.69894942048283948
1,U0_L100,biphasic_common,0.75,8.4870165041038225e-06,-0.69042039654209364
1,U0_L100,biphasic_common,0.75390625,8.4867449544394574e-06,-0.68178731707087947
1,U0_L100,biphasic_common,0.7578125,8.4865778229308905e-06,-0.67305251388007492
1,U0_L100,biphasic_common,0.76171875,8.4864754858289224e-06,-0.66421929459687445
1,U0_L100,biphasic_common,0.765625,8.4864131447232035e-06,-0.6552922013762883
1,U0_L100,biphasic_common,0.76953125,8.4863753628614579e-06,-0.64627726376779981
1,U0_L100,biphasic_common,0.7734375,8.4863525825052398e-06,-0.637182210781715
1,U0_L100,biphasic_common,0.77734375,8.4863389175950483e-06,-0.6280165924872434
1,U0_L100,biphasic_common,0.78125,8.4863307626140108e-06,-0.61879174464004383
1,U0_L100,biphasic_common,0.78515625,8.4863259207811011e-06,-0.60952051178608035
1,U0_L100,biphasic_common,0.7890625,8.486323060767797e-06,-0.60021662659077535
1,U0_L100,biphasic_common,0.79296875,8.4863213800358901e-06,-0.59089362821287428
1,U0_L100,biphasic_common,0.796875,8.4863203973795154e-06,-0.58156319381873023
1,U0_L100,oscillatory,-0.19921875,0.0014518000011473895,0.00024374990904125885
1,U0_L100,oscillatory,-0.1953125,0.0014523694319221357,0.00023617830591560001
1,U0_L100,oscillatory,-0.19140625,0.0014525420918279173,0.00022839963211378537
1,U0_L100,oscillatory,-0.1875,0.0014520919962561852,0.00022008107514804903
1,U0_L100,oscillatory,-0.18359375,0.0014507516870734751,0.0002108435151125603
1,U0_L100,oscillatory,-0.1796875,0.0014482229578504883,0.00020034013447963535
1,U0_L100,oscillatory,-0.17578125,0.0014441963470645271,0.00018833532156607214
1,U0_L100,oscillatory,-0.171875,0.0014383812641668731,0.0001747843553774036
1,U0_L100,oscillatory,-0.16796875,0.0014305482302221712,0.00015991313491158106
1,U0_L100,oscillatory,-0.1640625,0.0014205839840541158,0.0001442954951138861
1,U0_L100,oscillatory,-0.16015625,0.0014085590587979042,0.00012892355606985311
1,U0_L100,oscillatory,-0.15625,0.00139480582481868,0.00011526423359546774
1,U0_L100,oscillatory,-0.15234375,0.0013800029097441042,0.00010529269310849344
1,U0_L100,oscillatory,-0.1484375,0.0013652593818752718,0.00010149139746633566
1,U0_L100,oscillatory,-0.14453125,0.0013521892235157428,0.00010680177744269714
1,U0_L100,oscillatory,-0.140625,0.0013429636123532286,0.00012451478315191034
1,U0_L100,oscillatory,-0.13671875,0.0013403256529842587,0.00015808703230643846
1,U0_L100,oscillatory,-0.1328125,0.0013475498380764424,0.00021087134643383893
1,U0_L100,oscillatory,-0.12890625,0.0013683271466242469,0.00028575452839655767
1,U0_L100,oscillatory,-0.125,0.0014065568615116734,0.00038470158650030025
1,U0_L100,oscillatory,-0.12109375,0.0014660285127748381,0.00050821443754339051
1,U0_L100,oscillatory,-0.1171875,0.0015499824247520312,0.00065472442564773687
1,U0_L100,oscillatory,-0.11328125,0.0016605456886831542,0.00081995153257167662
1,U0_L100,oscillatory,-0.109375,0.0017980523592640275,0.00099627837634582925
1,U0_L100,oscillatory,-0.10546875,0.0019602723820225164,0.0011722030856349654
1,U0_L100,oscillatory,-0.1015625,0.0021415929218126534,0.0013319505911362473
1,U0_L100,oscillatory,-0.09765625,0.0023322176225500485,0.0014553350906128023
1,U0_L100,oscillatory,-0.09375,0.0025174725504915271,0.0015179753590907974
1,U0_L100,oscillatory,-0.08984375,0.0026773301865273156,0.0014919668574128507
1,U0_L100,oscillatory,-0.0859375,0.0027862822156653642,0.0013471077766284189
1,U0_L100,oscillatory,-0.08203125,0.0028137047977699423,0.0010527578539208955
1,U0_L100,oscillatory,-0.078125,0.0027248628217284988,0.00058037695488707551
1,U0_L100,oscillatory,-0.07421875,0.00248268845913168,-9.3256367948298677e-05
1,U0_L100,oscillatory,-0.0703125,0.0020504403859118777,-0.0009822082676061712
1,U0_L100,oscillatory,-0.06640625,0.0013953001500441895,-0.0020870734206262158
1,U0_L100,oscillatory,-0.0625,0.00049288925955494399,-0.0033904060746223971
1,U0_L100,oscillatory,-0.05859375,-0.00066740572199932516,-0.004852220665066429
1,U0_L100,oscillatory,-0.0546875,-0.0020765305235205204,-0.0064059803987030709
1,U0_L100,oscillatory,-0.05078125,-0.0036996478155232378,-0.0079555800014665268
1,U0_L100,oscillatory,-0.046875,-0.0054703170419571658,-0.0093738977105766695
1,U0_L100,oscillatory,-0.04296875,-0.0072856174324183749,-0.010503529478312469
1,U0_L100,oscillatory,-0.0390625,-0.0090029845041087585,-0.011160312500782102
1,U0_L100,oscillatory,-0.03515625,-0.010439617088559493,-0.011140183191651196
1,U0_L100,oscillatory,-0.03125,-0.011375343332664776,-0.010229785823383016
1,U0_L100,oscillatory,-0.02734375,-0.011559789987147243,-0.0082210446140007151
1,U0_L100,oscillatory,-0.0234375,-0.010724560764085948,-0.004929631127238817
1,U0_L100,oscillatory,-0.01953125,-0.0086008815008122626,-0.00021690387928533818
1,U0_L100,oscillatory,-0.015625,-0.0049428035454785382,0.0059855208491874593
1,U0_L100,oscillatory,-0.01171875,0.0004444275009540654,0.013649868853165733
1,U0_L100,oscillatory,-0.0078125,0.0076718208088526361,0.022626754883753909
1,U0_L100,oscillatory,-0.00390625,0.016731560707897504,0.032622402780477906
1,U0_L100,oscillatory,0,0.027461761892516215,0.043181143865802379
1,U0_L100,oscillatory,0.00390625,0.039514116088508813,0.053676054341421468
1,U0_L100,oscillatory,0.0078125,0.05232809346263001,0.063310670626824342
1,U0_L100,oscillatory,0.01171875,0.065115801545342203,0.071134569756373708
1,U0_L100,oscillatory,0.015625,0.076861790498949797,0.076075174857401867
1,U0_L100,oscillatory,0.01953125,0.086341941157775062,0.076987411289547877
1,U0_L100,oscillatory,0.0234375,0.09216500616790875,0.07272178445873774
1,U0_L100,oscillatory,0.02734375,0.09283933914518086,0.06221008797395159
1,U0_L100,oscillatory,0.03125,0.086865816370118795,0.044566323047468666
1,U0_L100,oscillatory,0.03515625,0.072855944347700805,0.019198592483071288
1,U0_L100,oscillatory,0.0390625,0.049671717135501843,-0.014074164866363205
1,U0_L100,oscillatory,0.04296875,0.016581056407993518,-0.054908568470627264
1,U0_L100,oscillatory,0.046875,-0.026580192415463173,-0.1023358923479892
1,U0_L100,oscillatory,0.05078125,-0.079251497165589546,-0.15468462125400628
1,U0_L100,oscillatory,0.0546875,-0.14001029365778131,-0.2095377987493558
1,U0_L100,oscillatory,0.05859375,-0.20646997222232244,-0.26373627929199756
1,U0_L100,oscillatory,0.0625,-0.27522986706192332,-0.31343782941019044
1,U0_L100,oscillatory,0.06640625,-0.34189341680402402,-0.35423980292366802
1,U0_L100,oscillatory,0.0703125,-0.40116866534582452,-0.38136980371076978
1,U0_L100,oscillatory,0.07421875,-0.4470616222902955,-0.38994439276689247
1,U0_L100,oscillatory,0.078125,-0.47316766301645374,-0.37529063795462636
1,U0_L100,oscillatory,0.08203125,-0.47305922361046693,-0.33331939325250576
1,U0_L100,oscillatory,0.0859375,-0.440759802356194,-0.26093298164218737
1,U0_L100,oscillatory,0.08984375,-0.37128515601865875,-0.15644388788568619
1,U0_L100,oscillatory,0.09375,-0.261223181152268,-0.019975663538458078
1,U0_L100,oscillatory,0.09765625,-0.10931504829698377,0.14618693140650033
1,U0_L100,oscillatory,0.1015625,0.083007434411039013,0.33733391306098853
1,U0_L100,oscillatory,0.10546875,0.3111786081977454,0.54618762353307349
1,U0_L100,oscillatory,0.109375,0.56720252263752025,0.76291462738475535
1,U0_L100,oscillatory,0.11328125,0.83955424107643606,0.97531906972231652
1,U0_L100,oscillatory,0.1171875,1.1133237530139786,1.1692358612148861
1,U0_L100,oscillatory,0.12109375,1.3706364765561245,1.3291303851990468
1,U0_L100,oscillatory,0.125,1.5913687540433188,1.4388972597779357
1,U0_L100,oscillatory,0.12890625,1.7541569364838729,1.4828347346055568
1,U0_L100,oscillatory,0.1328125,1.8376755355333065,1.4467545176714378
1,U0_L100,oscillatory,0.13671875,1.8221348498735113,1.3191703917532447
1,U0_L100,oscillatory,0.140625,1.6909231898393762,1.0924942298744511
1,U0_L100,oscillatory,0.14453125,1.4322953739011157,0.76415636098192108
1,U0_L100,oscillatory,0.1484375,1.0409897665941001,0.3375600429790982
1,U0_L100,oscillatory,0.15234375,0.51964298693077282,-0.17722171093562031
1,U0_L100,oscillatory,0.15625,-0.12013343106515786,-0.76309359120038744
1,U0_L100,oscillatory,0.16015625,-0.8571450592762605,-1.396004080102107
1,U0_L100,oscillatory,0.1640625,-1.6605898443433633,-2.0454849781221327
1,U0_L100,oscillatory,0.16796875,-2.4907038548382157,-2.6756929029574876
1,U0_L100,oscillatory,0.171875,-3.3001267404848815,-3.2469493812843484
1,U0_L100,oscillatory,0.17578125,-4.0359890546385397,-3.7177402845111955
1,U0_L100,oscillatory,0.1796875,-4.6426699597532997,-4.0470977483504527
1,U0_L100,oscillatory,0.18359375,-5.0651170655064712,-4.197250987470956
1,U0_L100,oscillatory,0.1875,-5.2525643480760795,-4.1363994496764995
1,U0_L100,oscillatory,0.19140625,-5.1624338121826252,-3.8414354808870503
1,U0_L100,oscillatory,0.1953125,-4.7641664391294407,-3.3004268492420201
1,U0_L100,oscillatory,0.19921875,-4.0427023992485083,-2.5146644450275697
1,U0_L100,oscillatory,0.203125,-3.0013232126549854,-1.5000889256797723
1,U0_L100,oscillatory,0.20703125,-1.6635821793942569,-0.28793285113429767
1,U0_L100,oscillatory,0.2109375,-0.074085235269565022,1.0755482172675142
1,U0_L100,oscillatory,0.21484375,1.702057962700718,2.5303323748826836
1,U0_L100,oscillatory,0.21875,3.5812156373382562,4.0048922114388201
1,U0_L100,oscillatory,0.22265625,5.4646581619342038,5.4194088818460795
1,U0_L100,oscillatory,0.2265625,7.2433320265994299,6.6898183089521757
1,U0_L100,oscillatory,0.23046875,8.8037845219367181,7.7325003703738737
1,U0_L100,oscillatory,0.234375,10.034938986122642,8.4693611575067376
1,U0_L100,oscillatory,0.23828125,10.835332328398628,8.833009989097615
1,U0_L100,oscillatory,0.2421875,11.120359358906363,8.7717013871730565
1,U0_L100,oscillatory,0.24609375,10.829029151182477,8.2537013524936391
1,U0_L100,oscillatory,0.25,9.9297325441903066,7.2707494260427703
1,U0_L100,oscillatory,0.25390625,8.4245500729812743,5.8403240674037349
1,U0_L100,oscillatory,0.2578125,6.3516966076456303,4.0064779718707797
1,U0_L100,oscillatory,0.26171875,3.785800437739435,1.8390894555950317
1,U0_L100,oscillatory,0.265625,0.83584525733438764,-0.56852837085822949
1,U0_L100,oscillatory,0.26953125,-2.3592443671279981,-3.1036130613770223
1,U0_L100,oscillatory,0.2734375,-5.637229969083605,-5.6393761676109548
1,U0_L100,oscillatory,0.27734375,-8.8210912191931126,-8.0416028067190464
1,U0_L100,oscillatory,0.28125,-11.72900480669461,-10.176072981312586
1,U0_L100,oscillatory,0.28515625,-14.185185553667273,-11.916376652052318
1,U0_L100,oscillatory,0.2890625,-16.030913997636965,-13.151646618614489
1,U0_L100,oscillatory,0.29296875,-17.135027392202442,-13.793715574164265
1,U0_L100,oscillatory,0.296875,-17.403153342769553,-13.783218945915227
1,U0_L100,oscillatory,0.30078125,-16.785019260866218,-13.094213710213019
1,U0_L100,oscillatory,0.3046875,-15.279274760566436,-11.736963242240133
1,U0_L100,oscillatory,0.30859375,-12.935412408370667,-9.7586450263020375
1,U0_L100,oscillatory,0.3125,-9.8525556346736334,-7.2418651828719751
1,U0_L100,oscillatory,0.31640625,-6.1750888622252385,-4.3010030202005272
1,U0_L100,oscillatory,0.3203125,-2.0853195868298666,-1.0765507977969342
1,U0_L100,oscillatory,0.32421875,2.2064302551335166,2.2722512779738633
1,U0_L100,oscillatory,0.328125,6.4737212012966259,5.5760667482092545
1,U0_L100,oscillatory,0.33203125,10.487150554967331,8.6648905807835828
1,U0_L100,oscillatory,0.3359375,14.027932976859965,11.377681946015402
1,U0_L100,oscillatory,0.33984375,16.901032702181979,13.571608270740139
1,U0_L100,oscillatory,0.34375,18.946989838282089,15.130323288292058
1,U0_L100,oscillatory,0.34765625,20.051660696758777,15.970757205056202
1,U0_L100,oscillatory,0.3515625,20.153225073993273,16.047987976697225
1,U0_L100,oscillatory,0.35546875,19.245992687754196,15.357883050019719
1,U0_L100,oscillatory,0.359375,17.380753926665808,13.937342641014917
1,U0_L100,oscillatory,0.36328125,14.661651404784566,11.862128976628979
1,U0_L100,oscillatory,0.3671875,11.239781846755813,9.2424203590595084
1,U0_L100,oscillatory,0.37109375,7.3039557402931505,6.2163737695464611
1,U0_L100,oscillatory,0.375,3.0692293300809466,2.9421050725895848
1,U0_L100,oscillatory,0.37890625,-1.2360333905042915,-0.41140679328798552
1,U0_L100,oscillatory,0.3828125,-5.3837219078456151,-3.6739223961312231
1,U0_L100,oscillatory,0.38671875,-9.1592874749673285,-6.6834574725374374
1,U0_L100,oscillatory,0.390625,-12.373953938626306,-9.2951331060756015
1,U0_L100,oscillatory,0.39453125,-14.875075983890138,-11.388834896306141
1,U0_L100,oscillatory,0.3984375,-16.554029324898533,-12.875242228584909
1,U0_L100,oscillatory,0.40234375,-17.351196209547886,-13.699902375362322
1,U0_L100,oscillatory,0.40625,-17.257813913988105,-13.845156387017179
1,U0_L100,oscillatory,0.41015625,-16.314668422237705,-13.329865073182457
1,U0_L100,oscillatory,0.4140625,-14.607824624852345,-12.207023949759167
1,U0_L100,oscillatory,0.41796875,-12.261773401140594,-10.559486286482954
1,U0_L100,oscillatory,0.421875,-9.4305321051495454,-8.4941248128593685
1,U0_L100,oscillatory,0.42578125,-6.2873483570864925,-6.1348483156440015
1,U0_L100,oscillatory,0.4296875,-3.0137212673814453,-3.614944436452987
1,U0_L100,oscillatory,0.43359375,0.21153322293575008,-1.0692419367812254
1,U0_L100,oscillatory,0.4375,3.2224839256001658,1.3734255498628287
1,U0_L100,oscillatory,0.44140625,5.8749469388253353,3.5970144689703099
1,U0_L100,oscillatory,0.4453125,8.0535233070697529,5.5039540490657224
1,U0_L100,oscillatory,0.44921875,9.6764728725702334,7.0194353436621997
1,U0_L100,oscillatory,0.453125,10.698247178250767,8.0941282834109956
1,U0_L100,oscillatory,0.45703125,11.109668697278304,8.7052573517651712
1,U0_L100,oscillatory,0.4609375,10.935898928010603,8.8560736047753572
1,U0_L100,oscillatory,0.46484375,10.232473599026513,8.5738589075808633
1,U0_L100,oscillatory,0.46875,9.0797910443951295,7.9066813824641731
1,U0_L100,oscillatory,0.47265625,7.576513973528308,6.9191845045566343
1,U0_L100,oscillatory,0.4765625,5.8323824523474093,5.6877330598494966
1,U0_L100,oscillatory,0.48046875,3.960936882492045,4.2952560917525586
1,U0_L100,oscillatory,0.484375,2.0726167367529551,2.8261205483170388
1,U0_L100,oscillatory,0.48828125,0.26863869042273492,1.3613417300625468
1,U0_L100,oscillatory,0.4921875,-1.3640267658208587,-0.025608723732645972
1,U0_L100,oscillatory,0.49609375,-2.7563603697968833,-1.2721952606213156
1,U0_L100,oscillatory,0.5,-3.8595666151605093,-2.3292762094489605
1,U0_L100,oscillatory,0.50390625,-4.6459037495099507,-3.1625620394409566
1,U0_L100,oscillatory,0.5078125,-5.108156667194323,-3.7530774722951743
1,U0_L100,oscillatory,0.51171875,-5.2579189055661484,-4.0966928522070072
1,U0_L100,oscillatory,0.515625,-5.1229117603938725,-4.2028423090660958
1,U0_L100,oscillatory,0.51953125,-4.7436088208812164,-4.0925858915556024
1,U0_L100,oscillatory,0.5234375,-4.1694522500181073,-3.7961985014387438
1,U0_L100,oscillatory,0.52734375,-3.4549438550854856,-3.3504797408670277
1,U0_L100,oscillatory,0.53125,-2.6558718134245001,-2.79597633893786
1,U0_L100,oscillatory,0.53515625,-1.8258963757209234,-2.1742941892555221
1,U0_L100,oscillatory,0.5390625,-1.0136692464800103,-1.5256524364213992
1,U0_L100,oscillatory,0.54296875,-0.26060627081840304,-0.88680018893602164
1,U0_L100,oscillatory,0.546875,0.40062386642218473,-0.28938022466591584
1,U0_L100,oscillatory,0.55078125,0.94688678065576781,0.24121360055818442
1,U0_L100,oscillatory,0.5546875,1.3646858430920776,0.68647494009869614
1,U0_L100,oscillatory,0.55859375,1.649662399472144,1.0349420965547014
1,U0_L100,oscillatory,0.5625,1.8056027468552374,1.2819237813261044
1,U0_L100,oscillatory,0.56640625,1.843080188351742,1.4288645023273301
1,U0_L100,oscillatory,0.5703125,1.7778677050649894,1.4824343434290614
1,U0_L100,oscillatory,0.57421875,1.6292538085087909,1.453434420724194
1,U0_L100,oscillatory,0.578125,1.418382502021176,1.3556090502805245
1,U0_L100,oscillatory,0.58203125,1.1667199541172184,1.2044495140848877
1,U0_L100,oscillatory,0.5859375,0.89472766594788988,1.0160634389667269
1,U0_L100,oscillatory,0.58984375,0.62079682751714449,0.80616955835187698
1,U0_L100,oscillatory,0.59375,0.36047329253072991,0.58926141755824124
1,U0_L100,oscillatory,0.59765625,0.12597897210129727,0.37796676824306136
1,U0_L100,oscillatory,0.6015625,-0.073985109567982169,0.18261319362189601
1,U0_L100,oscillatory,0.60546875,-0.23418533187600687,0.010995920913350268
1,U0_L100,oscillatory,0.609375,-0.35259463664212093,-0.13166843410461759
1,U0_L100,oscillatory,0.61328125,-0.42997445210227592,-0.24262780065050421
1,U0_L100,oscillatory,0.6171875,-0.46935200709525887,-0.32135215880231704
1,U0_L100,oscillatory,0.62109375,-0.47544413976248295,-0.36919775522319631
1,U0_L100,oscillatory,0.625,-0.45407390332975694,-0.38901360697765147
1,U0_L100,oscillatory,0.62890625,-0.41161905449773561,-0.3847239073445014
1,U0_L100,oscillatory,0.6328125,-0.3545227829017511,-0.36091608325564917
1,U0_L100,oscillatory,0.63671875,-0.28888767316340402,-0.32245904960037342
1,U0_L100,oscillatory,0.640625,-0.22016465919389108,-0.27417022714023886
1,U0_L100,oscillatory,0.64453125,-0.15294027028392931,-0.22054366870259479
1,U0_L100,oscillatory,0.6484375,-0.090818253153629999,-0.16554563514395168
1,U0_L100,oscillatory,0.65234375,-0.036385984471493757,-0.1124785503379092
1,U0_L100,oscillatory,0.65625,0.0087479004327099871,-0.063909712603611793
1,U0_L100,oscillatory,0.66015625,0.043860557233757924,-0.02165761283419489
1,U0_L100,oscillatory,0.6640625,0.06898334043717734,0.013173728159031235
1,U0_L100,oscillatory,0.66796875,0.084747722267931827,0.040123361661043688
1,U0_L100,oscillatory,0.671875,0.092223316258998822,0.059276309162010515
1,U0_L100,oscillatory,0.67578125,0.092760312445069562,0.07115168423790795
1,U0_L100,oscillatory,0.6796875,0.08784591918728564,0.07658588771478346
1,U0_L100,oscillatory,0.68359375,0.078981546794206742,0.076619190285765748
1,U0_L100,oscillatory,0.6875,0.067584695827150612,0.07239221363290739
1,U0_L100,oscillatory,0.69140625,0.054917012118157638,0.065056923836333366
1,U0_L100,oscillatory,0.6953125,0.042037869015863323,0.055704907570197977
1,U0_L100,oscillatory,0.69921875,0.029781208241805947,0.045314028903628734
1,U0_L100,oscillatory,0.703125,0.018752237248256538,0.034713144949887621
1,U0_L100,oscillatory,0.70703125,0.0093399246482053135,0.024563440961758221
1,U0_L100,oscillatory,0.7109375,0.0017410056811895975,0.015354147763390356
1,U0_L100,oscillatory,0.71484375,-0.0040086653307673595,0.0074099184354354027
1,U0_L100,oscillatory,0.71875,-0.0079991828060083699,0.00090693821011969067
1,U0_L100,oscillatory,0.72265625,-0.010411265351442397,-0.0041051215488692294
1,U0_L100,oscillatory,0.7265625,-0.011483044312392013,-0.0076779691647048277
1,U0_L100,oscillatory,0.73046875,-0.011480759420831096,-0.0099386831218399637
1,U0_L100,oscillatory,0.734375,-0.010674473427061204,-0.011064692205117787
1,U0_L100,oscillatory,0.73828125,-0.0093193087681547881,-0.011261137489310541
1,U0_L100,oscillatory,0.7421875,-0.0076422024775402164,-0.010741542881900525
1,U0_L100,oscillatory,0.74609375,-0.0058337852628313853,-0.0097122942012129402
1,U0_L100,oscillatory,0.75,-0.0040447194288507288,-0.0083610609213599415
1,U0_L100,oscillatory,0.75390625,-0.0023856709340068973,-0.0068490029008970027
1,U0_L100,oscillatory,0.7578125,-0.00093002927692967903,-0.0053063917982370187
1,U0_L100,oscillatory,0.76171875,0.00028149318043858536,-0.0038311419542449011
1,U0_L100,oscillatory,0.765625,0.0012351735654677919,-0.0024896816196161358
1,U0_L100,oscillatory,0.76953125,0.0019381769396156724,-0.0013195922147505867
1,U0_L100,oscillatory,0.7734375,0.0024125774026920997,-0.00033348830577415724
1,U0_L100,oscillatory,0.77734375,0.0026898949481031025,0.00047630938592866105
1,U0_L100,oscillatory,0.78125,0.002806404276397112,0.0011326549930674285
1,U0_L100,oscillatory,0.78515625,0.0027993502203337802,0.0016682510500481201
1,U0_L100,oscillatory,0.7890625,0.0027041036189468341,0.0021202488463994214
1,U0_L100,oscillatory,0.79296875,0.0025522138620094953,0.0025248210273709319
1,U0_L100,oscillatory,0.796875,0.0023702599532260454,0.0029116886204670566
1,U0_L100,slow_common,-0.19921875,-0.82003003422666776,0.36708846254577454
1,U0_L100,slow_common,-0.1953125,-0.80428544716244543,0.3377037273679272
1,U0_L100,slow_common,-0.19140625,-0.78784396857203354,0.30837752883973191
1,U0_L100,slow_common,-0.1875,-0.7706808604342732,0.27920356535667601
1,U0_L100,slow_common,-0.18359375,-0.75277083300979997,0.25029301407233329
1,U0_L100,slow_common,-0.1796875,-0.7340880497092388,0.22176189258705742
1,U0_L100,slow_common,-0.17578125,-0.71460613308923127,0.19372264910573719
1,U0_L100,slow_common,-0.171875,-0.69429817202116828,0.16627912221997357
1,U0_L100,slow_common,-0.16796875,-0.6731367300770611,0.13952405286660127
1,U0_L100,slow_common,-0.1640625,-0.65109385517646301,0.11353842273720836
1,U0_L100,slow_common,-0.16015625,-0.62814109053765266,0.088392009928219772
1,U0_L100,slow_common,-0.15625,-0.60424948697545255,0.06414467565063478
1,U0_L100,slow_common,-0.15234375,-0.57938961658709043,0.04084801317766603
1,U0_L100,slow_common,-0.1484375,-0.55353158786635781,0.018547094572674269
1,U0_L100,slow_common,-0.14453125,-0.52664506228502339,-0.0027178615269396311
1,U0_L100,slow_common,-0.140625,-0.49869927237902034,-0.022910007684421731
1,U0_L100,slow_common,-0.13671875,-0.46966304137527748,-0.041994624350080806
1,U0_L100,slow_common,-0.1328125,-0.43950480439327744,-0.059938130559321595
1,U0_L100,slow_common,-0.12890625,-0.40819263125348026,-0.076707338123334148
1,U0_L100,slow_common,-0.125,-0.37569425092256936,-0.092268923284816368
1,U0_L100,slow_common,-0.12109375,-0.34197707762321061,-0.10658908199375405
1,U0_L100,slow_common,-0.1171875,-0.30700823863348081,-0.11963333267398836
1,U0_L100,slow_common,-0.11328125,-0.27075460379847238,-0.13136643178076521
1,U0_L100,slow_common,-0.109375,-0.23318281677372699,-0.14175237113443773
1,U0_L100,slow_common,-0.10546875,-0.19425932801712764,-0.15075443084565116
1,U0_L100,slow_common,-0.1015625,-0.15395042954265381,-0.15833526682180393
1,U0_L100,slow_common,-0.09765625,-0.11222229144605556,-0.16445701682537989
1,U0_L100,slow_common,-0.09375,-0.069041000208914793,-0.16908141351377637
1,U0_L100,slow_common,-0.08984375,-0.024372598783850563,-0.17216989665921781
1,U0_L100,slow_common,-0.0859375,0.02181687154025691,-0.17368371977502348
1,U0_L100,slow_common,-0.08203125,0.069561327498244951,-0.17358404868643781
1,U0_L100,slow_common,-0.078125,0.11889459844324368,-0.17183205125441414
1,U0_L100,slow_common,-0.07421875,0.16985037918964263,-0.1683889785875208
1,U0_L100,slow_common,-0.0703125,0.22246218112275629,-0.16321623876656199
1,U0_L100,slow_common,-0.06640625,0.27676328159814267,-0.15627546446165486
1,U0_L100,slow_common,-0.0625,0.33278667165834896,-0.14752857593390187
1,U0_L100,slow_common,-0.05859375,0.39056500209972178,-0.13693784086270366
1,U0_L100,slow_common,-0.0546875,0.45013052792702934,-0.12446593228700248
1,U0_L100,slow_common,-0.05078125,0.51151505123869256,-0.11007598574387345
1,U0_L100,slow_common,-0.046875,0.57474986259071215,-0.093731656464792867
1,U0_L100,slow_common,-0.04296875,0.63986568089269502,-0.075397177273150207
1,U0_L100,slow_common,-0.0390625,0.70689259189471154,-0.05503741763058273
1,U0_L100,slow_common,-0.03515625,0.77585998532921963,-0.032617944112051205
1,U0_L100,slow_common,-0.03125,0.84679649077776875,-0.0081050824530406306
1,U0_L100,slow_common,-0.02734375,0.91972991233767831,0.018534018793815114
1,U0_L100,slow_common,-0.0234375,0.99468716216946196,0.047331323034165367
1,U0_L100,slow_common,-0.01953125,1.0716941930113053,0.07831783893637595
1,U0_L100,slow_common,-0.015625,1.1507759297523814,0.11152355239845499
1,U0_L100,slow_common,-0.01171875,1.2319562001623321,0.14697735733278308
1,U0_L100,slow_common,-0.0078125,1.3152576648796506,0.18470698543547998
1,U0_L100,slow_common,-0.00390625,1.400701746767077,0.22473893511111079
1,U0_L100,slow_common,0,1.4883085597474175,0.26709839972294058
1,U0_L100,slow_common,0.00390625,1.5780968372383855,0.31180919533588225
1,U0_L100,slow_common,0.0078125,1.6700838603101145,0.35889368811507616
1,U0_L100,slow_common,0.01171875,1.7642853856939225,0.40837272153921955
1,U0_L100,slow_common,0.015625,1.8607155737756977,0.46026554358418059
1,U0_L100,slow_common,0.01953125,1.9593869167118163,0.51458973403014097
1,U0_L100,slow_common,0.0234375,2.0603101668099528,0.57136113204426575
1,U0_L100,slow_common,0.02734375,2.1634942653212414,0.63059376419055135
1,U0_L100,slow_common,0.03125,2.2689462717942703,0.69229977301949419
1,U0_L100,slow_common,0.03515625,2.3766712941449981,0.7564893463914184
1,U0_L100,slow_common,0.0390625,2.4866724196001382,0.82317064768948101
1,U0_L100,slow_common,0.04296875,2.5989506466746208,0.8923497470806574
1,U0_L100,slow_common,0.046875,2.7135048183466131,0.96403055398556847
1,U0_L100,slow_common,0.05078125,2.8303315565959819,1.0382147509204864
1,U0_L100,slow_common,0.0546875,2.9494251984742368,1.1149017288771721
1,U0_L100,slow_common,0.05859375,3.0707777338757678,1.1940885244084005
1,U0_L100,slow_common,0.0625,3.1943787451815453,1.2757697585885772
1,U0_L100,slow_common,0.06640625,3.3202153489474444,1.3599375780205245
1,U0_L100,slow_common,0.0703125,3.448272139809923,1.4465815980600087
1,U0_L100,slow_common,0.07421875,3.5785311367819537,1.5356888484304343
1,U0_L100,slow_common,0.078125,3.7109717321117879,1.6272437213997972
1,U0_L100,slow_common,0.08203125,3.8455706428764067,1.7212279226915792
1,U0_L100,slow_common,0.0859375,3.9823018654803173,1.8176204253001276
1,U0_L100,slow_common,0.08984375,4.1211366332286774,1.9163974263794945
1,U0_L100,slow_common,0.09375,4.2620433771415875,2.0175323073727318
1,U0_L100,slow_common,0.09765625,4.4049876901737131,2.120995597545777
1,U0_L100,slow_common,0.1015625,4.549932295000362,2.2267549410871772
1,U0_L100,slow_common,0.10546875,4.6968370155274144,2.3347750679312083
1,U0_L100,slow_common,0.109375,4.8456587522784584,2.4450177684577321
1,U0_L100,slow_common,0.11328125,4.9963514618077873,2.5574418722176531
1,U0_L100,slow_common,0.1171875,5.148866140282883,2.6720032308274435
1,U0_L100,slow_common,0.12109375,5.3031508113742838,2.7886547051708641
1,U0_L100,slow_common,0.125,5.4591505185846829,2.9073461570396026
1,U0_L100,slow_common,0.12890625,5.6168073221424679,3.0280244453381169
1,U0_L100,slow_common,0.1328125,5.7760603005778073,3.1506334269707361
1,U0_L100,slow_common,0.13671875,5.9368455570918632,3.2751139625215129
1,U0_L100,slow_common,0.140625,6.0990962308215693,3.4014039268293748
1,U0_L100,slow_common,0.14453125,6.2627425130940813,3.5294382245524449
1,U0_L100,slow_common,0.1484375,6.4277116687559035,3.6591488108066952
1,U0_L100,slow_common,0.15234375,6.5939280626524832,3.7904647169545425
1,U0_L100,slow_common,0.15625,6.7613131913241746,3.9233120816094016
1,U0_L100,slow_common,0.16015625,6.9297857199744604,4.0576141869118896
1,U0_L100,slow_common,0.1640625,7.0992615247556392,4.1932915001230038
1,U0_L100,slow_common,0.16796875,7.2696537404064818,4.3302617205686831
1,U0_L100,slow_common,0.171875,7.4408728132649857,4.4684398319588894
1,U0_L100,slow_common,0.17578125,7.6128265596680711,4.6077381600929836
1,U0_L100,slow_common,0.1796875,7.7854202297381159,4.7480664359513156
1,U0_L100,slow_common,0.18359375,7.9585565765443329,4.8893318641611119
1,U0_L100,slow_common,0.1875,8.1321359306147194,5.0314391968122782
1,U0_L100,slow_common,0.19140625,8.3060562797619575,5.17429081258663
1,U0_L100,slow_common,0.1953125,8.4802133541740403,5.3177868011512652
1,U0_L100,slow_common,0.19921875,8.6545007167077177,5.4618250527543148
1,U0_L100,slow_common,0.203125,8.8288098583101675,5.6063013529484103
1,U0_L100,slow_common,0.20703125,9.0030302984814359,5.7511094823545781
1,U0_L100,slow_common,0.2109375,9.1770496906773467,5.8961413213662182
1,U0_L100,slow_common,0.21484375,9.3507539325398614,6.0412869596803747
1,U0_L100,slow_common,0.21875,9.5240272808290545,6.186434810530411
1,U0_L100,slow_common,0.22265625,9.6967524709182715,6.3314717294818958
1,U0_L100,slow_common,0.2265625,9.86881084070151,6.4762831376407082
1,U0_L100,slow_common,0.23046875,10.040082458749749,6.6207531491103202
1,U0_L100,slow_common,0.234375,10.210446256540791,6.7647647025228501
1,U0_L100,slow_common,0.23828125,10.379780164575365,6.9081996964569523
1,U0_L100,slow_common,0.2421875,10.547961252180592,7.05093912854369
1,U0_L100,slow_common,0.24609375,10.714865870790707,7.1928632380504816
1,U0_L100,slow_common,0.25,10.880369800483974,7.3338516517223509
1,U0_L100,slow_common,0.25390625,11.044348399544312,7.4737835326489819
1,U0_L100,slow_common,0.2578125,11.206676756805942,7.6125377319163832
1,U0_L100,slow_common,0.26171875,11.36722984653,7.749992942792038
1,U0_L100,slow_common,0.265625,11.525882685552659,7.8860278571835867
1,U0_L100,slow_common,0.26953125,11.682510492436073,8.0205213241024254
1,U0_L100,slow_common,0.2734375,11.836988848345174,8.1533525098555764
1,U0_L100,slow_common,0.27734375,11.989193859366205,8.2844010596819277
1,U0_L100,slow_common,0.28125,12.139002319975914,8.4135472605420851
1,U0_L100,slow_common,0.28515625,12.286291877364393,8.540672204765043
1,U0_L100,slow_common,0.2890625,12.430941196308943,8.6656579542495962
1,U0_L100,slow_common,0.29296875,12.572830124291819,8.7883877049133439
1,U0_L100,slow_common,0.296875,12.711839856550515,8.9087459510785116
1,U0_L100,slow_common,0.30078125,12.847853100746143,9.0266186494802785
1,U0_L100,slow_common,0.3046875,12.98075424093286,9.1418933825809479
1,U0_L100,slow_common,0.30859375,13.110429500509667,9.2544595208716647
1,U0_L100,slow_common,0.3125,13.236767103834918,9.3642083838422714
1,U0_L100,slow_common,0.31640625,13.359657436183754,9.4710333992999107
1,U0_L100,slow_common,0.3203125,13.47899320172942,9.5748302607176932
1,U0_L100,slow_common,0.32421875,13.594669579230828,9.6754970822960082
1,U0_L100,slow_common,0.328125,13.706584375111143,9.7729345514218569
1,U0_L100,slow_common,0.33203125,13.814638173615208,9.8670460782139617
1,U0_L100,slow_common,0.3359375,13.918734483737644,9.9577379418460339
1,U0_L100,slow_common,0.33984375,14.018779882618185,10.044919433345283
1,U0_L100,slow_common,0.34375,14.114684155106396,10.128502994568402
1,U0_L100,slow_common,0.34765625,14.206360429204244,10.208404353064115
1,U0_L100,slow_common,0.3515625,14.293725307102168,10.284542652537649
1,U0_L100,slow_common,0.35546875,14.376698991532198,10.35684057864178
1,U0_L100,slow_common,0.359375,14.455205407170286,10.425224479826293
1,U0_L100,slow_common,0.36328125,14.529172316829474,10.489624482988022
1,U0_L100,slow_common,0.3671875,14.598531432195534,10.549974603673579
1,U0_L100,slow_common,0.37109375,14.663218518867545,10.606212850597204
1,U0_L100,slow_common,0.375,14.723173495477289,10.658281324248026
1,U0_L100,slow_common,0.37890625,14.778340526673375,10.706126309372973
1,U0_L100,slow_common,0.3828125,14.828668109768703,10.749698361133879
1,U0_L100,slow_common,0.38671875,14.874109154863017,10.788952384751148
1,U0_L100,slow_common,0.390625,14.914621058266125,10.82384770845958
1,U0_L100,slow_common,0.39453125,14.950165769061464,10.854348149616293
1,U0_L100,slow_common,0.3984375,14.98070984866451,10.880422073815385
1,U0_L100,slow_common,0.40234375,15.006224523245475,10.902042446878847
1,U0_L100,slow_common,0.40625,15.026685728901292,10.919186879608981
1,U0_L100,slow_common,0.41015625,15.04207414947756,10.931837665203338
1,U0_L100,slow_common,0.4140625,15.052375246957318,10.939981809248504
1,U0_L100,slow_common,0.41796875,15.057579284349625,10.943611052226657
1,U0_L100,slow_common,0.421875,15.057681341027589,10.942721884483845
1,U0_L100,slow_common,0.42578125,15.05268132048197,10.937315553626862
1,U0_L100,slow_common,0.4296875,15.042583950473254,10.927398064331024
1,U0_L100,slow_common,0.43359375,15.027398775581915,10.912980170559093
1,U0_L100,slow_common,0.4375,15.007140142173231,10.894077360207181
1,U0_L100,slow_common,0.44140625,14.981827175809833,10.870709832211485
1,U0_L100,slow_common,0.4453125,14.951483751161806,10.842902466165159
1,U0_L100,slow_common,0.44921875,14.916138454480546,10.810684784511372
1,U0_L100,slow_common,0.453125,14.875824538719005,10.774090907395582
1,U0_L100,slow_common,0.45703125,14.830579871396882,10.733159500275239
1,U0_L100,slow_common,0.4609375,14.780446875325286,10.687933714401264
1,U0_L100,slow_common,0.46484375,14.725472462320635,10.638461120301221
1,U0_L100,slow_common,0.46875,14.665707960052874,10.584793634409023
1,U0_L100,slow_common,0.47265625,14.601209032187612,10.526987439000246
1,U0_L100,slow_common,0.4765625,14.532035591996156,10.465102895607657
1,U0_L100,slow_common,0.48046875,14.458251709621056,10.399204452103778
1,U0_L100,slow_common,0.484375,14.379925513198099,10.329360543651447
1,U0_L100,slow_common,0.48828125,14.297129084048313,10.255643487735643
1,U0_L100,slow_common,0.4921875,14.209938346165636,10.178129373501871
1,U0_L100,slow_common,0.49609375,14.118432950237368,10.096897945638094
1,U0_L100,slow_common,0.5,14.022696152445294,10.012032483047269
1,U0_L100,slow_common,0.50390625,13.922814688305522,9.9236196725683961
1,U0_L100,slow_common,0.5078125,13.818878641814475,9.8317494780129575
1,U0_L100,slow_common,0.51171875,13.710981310177173,9.736515004791892
1,U0_L100,slow_common,0.515625,13.599219064401849,9.6380123604169103
1,U0_L100,slow_common,0.51953125,13.483691206052155,9.5363405111661468
1,U0_L100,slow_common,0.5234375,13.364499820454592,9.4316011352113591
1,U0_L100,slow_common,0.52734375,13.241749626664353,9.3238984725089527
1,U0_L100,slow_common,0.53125,13.115547824497627,9.2133391717621205
1,U0_L100,slow_common,0.53515625,12.98600393894235,9.1000321347657103
1,U0_L100,slow_common,0.5390625,12.853229662262574,8.9840883584489628
1,U0_L100,slow_common,0.54296875,12.717338694113936,8.8656207749341291
1,U0_L100,slow_common,0.546875,12.578446579989293,8.7447440899309115
1,U0_L100,slow_common,0.55078125,12.436670548314304,8.6215746197892145
1,U0_L100,slow_common,0.5546875,12.292129346512537,8.4962301275328826
1,U0_L100,slow_common,0.55859375,12.144943076358988,8.3688296581984574
1,U0_L100,slow_common,0.5625,11.995233028938982,8.239493373802544
1,U0_L100,slow_common,0.56640625,11.843121519527156,8.1083423882605743
1,U0_L100,slow_common,0.5703125,11.688731722697883,7.975498602578722
1,U0_L100,slow_common,0.57421875,11.532187507974569,7.8410845406374534
1,U0_L100,slow_common,0.578125,11.37361327632056,7.7052231858811364
1,U0_L100,slow_common,0.58203125,11.213133797768961,7.5680378192226332
1,U0_L100,slow_common,0.5859375,11.050874050482649,7.4296518584623978
1,U0_L100,slow_common,0.58984375,10.886959061528966,7.2901886995110514
1,U0_L100,slow_common,0.59375,10.721513749646208,7.1497715596877143
1,U0_L100,slow_common,0.59765625,10.554662770271156,7.0085233233463677
1,U0_L100,slow_common,0.6015625,10.386530363088225,6.8665663900569571
1,U0_L100,slow_common,0.60546875,10.217240202351828,6.7240225255355428
1,U0_L100,slow_common,0.609375,10.046915250223959,6.5810127154790115
1,U0_L100,slow_common,0.61328125,9.875677613358901,6.4376570224161354
1,U0_L100,slow_common,0.6171875,9.7036484029565777,6.2940744456365412
1,U0_L100,slow_common,0.62109375,9.530947598495036,6.1503827842074896
1,U0_L100,slow_common,0.625,9.3576939153415069,6.0066985030377138
1,U0_L100,slow_common,0.62890625,9.1840046764296677,5.8631366019041824
1,U0_L100,slow_common,0.6328125,9.0099956881790995,5.7198104873301832
1,U0_L100,slow_common,0.63671875,8.8357811208206467,5.5768318472028957
1,U0_L100,slow_common,0.640625,8.6614733932791879,5.4343105280584743
1,U0_L100,slow_common,0.64453125,8.4871830627526972,5.2923544150605277
1,U0_L100,slow_common,0.6484375,8.3130187191139928,5.1510693148722622
1,U0_L100,slow_common,0.65234375,8.1390868842486483,5.0105588418934346
1,U0_L100,slow_common,0.65625,7.9654919164299551,4.8709243087201424
1,U0_L100,slow_common,0.66015625,7.7923359198188082,4.7322646222039202
1,U0_L100,slow_common,0.6640625,7.6197186591636958,4.5946761871450601
1,U0_L100,slow_common,0.66796875,7.4477374797631901,4.4582528204489664
1,U0_L100,slow_common,0.671875,7.2764872327406467,4.3230856794787833
1,U0_L100,slow_common,0.67578125,7.1060602056682649,4.1892632093011812
1,U0_L100,slow_common,0.6796875,6.9365460585652245,4.0568711144560261
1,U0_L100,slow_common,0.68359375,6.7680317652824717,3.9259923616489187
1,U0_L100,slow_common,0.6875,6.6006015602746029,3.7967072201779195
1,U0_L100,slow_common,0.69140625,6.4343368907475993,3.6690933467057083
1,U0_L100,slow_common,0.6953125,6.2693163741596223,3.5432259198524956
1,U0_L100,slow_common,0.69921875,6.1056157610409203,3.4191778276251483
1,U0_L100,slow_common,0.703125,5.9433079030879572,3.2970199064674319
1,U0_L100,slow_common,0.70703125,5.7824627264763739,3.1768212242414546
1,U0_L100,slow_common,0.7109375,5.6231472103272147,3.058649390267445
1,U0_L100,slow_common,0.71484375,5.4654253702510935,2.9425708632701704
1,U0_L100,slow_common,0.71875,5.3093582468855542,2.8286512124875394
1,U0_L100,slow_common,0.72265625,5.1550038993319474,2.7169552683619274
1,U0_L100,slow_common,0.7265625,5.0024174033897006,2.6075470776747944
1,U0_L100,slow_common,0.73046875,4.8516508544776915,2.5004895548549024
1,U0_L100,slow_common,0.734375,4.7027533751249271,2.3958436984921341
1,U0_L100,slow_common,0.73828125,4.5557711269055945,2.2936672229089345
1,U0_L100,slow_common,0.7421875,4.4107473266869022,2.1940124433723818
1,U0_L100,slow_common,0.74609375,4.2677222670520116,2.0969232560662991
1,U0_L100,slow_common,0.75,4.1267333407546962,2.0024310777914258
1,U0_L100,slow_common,0.75390625,3.9878150690572278,1.9105496646166655
1,U0_L100,slow_common,0.7578125,3.8509991337983669,1.8212688238080552
1,U0_L100,slow_common,0.76171875,3.7163144130341239,1.7345471805653085
1,U0_L100,slow_common,0.765625,3.5837870200903978,1.6503043715014285
1,U0_L100,slow_common,0.76953125,3.4534403458634024,1.5684133198981198
1,U0_L100,slow_common,0.7734375,3.3252951042011123,1.4886936093240044
1,U0_L100,slow_common,0.77734375,3.1993693801968774,1.4109074114297795
1,U0_L100,slow_common,0.78125,3.0756786812245522,1.3347599296804222
1,U0_L100,slow_common,0.78515625,2.9542359905433768,1.2599068679385197
1,U0_L100,slow_common,0.7890625,2.8350518232999953,1.18597197604088
1,U0_L100,slow_common,0.79296875,2.7181342847547594,1.1125781935912162
1,U0_L100,slow_common,0.796875,2.6034891305595531,1.0393962073788583
1,U0_L100,outside_subspace_stress,-0.19921875,-0.9934664313765813,-0.37544801178626053
1,U0_L100,outside_subspace_stress,-0.1953125,-0.80930123642791152,-0.40205732319368825
1,U0_L100,outside_subspace_stress,-0.19140625,-0.67950449541410174,-0.42818718807714323
1,U0_L100,outside_subspace_stress,-0.1875,-0.59797845344229039,-0.45388148321379601
1,U0_L100,outside_subspace_stress,-0.18359375,-0.55371253555635658,-0.4799528510388229
1,U0_L100,outside_subspace_stress,-0.1796875,-0.53883122872925404,-0.50755011200216604
1,U0_L100,outside_subspace_stress,-0.17578125,-0.55379023229544633,-0.53738780238548411
1,U0_L100,outside_subspace_stress,-0.171875,-0.60729567970478271,-0.56907317441481731
1,U0_L100,outside_subspace_stress,-0.16796875,-0.7051014150237167,-0.60087337799590013
1,U0_L100,outside_subspace_stress,-0.1640625,-0.83145617469612865,-0.63004402925187264
1,U0_L100,outside_subspace_stress,-0.16015625,-0.94083487340019978,-0.65358798007384589
1,U0_L100,outside_subspace_stress,-0.15625,-0.97579844373062963,-0.66912618841374338
1,U0_L100,outside_subspace_stress,-0.15234375,-0.90454799119960216,-0.67550678748102644
1,U0_L100,outside_subspace_stress,-0.1484375,-0.74916207040313021,-0.6728710398301414
1,U0_L100,outside_subspace_stress,-0.14453125,-0.57808412823710076,-0.66209982643618381
1,U0_L100,outside_subspace_stress,-0.140625,-0.46553036599793157,-0.64380453302832297
1,U0_L100,outside_subspace_stress,-0.13671875,-0.44887940222610007,-0.61721268995230427
1,U0_L100,outside_subspace_stress,-0.1328125,-0.5149104533649248,-0.5793663690821883
1,U0_L100,outside_subspace_stress,-0.12890625,-0.61862402864313593,-0.52498303581409
1,U0_L100,outside_subspace_stress,-0.125,-0.71271227304088225,-0.44715499791677604
1,U0_L100,outside_subspace_stress,-0.12109375,-0.76390975719057952,-0.33884121258325461
1,U0_L100,outside_subspace_stress,-0.1171875,-0.74949888769513151,-0.19488898673542099
1,U0_L100,outside_subspace_stress,-0.11328125,-0.6443230943901993,-0.014152470765919703
1,U0_L100,outside_subspace_stress,-0.109375,-0.41487638545215155,0.19882195442549727
1,U0_L100,outside_subspace_stress,-0.10546875,-0.031664595295350872,0.43306769036967141
1,U0_L100,outside_subspace_stress,-0.1015625,0.50309056325258394,0.67181406463243432
1,U0_L100,outside_subspace_stress,-0.09765625,1.1301042486643955,0.89455253647304422
1,U0_L100,outside_subspace_stress,-0.09375,1.7310791598892834,1.0802713979765388
1,U0_L100,outside_subspace_stress,-0.08984375,2.1594101711807947,1.2111836815062458
1,U0_L100,outside_subspace_stress,-0.0859375,2.2944879862548313,1.2760183688371318
1,U0_L100,outside_subspace_stress,-0.08203125,2.0962444872142685,1.2719628696534466
1,U0_L100,outside_subspace_stress,-0.078125,1.6326138375169594,1.2046851055555685
1,U0_L100,outside_subspace_stress,-0.07421875,1.0617671581964319,1.0864459078827764
1,U0_L100,outside_subspace_stress,-0.0703125,0.57106034588908827,0.93293611397413256
1,U0_L100,outside_subspace_stress,-0.06640625,0.29725783765406355,0.75989077075245659
1,U0_L100,outside_subspace_stress,-0.0625,0.26611994927269206,0.58056107446236405
1,U0_L100,outside_subspace_stress,-0.05859375,0.3841652904187422,0.40473397957946339
1,U0_L100,outside_subspace_stress,-0.0546875,0.49029093169681887,0.23933191534157988
1,U0_L100,outside_subspace_stress,-0.05078125,0.44162438123217573,0.089975029705124179
1,U0_L100,outside_subspace_stress,-0.046875,0.18723865412999452,-0.037478235016004481
1,U0_L100,outside_subspace_stress,-0.04296875,-0.20884604107317972,-0.13632708611272953
1,U0_L100,outside_subspace_stress,-0.0390625,-0.60271192377261118,-0.19980959421111549
1,U0_L100,outside_subspace_stress,-0.03515625,-0.83996308575900025,-0.22306469092733194
1,U0_L100,outside_subspace_stress,-0.03125,-0.82361367392738016,-0.20551140621546216
1,U0_L100,outside_subspace_stress,-0.02734375,-0.55075447447812576,-0.1526441165028708
1,U0_L100,outside_subspace_stress,-0.0234375,-0.10501909036421335,-0.076407032856426679
1,U0_L100,outside_subspace_stress,-0.01953125,0.38586594851434258,0.0062074519204756585
1,U0_L100,outside_subspace_stress,-0.015625,0.79993438342623113,0.07609145951347096
1,U0_L100,outside_subspace_stress,-0.01171875,1.0516917815832678,0.11573932507832559
1,U0_L100,outside_subspace_stress,-0.0078125,1.0979742792630278,0.1127586744130617
1,U0_L100,outside_subspace_stress,-0.00390625,0.93268152705813667,0.062244261262297942
1,U0_L100,outside_subspace_stress,0,0.58389552394920341,-0.032595707771361636
1,U0_L100,outside_subspace_stress,0.00390625,0.11347834097729816,-0.16170075858647254
1,U0_L100,outside_subspace_stress,0.0078125,-0.3885359410104231,-0.31095681361468069
1,U0_L100,outside_subspace_stress,0.01171875,-0.81894160938296978,-0.46579312491817387
1,U0_L100,outside_subspace_stress,0.015625,-1.0850483932701218,-0.61464279587871506
1,U0_L100,outside_subspace_stress,0.01953125,-1.1348014975837435,-0.75138178082975671
1,U0_L100,outside_subspace_stress,0.0234375,-0.9851900521922663,-0.87615128777861595
1,U0_L100,outside_subspace_stress,0.02734375,-0.73005611875857179,-0.99442850662213156
1,U0_L100,outside_subspace_stress,0.03125,-0.50972734071940939,-1.1147109315516104
1,U0_L100,outside_subspace_stress,0.03515625,-0.44910540362235019,-1.2455645014328711
1,U0_L100,outside_subspace_stress,0.0390625,-0.599637483668088,-1.3929276269410633
1,U0_L100,outside_subspace_stress,0.04296875,-0.9229756112173555,-1.5584157223268855
1,U0_L100,outside_subspace_stress,0.046875,-1.3237951269995238,-1.7389939724691086
1,U0_L100,outside_subspace_stress,0.05078125,-1.7040648664335474,-1.9279240886690694
1,U0_L100,outside_subspace_stress,0.0546875,-2.002718579492397,-2.1165122350428924
1,U0_L100,outside_subspace_stress,0.05859375,-2.2051040546990497,-2.2960130954312423
1,U0_L100,outside_subspace_stress,0.0625,-2.3302225058103714,-2.4591119315958183
1,U0_L100,outside_subspace_stress,0.06640625,-2.4106576246595557,-2.6006542254449201
1,U0_L100,outside_subspace_stress,0.0703125,-2.4751668818922998,-2.7176090724916913
1,U0_L100,outside_subspace_stress,0.07421875,-2.53974247824882,-2.8085229742972233
1,U0_L100,outside_subspace_stress,0.078125,-2.6093037966866239,-2.8728662121398862
1,U0_L100,outside_subspace_stress,0.08203125,-2.6845360723843674,-2.9106661845069715
1,U0_L100,outside_subspace_stress,0.0859375,-2.7632142708447867,-2.9226768444436662
1,U0_L100,outside_subspace_stress,0.08984375,-2.8315917497708556,-2.9110972551524013
1,U0_L100,outside_subspace_stress,0.09375,-2.8548027871988486,-2.8805920121638517
1,U0_L100,outside_subspace_stress,0.09765625,-2.7821032433791109,-2.8391612828131625
1,U0_L100,outside_subspace_stress,0.1015625,-2.5745625093616833,-2.7983379598614531
1,U0_L100,outside_subspace_stress,0.10546875,-2.2433090746116786,-2.7723088026945502
1,U0_L100,outside_subspace_stress,0.109375,-1.8709546804839843,-2.7758641143437934
1,U0_L100,outside_subspace_stress,0.11328125,-1.5936187909843542,-2.8214982831224411
1,U0_L100,outside_subspace_stress,0.1171875,-1.5460945417415541,-2.9163671884508298
1,U0_L100,outside_subspace_stress,0.12109375,-1.798633541814372,-3.0599969646028646
1,U0_L100,outside_subspace_stress,0.125,-2.3200909848627145,-3.2435249986366443
1,U0_L100,outside_subspace_stress,0.12890625,-2.9862592189043782,-3.4508437929429743
1,U0_L100,outside_subspace_stress,0.1328125,-3.6279552003065745,-3.661441351230442
1,U0_L100,outside_subspace_stress,0.13671875,-4.0952991872384015,-3.8541961597303644
1,U0_L100,outside_subspace_stress,0.140625,-4.308916281460542,-4.0110911805023362
1,U0_L100,outside_subspace_stress,0.14453125,-4.2765842639170506,-4.1198674460509332
1,U0_L100,outside_subspace_stress,0.1484375,-4.0725105840736422,-4.1750150083400639
1,U0_L100,outside_subspace_stress,0.15234375,-3.7959275979659695,-4.177047834751848
1,U0_L100,outside_subspace_stress,0.15625,-3.5325557931514386,-4.1305260748380075
1,U0_L100,outside_subspace_stress,0.16015625,-3.3331348854237963,-4.0415991149514046
1,U0_L100,outside_subspace_stress,0.1640625,-3.2088197413761064,-3.9158634182357597
1,U0_L100,outside_subspace_stress,0.16796875,-3.1366558197944769,-3.7570901898201696
1,U0_L100,outside_subspace_stress,0.171875,-3.0705844525600163,-3.5669969864281144
1,U0_L100,outside_subspace_stress,0.17578125,-2.9568805829687617,-3.3458663242554287
1,U0_L100,outside_subspace_stress,0.1796875,-2.7528488058226683,-3.0935806704584183
1,U0_L100,outside_subspace_stress,0.18359375,-2.4445235800346441,-2.8106074346084995
1,U0_L100,outside_subspace_stress,0.1875,-2.0550186397211201,-2.49860854770274
1,U0_L100,outside_subspace_stress,0.19140625,-1.6346200673676723,-2.1605802240751575
1,U0_L100,outside_subspace_stress,0.1953125,-1.2327370774875799,-1.8006374159885614
1,U0_L100,outside_subspace_stress,0.19921875,-0.86714660285022327,-1.4236558876821799
1,U0_L100,outside_subspace_stress,0.203125,-0.51276074914975089,-1.0349462994394518
1,U0_L100,outside_subspace_stress,0.20703125,-0.12060026563111488,-0.64000408355870186
1,U0_L100,outside_subspace_stress,0.2109375,0.34410842595974234,-0.24424654595944773
1,U0_L100,outside_subspace_stress,0.21484375,0.87027570619244443,0.14739957717836044
1,U0_L100,outside_subspace_stress,0.21875,1.3983250151595414,0.53112752665886998
1,U0_L100,outside_subspace_stress,0.22265625,1.8513064352878426,0.90501534720330334
1,U0_L100,outside_subspace_stress,0.2265625,2.1818105382356938,1.2697031173970699
1,U0_L100,outside_subspace_stress,0.23046875,2.4033589375690787,1.6287108651682798
1,U0_L100,outside_subspace_stress,0.234375,2.5832205988899033,1.9882036385201007
1,U0_L100,outside_subspace_stress,0.23828125,2.8012471230607026,2.356180352062097
1,U0_L100,outside_subspace_stress,0.2421875,3.1049986774260256,2.7412446615112018
1,U0_L100,outside_subspace_stress,0.24609375,3.4931834180247634,3.1512313843474278
1,U0_L100,outside_subspace_stress,0.25,3.9360003906223642,3.5919768130381118
1,U0_L100,outside_subspace_stress,0.25390625,4.4119106786066382,4.0664544357389518
1,U0_L100,outside_subspace_stress,0.2578125,4.9289788294717116,4.5743963077399981
1,U0_L100,outside_subspace_stress,0.26171875,5.5138884474516923,5.1124240570457378
1,U0_L100,outside_subspace_stress,0.265625,6.1796119995685777,5.6746335065656313
1,U0_L100,outside_subspace_stress,0.26953125,6.8998126538405948,6.2535041960268121
1,U0_L100,outside_subspace_stress,0.2734375,7.6121135576979615,6.8409360873943541
1,U0_L100,outside_subspace_stress,0.27734375,8.2506257400509782,7.4291706311647081
1,U0_L100,outside_subspace_stress,0.28125,8.7865553105803667,8.0113691372350218
1,U0_L100,outside_subspace_stress,0.28515625,9.24767193655717,8.5817222766858201
1,U0_L100,outside_subspace_stress,0.2890625,9.6999588570568456,9.1351324770530589
1,U0_L100,outside_subspace_stress,0.29296875,10.202572275449944,9.6666810834345611
1,U0_L100,outside_subspace_stress,0.296875,10.768726605060234,10.171181717823217
1,U0_L100,outside_subspace_stress,0.30078125,11.359358547307119,10.643076605193359
1,U0_L100,outside_subspace_stress,0.3046875,11.908657147239131,11.0767644427258
1,U0_L100,outside_subspace_stress,0.30859375,12.358685133672902,11.467232090018053
1,U0_L100,outside_subspace_stress,0.3125,12.682229580776456,11.810701724144234
1,U0_L100,outside_subspace_stress,0.31640625,12.888478781930193,12.104979549655875
1,U0_L100,outside_subspace_stress,0.3203125,13.015667128632494,12.34931673757325
1,U0_L100,outside_subspace_stress,0.32421875,13.114941644312102,12.543811725852418
1,U0_L100,outside_subspace_stress,0.328125,13.229556731899127,12.68859549829736
1,U0_L100,outside_subspace_stress,0.33203125,13.376230485746065,12.783151508025579
1,U0_L100,outside_subspace_stress,0.3359375,13.536309898409364,12.826079756992756
1,U0_L100,outside_subspace_stress,0.33984375,13.661497231402041,12.815437648446277
1,U0_L100,outside_subspace_stress,0.34375,13.693879434065799,12.749553487911552
1,U0_L100,outside_subspace_stress,0.34765625,13.592641879861949,12.62801012208927
1,U0_L100,outside_subspace_stress,0.3515625,13.352910185364943,12.452415388848481
1,U0_L100,outside_subspace_stress,0.35546875,13.004721354332732,12.226641390899859
1,U0_L100,outside_subspace_stress,0.359375,12.594786217558116,11.956396056284047
1,U0_L100,outside_subspace_stress,0.36328125,12.166727867616121,11.64821634038848
1,U0_L100,outside_subspace_stress,0.3671875,11.752074702696905,11.308161275687429
1,U0_L100,outside_subspace_stress,0.37109375,11.369907445439743,10.940574615669462
1,U0_L100,outside_subspace_stress,0.375,11.026240591098944,10.547259763078179
1,U0_L100,outside_subspace_stress,0.37890625,10.710660325702252,10.127282481796561
1,U0_L100,outside_subspace_stress,0.3828125,10.395600639723702,9.677435851832076
1,U0_L100,outside_subspace_stress,0.38671875,10.042851615511625,9.1932239708572041
1,U0_L100,outside_subspace_stress,0.390625,9.615577889582088,8.6700969903933025
1,U0_L100,outside_subspace_stress,0.39453125,9.0906704958526063,8.1046320306218611
1,U0_L100,outside_subspace_stress,0.3984375,8.4672363344327586,7.4954070333644571
1,U0_L100,outside_subspace_stress,0.40234375,7.7674149455436785,6.843434268141861
1,U0_L100,outside_subspace_stress,0.40625,7.0259078655892395,6.1521631043094116
1,U0_L100,outside_subspace_stress,0.41015625,6.2713778120213624,5.427178651616166
1,U0_L100,outside_subspace_stress,0.4140625,5.5127611452802352,4.6757774042604554
1,U0_L100,outside_subspace_stress,0.41796875,4.7419294594363555,3.9065821032342343
1,U0_L100,outside_subspace_stress,0.421875,3.9490691496775918,3.1292821462810023
1,U0_L100,outside_subspace_stress,0.42578125,3.1358705249733618,2.3544873934348054
1,U0_L100,outside_subspace_stress,0.4296875,2.3164163913997413,1.5935991443699917
1,U0_L100,outside_subspace_stress,0.43359375,1.5087835318854508,0.85855958766523877
1,U0_L100,outside_subspace_stress,0.4375,0.72757664544690326,0.16135282219919195
1,U0_L100,outside_subspace_stress,0.44140625,-0.015247940614466703,-0.48680375644899182
1,U0_L100,outside_subspace_stress,0.4453125,-0.7019619619986609,-1.0765309100657321
1,U0_L100,outside_subspace_stress,0.44921875,-1.3013979423334534,-1.6014488234581767
1,U0_L100,outside_subspace_stress,0.453125,-1.7727183084754516,-2.059148931047718
1,U0_L100,outside_subspace_stress,0.45703125,-2.0843680584098814,-2.451658075410486
1,U0_L100,outside_subspace_stress,0.4609375,-2.2388056941479944,-2.7851445055346229
1,U0_L100,outside_subspace_stress,0.46484375,-2.2854116598538843,-3.0687974342533426
1,U0_L100,outside_subspace_stress,0.46875,-2.3094193829472394,-3.3130669641869903
1,U0_L100,outside_subspace_stress,0.47265625,-2.399854745459832,-3.5276918205596051
1,U0_L100,outside_subspace_stress,0.4765625,-2.6118644823092727,-3.7200657629629572
1,U0_L100,outside_subspace_stress,0.48046875,-2.9413765113086185,-3.8944283653316929
1,U0_L100,outside_subspace_stress,0.484375,-3.3251352322027925,-4.05211224676302
1,U0_L100,outside_subspace_stress,0.48828125,-3.6689358552716338,-4.1927194125597396
1,U0_L100,outside_subspace_stress,0.4921875,-3.8916787166769162,-4.3157706972148295
1,U0_L100,outside_subspace_stress,0.49609375,-3.9615964168508211,-4.4222077058582201
1,U0_L100,outside_subspace_stress,0.5,-3.9062092747950041,-4.5151965722781657
1,U0_L100,outside_subspace_stress,0.50390625,-3.7957131911553663,-4.5999616943370096
1,U0_L100,outside_subspace_stress,0.5078125,-3.7127945561952456,-4.6827533089099784
1,U0_L100,outside_subspace_stress,0.51171875,-3.7221638776280956,-4.7693746429281001
1,U0_L100,outside_subspace_stress,0.515625,-3.848686640270969,-4.8638368960432645
1,U0_L100,outside_subspace_stress,0.51953125,-4.0708547270787108,-4.9676242863447815
1,U0_L100,outside_subspace_stress,0.5234375,-4.3327359959288811,-5.0797813487634356
1,U0_L100,outside_subspace_stress,0.52734375,-4.5691632035035292,-5.1976970760356993
1,U0_L100,outside_subspace_stress,0.53125,-4.7321397004058916,-5.3181939619141874
1,U0_L100,outside_subspace_stress,0.53515625,-4.8081812013805276,-5.4384390947924688
1,U0_L100,outside_subspace_stress,0.5390625,-4.822375942895416,-5.5563093728702633
1,U0_L100,outside_subspace_stress,0.54296875,-4.8278500722173261,-5.6701100614121565
1,U0_L100,outside_subspace_stress,0.546875,-4.8819553293271003,-5.7778513037890722
1,U0_L100,outside_subspace_stress,0.55078125,-5.0180974545122226,-5.8765025740955013
1,U0_L100,outside_subspace_stress,0.5546875,-5.2281139469571913,-5.9616784766906274
1,U0_L100,outside_subspace_stress,0.55859375,-5.4647500461592671,-6.0280411118737343
1,U0_L100,outside_subspace_stress,0.5625,-5.6605262403621426,-6.0703954328626866
1,U0_L100,outside_subspace_stress,0.56640625,-5.7511853372884518,-6.0851244086317546
1,U0_L100,outside_subspace_stress,0.5703125,-5.6950840846743667,-6.0713952041641903
1,U0_L100,outside_subspace_stress,0.57421875,-5.4872859865274792,-6.0315655597409359
1,U0_L100,outside_subspace_stress,0.578125,-5.1685395785610009,-5.9704555121828973
1,U0_L100,outside_subspace_stress,0.58203125,-4.8239096210504906,-5.8935570057675166
1,U0_L100,outside_subspace_stress,0.5859375,-4.562442963048249,-5.8046908840959119
1,U0_L100,outside_subspace_stress,0.58984375,-4.4762840494687337,-5.703915851399878
1,U0_L100,outside_subspace_stress,0.59375,-4.5930356404894681,-5.5865108463433799
1,U0_L100,outside_subspace_stress,0.59765625,-4.846853015025097,-5.4435504103618371
1,U0_L100,outside_subspace_stress,0.6015625,-5.0907616093113637,-5.264057830186279
1,U0_L100,outside_subspace_stress,0.60546875,-5.1535139408163033,-5.0381446365427207
1,U0_L100,outside_subspace_stress,0.609375,-4.9171916740562267,-4.760153557582651
1,U0_L100,outside_subspace_stress,0.61328125,-4.3735461576098373,-4.4307801751634557
1,U0_L100,outside_subspace_stress,0.6171875,-3.6254633405762799,-4.0574834439071585
1,U0_L100,outside_subspace_stress,0.62109375,-2.8338988475707159,-3.6530785283520153
1,U0_L100,outside_subspace_stress,0.625,-2.1439470408242367,-3.2330071063992718
1,U0_L100,outside_subspace_stress,0.62890625,-1.6306420867260838,-2.8121702552204324
1,U0_L100,outside_subspace_stress,0.6328125,-1.2866477843952839,-2.4022565043851145
1,U0_L100,outside_subspace_stress,0.63671875,-1.0490989805396114,-2.0102204252220699
1,U0_L100,outside_subspace_stress,0.640625,-0.84447772406415655,-1.6381099021796794
1,U0_L100,outside_subspace_stress,0.64453125,-0.6238187845266655,-1.2839983804212394
1,U0_L100,outside_subspace_stress,0.6484375,-0.37097137308460071,-0.94350939680647683
1,U0_L100,outside_subspace_stress,0.65234375,-0.089232739905117126,-0.61138587562342817
1,U0_L100,outside_subspace_stress,0.65625,0.21412135156159437,-0.28271442439585881
1,U0_L100,outside_subspace_stress,0.66015625,0.53313528140676147,0.046341444347723248
1,U0_L100,outside_subspace_stress,0.6640625,0.86199755162354197,0.37823111835832951
1,U0_L100,outside_subspace_stress,0.66796875,1.1958998579377589,0.7139545973589404
1,U0_L100,outside_subspace_stress,0.671875,1.5351283673485288,1.0530906296759519
1,U0_L100,outside_subspace_stress,0.67578125,1.8874201719392543,1.3938623543470499
1,U0_L100,outside_subspace_stress,0.6796875,2.2648674150665804,1.7333081998909166
1,U0_L100,outside_subspace_stress,0.68359375,2.6752246298529072,2.0676892063490748
1,U0_L100,outside_subspace_stress,0.6875,3.109688545124901,2.3932239813405078
1,U0_L100,outside_subspace_stress,0.69140625,3.5330937103598603,2.7071014379435265
1,U0_L100,outside_subspace_stress,0.6953125,3.8874887740857957,3.0085344663376041
1,U0_L100,outside_subspace_stress,0.69921875,4.1167587092725553,3.2994752972622021
1,U0_L100,outside_subspace_stress,0.703125,4.2037466905408527,3.584603826763328
1,U0_L100,outside_subspace_stress,0.70703125,4.1954000510059197,3.8703651325970196
1,U0_L100,outside_subspace_stress,0.7109375,4.1942841012373062,4.163136581173295
1,U0_L100,outside_subspace_stress,0.71484375,4.316539254138271,4.4669402030020784
1,U0_L100,outside_subspace_stress,0.71875,4.6380818621507425,4.7813438595830933
1,U0_L100,outside_subspace_stress,0.72265625,5.1571136397481894,5.1002099674757915
1,U0_L100,outside_subspace_stress,0.7265625,5.7922743096932408,5.41173432542206
1,U0_L100,outside_subspace_stress,0.73046875,6.4183711438917745,5.6998494412750533
1,U0_L100,outside_subspace_stress,0.734375,6.9210068978669694,5.9466868970135724
1,U0_L100,outside_subspace_stress,0.73828125,7.2389103305821205,6.1355345251363413
1,U0_L100,outside_subspace_stress,0.7421875,7.370846311960757,6.253651223149598
1,U0_L100,outside_subspace_stress,0.74609375,7.3487902940685448,6.294392592349884
1,U0_L100,outside_subspace_stress,0.75,7.2013268112316799,6.2582759157625167
1,U0_L100,outside_subspace_stress,0.75390625,6.9356502092687311,6.1527986898250466
1,U0_L100,outside_subspace_stress,0.7578125,6.5509563413290532,5.990997309152811
1,U0_L100,outside_subspace_stress,0.76171875,6.0702817327296117,5.788920746192133
1,U0_L100,outside_subspace_stress,0.765625,5.5614723683259788,5.5624340367301395
1,U0_L100,outside_subspace_stress,0.76953125,5.125759173430148,5.324037540004996
1,U0_L100,outside_subspace_stress,0.7734375,4.8573004767375592,5.0805808755124264
1,U0_L100,outside_subspace_stress,0.77734375,4.797100015433247,4.8326995156419361
1,U0_L100,outside_subspace_stress,0.78125,4.9064063354352605,4.5763803788300494
1,U0_L100,outside_subspace_stress,0.78515625,5.072625274215504,4.3062948048912144
1,U0_L100,outside_subspace_stress,0.7890625,5.1470424681491256,4.0196596844352692
1,U0_L100,outside_subspace_stress,0.79296875,5.0029279773218658,3.7187997688635064
1,U0_L100,outside_subspace_stress,0.796875,4.5921228795526341,3.4106755070148709
1,U0_L100,mixed_subspace_stress,-0.19921875,-0.42526006786048515,0.11100813578593446
1,U0_L100,mixed_subspace_stress,-0.1953125,-0.34643628826443751,0.088512089514390213
1,U0_L100,mixed_subspace_stress,-0.19140625,-0.29088252450525276,0.066221723375622918
1,U0_L100,mixed_subspace_stress,-0.1875,-0.25598890183324347,0.044119048405153558
1,U0_L100,mixed_subspace_stress,-0.18359375,-0.23704282979852032,0.021857230006174809
1,U0_L100,mixed_subspace_stress,-0.1796875,-0.23067354275778765,-0.0010543451547468316
1,U0_L100,mixed_subspace_stress,-0.17578125,-0.23707608261162447,-0.02492035158766857
1,U0_L100,mixed_subspace_stress,-0.171875,-0.25997672523639426,-0.049571496416211142
1,U0_L100,mixed_subspace_stress,-0.16796875,-0.30183814936835185,-0.074264879844953058
1,U0_L100,mixed_subspace_stress,-0.1640625,-0.35591872199468688,-0.097824631170137566
1,U0_L100,mixed_subspace_stress,-0.16015625,-0.40273344037641118,-0.11896667608597422
1,U0_L100,mixed_subspace_stress,-0.15625,-0.41769804775367558,-0.13667148582353275
1,U0_L100,mixed_subspace_stress,-0.15234375,-0.38720243106062541,-0.15044477312946455
1,U0_L100,mixed_subspace_stress,-0.1484375,-0.32069634005892372,-0.16034572846649339
1,U0_L100,mixed_subspace_stress,-0.14453125,-0.24747396909745409,-0.16675011717691757
1,U0_L100,mixed_subspace_stress,-0.140625,-0.19930028488076931,-0.16991837217824801
1,U0_L100,mixed_subspace_stress,-0.13671875,-0.19217355314673709,-0.16951863823873453
1,U0_L100,mixed_subspace_stress,-0.1328125,-0.22043519948713497,-0.16428367741737751
1,U0_L100,mixed_subspace_stress,-0.12890625,-0.26482517658273602,-0.15195130962805237
1,U0_L100,mixed_subspace_stress,-0.125,-0.30509544299904001,-0.12956377851737436
1,U0_L100,mixed_subspace_stress,-0.12109375,-0.32700819657487173,-0.094106252170748986
1,U0_L100,mixed_subspace_stress,-0.1171875,-0.32084016934772452,-0.04337212177049049
1,U0_L100,mixed_subspace_stress,-0.11328125,-0.27582419547961362,0.023130271404980522
1,U0_L100,mixed_subspace_stress,-0.109375,-0.17761950586815961,0.10345628122399884
1,U0_L100,mixed_subspace_stress,-0.10546875,-0.013602413900890748,0.19291337483777374
1,U0_L100,mixed_subspace_stress,-0.1015625,0.21527618907113663,0.28432484667526614
1,U0_L100,mixed_subspace_stress,-0.09765625,0.48364206342224619,0.36891416749991041
1,U0_L100,mixed_subspace_stress,-0.09375,0.74086329739777257,0.43768945637778228
1,U0_L100,mixed_subspace_stress,-0.08984375,0.92419207161644124,0.48303904790818425
1,U0_L100,mixed_subspace_stress,-0.0859375,0.98200694206886618,0.50014015020588365
1,U0_L100,mixed_subspace_stress,-0.08203125,0.89715857031978197,0.48779023861281201
1,U0_L100,mixed_subspace_stress,-0.078125,0.69872323873634201,0.44841650981552378
1,U0_L100,mixed_subspace_stress,-0.07421875,0.45439919148983549,0.38726797973082699
1,U0_L100,mixed_subspace_stress,-0.0703125,0.24437594814409175,0.31106174563031269
1,U0_L100,mixed_subspace_stress,-0.06640625,0.12718961403541806,0.22653384981400984
1,U0_L100,mixed_subspace_stress,-0.0625,0.11386591438453673,0.13935726047261046
1,U0_L100,mixed_subspace_stress,-0.05859375,0.1643944675229484,0.053722265326381094
1,U0_L100,mixed_subspace_stress,-0.0546875,0.20982252729699927,-0.027406837837648284
1,U0_L100,mixed_subspace_stress,-0.05078125,0.18900014195367471,-0.10162308133233379
1,U0_L100,mixed_subspace_stress,-0.046875,0.080130648255156908,-0.16641743957785476
1,U0_L100,mixed_subspace_stress,-0.04296875,-0.089384455778103347,-0.21892027418680349
1,U0_L100,mixed_subspace_stress,-0.0390625,-0.25794693366149613,-0.256235679288567
1,U0_L100,mixed_subspace_stress,-0.03515625,-0.35947371436336595,-0.27628120534225575
1,U0_L100,mixed_subspace_stress,-0.03125,-0.35245340258996399,-0.27880615933671432
1,U0_L100,mixed_subspace_stress,-0.02734375,-0.23563975705554421,-0.26615994874182652
1,U0_L100,mixed_subspace_stress,-0.0234375,-0.044827130079362836,-0.24345232550690324
1,U0_L100,mixed_subspace_stress,-0.01953125,0.16531838096552154,-0.21795342385997868
1,U0_L100,mixed_subspace_stress,-0.015625,0.34259644993979371,-0.19783849397872721
1,U0_L100,mixed_subspace_stress,-0.01171875,0.45041731286325148,-0.19059663991087594
1,U0_L100,mixed_subspace_stress,-0.0078125,0.47030942151263999,-0.2015279813528148
1,U0_L100,mixed_subspace_stress,-0.00390625,0.39966520337693612,-0.23272754759310307
1,U0_L100,mixed_subspace_stress,0,0.25050801056386013,-0.28281710200204141
1,U0_L100,mixed_subspace_stress,0.00390625,0.049320064441107481,-0.3474848149848882
1,U0_L100,mixed_subspace_stress,0.0078125,-0.16535768794276864,-0.42068296767334018
1,U0_L100,mixed_subspace_stress,0.01171875,-0.34934566266987777,-0.49616729801008813
1,U0_L100,mixed_subspace_stress,0.015625,-0.46296366104863912,-0.56897793806296382
1,U0_L100,mixed_subspace_stress,0.01953125,-0.48392221074074537,-0.63648310745331826
1,U0_L100,mixed_subspace_stress,0.0234375,-0.41948131034968555,-0.69873086469767043
1,U0_L100,mixed_subspace_stress,0.02734375,-0.30979246145739309,-0.75805109970914553
1,U0_L100,mixed_subspace_stress,0.03125,-0.21490096331348507,-0.81806410181957212
1,U0_L100,mixed_subspace_stress,0.03515625,-0.18824707381988123,-0.88241680074343221
1,U0_L100,mixed_subspace_stress,0.0390625,-0.25182907331109622,-0.95362848848892645
1,U0_L100,mixed_subspace_stress,0.04296875,-0.38920895820659368,-1.0323647205491204
1,U0_L100,mixed_subspace_stress,0.046875,-0.55955847004635761,-1.1172967850386075
1,U0_L100,mixed_subspace_stress,0.05078125,-0.72088654411301334,-1.2055063998686562
1,U0_L100,mixed_subspace_stress,0.0546875,-0.84701835476505849,-1.2932332676800684
1,U0_L100,mixed_subspace_stress,0.05859375,-0.93163899388123894,-1.3766894111480439
1,U0_L100,mixed_subspace_stress,0.0625,-0.98283120410428082,-1.452692837416026
1,U0_L100,mixed_subspace_stress,0.06640625,-1.0144841992671598,-1.5189791163237003
1,U0_L100,mixed_subspace_stress,0.0703125,-1.0388418968878783,-1.5741849538664057
1,U0_L100,mixed_subspace_stress,0.07421875,-1.0626761677859766,-1.6176136107926342
1,U0_L100,mixed_subspace_stress,0.078125,-1.0880103914793908,-1.6489543072368866
1,U0_L100,mixed_subspace_stress,0.08203125,-1.1150455897875298,-1.6681244175329186
1,U0_L100,mixed_subspace_stress,0.0859375,-1.1427261713861452,-1.6753410946740575
1,U0_L100,mixed_subspace_stress,0.08984375,-1.1650533288842417,-1.6714279060012811
1,U0_L100,mixed_subspace_stress,0.09375,-1.1669763589450217,-1.6582506665616685
1,U0_L100,mixed_subspace_stress,0.09765625,-1.1266347973705244,-1.6390889184941138
1,U0_L100,mixed_subspace_stress,0.1015625,-1.0272098582179809,-1.6187194378781511
1,U0_L100,mixed_subspace_stress,0.10546875,-0.8732929229970493,-1.6030392465560197
1,U0_L100,mixed_subspace_stress,0.109375,-0.70005442535953344,-1.5981872952471832
1,U0_L100,mixed_subspace_stress,0.11328125,-0.56554952215222143,-1.6093027989263355
1,U0_L100,mixed_subspace_stress,0.1171875,-0.52724820638467529,-1.6392224207948745
1,U0_L100,mixed_subspace_stress,0.12109375,-0.61497837060697225,-1.6874991796233707
1,U0_L100,mixed_subspace_stress,0.125,-0.81515139458087549,-1.7500773279012114
1,U0_L100,mixed_subspace_stress,0.12890625,-1.0743288440756134,-1.819781861896153
1,U0_L100,mixed_subspace_stress,0.1328125,-1.319804281256548,-1.8875343783838148
1,U0_L100,mixed_subspace_stress,0.13671875,-1.487115267709785,-1.9439777588287703
1,U0_L100,mixed_subspace_stress,0.140625,-1.5419585484658933,-1.9810664756308769
1,U0_L100,mixed_subspace_stress,0.14453125,-1.4873163564474643,-1.993203356349851
1,U0_L100,mixed_subspace_stress,0.1484375,-1.3545881139661549,-1.9776650686754216
1,U0_L100,mixed_subspace_stress,0.15234375,-1.1858705884749374,-1.9342934931529681
1,U0_L100,mixed_subspace_stress,0.15625,-1.0174659523770542,-1.8646513544210666
1,U0_L100,mixed_subspace_stress,0.16015625,-0.87069540118577948,-1.7709731567098037
1,U0_L100,mixed_subspace_stress,0.1640625,-0.74993144125628719,-1.6552512730731108
1,U0_L100,mixed_subspace_stress,0.16796875,-0.64494470663363479,-1.51869475688223
1,U0_L100,mixed_subspace_stress,0.171875,-0.53561801989920643,-1.3616354013028182
1,U0_L100,mixed_subspace_stress,0.17578125,-0.39855800803083069,-1.1837967469705606
1,U0_L100,mixed_subspace_stress,0.1796875,-0.21510171669066502,-0.98474171846976943
1,U0_L100,mixed_subspace_stress,0.18359375,0.021102589148558903,-0.76429925210286376
1,U0_L100,mixed_subspace_stress,0.1875,0.30051644527335158,-0.52283060462793607
1,U0_L100,mixed_subspace_stress,0.19140625,0.60194568985320696,-0.26129489559562774
1,U0_L100,mixed_subspace_stress,0.1953125,0.90453968268673357,0.018837157419312488
1,U0_L100,mixed_subspace_stress,0.19921875,1.2009485642659794,0.31573023830537139
1,U0_L100,mixed_subspace_stress,0.203125,1.5021244546061354,0.62731759772053464
1,U0_L100,mixed_subspace_stress,0.20703125,1.8291942221712765,0.95140172592987804
1,U0_L100,mixed_subspace_stress,0.2109375,2.197147268661265,1.2857605293244363
1,U0_L100,mixed_subspace_stress,0.21484375,2.6012795671300553,1.6283176462319489
1,U0_L100,mixed_subspace_stress,0.21875,3.0160645414911746,1.9774058612382248
1,U0_L100,mixed_subspace_stress,0.22265625,3.4084640420284278,2.3320888252507106
1,U0_L100,mixed_subspace_stress,0.2265625,3.7580023646008329,2.6924457409061686
1,U0_L100,mixed_subspace_stress,0.23046875,4.0701967646530424,3.0597028302162617
1,U0_L100,mixed_subspace_stress,0.234375,4.3734786426730485,3.4361288653625319
1,U0_L100,mixed_subspace_stress,0.23828125,4.7015714392439065,3.8246848662951525
1,U0_L100,mixed_subspace_stress,0.2421875,5.0742818037939044,4.2284958030299062
1,U0_L100,mixed_subspace_stress,0.24609375,5.4904101041667435,4.6502614674901039
1,U0_L100,mixed_subspace_stress,0.25,5.93645693549737,5.0917300163039654
1,U0_L100,mixed_subspace_stress,0.25390625,6.4023621907420889,5.5533290693043131
1,U0_L100,mixed_subspace_stress,0.2578125,6.8906413628583749,6.0340058889589585
1,U0_L100,mixed_subspace_stress,0.26171875,7.4116874933451182,6.5312869493959607
1,U0_L100,mixed_subspace_stress,0.265625,7.9699383220119273,7.0415329441781882
1,U0_L100,mixed_subspace_stress,0.26953125,8.5529261181044056,7.5603341459879037
1,U0_L100,mixed_subspace_stress,0.2734375,9.1326842641715036,8.0829614777808398
1,U0_L100,mixed_subspace_stress,0.27734375,9.6796779856396586,8.6047693268201009
1,U0_L100,mixed_subspace_stress,0.28125,10.180194290998383,9.1214528583293557
1,U0_L100,mixed_subspace_stress,0.28515625,10.644685555944797,9.6291057411573835
1,U0_L100,mixed_subspace_stress,0.2890625,11.099927618316931,10.124096053372828
1,U0_L100,mixed_subspace_stress,0.29296875,11.569755035350733,10.602850922557547
1,U0_L100,mixed_subspace_stress,0.296875,12.058333394789551,11.061678768202587
1,U0_L100,mixed_subspace_stress,0.30078125,12.547461742740088,11.496738879645019
1,U0_L100,mixed_subspace_stress,0.3046875,13.007514235509378,11.904196060667084
1,U0_L100,mixed_subspace_stress,0.30859375,13.412273115078118,12.280505482625969
1,U0_L100,mixed_subspace_stress,0.3125,13.748723757383576,12.622704126726974
1,U0_L100,mixed_subspace_stress,0.31640625,14.019499016188808,12.928574253450229
1,U0_L100,mixed_subspace_stress,0.3203125,14.239745356848999,13.196597658119515
1,U0_L100,mixed_subspace_stress,0.32421875,14.430231151641653,13.425712975295246
1,U0_L100,mixed_subspace_stress,0.328125,14.60845455856936,13.614979245421024
1,U0_L100,mixed_subspace_stress,0.33203125,14.780675498547112,13.763296068871879
1,U0_L100,mixed_subspace_stress,0.3359375,14.938144648274339,13.869312643942878
1,U0_L100,mixed_subspace_stress,0.33984375,15.059563280912229,13.93158229072402
1,U0_L100,mixed_subspace_stress,0.34375,15.119663334122315,13.94891775673223
1,U0_L100,mixed_subspace_stress,0.34765625,15.100646723377242,13.920817713112369
1,U0_L100,mixed_subspace_stress,0.3515625,15.000253653267354,13.84780028619263
1,U0_L100,mixed_subspace_stress,0.35546875,14.831324323714277,13.731507462452118
1,U0_L100,mixed_subspace_stress,0.359375,14.613993335810717,13.574521895762508
1,U0_L100,mixed_subspace_stress,0.36328125,14.367229937010853,13.379934358270249
1,U0_L100,mixed_subspace_stress,0.3671875,14.104979452378583,13.150780935475392
1,U0_L100,mixed_subspace_stress,0.37109375,13.836006876961767,12.889508274926568
1,U0_L100,mixed_subspace_stress,0.375,13.563625099741994,12.597613645610908
1,U0_L100,mixed_subspace_stress,0.37890625,13.284247293698673,12.275552152904641
1,U0_L100,mixed_subspace_stress,0.3828125,12.987067022629816,11.922925991744648
1,U0_L100,mixed_subspace_stress,0.38671875,12.656832477048994,11.538894475642811
1,U0_L100,mixed_subspace_stress,0.390625,12.278977995100355,11.122690560682317
1,U0_L100,mixed_subspace_stress,0.39453125,11.844897366981034,10.674113315070462
1,U0_L100,mixed_subspace_stress,0.3984375,11.355563322613422,10.193888272599327
1,U0_L100,mixed_subspace_stress,0.40234375,10.821862577613103,9.6838388284946753
1,U0_L100,mixed_subspace_stress,0.40625,10.260099532151145,9.1468730003435184
1,U0_L100,mixed_subspace_stress,0.41015625,9.6840201584277246,8.5868399480022699
1,U0_L100,mixed_subspace_stress,0.4140625,9.0989389590876559,8.008333982009999
1,U0_L100,mixed_subspace_stress,0.41796875,8.5028638089318456,7.4165156837538069
1,U0_L100,mixed_subspace_stress,0.421875,7.8930647140858312,6.8169872696166021
1,U0_L100,mixed_subspace_stress,0.42578125,7.271705765390192,6.2157171661887372
1,U0_L100,mixed_subspace_stress,0.4296875,6.6462132692844849,5.618972763319098
1,U0_L100,mixed_subspace_stress,0.43359375,6.0256699537096319,5.0332021125290689
1,U0_L100,mixed_subspace_stress,0.4375,5.4176093932545637,4.4648103679726923
1,U0_L100,mixed_subspace_stress,0.44140625,4.8283597149589523,3.919804861970773
1,U0_L100,mixed_subspace_stress,0.4453125,4.2666399656377978,3.4033289098495811
1,U0_L100,mixed_subspace_stress,0.44921875,3.7468354908086274,2.9191584450701118
1,U0_L100,mixed_subspace_stress,0.453125,3.2873798032870547,2.469281026716605
1,U0_L100,mixed_subspace_stress,0.45703125,2.9026391288092168,2.0536934226802996
1,U0_L100,mixed_subspace_stress,0.4609375,2.5923251202655884,1.6705249596259406
1,U0_L100,mixed_subspace_stress,0.46484375,2.3359689226638487,1.3165158241664723
1,U0_L100,mixed_subspace_stress,0.46875,2.0976588946794323,0.98777030254540399
1,U0_L100,mixed_subspace_stress,0.47265625,1.8397639567770503,0.68060194039240207
1,U0_L100,mixed_subspace_stress,0.4765625,1.5390595322156757,0.39223476091563386
1,U0_L100,mixed_subspace_stress,0.48046875,1.1975762685523916,0.12115256802988358
1,U0_L100,mixed_subspace_stress,0.484375,0.84258893431890536,-0.13300310202279739
1,U0_L100,mixed_subspace_stress,0.48828125,0.51453666217024996,-0.36993198738748023
1,U0_L100,mixed_subspace_stress,0.4921875,0.24817272420621458,-0.58937600406085722
1,U0_L100,mixed_subspace_stress,0.49609375,0.057064846413763456,-0.79175653781462607
1,U0_L100,mixed_subspace_stress,0.5,-0.070659696383072151,-0.97851254201648274
1,U0_L100,mixed_subspace_stress,0.50390625,-0.16519766670225736,-1.1520232020403645
1,U0_L100,mixed_subspace_stress,0.5078125,-0.26214401798290393,-1.3151597245341147
1,U0_L100,mixed_subspace_stress,0.51171875,-0.38944562920135978,-1.4706485676925318
1,U0_L100,mixed_subspace_stress,0.515625,-0.55803476642366867,-1.6204894201149367
1,U0_L100,mixed_subspace_stress,0.51953125,-0.75902853753497868,-1.7656344085239821
1,U0_L100,mixed_subspace_stress,0.5234375,-0.96883732088551788,-1.906019425938833
1,U0_L100,mixed_subspace_stress,0.52734375,-1.1599399889895794,-2.0408939675282749
1,U0_L100,mixed_subspace_stress,0.53125,-1.3121802460911796,-2.1692817749554822
1,U0_L100,mixed_subspace_stress,0.53515625,-1.4201839228574098,-2.2903656694096393
1,U0_L100,mixed_subspace_stress,0.5390625,-1.4950920644919292,-2.4036391314432439
1,U0_L100,mixed_subspace_stress,0.54296875,-1.5600477956381333,-2.5087815178365767
1,U0_L100,mixed_subspace_stress,0.546875,-1.6400006848376125,-2.6053445060005505
1,U0_L100,mixed_subspace_stress,0.55078125,-1.7496457544920696,-2.6924295303976522
1,U0_L100,mixed_subspace_stress,0.5546875,-1.8858781122350292,-2.7685502708450631
1,U0_L100,mixed_subspace_stress,0.55859375,-2.02885016725687,-2.8318022611993836
1,U0_L100,mixed_subspace_stress,0.5625,-2.1500449290838954,-2.8803295154099753
1,U0_L100,mixed_subspace_stress,0.56640625,-2.2223097791266495,-2.9129369876805469
1,U0_L100,mixed_subspace_stress,0.5703125,-2.2281548555906143,-2.9296054000350447
1,U0_L100,mixed_subspace_stress,0.57421875,-2.1657838623708345,-2.9316640985220035
1,U0_L100,mixed_subspace_stress,0.578125,-2.0529361390679033,-2.921478589692287
1,U0_L100,mixed_subspace_stress,0.58203125,-1.9263004036315245,-2.9016837789845247
1,U0_L100,mixed_subspace_stress,0.5859375,-1.8328114772602369,-2.8741809461265828
1,U0_L100,mixed_subspace_stress,0.58984375,-1.8121515593754962,-2.8392427957177455
1,U0_L100,mixed_subspace_stress,0.59375,-1.8763606067854492,-2.79507813530617
1,U0_L100,mixed_subspace_stress,0.59765625,-1.9974649170477039,-2.7380785357899562
1,U0_L100,mixed_subspace_stress,0.6015625,-2.1127497186325739,-2.6637404316253717
1,U0_L100,mixed_subspace_stress,0.60546875,-2.1490949450015235,-2.5680095039038768
1,U0_L100,mixed_subspace_stress,0.609375,-2.0561901359695596,-2.4486266339659735
1,U0_L100,mixed_subspace_stress,0.61328125,-1.8306493437173039,-2.3060368049821114
1,U0_L100,mixed_subspace_stress,0.6171875,-1.5166389958167619,-2.1435656752615575
1,U0_L100,mixed_subspace_stress,0.62109375,-1.1831666929759599,-1.9668182030689318
1,U0_L100,mixed_subspace_stress,0.625,-0.89243924124174501,-1.7825112329984361
1,U0_L100,mixed_subspace_stress,0.62890625,-0.67666609386056187,-1.5971188646903467
1,U0_L100,mixed_subspace_stress,0.6328125,-0.5327914131534992,-1.4157297436076492
1,U0_L100,mixed_subspace_stress,0.63671875,-0.4339832158143988,-1.241396765627367
1,U0_L100,mixed_subspace_stress,0.640625,-0.34884146037948538,-1.0750639948505945
1,U0_L100,mixed_subspace_stress,0.64453125,-0.25646700822574198,-0.91596648072430309
1,U0_L100,mixed_subspace_stress,0.6484375,-0.14999843973899907,-0.76228353409321103
1,U0_L100,mixed_subspace_stress,0.65234375,-0.030891862127983373,-0.61181111756488882
1,U0_L100,mixed_subspace_stress,0.65625,0.097699478731511871,-0.46248652642738808
1,U0_L100,mixed_subspace_stress,0.66015625,0.23319244295846761,-0.31270283841723506
1,U0_L100,mixed_subspace_stress,0.6640625,0.37307008890633114,-0.16144225663207076
1,U0_L100,mixed_subspace_stress,0.66796875,0.5152488443337333,-0.0083032987962242712
1,U0_L100,mixed_subspace_stress,0.671875,0.65982912620153089,0.14651076296448245
1,U0_L100,mixed_subspace_stress,0.67578125,0.81010348967762957,0.30221956034677239
1,U0_L100,mixed_subspace_stress,0.6796875,0.97123119081400289,0.45753838097656868
1,U0_L100,mixed_subspace_stress,0.68359375,1.1465173307365675,0.61085215218976185
1,U0_L100,mixed_subspace_stress,0.6875,1.3321822320682066,0.76052969275006932
1,U0_L100,mixed_subspace_stress,0.69140625,1.5131648341140789,0.90535689288807442
1,U0_L100,mixed_subspace_stress,0.6953125,1.6646531173199404,1.0449874476319148
1,U0_L100,mixed_subspace_stress,0.69921875,1.7626223447506688,1.1802488229281012
1,U0_L100,mixed_subspace_stress,0.703125,1.7997232537194714,1.3131370728292695
1,U0_L100,mixed_subspace_stress,0.70703125,1.796044507171465,1.4464047302053897
1,U0_L100,mixed_subspace_stress,0.7109375,1.7954804148147885,1.5827761792839321
1,U0_L100,mixed_subspace_stress,0.71484375,1.8477362121396912,1.7239684196586402
1,U0_L100,mixed_subspace_stress,0.71875,1.9853015965340035,1.8697926502768309
1,U0_L100,mixed_subspace_stress,0.72265625,2.2074044481455686,2.0176186257298863
1,U0_L100,mixed_subspace_stress,0.7265625,2.4792200719376147,2.1623911935085292
1,U0_L100,mixed_subspace_stress,0.73046875,2.7471635817279791,2.2972308505037158
1,U0_L100,mixed_subspace_stress,0.734375,2.9622709172014559,2.414487574933196
1,U0_L100,mixed_subspace_stress,0.73828125,3.0983165043808811,2.5070064365865319
1,U0_L100,mixed_subspace_stress,0.7421875,3.1547707802916007,2.5693322666599139
1,U0_L100,mixed_subspace_stress,0.74609375,3.1453186747267519,2.5986193433162557
1,U0_L100,mixed_subspace_stress,0.75,3.0821939249033843,2.5950870919775935
1,U0_L100,mixed_subspace_stress,0.75390625,2.968475257663862,2.5619422818522248
1,U0_L100,mixed_subspace_stress,0.7578125,2.8038180928724623,2.5047619844450115
1,U0_L100,mixed_subspace_stress,0.76171875,2.5980818747913035,2.4304121317230689
1,U0_L100,mixed_subspace_stress,0.765625,2.3803048213287825,2.3456792233274624
1,U0_L100,mixed_subspace_stress,0.76953125,2.1938141513478082,2.2559087936755402
1,U0_L100,mixed_subspace_stress,0.7734375,2.0789100127296827,2.1640268324133252
1,U0_L100,mixed_subspace_stress,0.77734375,2.0531421113655437,2.070298565171139
1,U0_L100,mixed_subspace_stress,0.78125,2.0999244925272689,1.972998552040562
1,U0_L100,mixed_subspace_stress,0.78515625,2.1710661127315793,1.8698373843382803
1,U0_L100,mixed_subspace_stress,0.7890625,2.2029162889378275,1.7596146550012417
1,U0_L100,mixed_subspace_stress,0.79296875,2.1412338139141442,1.643316333042756
1,U0_L100,mixed_subspace_stress,0.796875,1.9654063462315101,1.5239137624300871
2,P0,broad_common,-0.19921875,-0.00016848890797205597,0.90423714159963131
2,P0,broad_common,-0.1953125,-0.00016848819365356484,0.8672580254899227
2,P0,broad_common,-0.19140625,-0.00016848720441857702,0.83028066799195432
2,P0,broad_common,-0.1875,-0.00016848583779356853,0.79330887867328492
2,P0,broad_common,-0.18359375,-0.00016848395439926378,0.75634648597914289
2,P0,broad_common,-0.1796875,-0.000168481365144393,0.71939733677298534
2,P0,broad_common,-0.17578125,-0.00016847781415258581,0.68246529587521199
2,P0,broad_common,-0.171875,-0.00016847295606310653,0.64555424560144825
2,P0,broad_common,-0.16796875,-0.00016846632593433045,0.60866808530222105
2,P0,broad_common,-0.1640625,-0.00016845729944925782,0.57181073090637291
2,P0,broad_common,-0.16015625,-0.0001684450404434513,0.53498611447126621
2,P0,broad_common,-0.15625,-0.00016842843190829985,0.49819818374367042
2,P0,broad_common,-0.15234375,-0.00016840598551769552,0.46145090173635284
2,P0,broad_common,-0.1484375,-0.00016837572332377058,0.42474824632678354
2,P0,broad_common,-0.14453125,-0.00016833502349302047,0.3880942098861544
2,P0,broad_common,-0.140625,-0.0001682804197168527,0.35149279894913654
2,P0,broad_common,-0.13671875,-0.00016820734111910526,0.31494803393763249
2,P0,broad_common,-0.1328125,-0.0001681097759620859,0.27846394895528226
2,P0,broad_common,-0.12890625,-0.00016797983805838204,0.24204459167389736
2,P0,broad_common,-0.125,-0.00016780720933064252,0.205694023338447
2,P0,broad_common,-0.12109375,-0.00016757842518884847,0.1694163189240081
2,P0,broad_common,-0.1171875,-0.00016727596103141901,0.13321556748645413
2,P0,broad_common,-0.11328125,-0.00016687706788674734,0.097095872758938384
2,P0,broad_common,-0.109375,-0.0001663522925981116,0.061061354058862705
2,P0,broad_common,-0.10546875,-0.00016566360255010362,0.025116147585404924
2,P0,broad_common,-0.1015625,-0.00016476201619228318,-0.010735591793548771
2,P0,broad_common,-0.09765625,-0.00016358461790016239,-0.04648968814353438
2,P0,broad_common,-0.09375,-0.00016205080829016793,-0.082141941305715171
2,P0,broad_common,-0.08984375,-0.00016005760812990412,-0.11768812279721352
2,P0,broad_common,-0.0859375,-0.00015747379449464956,-0.15312397054813776
2,P0,broad_common,-0.08203125,-0.00015413260072404968,-0.18844518220673478
2,P0,broad_common,-0.078125,-0.00014982265580177942,-0.22364740668822236
2,P0,broad_common,-0.07421875,-0.00014427677264595488,-0.25872623357666225
2,P0,broad_common,-0.0703125,-0.00013715811694473855,-0.29367717991141706
2,P0,broad_common,-0.06640625,-0.00012804319694125822,-0.32849567379848565
2,P0,broad_common,-0.0625,-0.00011640100816763469,-0.36317703418060887
2,P0,broad_common,-0.05859375,-0.0001015675436262532,-0.397716445976533
2,P0,broad_common,-0.0546875,-8.2714737287484233e-05,-0.43210892965718184
2,P0,broad_common,-0.05078125,-5.88127449093783e-05,-0.46634930416263298
2,P0,broad_common,-0.046875,-2.8584278941475667e-05,-0.50043214187654605
2,P0,broad_common,-0.04296875,9.5504984777155003e-06,-0.53435171416190741
2,P0,broad_common,-0.0390625,5.7540260728242864e-05,-0.56810192572170415
2,P0,broad_common,-0.03515625,0.00011778198616300211,-0.60167623577832607
2,P0,broad_common,-0.03125,0.00019321591863820693,-0.63506756376476314
2,P0,broad_common,-0.02734375,0.00028743865899963101,-0.6682681768875689
2,P0,broad_common,-0.0234375,0.00040483739340019557,-0.70126955655559264
2,P0,broad_common,-0.01953125,0.00055074866325001686,-0.73406224026954092
2,P0,broad_common,-0.015625,0.00073164551255287596,-0.76663563513647048
2,P0,broad_common,-0.01171875,0.00095535730936723549,-0.79897779871235031
2,P0,broad_common,-0.0078125,0.00123132702582853,-0.83107518238809686
2,P0,broad_common,-0.00390625,0.0015709112707007619,-0.86291233202498674
2,P0,broad_common,0,0.0019877288930863586,-0.89447154002067375
2,P0,broad_common,0.00390625,0.0024980645069259868,-0.92573244245603004
2,P0,broad_common,0.0078125,0.0031213338121288585,-0.95667155444683427
2,P0,broad_common,0.01171875,0.0038806180958523354,-0.98726173631663627
2,P0,broad_common,0.015625,0.0048032757700266753,-1.0174715827345757
2,P0,broad_common,0.01953125,0.0059216392190934823,-1.0472647265440198
2,P0,broad_common,0.0234375,0.0072738055723088292,-1.0765990486675543
2,P0,broad_common,0.02734375,0.0089045302518011241,-1.105425785236978
2,P0,broad_common,0.03125,0.010866232251548154,-1.1336885229930047
2,P0,broad_common,0.03515625,0.013220120041060376,-1.1613220740607435
2,P0,broad_common,0.0390625,0.016037446725402024,-1.1882512214691836
2,P0,broad_common,0.04296875,0.019400902592248262,-1.2143893272838548
2,P0,broad_common,0.046875,0.023406152396930571,-1.239636796001558
2,P0,broad_common,0.05078125,0.028163523636497167,-1.2638793869560097
2,P0,broad_common,0.0546875,0.033799850601928326,-1.2869863709451099
2,P0,broad_common,0.05859375,0.040460477132707909,-1.3088085281554811
2,P0,broad_common,0.0625,0.048311418690892532,-1.3291759867669981
2,P0,broad_common,0.06640625,0.057541681587127184,-1.3478959044046928
2,P0,broad_common,0.0703125,0.06836573389851304,-1.3647499978979747
2,P0,broad_common,0.07421875,0.081026118794845309,-1.3794919306304712
2,P0,broad_common,0.078125,0.095796196621810256,-1.3918445711317364
2,P0,broad_common,0.08203125,0.11298299717506435,-1.4014971414767157
2,P0,broad_common,0.0859375,0.13293015814927858,-1.4081022795087001
2,P0,broad_common,0.08984375,0.15602091978880697,-1.4112730448589037
2,P0,broad_common,0.09375,0.1826811393474381,-1.4105799051550125
2,P0,broad_common,0.09765625,0.21338228214976029,-1.4055477456259622
2,P0,broad_common,0.1015625,0.2486443389240901,-1.3956529524327692
2,P0,broad_common,0.10546875,0.28903861175816242,-1.3803206273740205
2,P0,broad_common,0.109375,0.33519030364970731,-1.3589219989936634
2,P0,broad_common,0.11328125,0.38778083934516605,-1.330772102397626
2,P0,broad_common,0.1171875,0.44754983816598609,-1.2951278070796288
2,P0,broad_common,0.12109375,0.51529665302116334,-1.251186278557288
2,P0,broad_common,0.125,0.59188138402606638,-1.198083965398304
2,P0,broad_common,0.12890625,0.67822527033809377,-1.1348962080259763
2,P0,broad_common,0.1328125,0.7753103602403949,-1.0606375692726493
2,P0,broad_common,0.13671875,0.88417835742534634,-0.97426298872924377
2,P0,broad_common,0.140625,1.0059285411219334,-0.87466986324656837
2,P0,broad_common,0.14453125,1.1417146594429892,-0.76070115421235052
2,P0,broad_common,0.1484375,1.2927406993538528,-0.63114961820230153
2,P0,broad_common,0.15234375,1.4602554432159482,-0.48476325105164442
2,P0,broad_common,0.15625,1.6455457311380244,-0.32025202611425918
2,P0,broad_common,0.16015625,1.8499283605338548,-0.13629599531060066
2,P0,broad_common,0.1640625,2.0747405694460226,0.068445193595299436
2,P0,broad_common,0.16796875,2.3213290683974148,0.29532132825142776
2,P0,broad_common,0.171875,2.5910376067509975,0.54567919748661442
2,P0,broad_common,0.17578125,2.8851930836908295,0.82084870170560187
2,P0,broad_common,0.1796875,3.2050902407934871,1.1221275448796111
2,P0,broad_common,0.18359375,3.5519750024579237,1.4507645744005142
2,P0,broad_common,0.1875,3.9270265618274194,1.8079418664323992
2,P0,broad_common,0.19140625,4.3313383427983592,2.1947556873553937
2,P0,broad_common,0.1953125,4.7658980027024462,2.6121964958885169
2,P0,broad_common,0.19921875,5.2315666746185281,3.0611281848479726
2,P0,broad_common,0.203125,5.7290576822847665,3.5422667955118063
2,P0,broad_common,0.20703125,6.258914993439836,4.0561589704198777
2,P0,broad_common,0.2109375,6.8214917082686064,4.6031604412849205
2,P0,broad_common,0.21484375,7.4169289075731033,5.1834148766357444
2,P0,broad_common,0.21875,8.0451352094284392,5.7968334379526416
2,P0,broad_common,0.22265625,8.7057674025199248,6.4430754124914928
2,P0,broad_common,0.2265625,9.3982125382294583,7.1215303048650167
2,P0,broad_common,0.23046875,10.121571871045166,7.8313017769554669
2,P0,broad_common,0.234375,10.874647037294485,8.5711938261592042
2,P0,broad_common,0.23828125,11.655928854948399,9.3396995847112159
2,P0,broad_common,0.2421875,12.463589111855484,10.134993107448381
2,P0,broad_common,0.24609375,13.295475685944464,10.954924491550367
2,P0,broad_common,0.25,14.149111308574682,11.797018639437777
2,P0,broad_common,0.25390625,15.021696241408822,12.658477935201834
2,P0,broad_common,0.2578125,15.910115088238694,13.536189055996553
2,P0,broad_common,0.26171875,16.810947906642319,14.426734083271544
2,P0,broad_common,0.265625,17.720485720939262,15.326406015312269
2,P0,broad_common,0.26953125,18.634750468607997,16.231228713251586
2,P0,broad_common,0.2734375,19.549519338305032,17.136981238691902
2,P0,broad_common,0.27734375,20.460353380234455,18.039226463686688
2,P0,broad_common,0.28125,21.362630190373597,18.933343754586605
2,P0,broad_common,0.28515625,22.251580390604481,19.814565451799997
2,P0,broad_common,0.2890625,23.122327548863566,20.678016789579868
2,P0,broad_common,0.29296875,23.969931108780514,21.518758825308065
2,P0,broad_common,0.296875,24.789431828711944,22.331833878182547
2,P0,broad_common,0.30078125,25.575899167323737,23.112312914461221
2,P0,broad_common,0.3046875,26.32447999857845,23.855344262118955
2,P0,broad_common,0.30859375,27.030447994644874,24.556202993434891
2,P0,broad_common,0.3125,27.689252982181735,25.210340280962214
2,P0,broad_common,0.31640625,28.296569556745848,25.813432011630869
2,P0,broad_common,0.3203125,28.84834423256239,26.361425936221238
2,P0,broad_common,0.32421875,29.340840411103724,26.850586637655432
2,P0,broad_common,0.328125,29.770680472068872,27.277537621698745
2,P0,broad_common,0.33203125,30.134884324325512,27.63929986763344
2,P0,broad_common,0.3359375,30.43090380172185,27.933326223812621
2,P0,broad_common,0.33984375,30.656652348620018,28.157531092946261
2,P0,broad_common,0.34375,30.81052951145384,28.310314923422474
2,P0,broad_common,0.34765625,30.891439834188212,28.390583104541626
2,P0,broad_common,0.3515625,30.898805845613293,28.397758953596718
2,P0,broad_common,0.35546875,30.832574923083971,28.331790579410697
2,P0,broad_common,0.359375,30.693219918581143,28.193151508207276
2,P0,broad_common,0.36328125,30.481733536675357,27.982835061395892
2,P0,broad_common,0.3671875,30.199616557900182,27.702342578778097
2,P0,broad_common,0.37109375,29.848860102971273,27.353665682611197
2,P0,broad_common,0.375,29.431922231049352,26.939262875727135
2,P0,broad_common,0.37890625,28.951699256780433,26.462030858439757
2,P0,broad_common,0.3828125,28.411492254256437,25.925271032383296
2,P0,broad_common,0.38671875,27.814969289634686,25.332651733020093
2,P0,broad_common,0.390625,27.166123986497208,24.688166794898368
2,P0,broad_common,0.39453125,26.469231077969013,23.996091103678619
2,P0,broad_common,0.3984375,25.728799636305499,23.260933825638634
2,P0,broad_common,0.40234375,24.949524693589677,22.48739002829744
2,P0,broad_common,0.40625,24.136237976168999,21.680291414787742
2,P0,broad_common,0.41015625,23.293858470660567,20.844556889805403
2,P0,broad_common,0.4140625,22.427343521232608,19.98514365684375
2,P0,broad_common,0.41796875,21.541641127198474,19.106999515748836
2,P0,broad_common,0.421875,20.641644067776202,18.215016987448706
2,P0,broad_common,0.42578125,19.732146428446288,17.313989840289398
2,P0,broad_common,0.4296875,18.817803042151446,16.40857253122153
2,P0,broad_common,0.43359375,17.903092290243144,15.503243006742373
2,P0,broad_common,0.4375,16.992282634311731,14.602269234730493
2,P0,broad_common,0.44140625,16.089403172615839,13.709679760888758
2,P0,broad_common,0.4453125,15.198218435533915,12.829238504218825
2,P0,broad_common,0.44921875,14.322207555040446,11.964423926529911
2,P0,broad_common,0.453125,13.46454786532251,11.118412633097531
2,P0,broad_common,0.45703125,12.628102916840687,10.294067386776565
2,P0,broad_common,0.4609375,11.815414815791362,9.4939294475256819
2,P0,broad_common,0.46484375,11.028700736253668,8.7202150846264814
2,P0,broad_common,0.46875,10.26985339431279,7.9748160508890829
2,P0,broad_common,0.47265625,9.5404452229367536,7.2593037576212547
2,P0,broad_common,0.4765625,8.8417359439192769,6.5749368466735199
2,P0,broad_common,0.48046875,8.1746831991386557,5.9226718218101873
2,P0,broad_common,0.484375,7.5399558778573974,5.3031763761306632
2,P0,broad_common,0.48828125,6.9379497597297393,4.7168450352080864
2,P0,broad_common,0.4921875,6.3688050843362838,4.1638167267641881
2,P0,broad_common,0.49609375,5.8324256569991588,3.6439938866335098
2,P0,broad_common,0.5,5.3284991067748715,3.157062716913857
2,P0,broad_common,0.50390625,4.8565179251824091,2.7025142248602663
2,P0,broad_common,0.5078125,4.4158009326151602,2.2796656894706739
2,P0,broad_common,0.51171875,4.0055148426545992,1.8876822259810782
2,P0,broad_common,0.515625,3.6246956217602491,1.5255981457442793
2,P0,broad_common,0.51953125,3.272269372148803,1.1923378393050115
2,P0,broad_common,0.5234375,2.9470724982009728,0.88673594300971459
2,P0,broad_common,0.52734375,2.6478709505837581,0.60755658333846352
2,P0,broad_common,0.53125,2.3733783766354901,0.35351152750631964
2,P0,broad_common,0.53515625,2.1222730396833325,0.12327710300361971
2,P0,broad_common,0.5390625,1.8932134031782575,-0.084490218039880993
2,P0,broad_common,0.54296875,1.6848523072579706,-0.27113964205657481
2,P0,broad_common,0.546875,1.4958496950936042,-0.43801332745252886
2,P0,broad_common,0.55078125,1.3248838737462343,-0.58643512350297922
2,P0,broad_common,0.5546875,1.170661318954461,-0.71770076531053562
2,P0,broad_common,0.55859375,1.0319250550868595,-0.8330694935923475
2,P0,broad_common,0.5625,0.907461660302886,-0.93375704925269343
2,P0,broad_common,0.56640625,0.79610696273328352,-1.0209299769299562
2,P0,broad_common,0.5703125,0.69675050624922874,-1.0957011589488213
2,P0,broad_common,0.57421875,0.60833887423484367,-1.1591264912631125
2,P0,broad_common,0.578125,0.52987796686015376,-1.2122026058922835
2,P0,broad_common,0.58203125,0.46043433186474964,-1.2558655398413725
2,P0,broad_common,0.5859375,0.39913565103317672,-1.2909902483235456
2,P0,broad_common,0.58984375,0.34517048462229349,-1.3183908600250964
2,P0,broad_common,0.59375,0.29778737425398311,-1.3388215738996765
2,P0,broad_common,0.59765625,0.25629340148547752,-1.3529781002796364
2,P0,broad_common,0.6015625,0.22005229468487586,-1.3614995536770804
2,P0,broad_common,0.60546875,0.18848217123435035,-1.3649707102523125
2,P0,broad_common,0.609375,0.16105299570824352,-1.3639245493026761
2,P0,broad_common,0.61328125,0.13728382776070328,-1.3588450050373186
2,P0,broad_common,0.6171875,0.11673992622009254,-1.3501698621408336
2,P0,broad_common,0.62109375,0.099029768514743904,-1.3382937360014013
2,P0,broad_common,0.625,0.083802037212160257,-1.3235710858215421
2,P0,broad_common,0.62890625,0.070742618282256253,-1.3063192160010351
2,P0,broad_common,0.6328125,0.05957164881100098,-1.28682122806587
2,P0,broad_common,0.63671875,0.050040645386510631,-1.2653288919212864
2,P0,broad_common,0.640625,0.04192973832557613,-1.2420654112611649
2,P0,broad_common,0.64453125,0.03504503135449473,-1.2172280635199906
2,P0,broad_common,0.6484375,0.029216101334968245,-1.1909906997768305
2,P0,broad_common,0.65234375,0.02429364814832247,-1.1635060944981657
2,P0,broad_common,0.65625,0.020147300919765968,-1.1349081389380462
2,P0,broad_common,0.66015625,0.016663583367267712,-1.1053138754110696
2,P0,broad_common,0.6640625,0.01374403817558504,-1.0748253725378412
2,P0,broad_common,0.66796875,0.011303507896084754,-1.0435314439623369
2,P0,broad_common,0.671875,0.0092685679226728497,-1.0115092149910225
2,P0,broad_common,0.67578125,0.0075761055548936411,-0.97882554314274373
2,P0,broad_common,0.6796875,0.0061720379902797037,-0.94553829976746151
2,P0,broad_common,0.68359375,0.0050101612475884957,-0.91169752073228061
2,P0,broad_common,0.6875,0.0040511214691230394,-0.87734643472671081
2,P0,broad_common,0.69140625,0.0032614997435365402,-0.84252237804587438
2,P0,broad_common,0.6953125,0.0026130014919106426,-0.80725760480897524
2,P0,broad_common,0.69921875,0.0020817415334981868,-0.77158000149676642
2,P0,broad_common,0.703125,0.0016476161602366514,-0.73551371447902181
2,P0,broad_common,0.70703125,0.0012937538710016603,-0.69907969888117005
2,P0,broad_common,0.7109375,0.0010060368208712406,-0.66229619673492657
2,P0,broad_common,0.71484375,0.00077268550397601875,-0.62517915189447759
2,P0,broad_common,0.71875,0.00058389969058863264,-0.58774256869769026
2,P0,broad_common,0.72265625,0.00043154916279482996,-0.54999882082809926
2,P0,broad_common,0.7265625,0.00030890832410319881,-0.51195891630246848
2,P0,broad_common,0.73046875,0.00021042928505417602,-0.47363272398195999
2,P0,broad_common,0.734375,0.00013154854004535053,-0.43502916649181955
2,P0,broad_common,0.73828125,6.8522843100279565e-05,-0.39615638394197372
2,P0,broad_common,0.7421875,1.8290356946914046e-05,-0.35702187237428351
2,P0,broad_common,0.74609375,-2.1646413070605636e-05,-0.31763260042503916
2,P0,broad_common,0.75,-5.3318983287958143e-05,-0.2779951072858573
2,P0,broad_common,0.75390625,-7.8375264656909853e-05,-0.23811558467352345
2,P0,broad_common,0.7578125,-9.8148315149742697e-05,-0.19799994517970987
2,P0,broad_common,0.76171875,-0.00011371353530211379,-0.15765387906434647
2,P0,broad_common,0.765625,-0.00012593609473074172,-0.11708290128058607
2,P0,broad_common,0.76953125,-0.00013551013141042403,-0.076292390273249744
2,P0,broad_common,0.7734375,-0.00014299104739086288,-0.035287619874523557
2,P0,broad_common,0.77734375,-0.000148822032457325,0.0059262145714820136
2,P0,broad_common,0.78125,-0.00015335577887149325,0.047343974892086749
2,P0,broad_common,0.78515625,-0.00015687220362343735,0.08896056276078923
2,P0,broad_common,0.7890625,-0.00015959286746387676,0.13077090567404781
2,P0,broad_common,0.79296875,-0.00016169267031973267,0.17276994565039594
2,P0,broad_common,0.796875,-0.00016330930857886268,0.21495263016634603
2,P0,narrow_antisym,-0.19921875,-7.2398352585565454e-33,0.34075576168799571
2,P0,narrow_antisym,-0.1953125,-7.2398352585565454e-33,0.32646055179803368
2,P0,narrow_antisym,-0.19140625,-7.2398352585565454e-33,0.31218684060136703
2,P0,narrow_antisym,-0.1875,-7.2398352585565454e-33,0.29793620306353397
2,P0,narrow_antisym,-0.18359375,-7.2398352585565454e-33,0.28371021872022673
2,P0,narrow_antisym,-0.1796875,-7.2398352585565454e-33,0.26951047145763996
2,P0,narrow_antisym,-0.17578125,-7.2398352585565454e-33,0.25533854929068256
2,P0,narrow_antisym,-0.171875,-7.2398352585565454e-33,0.24119604413908502
2,P0,narrow_antisym,-0.16796875,-7.2398352585565454e-33,0.22708455160143082
2,P0,narrow_antisym,-0.1640625,-7.2398352585565454e-33,0.2130056707271466
2,P0,narrow_antisym,-0.16015625,-7.2398352585565454e-33,0.19896100378648152
2,P0,narrow_antisym,-0.15625,-7.2398352585565454e-33,0.184952156038513
2,P0,narrow_antisym,-0.15234375,-7.2398352585565454e-33,0.17098073549721082
2,P0,narrow_antisym,-0.1484375,-7.2398352585565454e-33,0.15704835269559614
2,P0,narrow_antisym,-0.14453125,-7.2398352585565454e-33,0.14315662044803457
2,P0,narrow_antisym,-0.140625,-7.2398352585565454e-33,0.12930715361069556
2,P0,narrow_antisym,-0.13671875,-7.2398352585565454e-33,0.11550156884022234
2,P0,narrow_antisym,-0.1328125,-7.2398352585565454e-33,0.10174148435065167
2,P0,narrow_antisym,-0.12890625,-7.2398352585565454e-33,0.088028519668620353
2,P0,narrow_antisym,-0.125,-7.2398352585565454e-33,0.074364295386905699
2,P0,narrow_antisym,-0.12109375,-7.2398352585565454e-33,0.060750432916337527
2,P0,narrow_antisym,-0.1171875,-7.2398352585565454e-33,0.047188554236125668
2,P0,narrow_antisym,-0.11328125,-7.2398352585565454e-33,0.033680281642644028
2,P0,narrow_antisym,-0.109375,-7.2398352585565454e-33,0.020227237496719619
2,P0,narrow_antisym,-0.10546875,-7.2398352585565454e-33,0.006831043969473205
2,P0,narrow_antisym,-0.1015625,-7.2398352585565454e-33,-0.0065066772132384987
2,P0,narrow_antisym,-0.09765625,-7.2398352585565454e-33,-0.019784305027724658
2,P0,narrow_antisym,-0.09375,-7.2398352585565454e-33,-0.033000219410654008
2,P0,narrow_antisym,-0.08984375,-7.2398352585565454e-33,-0.046152801518491993
2,P0,narrow_antisym,-0.0859375,-7.2398352585565454e-33,-0.059240433988135388
2,P0,narrow_antisym,-0.08203125,-7.2398352585565454e-33,-0.072261501198710443
2,P0,narrow_antisym,-0.078125,-7.239835258556544e-33,-0.085214389534486568
2,P0,narrow_antisym,-0.07421875,-7.2398352585565372e-33,-0.098097487648858284
2,P0,narrow_antisym,-0.0703125,-7.2398352585564578e-33,-0.11090918672932304
2,P0,narrow_antisym,-0.06640625,-7.2398352585556696e-33,-0.12364788076336519
2,P0,narrow_antisym,-0.0625,-7.2398352585479994e-33,-0.13631196680514179
2,P0,narrow_antisym,-0.05859375,-7.2398352584751921e-33,-0.14889984524288447
2,P0,narrow_antisym,-0.0546875,-7.2398352578007214e-33,-0.16140992006696675
2,P0,narrow_antisym,-0.05078125,-7.2398352517038442e-33,-0.1738405991386609
2,P0,narrow_antisym,-0.046875,-7.2398351979247953e-33,-0.1861902944596443
2,P0,narrow_antisym,-0.04296875,-7.2398347350338408e-33,-0.198457422442327
2,P0,narrow_antisym,-0.0390625,-7.2398308472417776e-33,-0.21064040418096774
2,P0,narrow_antisym,-0.03515625,-7.239798984370065e-33,-0.22273766572337039
2,P0,narrow_antisym,-0.03125,-7.2395441704761044e-33,-0.23474763834275758
2,P0,narrow_antisym,-0.02734375,-7.237555713029015e-33,-0.2466687588093095
2,P0,narrow_antisym,-0.0234375,-7.2224144131801489e-33,-0.25849946966100679
2,P0,narrow_antisym,-0.01953125,-7.1099118849251453e-33,-0.27023821947383264
2,P0,narrow_antisym,-0.015625,-6.2942461540138854e-33,-0.28188346313203572
2,P0,narrow_antisym,-0.01171875,-5.2377263244260609e-34,-0.29343366209966137
2,P0,narrow_antisym,-0.0078125,3.9310640327137201e-32,-0.30488728469456983
2,P0,narrow_antisym,-0.00390625,3.0762967948150607e-31,-0.31624280636524227
2,P0,narrow_antisym,0,2.0711844809544834e-30,-0.32749870996894903
2,P0,narrow_antisym,0.00390625,1.3381352620323431e-29,-0.33865348604784828
2,P0,narrow_antisym,0.0078125,8.4157994436775976e-29,-0.34970563309859437
2,P0,narrow_antisym,0.01171875,5.1632311599492475e-28,-0.36065365783233116
2,P0,narrow_antisym,0.015625,3.0911399701349995e-27,-0.37149607542619312
2,P0,narrow_antisym,0.01953125,1.8059621777828783e-26,-0.38223140977369829
2,P0,narrow_antisym,0.0234375,1.0296628371387262e-25,-0.39285819374669484
2,P0,narrow_antisym,0.02734375,5.7289946265932902e-25,-0.40337496948160312
2,P0,narrow_antisym,0.03125,3.110705365372766e-24,-0.41378028869402983
2,P0,narrow_antisym,0.03515625,1.6483007086862211e-23,-0.42407271300856997
2,P0,narrow_antisym,0.0390625,8.5233656340506612e-23,-0.43425081427086298
2,P0,narrow_antisym,0.04296875,4.3011332785782301e-22,-0.44431317479859556
2,P0,narrow_antisym,0.046875,2.1181259870960484e-21,-0.45425838754049175
2,P0,narrow_antisym,0.05078125,1.0179296963272142e-20,-0.46408505615399398
2,P0,narrow_antisym,0.0546875,4.7739832122353926e-20,-0.47379179507428959
2,P0,narrow_antisym,0.05859375,2.1849479618300687e-19,-0.48337722970057206
2,P0,narrow_antisym,0.0625,9.7588449039688266e-19,-0.49283999682775659
2,P0,narrow_antisym,0.06640625,4.2535627214677442e-18,-0.50217874536786966
2,P0,narrow_antisym,0.0703125,1.8092741313326112e-17,-0.51139213723522858
2,P0,narrow_antisym,0.07421875,7.5102261325367342e-17,-0.52047884807262546
2,P0,narrow_antisym,0.078125,3.0422770493764655e-16,-0.52943756738909564
2,P0,narrow_antisym,0.08203125,1.2026565362384315e-15,-0.53826699779635523
2,P0,narrow_antisym,0.0859375,4.6396110924437935e-15,-0.54696585343903092
2,P0,narrow_antisym,0.08984375,1.7467013165676948e-14,-0.55553285832738752
2,P0,narrow_antisym,0.09375,6.4173071229113721e-14,-0.56396674581674167
2,P0,narrow_antisym,0.09765625,2.3008277608357858e-13,-0.57226626051652718
2,P0,narrow_antisym,0.1015625,8.0503080715310969e-13,-0.58043016309804973
2,P0,narrow_antisym,0.10546875,2.7487674500075201e-12,-0.58845723679508244
2,P0,narrow_antisym,0.109375,9.1592646076869096e-12,-0.59634629243245496
2,P0,narrow_antisym,0.11328125,2.9783814584429816e-11,-0.60409616773071417
2,P0,narrow_antisym,0.1171875,9.4514216984033013e-11,-0.61170571774929372
2,P0,narrow_antisym,0.12109375,2.9269214623605288e-10,-0.61917379735591394
2,P0,narrow_antisym,0.125,8.8454942623236225e-10,-0.62649924273862934
2,P0,narrow_antisym,0.12890625,2.608736702760772e-09,-0.63368086442511928
2,P0,narrow_antisym,0.1328125,7.5081942326191966e-09,-0.6407174648523839
2,P0,narrow_antisym,0.13671875,2.108811965169743e-08,-0.64760788551146775
2,P0,narrow_antisym,0.140625,5.7801262238570463e-08,-0.65435107149242877
2,P0,narrow_antisym,0.14453125,1.5460868815717605e-07,-0.66094611951362459
2,P0,narrow_antisym,0.1484375,4.0357808511418037e-07,-0.66739225850997497
2,P0,narrow_antisym,0.15234375,1.0280597657635284e-06,-0.67368870842755535
2,P0,narrow_antisym,0.15625,2.5556787258297287e-06,-0.67983437167191973
2,P0,narrow_antisym,0.16015625,6.199993869407392e-06,-0.68582730895411559
2,P0,narrow_antisym,0.1640625,1.4678219223033563e-05,-0.69166388126974687
2,P0,narrow_antisym,0.16796875,3.3911936218199524e-05,-0.69733721293320516
2,P0,narrow_antisym,0.171875,7.6459052377991112e-05,-0.70283413318748189
2,P0,narrow_antisym,0.17578125,0.00016822957311930998,-0.70812886522808616
2,P0,narrow_antisym,0.1796875,0.00036122090973363552,-0.71317033922282236
2,P0,narrow_antisym,0.18359375,0.00075690352635246342,-0.71785800669417044
2,P0,narrow_antisym,0.1875,0.0015477659296734881,-0.72199831364148825
2,P0,narrow_antisym,0.19140625,0.003088638948901204,-0.72523040161166485
2,P0,narrow_antisym,0.1953125,0.0060148681591803074,-0.7269049878000502
2,P0,narrow_antisym,0.19921875,0.011430946402675958,-0.72589468293402981
2,P0,narrow_antisym,0.203125,0.021199976125319476,-0.72030762182976793
2,P0,narrow_antisym,0.20703125,0.038369457835895238,-0.70707050859350429
2,P0,narrow_antisym,0.2109375,0.067769309519732771,-0.68134480123105168
2,P0,narrow_antisym,0.21484375,0.11680933898524179,-0.63574540675696167
2,P0,narrow_antisym,0.21875,0.19648037538608307,-0.55935115529981894
2,P0,narrow_antisym,0.22265625,0.32252092706776464,-0.43653703698973412
2,P0,narrow_antisym,0.2265625,0.51664678017117838,-0.24572413475999988
2,P0,narrow_antisym,0.23046875,0.80765644337937492,0.041766848618659314
2,P0,narrow_antisym,0.234375,1.232130489779117,0.46246906022376355
2,P0,narrow_antisym,0.23828125,1.8343569704692599,1.0607455127656447
2,P0,narrow_antisym,0.2421875,2.665066876117796,1.8875494149625773
2,P0,narrow_antisym,0.24609375,3.7785874347549067,2.9975564186175374
2,P0,narrow_antisym,0.25,5.2281488995809378,4.4443958214364487
2,P0,narrow_antisym,0.25390625,7.059330699785046,6.2739772822804403
2,P0,narrow_antisym,0.2578125,9.3019974022225789,8.5162952128028646
2,P0,narrow_antisym,0.26171875,11.961510006546769,11.176542207898832
2,P0,narrow_antisym,0.265625,15.010422250532693,14.226786221649656
2,P0,narrow_antisym,0.26953125,18.38217592292547,17.599751249261548
2,P0,narrow_antisym,0.2734375,21.968380104727078,21.18627819771762
2,P0,narrow_antisym,0.27734375,25.621010698509767,24.837756277853661
2,P0,narrow_antisym,0.28125,29.160273212708681,28.374195055850869
2,P0,narrow_antisym,0.28515625,32.387992274075117,31.597724758122041
2,P0,narrow_antisym,0.2890625,35.105371450139877,34.310318046073888
2,P0,narrow_antisym,0.29296875,37.133016084419289,36.333623268699718
2,P0,narrow_antisym,0.296875,38.330456020033459,37.528196901686847
2,P0,narrow_antisym,0.30078125,38.612227282277935,37.809284154123667
2,P0,narrow_antisym,0.3046875,37.957956963862344,37.156690434188796
2,P0,narrow_antisym,0.30859375,36.414798538616935,35.617162500148062
2,P0,narrow_antisym,0.3125,34.091813308320177,33.298893353996313
2,P0,narrow_antisym,0.31640625,31.147227774847149,30.359038941582273
2,P0,narrow_antisym,0.3203125,27.770634557645703,26.986227969870786
2,P0,narrow_antisym,0.32421875,24.16291440846766,23.380743077017868
2,P0,narrow_antisym,0.328125,20.516814645067427,19.735231442704276
2,P0,narrow_antisym,0.33203125,17.000733586649094,16.218464399804635
2,P0,narrow_antisym,0.3359375,13.747460986453822,12.963919592415657
2,P0,narrow_antisym,0.33984375,10.848618506403765,10.063993573212684
2,P0,narrow_antisym,0.34375,8.3545581531947342,7.5696808116913541
2,P0,narrow_antisym,0.34765625,6.2786986977921835,5.4947634993466137
2,P0,narrow_antisym,0.3515625,4.6048226272144159,3.823066078523861
2,P0,narrow_antisym,0.35546875,3.2957425371947906,2.5171768362338156
2,P0,narrow_antisym,0.359375,2.3019228065588142,1.5271867794346539
2,P0,narrow_antisym,0.36328125,1.569008663304678,0.79835038772896527
2,P0,narrow_antisym,0.3671875,1.0436551841576864,0.27701919217290816
2,P0,narrow_antisym,0.37109375,0.67746339668636957,-0.085368271263414508
2,P0,narrow_antisym,0.375,0.4291525952276381,-0.33011335774196948
2,P0,narrow_antisym,0.37890625,0.26529847800995837,-0.49055708182503355
2,P0,narrow_antisym,0.3828125,0.16004970616403963,-0.59241805536268477
2,P0,narrow_antisym,0.38671875,0.094226294199623417,-0.65474449928267942
2,P0,narrow_antisym,0.390625,0.054136035544801363,-0.69113098389844896
2,P0,narrow_antisym,0.39453125,0.030352739416218119,-0.71095237748727302
2,P0,narrow_antisym,0.3984375,0.016607583535202603,-0.72046754695979121
2,P0,narrow_antisym,0.40234375,0.0088677227242254936,-0.72372637805306739
2,P0,narrow_antisym,0.40625,0.0046207755340231613,-0.72326928365714838
2,P0,narrow_antisym,0.41015625,0.0023497126034268743,-0.72064003680535937
2,P0,narrow_antisym,0.4140625,0.0011660353799906979,-0.71674615042026413
2,P0,narrow_antisym,0.41796875,0.0005646844351436148,-0.712102789498682
2,P0,narrow_antisym,0.421875,0.0002668683150017259,-0.70699201691976454
2,P0,narrow_antisym,0.42578125,0.00012307938494510859,-0.70156291749987676
2,P0,narrow_antisym,0.4296875,5.5395020635896387e-05,-0.69589194562640366
2,P0,narrow_antisym,0.43359375,2.4330623986126603e-05,-0.69001756640896672
2,P0,narrow_antisym,0.4375,1.0428764801130169e-05,-0.68395907083125507
2,P0,narrow_antisym,0.44140625,4.3622405075322467e-06,-0.6777262244828719
2,P0,narrow_antisym,0.4453125,1.7806700205121022e-06,-0.67132399326327508
2,P0,narrow_antisym,0.44921875,7.0933990919166742e-07,-0.66475484547100749
2,P0,narrow_antisym,0.453125,2.7575439972115717e-07,-0.65801995153662385
2,P0,narrow_antisym,0.45703125,1.0461347131780864e-07,-0.65111988465831039
2,P0,narrow_antisym,0.4609375,3.8730212820027987e-08,-0.64405505095493498
2,P0,narrow_antisym,0.46484375,1.3992949312602171e-08,-0.63682592628998358
2,P0,narrow_antisym,0.46875,4.9336205671471443e-09,-0.62943314277603801
2,P0,narrow_antisym,0.47265625,1.6975373484268386e-09,-0.6218774746207576
2,P0,narrow_antisym,0.4765625,5.6999367681472595e-10,-0.61415977820802792
2,P0,narrow_antisym,0.48046875,1.8677461288076813e-10,-0.6062809317741078
2,P0,narrow_antisym,0.484375,5.9725907781967262e-11,-0.59824179987816017
2,P0,narrow_antisym,0.48828125,1.8638234911964055e-11,-0.59004322702954481
2,P0,narrow_antisym,0.4921875,5.6760199123611357e-12,-0.58168605106879689
2,P0,narrow_antisym,0.49609375,1.6868642992064743e-12,-0.57317112262733771
2,P0,narrow_antisym,0.5,4.8923046227235023e-13,-0.56449932004641901
2,P0,narrow_antisym,0.50390625,1.3846625367906745e-13,-0.55567155530820744
2,P0,narrow_antisym,0.5078125,3.8244721335243076e-14,-0.54668877204191157
2,P0,narrow_antisym,0.51171875,1.0308516416951002e-14,-0.53755193952278968
2,P0,narrow_antisym,0.515625,2.7115520183019612e-15,-0.52826204667477783
2,P0,narrow_antisym,0.51953125,6.9604420355588036e-16,-0.51882009848751509
2,P0,narrow_antisym,0.5234375,1.7436238840899242e-16,-0.50922711530263354
2,P0,narrow_antisym,0.52734375,4.2625148487436689e-17,-0.49948413406059999
2,P0,narrow_antisym,0.53125,1.01689499037127e-17,-0.48959221015371601
2,P0,narrow_antisym,0.53515625,2.3674641873250358e-18,-0.47955241882043453
2,P0,narrow_antisym,0.5390625,5.3788302152265132e-19,-0.46936585562855249
2,P0,narrow_antisym,0.54296875,1.1925850502098394e-19,-0.45903363614916004
2,P0,narrow_antisym,0.546875,2.5804057045887107e-20,-0.44855689521458042
2,P0,narrow_antisym,0.55078125,5.4485850338766248e-21,-0.43793678616683418
2,P0,narrow_antisym,0.5546875,1.1227332390549741e-21,-0.42717448034389327
2,P0,narrow_antisym,0.55859375,2.257701569454622e-22,-0.41627116685357168
2,P0,narrow_antisym,0.5625,4.4305087313076667e-23,-0.40522805254572236
2,P0,narrow_antisym,0.56640625,8.4847249003842341e-24,-0.39404636204660437
2,P0,narrow_antisym,0.5703125,1.5856927511618698e-24,-0.38272733774718737
2,P0,narrow_antisym,0.57421875,2.8919941894040169e-25,-0.37127223969852419
2,P0,narrow_antisym,0.578125,5.1472214958761314e-26,-0.35968234542351918
2,P0,narrow_antisym,0.58203125,8.9401574090782715e-27,-0.34795894968440355
2,P0,narrow_antisym,0.5859375,1.5153506809022182e-27,-0.3361033642470812
2,P0,narrow_antisym,0.58984375,2.5065102959377518e-28,-0.32411691766773942
2,P0,narrow_antisym,0.59375,4.0454630860420019e-29,-0.31200095510720716
2,P0,narrow_antisym,0.59765625,6.3666857111658607e-30,-0.29975683816435139
2,P0,narrow_antisym,0.6015625,9.7262263008976507e-31,-0.28738594471489498
2,P0,narrow_antisym,0.60546875,1.3976119040897273e-31,-0.27488966874471799
2,P0,narrow_antisym,0.609375,1.4281673562415663e-32,-0.26226942017285526
2,P0,narrow_antisym,0.61328125,-4.1649977285741919e-33,-0.24952662466508113
2,P0,narrow_antisym,0.6171875,-6.8111201998990265e-33,-0.23666272344207795
2,P0,narrow_antisym,0.62109375,-7.1815025139312518e-33,-0.22367917308640206
2,P0,narrow_antisym,0.625,-7.2320896919856043e-33,-0.21057744535091394
2,P0,narrow_antisym,0.62890625,-7.2388315882443185e-33,-0.19735902696931551
2,P0,narrow_antisym,0.6328125,-7.2397083397227337e-33,-0.18402541946800643
2,P0,narrow_antisym,0.63671875,-7.2398195961614558e-33,-0.17057813897794749
2,P0,narrow_antisym,0.640625,-7.239833372358092e-33,-0.15701871604547346
2,P0,narrow_antisym,0.64453125,-7.2398350368830846e-33,-0.14334869544161788
2,P0,narrow_antisym,0.6484375,-7.2398352331329406e-33,-0.12956963597008198
2,P0,narrow_antisym,0.65234375,-7.2398352557110515e-33,-0.115683110274301
2,P0,narrow_antisym,0.65625,-7.23983525824575e-33,-0.10169070464408647
2,P0,narrow_antisym,0.66015625,-7.2398352585234178e-33,-0.087594018822166886
2,P0,narrow_antisym,0.6640625,-7.2398352585530996e-33,-0.073394665810751825
2,P0,narrow_antisym,0.66796875,-7.2398352585561951e-33,-0.059094271678084453
2,P0,narrow_antisym,0.671875,-7.2398352585565112e-33,-0.04469447536490434
2,P0,narrow_antisym,0.67578125,-7.2398352585565427e-33,-0.030196928490762387
2,P0,narrow_antisym,0.6796875,-7.2398352585565454e-33,-0.015603295160186992
2,P0,narrow_antisym,0.68359375,-7.2398352585565454e-33,-0.00091525176875539849
2,P0,narrow_antisym,0.6875,-7.2398352585565454e-33,0.01386551319083007
2,P0,narrow_antisym,0.69140625,-7.2398352585565454e-33,0.028737299322576959
2,P0,narrow_antisym,0.6953125,-7.2398352585565454e-33,0.043698394520866657
2,P0,narrow_antisym,0.69921875,-7.2398352585565454e-33,0.058747075163897211
2,P0,narrow_antisym,0.703125,-7.2398352585565454e-33,0.073881606306862802
2,P0,narrow_antisym,0.70703125,-7.2398352585565454e-33,0.089100241874839892
2,P0,narrow_antisym,0.7109375,-7.2398352585565454e-33,0.1044012248553432
2,P0,narrow_antisym,0.71484375,-7.2398352585565454e-33,0.11978278749051974
2,P0,narrow_antisym,0.71875,-7.2398352585565454e-33,0.13524315146893096
2,P0,narrow_antisym,0.72265625,-7.2398352585565454e-33,0.15078052811687637
2,P0,narrow_antisym,0.7265625,-7.2398352585565454e-33,0.16639311858922046
2,P0,narrow_antisym,0.73046875,-7.2398352585565454e-33,0.18207911405967159
2,P0,narrow_antisym,0.734375,-7.2398352585565454e-33,0.19783669591047959
2,P0,narrow_antisym,0.73828125,-7.2398352585565454e-33,0.21366403592150984
2,P0,narrow_antisym,0.7421875,-7.2398352585565454e-33,0.22955929645866169
2,P0,narrow_antisym,0.74609375,-7.2398352585565454e-33,0.24552063066159335
2,P0,narrow_antisym,0.75,-7.2398352585565454e-33,0.26154618263072171
2,P0,narrow_antisym,0.75390625,-7.2398352585565454e-33,0.27763408761345465
2,P0,narrow_antisym,0.7578125,-7.2398352585565454e-33,0.29378247218963205
2,P0,narrow_antisym,0.76171875,-7.2398352585565454e-33,0.30998945445613657
2,P0,narrow_antisym,0.765625,-7.2398352585565454e-33,0.32625314421064222
2,P0,narrow_antisym,0.76953125,-7.2398352585565454e-33,0.34257164313447164
2,P0,narrow_antisym,0.7734375,-7.2398352585565454e-33,0.35894304497453078
2,P0,narrow_antisym,0.77734375,-7.2398352585565454e-33,0.37536543572429015
2,P0,narrow_antisym,0.78125,-7.2398352585565454e-33,0.39183689380378817
2,P0,narrow_antisym,0.78515625,-7.2398352585565454e-33,0.40835549023862905
2,P0,narrow_antisym,0.7890625,-7.2398352585565454e-33,0.4249192888379425
2,P0,narrow_antisym,0.79296875,-7.2398352585565454e-33,0.4415263463712864
2,P0,narrow_antisym,0.796875,-7.2398352585565454e-33,0.45817471274446464
2,P0,shifted_antisym,-0.19921875,-1.4453691143415894e-33,0.67697611785122747
2,P0,shifted_antisym,-0.1953125,-1.4453691143415894e-33,0.65168188513144032
2,P0,shifted_antisym,-0.19140625,-1.4453691143415894e-33,0.62625283962906431
2,P0,shifted_antisym,-0.1875,-1.4453691143415894e-33,0.60069084010273843
2,P0,shifted_antisym,-0.18359375,-1.4453691143415894e-33,0.57499777482073244
2,P0,shifted_antisym,-0.1796875,-1.4453691143415894e-33,0.54917556148574209
2,P0,shifted_antisym,-0.17578125,-1.4453691143415894e-33,0.52322614715439708
2,P0,shifted_antisym,-0.171875,-1.4453691143415894e-33,0.49715150815145237
2,P0,shifted_antisym,-0.16796875,-1.4453691143415894e-33,0.47095364997863665
2,P0,shifted_antisym,-0.1640625,-1.4453691143415894e-33,0.44463460721812598
2,P0,shifted_antisym,-0.16015625,-1.4453691143415894e-33,0.41819644343061735
2,P0,shifted_antisym,-0.15625,-1.4453691143415894e-33,0.39164125104797809
2,P0,shifted_antisym,-0.15234375,-1.4453691143415894e-33,0.36497115126044277
2,P0,shifted_antisym,-0.1484375,-1.4453691143415894e-33,0.33818829389833227
2,P0,shifted_antisym,-0.14453125,-1.4453691143415894e-33,0.31129485730827455
2,P0,shifted_antisym,-0.140625,-1.4453691143415894e-33,0.284293048223901
2,P0,shifted_antisym,-0.13671875,-1.4453691143415893e-33,0.25718510163099673
2,P0,shifted_antisym,-0.1328125,-1.4453691143415891e-33,0.22997328062708466
2,P0,shifted_antisym,-0.12890625,-1.4453691143415881e-33,0.20265987627542148
2,P0,shifted_antisym,-0.125,-1.4453691143415841e-33,0.17524720745338596
2,P0,shifted_antisym,-0.12109375,-1.4453691143415698e-33,0.14773762069524188
2,P0,shifted_antisym,-0.1171875,-1.4453691143415181e-33,0.12013349002925633
2,P0,shifted_antisym,-0.11328125,-1.445369114341332e-33,0.092437216809157396
2,P0,shifted_antisym,-0.109375,-1.4453691143406678e-33,0.064651229539915533
2,P0,shifted_antisym,-0.10546875,-1.4453691143383135e-33,0.036777983697832139
2,P0,shifted_antisym,-0.1015625,-1.4453691143300328e-33,0.0088199615449224833
2,P0,shifted_antisym,-0.09765625,-1.4453691143011276e-33,-0.019220328062419467
2,P0,shifted_antisym,-0.09375,-1.4453691142009883e-33,-0.047340349870488074
2,P0,shifted_antisym,-0.08984375,-1.4453691138566806e-33,-0.075537542431074467
2,P0,shifted_antisym,-0.0859375,-1.4453691126817776e-33,-0.10380931831002926
2,P0,shifted_antisym,-0.08203125,-1.445369108702808e-33,-0.13215306430158247
2,P0,shifted_antisym,-0.078125,-1.4453690953290931e-33,-0.16056614164843563
2,P0,shifted_antisym,-0.07421875,-1.4453690507176544e-33,-0.18904588626762808
2,P0,shifted_antisym,-0.0703125,-1.4453689030270333e-33,-0.21758960898218493
2,P0,shifted_antisym,-0.06640625,-1.4453684177699259e-33,-0.24619459575855207
2,P0,shifted_antisym,-0.0625,-1.4453668354183596e-33,-0.27485810794981869
2,P0,shifted_antisym,-0.05859375,-1.4453617145227165e-33,-0.30357738254473454
2,P0,shifted_antisym,-0.0546875,-1.4453452669992624e-33,-0.33234963242251747
2,P0,shifted_antisym,-0.05078125,-1.4452928386094804e-33,-0.36117204661345625
2,P0,shifted_antisym,-0.046875,-1.4451269778275028e-33,-0.39004179056530375
2,P0,shifted_antisym,-0.04296875,-1.4446062247509861e-33,-0.41895600641546049
2,P0,shifted_antisym,-0.0390625,-1.4429835529651023e-33,-0.44791181326894525
2,P0,shifted_antisym,-0.03515625,-1.4379654452000549e-33,-0.47690630748214402
2,P0,shifted_antisym,-0.03125,-1.4225640704358993e-33,-0.50593656295233846
2,P0,shifted_antisym,-0.02734375,-1.3756515309019838e-33,-0.53499963141299722
2,P0,shifted_antisym,-0.0234375,-1.2338345989888392e-33,-0.56409254273483067
2,P0,shifted_antisym,-0.01953125,-8.0835705104338743e-34,-0.59321230523259305
2,P0,shifted_antisym,-0.015625,4.5851967241603883e-34,-0.62235590597762136
2,P0,shifted_antisym,-0.01171875,4.2022187658124994e-33,-0.65152031111610298
2,P0,shifted_antisym,-0.0078125,1.5181555256048439e-32,-0.68070246619305297
2,P0,shifted_antisym,-0.00390625,4.7138080416838901e-32,-0.70989929648198991
2,P0,shifted_antisym,0,1.3944855847147249e-31,-0.73910770732028674
2,P0,shifted_antisym,0.00390625,4.0408530202729817e-31,-0.76832458445018825
2,P0,shifted_antisym,0.0078125,1.1570188894726465e-30,-0.79754679436547016
2,P0,shifted_antisym,0.01171875,3.2830531809174957e-30,-0.82677118466371868
2,P0,shifted_antisym,0.015625,9.2409174225896475e-30,-0.85599458440420961
2,P0,shifted_antisym,0.01953125,2.5810720764249547e-29,-0.88521380447136333
2,P0,shifted_antisym,0.0234375,7.1545878413556169e-29,-0.91442563794375187
2,P0,shifted_antisym,0.02734375,1.9682789541983126e-28,-0.94362686046862732
2,P0,shifted_antisym,0.03125,5.3741850503973061e-28,-0.97281423064194805
2,P0,shifted_antisym,0.03515625,1.4563467881345609e-27,-1.0019844903938686
2,P0,shifted_antisym,0.0390625,3.9169138914095882e-27,-1.0311343653796678
2,P0,shifted_antisym,0.04296875,1.0455638947176238e-26,-1.060260565376075
2,P0,shifted_antisym,0.046875,2.7700306268572197e-26,-1.0893597846829672
2,P0,shifted_antisym,0.05078125,7.2835992556632679e-26,-1.1184287025303983
2,P0,shifted_antisym,0.0546875,1.9007938072962808e-25,-1.1474639834909197
2,P0,shifted_antisym,0.05859375,4.9232452766580604e-25,-1.176462277897161
2,P0,shifted_antisym,0.0625,1.2655970051626938e-24,-1.2054202222646191
2,P0,shifted_antisym,0.06640625,3.228991529987812e-24,-1.2343344397196268
2,P0,shifted_antisym,0.0703125,8.176470520106657e-24,-1.2632015404324466
2,P0,shifted_antisym,0.07421875,2.0549078296383455e-23,-1.2920181220554443
2,P0,shifted_antisym,0.078125,5.1256189992978194e-23,-1.320780770166303
2,P0,shifted_antisym,0.08203125,1.268901167469193e-22,-1.3494860587162216
2,P0,shifted_antisym,0.0859375,3.1177176054258864e-22,-1.3781305504830492
2,P0,shifted_antisym,0.08984375,7.6027945741311855e-22,-1.4067107975293005
2,P0,shifted_antisym,0.09375,1.8400822630261246e-21,-1.4352233416650042
2,P0,shifted_antisym,0.09765625,4.4200656957312303e-21,-1.4636647149153219
2,P0,shifted_antisym,0.1015625,1.0537745652452716e-20,-1.4920314399928818
2,P0,shifted_antisym,0.10546875,2.4934128980801442e-20,-1.5203200307747691
2,P0,shifted_antisym,0.109375,5.8555567421561715e-20,-1.5485269927841132
2,P0,shifted_antisym,0.11328125,1.3648021191050302e-19,-1.5766488236762004
2,P0,shifted_antisym,0.1171875,3.157175215096067e-19,-1.6046820137290585
2,P0,shifted_antisym,0.12109375,7.2486175082637357e-19,-1.6326230463384392
2,P0,shifted_antisym,0.125,1.6517304869968255e-18,-1.6604683985171287
2,P0,shifted_antisym,0.12890625,3.7355167521385547e-18,-1.6882145413985208
2,P0,shifted_antisym,0.1328125,8.3847418124382827e-18,-1.7158579407443775
2,P0,shifted_antisym,0.13671875,1.8679110967594315e-17,-1.743395057456701
2,P0,shifted_antisym,0.140625,4.1300015289672859e-17,-1.770822348093646
2,P0,shifted_antisym,0.14453125,9.0629946789775427e-17,-1.7981362653893862
2,P0,shifted_antisym,0.1484375,1.9738799691541184e-16,-1.8253332587778648
2,P0,shifted_antisym,0.15234375,4.2667505878312113e-16,-1.8524097749203363
2,P0,shifted_antisym,0.15625,9.1537969867092237e-16,-1.8793622582366216
2,P0,shifted_antisym,0.16015625,1.9490940605998206e-15,-1.9061871514399906
2,P0,shifted_antisym,0.1640625,4.1190002852792576e-15,-1.9328808960755832
2,P0,shifted_antisym,0.16796875,8.6392958844188317e-15,-1.959439933062274
2,P0,shifted_antisym,0.171875,1.7984251892365118e-14,-1.985860703237895
2,P0,shifted_antisym,0.17578125,3.7156423786312395e-14,-2.0121396479077189
2,P0,shifted_antisym,0.1796875,7.6190871395185275e-14,-2.038273209396106
2,P0,shifted_antisym,0.18359375,1.5505989157954268e-13,-2.064257831601215
2,P0,shifted_antisym,0.1875,3.1320126940344218e-13,-2.0900899605526764
2,P0,shifted_antisym,0.19140625,6.2787769241005185e-13,-2.115766044972121
2,P0,shifted_antisym,0.1953125,1.2492636275967301e-12,-2.1412825368364512
2,P0,shifted_antisym,0.19921875,2.4669516630090306e-12,-2.1666358919437396
2,P0,shifted_antisym,0.203125,4.8349800540483933e-12,-2.1918225704816159
2,P0,shifted_antisym,0.20703125,9.4049444729256248e-12,-2.2168390375979854
2,P0,shifted_antisym,0.2109375,1.8157049898161589e-11,-2.2416817639738849
2,P0,shifted_antisym,0.21484375,3.4790593748258958e-11,-2.2663472263982118
2,P0,shifted_antisym,0.21875,6.6161584331476724e-11,-2.2908319083439261
2,P0,shifted_antisym,0.22265625,1.2487556165125411e-10,-2.3151323005451259
2,P0,shifted_antisym,0.2265625,2.3392493363492148e-10,-2.3392449015740224
2,P0,shifted_antisym,0.23046875,4.3491368920345624e-10,-2.3631662184161968
2,P0,shifted_antisym,0.234375,8.0252236166579349e-10,-2.3868927670414282
2,P0,shifted_antisym,0.23828125,1.4697338941341263e-09,-2.4104210729655646
2,P0,shifted_antisym,0.2421875,2.6714544846570174e-09,-2.4337476717958095
2,P0,shifted_antisym,0.24609375,4.8193043181609541e-09,-2.4568691097467346
2,P0,shifted_antisym,0.25,8.6287607015519634e-09,-2.4797819441060023
2,P0,shifted_antisym,0.25390625,1.5333454235614015e-08,-2.5024827436152295
2,P0,shifted_antisym,0.2578125,2.7043262262819924e-08,-2.5249680887097172
2,P0,shifted_antisym,0.26171875,4.7337537349279004e-08,-2.5472345715262312
2,P0,shifted_antisym,0.265625,8.2239364168889155e-08,-2.5692787955335668
2,P0,shifted_antisym,0.26953125,1.418016647040998e-07,-2.5910973745559076
2,P0,shifted_antisym,0.2734375,2.4266683007682645e-07,-2.6126869308282403
2,P0,shifted_antisym,0.27734375,4.1216110626370957e-07,-2.6340440915236307
2,P0,shifted_antisym,0.28125,6.9478606475014938e-07,-2.6551654828910856
2,P0,shifted_antisym,0.28515625,1.1624189834052608e-06,-2.6760477206930515
2,P0,shifted_antisym,0.2890625,1.9301976857953734e-06,-2.696687394967535
2,P0,shifted_antisym,0.29296875,3.1810345760375839e-06,-2.7170810461699482
2,P0,shifted_antisym,0.296875,5.2031038122652256e-06,-2.7372251283495252
2,P0,shifted_antisym,0.30078125,8.4466421378588978e-06,-2.7571159530170233
2,P0,shifted_antisym,0.3046875,1.3609218929287879e-05,-2.7767496045432951
2,P0,shifted_antisym,0.30859375,2.176255134350177e-05,-2.7961218140054358
2,P0,shifted_antisym,0.3125,3.453933082763415e-05,-2.8152277730037092
2,P0,shifted_antisym,0.31640625,5.4405841496855424e-05,-2.8340618616549582
2,P0,shifted_antisym,0.3203125,8.5055939682469672e-05,-2.852617255176173
2,P0,shifted_antisym,0.32421875,0.00013197487649000604,-2.8708853605567981
2,P0,shifted_antisym,0.328125,0.00020323822055213947,-2.8888550180417845
2,P0,shifted_antisym,0.33203125,0.00031063258132877524,-2.906511380705294
2,P0,shifted_antisym,0.3359375,0.00047121176996553249,-2.9238343584625559
2,P0,shifted_antisym,0.33984375,0.0007094352377660175,-2.940796479672847
2,P0,shifted_antisym,0.34375,0.0010600757133808563,-2.9573599834190496
2,P0,shifted_antisym,0.34765625,0.0015721302194076781,-2.9734729083085929
2,P0,shifted_antisym,0.3515625,0.0023140228813186533,-2.9890638894323862
2,P0,shifted_antisym,0.35546875,0.003380448192518321,-3.0040353148953214
2,P0,shifted_antisym,0.359375,0.0049012676839832363,-3.0182544290764772
2,P0,shifted_antisym,0.36328125,0.0070529379381401762,-3.0315419048126602
2,P0,shifted_antisym,0.3671875,0.010073008597839087,-3.0436573460068193
2,P0,shifted_antisym,0.37109375,0.014278278518517715,-3.0542811326710053
2,P0,shifted_antisym,0.375,0.020087227402176919,-3.0629919912082002
2,P0,shifted_antisym,0.37890625,0.028047337809366465,-3.0692396751387836
2,P0,shifted_antisym,0.3828125,0.038867874942849101,-3.0723121889087492
2,P0,shifted_antisym,0.38671875,0.053458583921265436,-3.0712970949898635
2,P0,shifted_antisym,0.390625,0.072974580386497442,-3.0650366282270225
2,P0,shifted_antisym,0.39453125,0.098867434462593357,-3.0520766170668026
2,P0,shifted_antisym,0.3984375,0.13294206646804357,-3.0306095927684202
2,P0,shifted_antisym,0.40234375,0.17741857553082613,-2.9984129648222808
2,P0,shifted_antisym,0.40625,0.23499750596951585,-2.9527837570053794
2,P0,shifted_antisym,0.41015625,0.30892632672933434,-2.8904721280696419
2,P0,shifted_antisym,0.4140625,0.40306407390315419,-2.8076167264094538
2,P0,shifted_antisym,0.41796875,0.52194021732534168,-2.6996858173042897
2,P0,shifted_antisym,0.421875,0.67080290739173531,-2.5614290264942046
2,P0,shifted_antisym,0.42578125,0.85565090244095665,-2.3868454000970134
2,P0,shifted_antisym,0.4296875,1.0832427510937079,-2.1691742073180977
2,P0,shifted_antisym,0.43359375,1.3610763021603254,-1.9009154147082328
2,P0,shifted_antisym,0.4375,1.6973314399657871,-1.5738869359449319
2,P0,shifted_antisym,0.44140625,2.1007691995899784,-1.1793255047802973
2,P0,shifted_antisym,0.4453125,2.5805812012298888,-0.70803723418042996
2,P0,shifted_antisym,0.44921875,3.1461847335814177,-0.1506025337884378
2,P0,shifted_antisym,0.453125,3.806960859991606,0.50236198654214603
2,P0,shifted_antisym,0.45703125,4.5719356225854808,1.2598847017068151
2,P0,shifted_antisym,0.4609375,5.4494077296377137,2.1302666305557887
2,P0,shifted_antisym,0.46484375,6.4465299198193629,3.1206627647391612
2,P0,shifted_antisym,0.46875,7.5688553283130382,4.236628395226032
2,P0,shifted_antisym,0.47265625,8.8198643958560723,5.4816459816864134
2,P0,shifted_antisym,0.4765625,10.200491869774549,6.8566521186320886
2,P0,shifted_antisym,0.48046875,11.708676914344295,8.3595876206375106
2,P0,shifted_antisym,0.484375,13.338961928101348,9.9849963287341943
2,P0,shifted_antisym,0.48828125,15.082167021142547,11.723699594282436
2,P0,shifted_antisym,0.4921875,16.925166942200448,13.562573231538803
2,P0,shifted_antisym,0.49609375,18.850795345368031,15.484451827957493
2,P0,shifted_antisym,0.5,20.837897538216829,17.468181550687312
2,P0,shifted_antisym,0.50390625,22.86154727644557,19.488837008832871
2,P0,shifted_antisym,0.5078125,24.893435932055496,21.518110491125665
2,P0,shifted_antisym,0.51171875,26.902433780500132,23.524873316135437
2,P0,shifted_antisym,0.515625,28.855313686837832,25.47589956679986
2,P0,shifted_antisym,0.51953125,30.717617698398016,27.33673270972276
2,P0,shifted_antisym,0.5234375,32.454637628201702,29.072666178657393
2,P0,shifted_antisym,0.52734375,34.032472326546333,30.649800617811032
2,P0,shifted_antisym,0.53125,35.419117649938173,32.036133795869858
2,P0,shifted_antisym,0.53515625,36.585540726026316,33.202634794579602
2,P0,shifted_antisym,0.5390625,37.506688421824691,34.124252387303379
2,P0,shifted_antisym,0.54296875,38.162381208718976,34.780808811193111
2,P0,shifted_antisym,0.546875,38.538047925701967,35.157734445293684
2,P0,shifted_antisym,0.55078125,38.625264088664466,35.246606052605316
2,P0,shifted_antisym,0.5546875,38.422065974570636,35.045460823097116
2,P0,shifted_antisym,0.55859375,37.933024127727833,34.558869869908406
2,P0,shifted_antisym,0.5625,37.16907244568214,33.797767337472976
2,P0,shifted_antisym,0.56640625,36.147101770198049,32.779044044241438
2,P0,shifted_antisym,0.5703125,34.88933907892482,31.524926749213972
2,P0,shifted_antisym,0.57421875,33.422544139134459,30.062174894540032
2,P0,shifted_antisym,0.578125,31.777064153740973,28.421135343754635
2,P0,shifted_antisym,0.58203125,29.985792977323598,26.634701682627039
2,P0,shifted_antisym,0.5859375,28.083084588320609,24.737227759313143
2,P0,shifted_antisym,0.58984375,26.103670580939294,22.763445220312036
2,P0,shifted_antisym,0.59375,24.081628619161179,20.747431980776415
2,P0,shifted_antisym,0.59765625,22.049443411789422,18.721673187828298
2,P0,shifted_antisym,0.6015625,20.037194324387265,16.716248795799043
2,P0,shifted_antisym,0.60546875,18.071894860386301,14.758172991505461
2,P0,shifted_antisym,0.609375,16.176999598742594,12.870901064610283
2,P0,shifted_antisym,0.61328125,14.372084450547645,11.074009593884155
2,P0,shifted_antisym,0.6171875,12.672696921775849,9.3830466445960035
2,P0,shifted_antisym,0.62109375,11.090364977552191,7.8095405791350698
2,P0,shifted_antisym,0.625,9.6327465000229733,6.3611494776426758
2,P0,shifted_antisym,0.62890625,8.3038964751341915,5.0419283062620854
2,P0,shifted_antisym,0.6328125,7.1046260402314179,3.8526879648112491
2,P0,shifted_antisym,0.63671875,6.0329263391295349,2.7914191582958594
2,P0,shifted_antisym,0.640625,5.0844306066425045,1.8537545104254554
2,P0,shifted_antisym,0.64453125,4.2528897883339267,1.0334442201330838
2,P0,shifted_antisym,0.6484375,3.5306399784740097,0.32282353908469408
2,P0,shifted_antisym,0.65234375,2.9090436847883487,-0.28674592584575609
2,P0,shifted_antisym,0.65625,2.3788910578643634,-0.80447495099905697
2,P0,shifted_antisym,0.66015625,1.9307514376206942,-1.2397951253877
2,P0,shifted_antisym,0.6640625,1.5552695965914283,-1.6020625926766738
2,P0,shifted_antisym,0.66796875,1.2434046861940287,-1.9003190995265926
2,P0,shifted_antisym,0.671875,0.98661296844034552,-2.1431092668196516
2,P0,shifted_antisym,0.67578125,0.77697785663604801,-2.3383505584721958
2,P0,shifted_antisym,0.6796875,0.60729256801588882,-2.4932506427375403
2,P0,shifted_antisym,0.68359375,0.471101831902841,-2.6142657001838012
2,P0,shifted_antisym,0.6875,0.36270965980206465,-2.7070926698987092
2,P0,shifted_antisym,0.69140625,0.2771602556642116,-2.7766883540334995
2,P0,shifted_antisym,0.6953125,0.21019882635467757,-2.8273086194880985
2,P0,shifted_antisym,0.69921875,0.15821844892080902,-2.8625615395047515
2,P0,shifted_antisym,0.703125,0.11819836271345316,-2.8854691069537477
2,P0,shifted_antisym,0.70703125,0.087638170152606429,-2.8985330357552019
2,P0,shifted_antisym,0.7109375,0.064491524574964959,-2.903801072512783
2,P0,shifted_antisym,0.71484375,0.04710201524423388,-2.9029311089519618
2,P0,shifted_antisym,0.71875,0.034143169641463494,-2.8972511757681554
2,P0,shifted_antisym,0.72265625,0.024563807504354565,-2.8878140840976432
2,P0,shifted_antisym,0.7265625,0.017539412296221402,-2.8754460495087573
2,P0,shifted_antisym,0.73046875,0.012429735614867774,-2.8607890834414968
2,P0,shifted_antisym,0.734375,0.0087425122082275333,-2.8443372747167714
2,P0,shifted_antisym,0.73828125,0.0061029260280772652,-2.8264673208303668
2,P0,shifted_antisym,0.7421875,0.004228316295613376,-2.8074638200847595
2,P0,shifted_antisym,0.74609375,0.0029075308403768286,-2.7875399172342172
2,P0,shifted_antisym,0.75,0.0019843062277899804,-2.7668539230060887
2,P0,shifted_antisym,0.75390625,0.0013440659008416155,-2.7455225161210226
2,P0,shifted_antisym,0.7578125,0.00090356610913208462,-2.7236310978811122
2,P0,shifted_antisym,0.76171875,0.00060287434810155777,-2.7012418144571404
2,P0,shifted_antisym,0.765625,0.00039922817167403226,-2.6783996988883851
2,P0,shifted_antisym,0.76953125,0.00026238744863981876,-2.6551373196297181
2,P0,shifted_antisym,0.7734375,0.00017115612116464396,-2.6314782595216126
2,P0,shifted_antisym,0.77734375,0.00011080754094005901,-2.6074396910681816
2,P0,shifted_antisym,0.78125,7.1198968312676859e-05,-2.5830342624205862
2,P0,shifted_antisym,0.78515625,4.5405199328602679e-05,-2.5582714641003186
2,P0,shifted_antisym,0.7890625,2.8738558117159366e-05,-2.5331586092358593
2,P0,shifted_antisym,0.79296875,1.8053103216774234e-05,-2.5077015294817011
2,P0,shifted_antisym,0.796875,1.1255537983941629e-05,-2.4819050641500651
2,P0,biphasic_common,-0.19921875,1.6202886434837142e-05,0.45306947776985651
2,P0,biphasic_common,-0.1953125,1.6202886434837142e-05,0.43580943949656914
2,P0,biphasic_common,-0.19140625,1.6202886434837139e-05,0.41847627593297299
2,P0,biphasic_common,-0.1875,1.6202886434837135e-05,0.40107151023856213
2,P0,biphasic_common,-0.18359375,1.6202886434837122e-05,0.38359668498149269
2,P0,biphasic_common,-0.1796875,1.6202886434837078e-05,0.3660533620246027
2,P0,biphasic_common,-0.17578125,1.6202886434836949e-05,0.34844312240699127
2,P0,biphasic_common,-0.171875,1.6202886434836566e-05,0.33076756622113423
2,P0,biphasic_common,-0.16796875,1.6202886434835472e-05,0.31302831248551377
2,P0,biphasic_common,-0.1640625,1.6202886434832378e-05,0.29522699901273675
2,P0,biphasic_common,-0.16015625,1.6202886434823749e-05,0.27736528227312218
2,P0,biphasic_common,-0.15625,1.6202886434800039e-05,0.25944483725373391
2,P0,biphasic_common,-0.15234375,1.6202886434735756e-05,0.24146735731283864
2,P0,biphasic_common,-0.1484375,1.6202886434563764e-05,0.22343455402976842
2,P0,biphasic_common,-0.14453125,1.6202886434109582e-05,0.2053481570501674
2,P0,biphasic_common,-0.140625,1.6202886432925629e-05,0.18720991392660169
2,P0,biphasic_common,-0.13671875,1.620288642987873e-05,0.16902158995451466
2,P0,biphasic_common,-0.1328125,1.620288642213711e-05,0.1507849680035056
2,P0,biphasic_common,-0.12890625,1.6202886402716054e-05,0.13250184834391932
2,P0,biphasic_common,-0.125,1.6202886354610644e-05,0.11417404846872303
2,P0,biphasic_common,-0.12109375,1.6202886236957591e-05,0.09580340291066114
2,P0,biphasic_common,-0.1171875,1.6202885952834998e-05,0.077391763054668106
2,P0,biphasic_common,-0.11328125,1.6202885275342435e-05,0.058940996945518798
2,P0,biphasic_common,-0.109375,1.6202883680194891e-05,0.040452989090675517
2,P0,biphasic_common,-0.10546875,1.6202879971723197e-05,0.021929640258262717
2,P0,biphasic_common,-0.1015625,1.6202871458652868e-05,0.0033728672700052975
2,P0,biphasic_common,-0.09765625,1.6202852162384577e-05,-0.015215397211213233
2,P0,biphasic_common,-0.09375,1.6202808975239914e-05,-0.033833204899939462
2,P0,biphasic_common,-0.08984375,1.6202713535884856e-05,-0.052478592114565181
2,P0,biphasic_common,-0.0859375,1.6202505283596517e-05,-0.071149580015173353
2,P0,biphasic_common,-0.08203125,1.6202056601759404e-05,-0.08984417486040619
2,P0,biphasic_common,-0.078125,1.6201102113733969e-05,-0.10856036829896998
2,P0,biphasic_common,-0.07421875,1.6199097261448084e-05,-0.12729613772712978
2,P0,biphasic_common,-0.0703125,1.6194939394906482e-05,-0.146049446773864
2,P0,biphasic_common,-0.06640625,1.6186425444672944e-05,-0.16481824603239792
2,P0,biphasic_common,-0.0625,1.6169212310680112e-05,-0.18360047426227877
2,P0,biphasic_common,-0.05859375,1.6134852346251513e-05,-0.20239406047721253
2,P0,biphasic_common,-0.0546875,1.6067134248546836e-05,-0.22119692767365784
2,P0,biphasic_common,-0.05078125,1.5935365875504507e-05,-0.2400069995481493
2,P0,biphasic_common,-0.046875,1.5682222351423911e-05,-0.25882221256681381
2,P0,biphasic_common,-0.04296875,1.5202084248623011e-05,-0.27764053745697281
2,P0,biphasic_common,-0.0390625,1.4302993733153427e-05,-0.29646001700397018
2,P0,biphasic_common,-0.03515625,1.2640835420717338e-05,-0.31527883158554371
2,P0,biphasic_common,-0.03125,9.6071780032488067e-06,-0.33409541108918805
2,P0,biphasic_common,-0.02734375,4.1410611178100484e-06,-0.35290862306744275
2,P0,biphasic_common,-0.0234375,-5.5819802134167209e-06,-0.37171808404911921
2,P0,biphasic_common,-0.01953125,-2.2655706815152037e-05,-0.3905246663459836
2,P0,biphasic_common,-0.015625,-5.2252803104565462e-05,-0.40933130972681231
2,P0,biphasic_common,-0.01171875,-0.00010290001422242729,-0.42814430001036485
2,P0,biphasic_common,-0.0078125,-0.00018845356887497769,-0.44697524968628222
2,P0,biphasic_common,-0.00390625,-0.00033110838833841816,-0.46584411423366312
2,P0,biphasic_common,0,-0.00056590387672436539,-0.48478370677740279
2,P0,biphasic_common,0.00390625,-0.00094735262530793634,-0.503846336745571
2,P0,biphasic_common,0.0078125,-0.0015590169383431366,-0.52311339606613516
2,P0,biphasic_common,0.01171875,-0.0025270874055217012,-0.54270894493779043
2,P0,biphasic_common,0.015625,-0.0040392656350119764,-0.5628185962989436
2,P0,biphasic_common,0.01953125,-0.0063704964729030993,-0.58371524078667392
2,P0,biphasic_common,0.0234375,-0.0099172960257137115,-0.60579335499016818
2,P0,biphasic_common,0.02734375,-0.015242526133426838,-0.62961374106142398
2,P0,biphasic_common,0.03125,-0.023132401223367832,-0.65596048314318178
2,P0,biphasic_common,0.03515625,-0.034667191025165842,-0.68591158702569377
2,P0,biphasic_common,0.0390625,-0.0513064030968114,-0.72092409438842142
2,P0,biphasic_common,0.04296875,-0.0749880932764629,-0.76293333205754754
2,P0,biphasic_common,0.046875,-0.10824027759131841,-0.81446428638077295
2,P0,biphasic_common,0.05078125,-0.1543001625737434,-0.87875083838897616
2,P0,biphasic_common,0.0546875,-0.21723409505915525,-0.95985577803533895
2,P0,biphasic_common,0.05859375,-0.30204787411106282,-1.0627812509807688
2,P0,biphasic_common,0.0625,-0.41477360214403658,-1.1935558141125466
2,P0,biphasic_common,0.06640625,-0.56251594852264919,-1.3592809560241101
2,P0,biphasic_common,0.0703125,-0.75343805724688506,-1.5681172788034101
2,P0,biphasic_common,0.07421875,-0.99666595664139856,-1.8291891474106161
2,P0,biphasic_common,0.078125,-1.3020908799935347,-2.152387154225623
2,P0,biphasic_common,0.08203125,-1.6800520050924033,-2.5480508469725636
2,P0,biphasic_common,0.0859375,-2.1408882476867555,-3.0265203115110775
2,P0,biphasic_common,0.08984375,-2.6943571120288423,-3.597554600383964
2,P0,biphasic_common,0.09375,-3.3489310366624871,-4.2696274759306743
2,P0,biphasic_common,0.09765625,-4.1109965204383352,-5.0491258308860338
2,P0,biphasic_common,0.1015625,-4.9839973950319765,-5.9394922719284438
2,P0,biphasic_common,0.10546875,-5.9675792593068149,-6.9403690244737231
2,P0,biphasic_common,0.109375,-7.056805274186158,-8.0468134968919678
2,P0,biphasic_common,0.11328125,-8.2415220476677806,-9.2486643376277122
2,P0,biphasic_common,0.1171875,-9.5059561683506697,-10.530138581557516
2,P0,biphasic_common,0.12109375,-10.828615491999816,-11.869733941882656
2,P0,biphasic_common,0.125,-12.182553765620451,-13.240494693994046
2,P0,biphasic_common,0.12890625,-13.53603286420393,-14.61067521536155
2,P0,biphasic_common,0.1328125,-14.853585297658336,-15.944803590861021
2,P0,biphasic_common,0.13671875,-16.097443381913962,-17.205111441822297
2,P0,biphasic_common,0.140625,-17.229264192187959,-18.353258925926738
2,P0,biphasic_common,0.14453125,-18.212045341742829,-19.352249888609251
2,P0,biphasic_common,0.1484375,-19.012100022146239,-20.168405670435838
2,P0,biphasic_common,0.15234375,-19.600944324875279,-20.773250785295573
2,P0,biphasic_common,0.15625,-19.956948252181949,-21.145162165660025
2,P0,biphasic_common,0.16015625,-20.066615072512757,-21.270646956048356
2,P0,biphasic_common,0.1640625,-19.925381035955901,-21.145141166859521
2,P0,biphasic_common,0.16796875,-19.537866402609026,-20.773260346460404
2,P0,biphasic_common,0.171875,-18.917555206058793,-20.168479763099928
2,P0,biphasic_common,0.17578125,-18.085930131326261,-19.352270394788729
2,P0,biphasic_common,0.1796875,-17.071134956153863,-18.352762961735213
2,P0,biphasic_common,0.18359375,-15.906275198718955,-17.203050342936319
2,P0,biphasic_common,0.1875,-14.62749399210565,-15.93926507199464
2,P0,biphasic_common,0.19140625,-13.271972365322966,-14.598580809247505
2,P0,biphasic_common,0.1953125,-11.876000450804531,-13.217284124389169
2,P0,biphasic_common,0.19921875,-10.473249847809463,-11.829046761235208
2,P0,biphasic_common,0.203125,-9.0933501663565295,-10.463501481752736
2,P0,biphasic_common,0.20703125,-7.7608384409830196,-9.1451903564717796
2,P0,biphasic_common,0.2109375,-6.4945129144022191,-7.8929172400086713
2,P0,biphasic_common,0.21484375,-5.307186825466875,-6.7195003129487105
2,P0,biphasic_common,0.21875,-4.2058068523745016,-5.6318895473981101
2,P0,biphasic_common,0.22265625,-3.1918773236080185,-4.6315903399132274
2,P0,biphasic_common,0.2265625,-2.262116587577728,-3.7153197437566612
2,P0,biphasic_common,0.23046875,-1.4092662007343248,-2.8758159161384307
2,P0,biphasic_common,0.234375,-0.62297598348298022,-2.1027237219441965
2,P0,biphasic_common,0.23828125,0.10930313720723482,-1.383488271964231
2,P0,biphasic_common,0.2421875,0.80147331147958345,-0.70420144076223457
2,P0,biphasic_common,0.24609375,1.4680303131434482,-0.050361911271432636
2,P0,biphasic_common,0.25,2.1234141145941363,0.59247499354483812
2,P0,biphasic_common,0.25390625,2.7814789189921716,1.238167147766903
2,P0,biphasic_common,0.2578125,3.4550804056097357,1.8995728689506843
2,P0,biphasic_common,0.26171875,4.1557694369509086,2.5882447771533674
2,P0,biphasic_common,0.265625,4.8935762560716292,3.3142142346511894
2,P0,biphasic_common,0.26953125,5.6768670068785125,4.0858481382688883
2,P0,biphasic_common,0.2734375,6.5122547142144809,4.9097601507384674
2,P0,biphasic_common,0.27734375,7.4045490012774628,5.7907606149544701
2,P0,biphasic_common,0.28125,8.3567321075574625,6.7318326988172643
2,P0,biphasic_common,0.28515625,9.3699525641231762,7.7341261278765572
2,P0,biphasic_common,0.2890625,10.443531656985948,8.7969636481624605
2,P0,biphasic_common,0.29296875,11.574981170849268,9.9178587291138989
2,P0,biphasic_common,0.296875,12.76003360030629,11.092545712384846
2,P0,biphasic_common,0.30078125,13.992687913495477,12.315025507829279
2,P0,biphasic_common,0.3046875,15.265275025972604,13.577631006300576
2,P0,biphasic_common,0.30859375,16.568547436986037,14.871116668362458
2,P0,biphasic_common,0.3125,17.891797093397461,16.184776356605401
2,P0,biphasic_common,0.31640625,19.223004603819799,17.506592533248803
2,P0,biphasic_common,0.3203125,20.549021565153961,18.823418582281203
2,P0,biphasic_common,0.32421875,21.855786124608002,20.121194375443384
2,P0,biphasic_common,0.328125,23.12857011534793,21.385193416476639
2,P0,biphasic_common,0.33203125,24.352254295818927,22.60029809056012
2,P0,biphasic_common,0.3359375,25.511626501774703,23.751297825725246
2,P0,biphasic_common,0.33984375,26.591695982852951,24.823203436722537
2,P0,biphasic_common,0.34375,27.578015924278276,25.801569651325895
2,P0,biphasic_common,0.34765625,28.457005215497762,26.67281688086366
2,P0,biphasic_common,0.3515625,29.216259970957822,27.424542740554497
2,P0,biphasic_common,0.35546875,29.844845165375173,28.045813682583983
2,P0,biphasic_common,0.359375,30.333557029040978,28.527427388123172
2,P0,biphasic_common,0.36328125,30.675147550300114,28.862137266077603
2,P0,biphasic_common,0.3671875,30.864503524868045,29.044831498797905
2,P0,biphasic_common,0.37109375,30.898774028671699,29.07266051189325
2,P0,biphasic_common,0.375,30.777441909063427,28.945108463320171
2,P0,biphasic_common,0.37890625,30.502336811200802,28.66400626872694
2,P0,biphasic_common,0.3828125,30.077589294593935,28.233485718111933
2,P0,biphasic_common,0.38671875,29.509527656134843,27.659876300048712
2,P0,biphasic_common,0.390625,28.806521066446294,26.951548340152957
2,P0,biphasic_common,0.39453125,27.978774456496733,26.118707890498452
2,P0,biphasic_common,0.3984375,27.038082180538417,25.173150395748991
2,P0,biphasic_common,0.40234375,25.997548762203824,24.12798144252886
2,P0,biphasic_common,0.40625,24.871285952356867,22.997313820322439
2,P0,biphasic_common,0.41015625,23.67409585836451,21.795950653295552
2,P0,biphasic_common,0.4140625,22.421150033360149,20.539064491392249
2,P0,biphasic_common,0.41796875,21.127674149521006,19.241881984583795
2,P0,biphasic_common,0.421875,19.808647249062119,17.919383133908038
2,P0,biphasic_common,0.42578125,18.478523614949644,16.586023161320494
2,P0,biphasic_common,0.4296875,17.150984088203725,15.255483825322907
2,P0,biphasic_common,0.43359375,15.838722247814811,13.940459598552891
2,P0,biphasic_common,0.4375,14.553269336067792,12.65248259033504
2,P0,biphasic_common,0.44140625,13.304860231154317,11.401788516305409
2,P0,biphasic_common,0.4453125,12.102341212363273,10.197224460634352
2,P0,biphasic_common,0.44921875,10.953118796555815,9.046197709771743
2,P0,biphasic_common,0.453125,9.8631476044056949,7.9546636163780722
2,P0,biphasic_common,0.45703125,8.8369540857973288,6.9271493229683134
2,P0,biphasic_common,0.4609375,7.8776920276323219,5.9668092685979364
2,P0,biphasic_common,0.46484375,6.9872251024099485,5.0755077369771335
2,P0,biphasic_common,0.46875,6.1662312974120779,4.2539232858097389
2,P0,biphasic_common,0.47265625,5.4143238850314077,3.5016697178149623
2,P0,biphasic_common,0.4765625,4.7301836370321446,2.8174282961049459
2,P0,biphasic_common,0.48046875,4.1116972230695819,2.1990861441066536
2,P0,biphasic_common,0.484375,3.5560971341173193,1.6438761705307461
2,P0,biphasic_common,0.48828125,3.0600989982066262,1.1485143866511183
2,P0,biphasic_common,0.4921875,2.6200327712060485,0.70933109849866183
2,P0,biphasic_common,0.49609375,2.2319649520174227,0.32239312324593028
2,P0,biphasic_common,0.5,1.8918096547495282,-0.016385137725545729
2,P0,biphasic_common,0.50390625,1.5954270392769343,-0.31114326770480227
2,P0,biphasic_common,0.5078125,1.338708230180079,-0.56598991548780697
2,P0,biphasic_common,0.51171875,1.1176464220513571,-0.78493169016432107
2,P0,biphasic_common,0.515625,0.92839436200115177,-0.97181567897758425
2,P0,biphasic_common,0.51953125,0.76730880903919407,-1.1302849885224
2,P0,biphasic_common,0.5234375,0.6309828912189358,-1.2637463883262954
2,P0,biphasic_common,0.52734375,0.5162675159956559,-1.3753489012938842
2,P0,biphasic_common,0.53125,0.42028314194634236,-1.4679720328010668
2,P0,biphasic_common,0.53515625,0.34042329854554759,-1.5442222516885136
2,P0,biphasic_common,0.5390625,0.27435125484410561,-1.6064363222628621
2,P0,biphasic_common,0.54296875,0.21999119861327662,-1.6566901257119708
2,P0,biphasic_common,0.546875,0.17551520618916616,-1.6968116906818711
2,P0,biphasic_common,0.55078125,0.13932717106543346,-1.7283972649628851
2,P0,biphasic_common,0.5546875,0.11004472669509414,-1.7528293928303373
2,P0,biphasic_common,0.55859375,0.086480055328925248,-1.7712961062273092
2,P0,biphasic_common,0.5625,0.067620328042036271,-1.7848104846585651
2,P0,biphasic_common,0.56640625,0.052608377909110576,-1.7942299818591065
2,P0,biphasic_common,0.5703125,0.040724073613568598,-1.8002750519768109
2,P0,biphasic_common,0.57421875,0.031366738214348523,-1.8035467305689705
2,P0,biphasic_common,0.578125,0.024038849637871545,-1.8045429338657848
2,P0,biphasic_common,0.58203125,0.018331166866904419,-1.8036733323460354
2,P0,biphasic_common,0.5859375,0.013909348973464086,-1.8012727314903634
2,P0,biphasic_common,0.58984375,0.010502072557065456,-1.7976129541590828
2,P0,biphasic_common,0.59375,0.0078906057210108207,-1.7929132664660319
2,P0,biphasic_common,0.59765625,0.0058997619966166094,-1.7873494237392
2,P0,biphasic_common,0.6015625,0.0043901339437107086,-1.7810614368376445
2,P0,biphasic_common,0.60546875,0.0032514917686448379,-1.7741601734793004
2,P0,biphasic_common,0.609375,0.0023972254832159566,-1.7667329160508043
2,P0,biphasic_common,0.61328125,0.0017597082528735656,-1.7588479982448915
2,P0,biphasic_common,0.6171875,0.0012864621758026063,-1.7505586392777031
2,P0,biphasic_common,0.62109375,0.00093701450485305965,-1.7419060876683274
2,P0,biphasic_common,0.625,0.00068034117844028349,-1.7329221777095665
2,P0,biphasic_common,0.62890625,0.00049280456895097694,-1.7236313917172854
2,P0,biphasic_common,0.6328125,0.00035650288018451303,-1.7140525106238016
2,P0,biphasic_common,0.63671875,0.00025795909205580925,-1.7041999250149447
2,P0,biphasic_common,0.640625,0.00018708737388237664,-1.6940846686882582
2,P0,biphasic_common,0.64453125,0.00013638420628274309,-1.6837152274917995
2,P0,biphasic_common,0.6484375,0.00010029990860766146,-1.6730981677467409
2,P0,biphasic_common,0.65234375,7.4753787960984825e-05,-1.6622386210382532
2,P0,biphasic_common,0.65625,5.6762692951252338e-05,-1.651140655592386
2,P0,biphasic_common,0.66015625,4.4158400481590232e-05,-1.6398075588116416
2,P0,biphasic_common,0.6640625,3.5374047242940676e-05,-1.6282420507586974
2,P0,biphasic_common,0.66796875,2.9283817511470138e-05,-1.61644644437771
2,P0,biphasic_common,0.671875,2.5083402911200521e-05,-1.6044227649385459
2,P0,biphasic_common,0.67578125,2.2201447869654398e-05,-1.5921728384911025
2,P0,biphasic_common,0.6796875,2.0234373934128426e-05,-1.5796983569372891
2,P0,biphasic_common,0.68359375,1.8898718555567818e-05,-1.5670009255856825
2,P0,biphasic_common,0.6875,1.7996503343544012e-05,-1.5540820976743253
2,P0,biphasic_common,0.69140625,1.7390228501908063e-05,-1.5409433992653234
2,P0,biphasic_common,0.6953125,1.6984930708217481e-05,-1.5275863470742408
2,P0,biphasic_common,0.69921875,1.6715389119996775e-05,-1.5140124611497803
2,P0,biphasic_common,0.703125,1.653705859787187e-05,-1.5002232738247723
2,P0,biphasic_common,0.70703125,1.6419683657437434e-05,-1.4862203359850157
2,P0,biphasic_common,0.7109375,1.6342827919850485e-05,-1.4720052214212389
2,P0,biphasic_common,0.71484375,1.6292763433649295e-05,-1.4575795298198089
2,P0,biphasic_common,0.71875,1.6260319231614166e-05,-1.4429448887928173
2,P0,biphasic_common,0.72265625,1.6239402223810114e-05,-1.4281029552344333
2,P0,biphasic_common,0.7265625,1.6225986368434455e-05,-1.4130554162075839
2,P0,biphasic_common,0.73046875,1.6217425955669815e-05,-1.3978039895051233
2,P0,biphasic_common,0.734375,1.6211991829538192e-05,-1.3823504239866664
2,P0,biphasic_common,0.73828125,1.6208560009551035e-05,-1.3666964997616482
2,P0,biphasic_common,0.7421875,1.6206403853795631e-05,-1.3508440282674878
2,P0,biphasic_common,0.74609375,1.6205056140095239e-05,-1.3347948522765045
2,P0,biphasic_common,0.75,1.6204218074440053e-05,-1.3185508458546344
2,P0,biphasic_common,0.75390625,1.6203699606026886e-05,-1.3021139142875997
2,P0,biphasic_common,0.7578125,1.6203380502675243e-05,-1.2854859939851284
2,P0,biphasic_common,0.76171875,1.6203185110959364e-05,-1.2686690523703641
2,P0,biphasic_common,0.765625,1.6203066083398669e-05,-1.2516650877592328
2,P0,biphasic_common,0.76953125,1.6202993946679402e-05,-1.2344761292329567
2,P0,biphasic_common,0.7734375,1.620295045225945e-05,-1.2171042365058411
2,P0,biphasic_common,0.77734375,1.6202924361914907e-05,-1.1995514997897403
2,P0,biphasic_common,0.78125,1.6202908791650483e-05,-1.1818200396561385
2,P0,biphasic_common,0.78515625,1.620289954716318e-05,-1.1639120068964921
2,P0,biphasic_common,0.7890625,1.6202894086554113e-05,-1.1458295823812428
2,P0,biphasic_common,0.79296875,1.6202890877541109e-05,-1.1275749769178107
2,P0,biphasic_common,0.796875,1.6202889001360217e-05,-1.109150431107778
2,P0,oscillatory,-0.19921875,0.0027719144657830192,0.0027728790229175496
2,P0,oscillatory,-0.1953125,0.0027730016771072602,0.0027739506747420594
2,P0,oscillatory,-0.19140625,0.0027733313357999993,0.0027742652653332846
2,P0,oscillatory,-0.1875,0.0027724719705807658,0.0027733916144034661
2,P0,oscillatory,-0.18359375,0.0027699129249758344,0.0027708193830313734
2,P0,oscillatory,-0.1796875,0.0027650848349443525,0.0027659795245517649
2,P0,oscillatory,-0.17578125,0.0027573968471520513,0.0027582814651771819
2,P0,oscillatory,-0.171875,0.0027462941385207004,0.0027471705752073394
2,P0,oscillatory,-0.16796875,0.0027313385660691718,0.0027322087614882569
2,P0,oscillatory,-0.1640625,0.0027123138808012102,0.0027131796182881039
2,P0,oscillatory,-0.16015625,0.0026893547512783357,0.0026902173876597792
2,P0,oscillatory,-0.15625,0.0026630957705728792,0.002663955910530156
2,P0,oscillatory,-0.15234375,0.0026348326390130605,0.0026356897704470396
2,P0,oscillatory,-0.1484375,0.002606682895147519,0.0026075350134638093
2,P0,oscillatory,-0.14453125,0.0025817281072991788,0.0025825713683205443
2,P0,oscillatory,-0.140625,0.0025641136941452654,0.0025649421467023449
2,P0,oscillatory,-0.13671875,0.002559077051543518,0.0025598825101394202
2,P0,oscillatory,-0.1328125,0.002572870151932478,0.0025736422753588196
2,P0,oscillatory,-0.12890625,0.0026125401630071299,0.0026132668043628224
2,P0,oscillatory,-0.125,0.0026855319660347289,0.0026861998512299847
2,P0,oscillatory,-0.12109375,0.0027990808917201428,0.0027996766654736637
2,P0,oscillatory,-0.1171875,0.0029593736750819955,0.0029598853244613894
2,P0,oscillatory,-0.11328125,0.0031704715607636692,0.0031708901862315293
2,P0,oscillatory,-0.109375,0.0034330123577216158,0.0034333342114622285
2,P0,oscillatory,-0.10546875,0.0037427382341291993,0.0037429668877465342
2,P0,oscillatory,-0.1015625,0.0040889326319736999,0.004089081074843447
2,P0,oscillatory,-0.09765625,0.004452891417682436,0.0044529838294913478
2,P0,oscillatory,-0.09375,0.0048065977231051774,0.0048066706172339583
2,P0,oscillatory,-0.08984375,0.0051118131063833689,0.0051119155137955806
2,P0,oscillatory,-0.0859375,0.0053198346695501192,0.0053200270352223942
2,P0,oscillatory,-0.08203125,0.0053721924681206703,0.0053725439727379826
2,P0,oscillatory,-0.078125,0.0052025669285398757,0.0052031510343451132
2,P0,oscillatory,-0.07421875,0.0047401846318093528,0.0047410727870977262
2,P0,oscillatory,-0.0703125,0.0039148955520339852,0.0039161491731289763
2,P0,oscillatory,-0.06640625,0.0026640395832483914,0.002665700659234676
2,P0,oscillatory,-0.0625,0.00094107099291200935,0.00094315191335537498
2,P0,oscillatory,-0.05859375,-0.0012742743999822298,-0.0012718009315362683
2,P0,oscillatory,-0.0546875,-0.0039647093210066486,-0.0039619191826559211
2,P0,oscillatory,-0.05078125,-0.007063719031579126,-0.0070607430941459874
2,P0,oscillatory,-0.046875,-0.010444448911032231,-0.010441475572853447
2,P0,oscillatory,-0.04296875,-0.013910392848271658,-0.013907665330868034
2,P0,oscillatory,-0.0390625,-0.017189353190822806,-0.0171871604205063
2,P0,oscillatory,-0.03515625,-0.019932308583925851,-0.019930968853612747
2,P0,oscillatory,-0.03125,-0.021718886011945097,-0.021718723175528087
2,P0,oscillatory,-0.02734375,-0.022071049084903611,-0.022072361771371916
2,P0,oscillatory,-0.0234375,-0.020476350115473541,-0.020479375326001553
2,P0,oscillatory,-0.01953125,-0.016421619941965202,-0.016426493349448072
2,P0,oscillatory,-0.015625,-0.0094372700360981776,-0.0094439862572558569
2,P0,oscillatory,-0.01171875,0.00084854320010522145,0.00084016625197865609
2,P0,oscillatory,-0.0078125,0.014647769019249971,0.014638116988823485
2,P0,oscillatory,-0.00390625,0.031945485001166798,0.031935160195765033
2,P0,oscillatory,0,0.052432604343293811,0.052422420359664684
2,P0,oscillatory,0.00390625,0.075444103803418761,0.075435057741447084
2,P0,oscillatory,0.0078125,0.099909766580296572,0.0999029863133514
2,P0,oscillatory,0.01171875,0.12432527353074863,0.1243219395098763
2,P0,oscillatory,0.015625,0.14675183136908751,0.1467530749698128
2,P0,oscillatory,0.01953125,0.16485223550755837,0.16485901882847953
2,P0,oscillatory,0.0234375,0.17597018434626061,0.1759831694064225
2,P0,oscillatory,0.02734375,0.17725768492001581,0.1772771030785748
2,P0,oscillatory,0.03125,0.16585246782482871,0.16587800261484864
2,P0,oscillatory,0.03515625,0.13910348938977032,0.1391341874515177
2,P0,oscillatory,0.0390625,0.094837960572643459,0.094872185641327822
2,P0,oscillatory,0.04296875,0.031658127895686228,0.031693571555374431
2,P0,oscillatory,0.046875,-0.050749428159174208,-0.050715668183086038
2,P0,oscillatory,0.05078125,-0.15131448633051589,-0.1512857542389188
2,P0,oscillatory,0.0546875,-0.26732095195055194,-0.26730080845336995
2,P0,oscillatory,0.05859375,-0.39421208313855827,-0.39420401420067747
2,P0,oscillatory,0.0625,-0.52549500573187435,-0.52550208130787757
2,P0,oscillatory,0.06640625,-0.65277538713739491,-0.65279989384837955
2,P0,oscillatory,0.0703125,-0.76594932209127697,-0.76599240100484178
2,P0,oscillatory,0.07421875,-0.85357251477029517,-0.85363384079709459
2,P0,oscillatory,0.078125,-0.90341664748552308,-0.90349418949290694
2,P0,oscillatory,0.08203125,-0.90320960467116973,-0.90329950445698792
2,P0,oscillatory,0.0859375,-0.84154048155477623,-0.84163708478320565
2,P0,oscillatory,0.08984375,-0.70889288750878166,-0.7089889503876835
2,P0,oscillatory,0.09375,-0.49875211052594498,-0.49883919262828863
2,P0,oscillatory,0.09765625,-0.20871467382745676,-0.20878371072661292
2,P0,oscillatory,0.1015625,0.1584856784885311,0.15844364801281391
2,P0,oscillatory,0.10546875,0.59413175700775345,0.59412475392507869
2,P0,oscillatory,0.109375,1.0829569336582101,1.0829911546738842
2,P0,oscillatory,0.11328125,1.6029567046494295,1.6030356687770746
2,P0,oscillatory,0.1171875,2.1256634616616101,2.1257872741094923
2,P0,oscillatory,0.12109375,2.6169493550717249,2.6171141770224629
2,P0,oscillatory,0.125,3.0383923861699658,3.0385901922561773
2,P0,oscillatory,0.12890625,3.3492030470109055,3.3494217362848282
2,P0,oscillatory,0.1328125,3.508664689581571,3.5088885908276093
2,P0,oscillatory,0.13671875,3.4789929363410916,3.4792037159494931
2,P0,oscillatory,0.140625,3.2284711714694998,3.2286491140245217
2,P0,oscillatory,0.14453125,2.7346743787387142,2.7347999701064754
2,P0,oscillatory,0.1484375,1.9875565439273823,1.987612247758396
2,P0,oscillatory,0.15234375,0.99215175050125426,0.99212383584804253
2,P0,oscillatory,0.15625,-0.22937015782510081,-0.22948990351529158
2,P0,oscillatory,0.16015625,-1.6365427656733422,-1.6367556139600274
2,P0,oscillatory,0.1640625,-3.1705558669443992,-3.1708551858692702
2,P0,oscillatory,0.16796875,-4.7554883866587572,-4.7558592843904259
2,P0,oscillatory,0.171875,-6.3009154454041907,-6.3013351253338641
2,P0,oscillatory,0.17578125,-7.7058936736829038,-7.7063325502829816
2,P0,oscillatory,0.1796875,-8.8642264851396337,-8.8646500426501582
2,P0,oscillatory,0.18359375,-9.6708026268533178,-9.6711739298153532
2,P0,oscillatory,0.1875,-10.028694783979487,-10.028977476475673
2,P0,oscillatory,0.19140625,-9.8566090035314957,-9.8567705700444019
2,P0,oscillatory,0.1953125,-9.0961991042733086,-9.096214116592046
2,P0,oscillatory,0.19921875,-7.718711428899498,-7.7185644769271393
2,P0,oscillatory,0.203125,-5.7304113673189869,-5.7300993718060917
2,P0,oscillatory,0.20703125,-3.1762691172595154,-3.1758027520137477
2,P0,oscillatory,0.2109375,-0.14145056838569137,-0.14085457824902875
2,P0,oscillatory,0.21484375,3.2497307374862854,3.2504184517592045
2,P0,oscillatory,0.21875,6.8375970673514814,6.8383276212864859
2,P0,oscillatory,0.22265625,10.433644439766644,10.434361302077404
2,P0,oscillatory,0.2265625,13.829657534875597,13.830300819479525
2,P0,oscillatory,0.23046875,16.809021663250128,16.809533060109349
2,P0,oscillatory,0.234375,19.159658711185934,19.15998665494207
2,P0,oscillatory,0.23828125,20.68784570802972,20.687950330627746
2,P0,oscillatory,0.2421875,21.232046388825392,21.231903789120519
2,P0,oscillatory,0.24609375,20.675811083362383,20.675416477258647
2,P0,oscillatory,0.25,18.958788578898204,18.958157967973619
2,P0,oscillatory,0.25390625,16.084951230578923,16.084121341119975
2,P0,oscillatory,0.2578125,12.127262498335282,12.126288887699973
2,P0,oscillatory,0.26171875,7.2282098013803928,7.2271631924545847
2,P0,oscillatory,0.265625,1.5958751605801273,1.5948362329728718
2,P0,oscillatory,0.26953125,-4.5044934456473298,-4.5054404232027911
2,P0,oscillatory,0.2734375,-10.76313492622875,-10.763909109854684
2,P0,oscillatory,0.27734375,-16.842065253580763,-16.842596286037612
2,P0,oscillatory,0.28125,-22.394130091762342,-22.394364579566954
2,P0,oscillatory,0.28515625,-27.083703681602884,-27.083610479232753
2,P0,oscillatory,0.2890625,-30.607743748900948,-30.607317524524447
2,P0,oscillatory,0.29296875,-32.715821919339064,-32.715084612270829
2,P0,oscillatory,0.296875,-33.227753452912147,-33.226753410954487
2,P0,oscillatory,0.30078125,-32.047553148416206,-32.046361937941938
2,P0,oscillatory,0.3046875,-29.172642720770838,-29.171349815141866
2,P0,oscillatory,0.30859375,-24.697518079139101,-24.696223831689014
2,P0,oscillatory,0.3125,-18.811435092367962,-18.810242569072852
2,P0,oscillatory,0.31640625,-11.790066215160453,-11.789072582149082
2,P0,oscillatory,0.3203125,-3.981490235532481,-3.9807784549070875
2,P0,oscillatory,0.32421875,4.2127262275191315,4.213094650605238
2,P0,oscillatory,0.328125,12.360243443407034,12.360233999424862
2,P0,oscillatory,0.33203125,20.023063993101054,20.022672472790756
2,P0,oscillatory,0.3359375,26.783462124853095,26.782715364047068
2,P0,oscillatory,0.33984375,32.269057030462136,32.268010996446741
2,P0,oscillatory,0.34375,36.17539273610052,36.174128096074185
2,P0,oscillatory,0.34765625,38.2845352695903,38.283150810465422
2,P0,oscillatory,0.3515625,38.478451626004436,38.477056091216433
2,P0,oscillatory,0.35546875,36.746277377998197,36.744980432309916
2,P0,oscillatory,0.359375,33.184986360010924,33.183889473552412
2,P0,oscillatory,0.36328125,27.99341754309885,27.992605593322395
2,P0,oscillatory,0.3671875,21.460059146331979,21.459593470471155
2,P0,oscillatory,0.37109375,13.945406087585544,13.945319584961366
2,P0,oscillatory,0.375,5.8600641769755653,5.8603588729203251
2,P0,oscillatory,0.37890625,-2.3599523575023369,-2.3593050982456032
2,P0,oscillatory,0.3828125,-10.279113255487029,-10.278169916938134
2,P0,oscillatory,0.38671875,-17.487781669694087,-17.486621456758566
2,P0,oscillatory,0.390625,-23.625528236880665,-23.624246115970884
2,P0,oscillatory,0.39453125,-28.400908022303181,-28.399606569552965
2,P0,oscillatory,0.3984375,-31.606525221392452,-31.605306010873242
2,P0,oscillatory,0.40234375,-33.128551958860676,-33.127507247789737
2,P0,oscillatory,0.40625,-32.950257609979552,-32.94946303298947
2,P0,oscillatory,0.41015625,-31.149514649616684,-31.149023525608175
2,P0,oscillatory,0.4140625,-27.89064634195357,-27.89048603667473
2,P0,oscillatory,0.41796875,-23.411342498906972,-23.411513090596763
2,P0,oscillatory,0.421875,-18.005667682625504,-18.006142966117174
2,P0,oscillatory,0.42578125,-12.004402706055533,-12.00513336286282
2,P0,oscillatory,0.4296875,-5.7540829110692853,-5.7550014883071876
2,P0,oscillatory,0.43359375,0.40387932234874169,0.40285212658995889
2,P0,oscillatory,0.4375,6.1526724080898463,6.1516207492163995
2,P0,oscillatory,0.44140625,11.217006745121463,11.216012558720182
2,P0,oscillatory,0.4453125,15.376551686006652,15.375688146539352
2,P0,oscillatory,0.44921875,18.475241157209048,18.474567202100047
2,P0,oscillatory,0.453125,20.426109717921864,20.425666049807255
2,P0,oscillatory,0.45703125,21.211634762160429,21.211441590594379
2,P0,oscillatory,0.4609375,20.879857012630026,20.879913629772055
2,P0,oscillatory,0.46484375,19.536810557561711,19.537096676469325
2,P0,oscillatory,0.46875,17.335999533237924,17.336478167546822
2,P0,oscillatory,0.47265625,14.465800156242178,14.466421699031905
2,P0,oscillatory,0.4765625,11.135738584421958,11.136445661262549
2,P0,oscillatory,0.48046875,7.5625969375643693,7.5633295692833267
2,P0,oscillatory,0.484375,3.9572367475471979,3.9579373629177379
2,P0,oscillatory,0.48828125,0.51291050520958603,0.51352838913109145
2,P0,oscillatory,0.4921875,-2.604329467492688,-2.6038346256572766
2,P0,oscillatory,0.49609375,-5.2627050392014336,-5.262360729291049
2,P0,oscillatory,0.5,-7.3690511942150758,-7.3688709170323667
2,P0,oscillatory,0.50390625,-8.8704007437142831,-8.8703840895767883
2,P0,oscillatory,0.5078125,-9.7529779226418629,-9.7531117874728004
2,P0,oscillatory,0.51171875,-10.038918213758286,-10.039178954041505
2,P0,oscillatory,0.515625,-9.7811497481353751,-9.781506011751576
2,P0,oscillatory,0.51953125,-9.0569485467865594,-9.0573644812754797
2,P0,oscillatory,0.5234375,-7.9607142837048563,-7.9611528175811079
2,P0,oscillatory,0.52734375,-6.5965069863692287,-6.5969329006719564
2,P0,oscillatory,0.53125,-5.0708427421673239,-5.0712252939979949
2,P0,oscillatory,0.53515625,-3.4861747987888236,-3.4864897200127807
2,P0,oscillatory,0.5390625,-1.9353936118037356,-1.9356243772026189
2,P0,oscillatory,0.54296875,-0.49757424671744527,-0.49771257931236385
2,P0,oscillatory,0.546875,0.76490914023689849,0.76486349008077081
2,P0,oscillatory,0.55078125,1.8078861845185878,1.8079262910047478
2,P0,oscillatory,0.5546875,2.6055878404233384,2.6057009459827891
2,P0,oscillatory,0.55859375,3.1496921512200298,3.1498613355370892
2,P0,oscillatory,0.5625,3.4474282749070433,3.4476342734057353
2,P0,oscillatory,0.56640625,3.5189837661197418,3.5192067689892159
2,P0,oscillatory,0.5703125,3.3944738986246863,3.3946951824879155
2,P0,oscillatory,0.57421875,3.1107261307813614,3.1109294066916222
2,P0,oscillatory,0.578125,2.7081106021895258,2.7082830017157753
2,P0,oscillatory,0.58203125,2.2276125608067772,2.2277452223582386
2,P0,oscillatory,0.5859375,1.7082990482278195,1.7083873045692266
2,P0,oscillatory,0.58984375,1.1852842713507343,1.1853274731875334
2,P0,oscillatory,0.59375,0.68824985074023526,0.6882508878715371
2,P0,oscillatory,0.59765625,0.2405310200276061,0.24049561941126429
2,P0,oscillatory,0.6015625,-0.1412593988854883,-0.14132351021046879
2,P0,oscillatory,0.60546875,-0.44712888041622101,-0.44721285981597275
2,P0,oscillatory,0.609375,-0.67320717253986206,-0.67330191378644599
2,P0,oscillatory,0.61328125,-0.82094806637104256,-0.82104495300756308
2,P0,oscillatory,0.6171875,-0.89613143475921664,-0.89622294629550114
2,P0,oscillatory,0.62109375,-0.90776311312703706,-0.90784325491307993
2,P0,oscillatory,0.625,-0.86696102781345341,-0.86702557460657759
2,P0,oscillatory,0.62890625,-0.78590219772177061,-0.78594875824107191
2,P0,oscillatory,0.6328125,-0.67688857252952339,-0.67691649641069473
2,P0,oscillatory,0.63671875,-0.55157178646863814,-0.5515819451983216
2,P0,oscillatory,0.640625,-0.42035928033573444,-0.42035375963877969
2,P0,oscillatory,0.64453125,-0.29200809151793738,-0.29198983441155341
2,P0,oscillatory,0.6484375,-0.17339883556601138,-0.17337127336036592
2,P0,oscillatory,0.65234375,-0.069471577785217592,-0.069438281440589222
2,P0,oscillatory,0.65625,0.016702322451780053,0.016737945113354306
2,P0,oscillatory,0.66015625,0.08374274209772152,0.083777685844888691
2,P0,oscillatory,0.6640625,0.13170954615286157,0.13174137521159093
2,P0,oscillatory,0.66796875,0.16180840137139049,0.16183534213628503
2,P0,oscillatory,0.671875,0.17608151551092927,0.17610248006994936
2,P0,oscillatory,0.67578125,0.17710679963757439,0.17712135008498581
2,P0,oscillatory,0.6796875,0.16772377322137944,0.16773204002200653
2,P0,oscillatory,0.68359375,0.15079907143942337,0.15080164067918933
2,P0,oscillatory,0.6875,0.12903912100893092,0.12903690537928991
2,P0,oscillatory,0.69140625,0.10485277599365998,0.10484688308212967
2,P0,oscillatory,0.6953125,0.08026269261859123,0.080254301854881846
2,P0,oscillatory,0.69921875,0.056861111632949823,0.056851368436441452
2,P0,oscillatory,0.703125,0.035803552592062853,0.035793485235066688
2,P0,oscillatory,0.70703125,0.017832671319205583,0.017823133071684143
2,P0,oscillatory,0.7109375,0.0033240934211915102,0.0033157299223794054
2,P0,oscillatory,0.71484375,-0.0076537246246419031,-0.0076604849432876168
2,P0,oscillatory,0.71875,-0.015272799639684226,-0.015277735783937808
2,P0,oscillatory,0.72265625,-0.019878176754346812,-0.019881250665915614
2,P0,oscillatory,0.7265625,-0.021924518952742032,-0.021925841229806186
2,P0,oscillatory,0.73046875,-0.021920156420736629,-0.021919947054046113
2,P0,oscillatory,0.734375,-0.020380718613929451,-0.020379266990070952
2,P0,oscillatory,0.73828125,-0.01779330952275171,-0.017790937145047755
2,P0,oscillatory,0.7421875,-0.014591218887721961,-0.014588247327972339
2,P0,oscillatory,0.74609375,-0.011138416963448139,-0.011135142594970051
2,P0,oscillatory,0.75,-0.007722562533409685,-0.007719238698056444
2,P0,oscillatory,0.75390625,-0.0045549495573395122,-0.0045517760524591937
2,P0,oscillatory,0.7578125,-0.0017757002371440139,-0.001772819413330331
2,P0,oscillatory,0.76171875,0.00053745351857026813,0.00053995516502853766
2,P0,oscillatory,0.765625,0.002358310697869583,0.0023603967766964648
2,P0,oscillatory,0.76953125,0.0037005515166839576,0.0037022272367260396
2,P0,oscillatory,0.7734375,0.0046063219431452061,0.0046076241685996154
2,P0,oscillatory,0.77734375,0.0051358029426855538,0.0051367899607052542
2,P0,oscillatory,0.78125,0.0053582536192536695,0.0053589955328066791
2,P0,oscillatory,0.78515625,0.005344785345366811,0.0053453557442795195
2,P0,oscillatory,0.7890625,0.0051629314867137691,0.0051634007914470514
2,P0,oscillatory,0.79296875,0.0048729291350633136,0.0048733597743085251
2,P0,oscillatory,0.796875,0.0045255254489743194,0.0045259688386490495
2,P0,slow_common,-0.19921875,-1.5656792343663044,0.71196737430130863
2,P0,slow_common,-0.1953125,-1.5356181731963043,0.65140028803059113
2,P0,slow_common,-0.19140625,-1.5042265405281641,0.5920317201790688
2,P0,slow_common,-0.1875,-1.4714571041820717,0.53391699147196281
2,P0,slow_common,-0.18359375,-1.4372615785854108,0.47711253384376917
2,P0,slow_common,-0.1796875,-1.4015906340675801,0.42167588032541037
2,P0,slow_common,-0.17578125,-1.3643939083081791,0.36766565276463758
2,P0,slow_common,-0.171875,-1.3256200200242327,0.31514154729408883
2,P0,slow_common,-0.16796875,-1.2852165849812931,0.26416431746222546
2,P0,slow_common,-0.1640625,-1.2431302344122588,0.21479575494340164
2,P0,slow_common,-0.16015625,-1.1993066359264146,0.16709866774463755
2,P0,slow_common,-0.15625,-1.1536905169895941,0.12113685582827394
2,P0,slow_common,-0.15234375,-1.1062256910545263,0.076975084071550626
2,P0,slow_common,-0.1484375,-1.0568550864182238,0.034679052486339401
2,P0,slow_common,-0.14453125,-1.0055207778807904,-0.00568463637527028
2,P0,slow_common,-0.140625,-0.95216402127728994,-0.044048512901043502
2,P0,slow_common,-0.13671875,-0.89672529095115516,-0.080344278852729545
2,P0,slow_common,-0.1328125,-0.83914432023421726,-0.11450284881922634
2,P0,slow_common,-0.12890625,-0.77936014499471429,-0.14645439474999744
2,P0,slow_common,-0.125,-0.71731115031047676,-0.17612839362587795
2,P0,slow_common,-0.12109375,-0.65293512032016032,-0.20345367831997319
2,P0,slow_common,-0.1171875,-0.5861692913005554,-0.22835849169658839
2,P0,slow_common,-0.11328125,-0.5169504080129439,-0.25077054399104526
2,P0,slow_common,-0.109375,-0.44521478335603404,-0.27061707350776576
2,P0,slow_common,-0.10546875,-0.37089836135721144,-0.28782491066823557
2,P0,slow_common,-0.1015625,-0.29393678352771158,-0.30232054543435272
2,P0,slow_common,-0.09765625,-0.21426545860090451,-0.31403019812617217
2,P0,slow_common,-0.09375,-0.13181963566604926,-0.322879893646288
2,P0,slow_common,-0.08984375,-0.046534480702773884,-0.32879553911597892
2,P0,slow_common,-0.0859375,0.041654843485861459,-0.33170300492079186
2,P0,slow_common,-0.08203125,0.13281309395169227,-0.33152820915548542
2,P0,slow_common,-0.078125,0.22700486090909777,-0.32819720545021713
2,P0,slow_common,-0.07421875,0.3242944776983121,-0.32163627415148799
2,P0,slow_common,-0.0703125,0.42474592743935924,-0.31177201682273914
2,P0,slow_common,-0.06640625,0.5284227464204192,-0.298531454020595
2,P0,slow_common,-0.0625,0.63538792427367685,-0.28184212629360239
2,P0,slow_common,-0.05859375,0.74570380100095202,-0.261632198340914
2,P0,slow_common,-0.0546875,0.85943196092118557,-0.23783056625874988
2,P0,slow_common,-0.05078125,0.97663312362150156,-0.21036696779269182
2,P0,slow_common,-0.046875,1.0973670320036444,-0.17917209550384072
2,P0,slow_common,-0.04296875,1.2216923375277631,-0.14417771274673274
2,P0,slow_common,-0.0390625,1.3496664827656777,-0.10531677234662329
2,P0,slow_common,-0.03515625,1.481345581386269,-0.062523537853356181
2,P0,slow_common,-0.03125,1.6167842957060983,-0.015733707238533512
2,P0,slow_common,-0.02734375,1.7560357119488241,0.035115461107805501
2,P0,slow_common,-0.0234375,1.8991512133676305,0.090085020235404656
2,P0,slow_common,-0.01953125,2.0461803513954613,0.14923420451184821
2,P0,slow_common,-0.015625,2.1971707149982911,0.21262029769596502
2,P0,slow_common,-0.01171875,2.3521677984172737,0.28029849939256124
2,P0,slow_common,-0.0078125,2.5112148674959065,0.35232179008484987
2,P0,slow_common,-0.00390625,2.674352824798651,0.42874079495122164
2,P0,slow_common,0,2.8416200737375079,0.50960364668307889
2,P0,slow_common,0.00390625,3.0130523819330262,0.59495584753038866
2,P0,slow_common,0.0078125,3.1886827440458005,0.68484013081126083
2,P0,slow_common,0.01171875,3.3685412443239628,0.77929632213127231
2,P0,slow_common,0.015625,3.5526549191213177,0.87836120056737155
2,P0,slow_common,0.01953125,3.7410476196494247,0.98206836007993825
2,P0,slow_common,0.0234375,3.9337398752354349,1.0904480714249738
2,P0,slow_common,0.02734375,4.1307487573653248,1.2035271448463707
2,P0,slow_common,0.03125,4.3320877447998338,1.3213287938357023
2,P0,slow_common,0.03515625,4.5377665900572985,1.4438725002540371
2,P0,slow_common,0.0390625,4.7477911875642107,1.5711738811167688
2,P0,slow_common,0.04296875,4.9621634437801223,1.7032445573484072
2,P0,slow_common,0.046875,5.1808811496090463,1.8400920248196151
2,P0,slow_common,0.05078125,5.4039378554140747,1.9817195279835174
2,P0,slow_common,0.0546875,5.6313227489560358,2.128125936432343
2,P0,slow_common,0.05859375,5.863020536580434,2.2793056246988517
2,P0,slow_common,0.0625,6.0990113279794702,2.4352483556296001
2,P0,slow_common,0.06640625,6.3392705248578487,2.5959391676590196
2,P0,slow_common,0.0703125,6.5837687138321712,2.7613582663143363
2,P0,slow_common,0.07421875,6.8324715638940265,2.9314809202816789
2,P0,slow_common,0.078125,7.0853397287662823,3.106277362363147
2,P0,slow_common,0.08203125,7.3423287544807181,3.2857126956532214
2,P0,slow_common,0.0859375,7.6033889925027882,3.4697468052605824
2,P0,slow_common,0.08984375,7.8684655187262074,3.6583342758982256
2,P0,slow_common,0.09375,8.1374980586558756,3.851424315660688
2,P0,slow_common,0.09765625,8.4104209190925872,4.0489606863021077
2,P0,slow_common,0.1015625,8.6871629266271366,4.250881640322917
2,P0,slow_common,0.10546875,8.9676473732443878,4.457119865166046
2,P0,slow_common,0.109375,9.2517919693300374,4.6676024348156027
2,P0,slow_common,0.11328125,9.5395088043639689,4.8822507690822041
2,P0,slow_common,0.1171875,9.8307043155743621,5.1009806008493452
2,P0,slow_common,0.12109375,10.12527926481588,5.3237019515444217
2,P0,slow_common,0.125,10.423128723923659,5.5503191150863778
2,P0,slow_common,0.12890625,10.724142068782148,5.7807306505492901
2,P0,slow_common,0.1328125,11.02820298233434,6.0148293837676743
2,P0,slow_common,0.13671875,11.335189466742463,6.2525024180948492
2,P0,slow_common,0.140625,11.644973864895769,6.4936311545103083
2,P0,slow_common,0.14453125,11.957422891445079,6.7380913212558999
2,P0,slow_common,0.1484375,12.272397673526369,6.9857530131634906
2,P0,slow_common,0.15234375,12.589753801318135,7.2364807408189904
2,P0,slow_common,0.15625,12.909341388558335,7.4901334896889349
2,P0,slow_common,0.16015625,13.231005143127625,7.7465647893164418
2,P0,slow_common,0.1640625,13.554584447785222,8.0056227926732753
2,P0,slow_common,0.16796875,13.879913451123224,8.2671503657339862
2,P0,slow_common,0.171875,14.206821168783614,8.5309851873167304
2,P0,slow_common,0.17578125,14.535131594960495,8.7969598592134641
2,P0,slow_common,0.1796875,14.864663824187412,9.0649020266096709
2,P0,slow_common,0.18359375,15.195232183386809,9.3346345087709626
2,P0,slow_common,0.1875,15.526646374135341,9.6059754399504573
2,P0,slow_common,0.19140625,15.85871162507504,9.8787384204472293
2,P0,slow_common,0.1953125,16.191228854376444,10.152732677722138
2,P0,slow_common,0.19921875,16.523994842135401,10.427763237453124
2,P0,slow_common,0.203125,16.856802412561212,10.703631104387712
2,P0,slow_common,0.20703125,17.189440625789036,10.980133452826028
2,P0,slow_common,0.2109375,17.521694979125165,11.25706382654311
2,P0,slow_common,0.21484375,17.853347617509268,11.534212347934902
2,P0,slow_common,0.21875,18.184177552953464,11.81136593614797
2,P0,slow_common,0.22265625,18.51396089269381,12.088308533928849
2,P0,slow_common,0.2265625,18.842471075766049,12.364821342905032
2,P0,slow_common,0.23046875,19.169479117693843,12.640683066986092
2,P0,slow_common,0.234375,19.494753862954557,12.915670163550246
2,P0,slow_common,0.23828125,19.818062244865043,13.189557102059023
2,P0,slow_common,0.2421875,20.139169552507706,13.462116629720555
2,P0,slow_common,0.24609375,20.457839704295647,13.733120043800525
2,P0,slow_common,0.25,20.773835527754898,14.002337470158965
2,P0,slow_common,0.25390625,21.086919045081629,14.269538147571073
2,P0,slow_common,0.2578125,21.396851764013093,14.534490717370996
2,P0,slow_common,0.26171875,21.703394973532685,14.796963517939155
2,P0,slow_common,0.265625,22.006310043912144,15.056724883536397
2,P0,slow_common,0.26953125,22.305358730577574,15.313543446971845
2,P0,slow_common,0.2734375,22.600303481270785,15.567188445576104
2,P0,slow_common,0.27734375,22.890907745963183,15.81743002993737
2,P0,slow_common,0.28125,23.176936288966733,16.064039574845044
2,P0,slow_common,0.28515625,23.458155502674703,16.306789991873824
2,P0,slow_common,0.2890625,23.734333722354531,16.545456043030839
2,P0,slow_common,0.29296875,24.005241541406289,16.779814654879406
2,P0,slow_common,0.296875,24.270652126492376,17.009645232545299
2,P0,slow_common,0.30078125,24.53034153193801,17.234729973005255
2,P0,slow_common,0.3046875,24.784089012797271,17.45485417705267
2,P0,slow_common,0.30859375,25.031677335976109,17.669806559332059
2,P0,slow_common,0.3125,25.272893088802153,17.879379555832259
2,P0,slow_common,0.31640625,25.507526984430616,18.08336962822797
2,P0,slow_common,0.3203125,25.735374163477243,18.281577564460537
2,P0,slow_common,0.32421875,25.956234491271786,18.473808774951859
2,P0,slow_common,0.328125,26.169912850130189,18.659873583849521
2,P0,slow_common,0.33203125,26.376219426049396,18.839587514707439
2,P0,slow_common,0.3359375,26.574969989236457,19.012771570013687
2,P0,slow_common,0.33984375,26.765986167892493,19.179252503986305
2,P0,slow_common,0.34375,26.94909571468294,19.338863088068567
2,P0,slow_common,0.34765625,27.12413276533735,19.491442368567245
2,P0,slow_common,0.3515625,27.290938088835929,19.636835915891037
2,P0,slow_common,0.35546875,27.449359328654872,19.77489606486149
2,P0,slow_common,0.359375,27.599251234559269,19.905482145585189
2,P0,slow_common,0.36328125,27.740475884450117,20.028460704393961
2,P0,slow_common,0.3671875,27.872902895791317,20.143705714379074
2,P0,slow_common,0.37109375,27.996409626163128,20.251098775065945
2,P0,slow_common,0.375,28.110881362510341,20.350529300797827
2,P0,slow_common,0.37890625,28.216211498676397,20.441894697419734
2,P0,slow_common,0.3828125,28.312301700838944,20.525100526878202
2,P0,slow_common,0.38671875,28.399062060487438,20.600060659377647
2,P0,slow_common,0.390625,28.476411234609721,20.666697412760229
2,P0,slow_common,0.39453125,28.544276572781506,20.724941678803358
2,P0,slow_common,0.3984375,28.602594230880968,20.774733036157006
2,P0,slow_common,0.40234375,28.651309271179102,20.816019849671694
2,P0,slow_common,0.40625,28.690375748586387,20.84875935589762
2,P0,slow_common,0.41015625,28.719756782866039,20.872917734565384
2,P0,slow_common,0.4140625,28.739424616655139,20.888470165889565
2,P0,slow_common,0.41796875,28.749360659165685,20.895400873567393
2,P0,slow_common,0.421875,28.749555515469414,20.893703153376219
2,P0,slow_common,0.42578125,28.740009001301715,20.883379387305343
2,P0,slow_common,0.4296875,28.720730143351997,20.86444104318948
2,P0,slow_common,0.43359375,28.691737165039918,20.836908659843349
2,P0,slow_common,0.4375,28.653057457808792,20.800811817728736
2,P0,slow_common,0.44140625,28.604727537999501,20.756189095217373
2,P0,slow_common,0.4453125,28.546792989399979,20.703088010544736
2,P0,slow_common,0.44921875,28.479308391596739,20.641564949581245
2,P0,slow_common,0.453125,28.402337234286183,20.571685079578575
2,P0,slow_common,0.45703125,28.315951817733897,20.493522249079401
2,P0,slow_common,0.4609375,28.220233139600492,20.407158874209014
2,P0,slow_common,0.46484375,28.115270768381944,20.312685811596833
2,P0,slow_common,0.46875,28.001162703741219,20.210202218204582
2,P0,slow_common,0.47265625,27.87801522403608,20.099815398366012
2,P0,slow_common,0.4765625,27.745942721375155,19.981640638370195
2,P0,slow_common,0.48046875,27.605067524560489,19.855801028946686
2,P0,slow_common,0.484375,27.455519710300283,19.722427276036122
2,P0,slow_common,0.48828125,27.297436903099506,19.581657500253968
2,P0,slow_common,0.4921875,27.130964064259249,19.433637025478294
2,P0,slow_common,0.49609375,26.956253270437578,19.278518157014162
2,P0,slow_common,0.5,26.773463482245084,19.116459949807968
2,P0,slow_common,0.50390625,26.582760303367959,18.947627967204337
2,P0,slow_common,0.5078125,26.384315730729071,18.772194030756108
2,P0,slow_common,0.51171875,26.178307896214363,18.590335961614628
2,P0,slow_common,0.515625,25.964920800506839,18.402237314042601
2,P0,slow_common,0.51953125,25.744344039584288,18.208087101605511
2,P0,slow_common,0.5234375,25.516772524448946,18.008079516609815
2,P0,slow_common,0.52734375,25.282406194668035,17.802413643366723
2,P0,slow_common,0.53125,25.041449726313328,17.591293165869679
2,P0,slow_common,0.53515625,24.794112234895351,17.374926070481052
2,P0,slow_common,0.5390625,24.540606973894057,17.153524344229748
2,P0,slow_common,0.54296875,24.28115102949209,16.927303669325866
2,P0,slow_common,0.546875,24.015965012119857,16.696483114501433
2,P0,slow_common,0.55078125,23.745272745422909,16.461284823787661
2,P0,slow_common,0.5546875,23.469300953261914,16.221933703338898
2,P0,slow_common,0.55859375,23.188278945353918,15.978657106911879
2,P0,slow_common,0.5625,22.902438302160224,15.731684520605473
2,P0,slow_common,0.56640625,22.61201255962165,15.481247247461614
2,P0,slow_common,0.5703125,22.317236894335704,15.227578092521775
2,P0,slow_common,0.57421875,22.018347809762584,14.970911048925871
2,P0,slow_common,0.578125,21.715582824038112,14.711480985631452
2,P0,slow_common,0.58203125,21.409180159961153,14.449523337320745
2,P0,slow_common,0.5859375,21.0993784377117,14.18527379705149
2,P0,slow_common,0.58984375,20.786416370842783,13.918968012194647
2,P0,slow_common,0.59375,20.470532466075351,13.650841284187981
2,P0,slow_common,0.59765625,20.151964727410071,13.381128272619351
2,P0,slow_common,0.6015625,19.830950365053717,13.110062704137151
2,P0,slow_common,0.60546875,19.507725509640377,12.837877086668136
2,P0,slow_common,0.609375,19.182524932209663,12.56480242940448
2,P0,slow_common,0.61328125,18.855581770384607,12.291067969002821
2,P0,slow_common,0.6171875,18.5271272611722,12.016900902417881
2,P0,slow_common,0.62109375,18.197390480788556,11.742526126772637
2,P0,slow_common,0.625,17.866598091889323,11.468165986645456
2,P0,slow_common,0.62890625,17.534974098563751,11.194040029132438
2,P0,slow_common,0.6328125,17.20273960942832,10.920364767020731
2,P0,slow_common,0.63671875,16.870112609132569,10.64735345038526
2,P0,slow_common,0.640625,16.537307738566323,10.37521584689793
2,P0,slow_common,0.64453125,16.20453608403356,10.104158031114423
2,P0,slow_common,0.6484375,15.8720049756342,9.8343821829795424
2,P0,slow_common,0.65234375,15.539917795070489,9.5660863957678437
2,P0,slow_common,0.65625,15.208473793070572,9.2994644936517439
2,P0,slow_common,0.66015625,14.877867916597106,9.0347058590648821
2,P0,slow_common,0.6640625,14.548290645984357,8.7719952700040746
2,P0,slow_common,0.66796875,14.21992784212299,8.5115127473887693
2,P0,slow_common,0.671875,13.892960603787449,8.2534334125727451
2,P0,slow_common,0.67578125,13.567565135176777,7.9979273550788079
2,P0,slow_common,0.6796875,13.24391262371622,7.7451595106035453
2,P0,slow_common,0.68359375,12.922169128143484,7.495289549315852
2,P0,slow_common,0.6875,12.602495476880543,7.2484717744500049
2,P0,slow_common,0.69140625,12.285047176669565,7.0048550311715658
2,P0,slow_common,0.6953125,11.969974331429388,6.7645826256724417
2,P0,slow_common,0.69921875,11.657421571267754,6.5277922544300688
2,P0,slow_common,0.703125,11.34752799156359,6.2946159435448585
2,P0,slow_common,0.70703125,11.040427102013577,6.0651799980499366
2,P0,slow_common,0.7109375,10.736246785517826,5.8396049610678267
2,P0,slow_common,0.71484375,10.435109266760842,5.6180055826700199
2,P0,slow_common,0.71875,10.137131090325944,5.4004907982774677
2,P0,slow_common,0.72265625,9.8424231081643523,5.1871637164230053
2,P0,slow_common,0.7265625,9.5510904762238766,4.9781216156804069
2,P0,slow_common,0.73046875,9.2632326600266754,4.7734559505494216
2,P0,slow_common,0.734375,8.9789434489711812,4.5732523660716229
2,P0,slow_common,0.73828125,8.6983109791196291,4.3775907209383726
2,P0,slow_common,0.7421875,8.4214177642199761,4.1865451188394749
2,P0,slow_common,0.74609375,8.1483407346993086,4.0001839477894086
2,P0,slow_common,0.75,7.8791512843549896,3.8185699271572542
2,P0,slow_common,0.75390625,7.613915324460061,3.6417601621165829
2,P0,slow_common,0.7578125,7.3526933449904721,3.4698062052227083
2,P0,slow_common,0.76171875,7.0955404826738331,3.3027541248168291
2,P0,slow_common,0.765625,6.8425065955524005,3.1406445799495737
2,P0,slow_common,0.76953125,6.5936363437470806,2.9835129015105188
2,P0,slow_common,0.7734375,6.3489692761039915,2.8313891792450887
2,P0,slow_common,0.77734375,6.1085399224012278,2.6842983543362031
2,P0,slow_common,0.78125,5.8723778907899664,2.5422603172247653
2,P0,slow_common,0.78515625,5.640507970142,2.4052900103407495
2,P0,slow_common,0.7890625,5.4129502369741136,2.2733975354152172
2,P0,slow_common,0.79296875,5.1897201666192796,2.1465882650429924
2,P0,slow_common,0.796875,4.9708287483147853,2.0248629581660023
2,P0,outside_subspace_stress,-0.19921875,5.182245866629219,3.101246443635262
2,P0,outside_subspace_stress,-0.1953125,5.1006832910429125,4.153999803276136
2,P0,outside_subspace_stress,-0.19140625,4.9746946242758536,4.8431705558849991
2,P0,outside_subspace_stress,-0.1875,4.815379709244672,5.0918231929859417
2,P0,outside_subspace_stress,-0.18359375,4.625816470707047,4.9589359786107003
2,P0,outside_subspace_stress,-0.1796875,4.4033982381095775,4.5871392538931648
2,P0,outside_subspace_stress,-0.17578125,4.1460420726055105,4.1318657804236505
2,P0,outside_subspace_stress,-0.171875,3.8584212512748248,3.7089060048807165
2,P0,outside_subspace_stress,-0.16796875,3.5555307737863973,3.3753974774765623
2,P0,outside_subspace_stress,-0.1640625,3.2623502816364738,3.1382701898859158
2,P0,outside_subspace_stress,-0.16015625,3.0079763472700907,2.9745838513589473
2,P0,outside_subspace_stress,-0.15625,2.8131998950013779,2.8501660849919634
2,P0,outside_subspace_stress,-0.15234375,2.6756943315393382,2.7307754908249779
2,P0,outside_subspace_stress,-0.1484375,2.5631330768150451,2.5871611389738054
2,P0,outside_subspace_stress,-0.14453125,2.423215169832639,2.3981086150862319
2,P0,outside_subspace_stress,-0.140625,2.2087240357728724,2.1539049253941163
2,P0,outside_subspace_stress,-0.13671875,1.9036969973670255,1.8593236942176303
2,P0,outside_subspace_stress,-0.1328125,1.5339672785221534,1.5333035081133612
2,P0,outside_subspace_stress,-0.12890625,1.1545580009057845,1.2034306350208093
2,P0,outside_subspace_stress,-0.125,0.82092366870378508,0.89634047562836239
2,P0,outside_subspace_stress,-0.12109375,0.56084987613041526,0.6279894312876324
2,P0,outside_subspace_stress,-0.1171875,0.36316241807381089,0.39838864449702549
2,P0,outside_subspace_stress,-0.11328125,0.18896611189273352,0.19332300065662511
2,P0,outside_subspace_stress,-0.109375,-0.0030824775534669842,-0.0079590809629848103
2,P0,outside_subspace_stress,-0.10546875,-0.23454356411365801,-0.22302019916447291
2,P0,outside_subspace_stress,-0.1015625,-0.50095887186771593,-0.45911979686980553
2,P0,outside_subspace_stress,-0.09765625,-0.78124670110134076,-0.7116622874043812
2,P0,outside_subspace_stress,-0.09375,-1.0523841928435134,-0.9681974465812746
2,P0,outside_subspace_stress,-0.08984375,-1.2999661909826032,-1.2153903333032487
2,P0,outside_subspace_stress,-0.0859375,-1.521872840863195,-1.4453807889610473
2,P0,outside_subspace_stress,-0.08203125,-1.7264148705668703,-1.6587263442988898
2,P0,outside_subspace_stress,-0.078125,-1.9269691659518857,-1.8629884933198742
2,P0,outside_subspace_stress,-0.07421875,-2.1352113779332345,-2.0679592196056515
2,P0,outside_subspace_stress,-0.0703125,-2.3552413429438661,-2.2797245168243281
2,P0,outside_subspace_stress,-0.06640625,-2.580449972528243,-2.4959316768980182
2,P0,outside_subspace_stress,-0.0625,-2.7942553789877227,-2.7039680418292509
2,P0,outside_subspace_stress,-0.05859375,-2.9748157708348115,-2.8827216870735088
2,P0,outside_subspace_stress,-0.0546875,-3.1015343977963421,-3.0075893841883876
2,P0,outside_subspace_stress,-0.05078125,-3.1594423802480933,-3.0576160258809746
2,P0,outside_subspace_stress,-0.046875,-3.1403445307222735,-3.0230861913644671
2,P0,outside_subspace_stress,-0.04296875,-3.0448841989193145,-2.9115186204593888
2,P0,outside_subspace_stress,-0.0390625,-2.8892244480541081,-2.7499743408783672
2,P0,outside_subspace_stress,-0.03515625,-2.7121220499247509,-2.5821591668336552
2,P0,outside_subspace_stress,-0.03125,-2.5724574327388896,-2.4601445570482312
2,P0,outside_subspace_stress,-0.02734375,-2.5324842285287201,-2.4323845733872007
2,P0,outside_subspace_stress,-0.0234375,-2.6341825879823344,-2.5313385647478501
2,P0,outside_subspace_stress,-0.01953125,-2.8830254610654777,-2.7645774299736998
2,P0,outside_subspace_stress,-0.015625,-3.2485954923815963,-3.1123476050309797
2,P0,outside_subspace_stress,-0.01171875,-3.6796919744478842,-3.532517545402003
2,P0,outside_subspace_stress,-0.0078125,-4.1229032145939231,-3.9715038801263485
2,P0,outside_subspace_stress,-0.00390625,-4.5343246706637537,-4.3780463785862587
2,P0,outside_subspace_stress,0,-4.8826657563461264,-4.7160191190152787
2,P0,outside_subspace_stress,0.00390625,-5.1503375646567502,-4.972802216823081
2,P0,outside_subspace_stress,0.0078125,-5.3386138969055157,-5.1608693659627445
2,P0,outside_subspace_stress,0.01171875,-5.4736122918803982,-5.3119875246020847
2,P0,outside_subspace_stress,0.015625,-5.6027109938253012,-5.4655701521304465
2,P0,outside_subspace_stress,0.01953125,-5.7762934541416362,-5.6547924648109209
2,P0,outside_subspace_stress,0.0234375,-6.0232682680548555,-5.8952437412201206
2,P0,outside_subspace_stress,0.02734375,-6.3364120565578643,-6.1803601985296552
2,P0,outside_subspace_stress,0.03125,-6.6774216837367053,-6.485483956448304
2,P0,outside_subspace_stress,0.03515625,-6.9976623377278067,-6.7789375377594574
2,P0,outside_subspace_stress,0.0390625,-7.261248064759771,-7.0355067575404746
2,P0,outside_subspace_stress,0.04296875,-7.4588423540154416,-7.2466382390224879
2,P0,outside_subspace_stress,0.046875,-7.6087783839805123,-7.4230703637020365
2,P0,outside_subspace_stress,0.05078125,-7.7477814819518462,-7.5889301034673107
2,P0,outside_subspace_stress,0.0546875,-7.9147957553802444,-7.7700548751331766
2,P0,outside_subspace_stress,0.05859375,-8.1329679105903132,-7.9817748616793907
2,P0,outside_subspace_stress,0.0625,-8.3976834252995065,-8.2215377642788106
2,P0,outside_subspace_stress,0.06640625,-8.6776382800814957,-8.4695506413540453
2,P0,outside_subspace_stress,0.0703125,-8.9292584510513837,-8.6970783627899984
2,P0,outside_subspace_stress,0.07421875,-9.1172427217740974,-8.8787710531389283
2,P0,outside_subspace_stress,0.078125,-9.2310059485369038,-9.0038132892654676
2,P0,outside_subspace_stress,0.08203125,-9.2892547082628401,-9.081384337823339
2,P0,outside_subspace_stress,0.0859375,-9.3310415843346206,-9.1384200661593233
2,P0,outside_subspace_stress,0.08984375,-9.3988866128668693,-9.2107522273841589
2,P0,outside_subspace_stress,0.09375,-9.5236047655479439,-9.3310557183261018
2,P0,outside_subspace_stress,0.09765625,-9.7173825451520219,-9.5178698497106602
2,P0,outside_subspace_stress,0.1015625,-9.9741201267178088,-9.7692535869565891
2,P0,outside_subspace_stress,0.10546875,-10.27234379217929,-10.062933006060184
2,P0,outside_subspace_stress,0.109375,-10.579067136967099,-10.362798126656486
2,P0,outside_subspace_stress,0.11328125,-10.856647420363387,-10.629834533911442
2,P0,outside_subspace_stress,0.1171875,-11.073248462513281,-10.834336260478308
2,P0,outside_subspace_stress,0.12109375,-11.213431150556239,-10.96573541340727
2,P0,outside_subspace_stress,0.125,-11.284303695232035,-11.036776837384894
2,P0,outside_subspace_stress,0.12890625,-11.315156655205399,-11.080157511835274
2,P0,outside_subspace_stress,0.1328125,-11.35053641240275,-11.137982141712998
2,P0,outside_subspace_stress,0.13671875,-11.436859267262941,-11.246912188772011
2,P0,outside_subspace_stress,0.140625,-11.604252607638061,-11.423821342431163
2,P0,outside_subspace_stress,0.14453125,-11.849797158899133,-11.657193109803798
2,P0,outside_subspace_stress,0.1484375,-12.13137082973182,-11.907909191980362
2,P0,outside_subspace_stress,0.15234375,-12.378174358955086,-12.119808236022848
2,P0,outside_subspace_stress,0.15625,-12.515702201411125,-12.236638969082497
2,P0,outside_subspace_stress,0.16015625,-12.494486801089153,-12.219401234186853
2,P0,outside_subspace_stress,0.1640625,-12.308434711773403,-12.057806664661374
2,P0,outside_subspace_stress,0.16796875,-11.993177763995545,-11.771886915219474
2,P0,outside_subspace_stress,0.171875,-11.606468278538362,-11.40361515830585
2,P0,outside_subspace_stress,0.17578125,-11.203331319755044,-11.002080164723235
2,P0,outside_subspace_stress,0.1796875,-10.819274955804959,-10.607752318875411
2,P0,outside_subspace_stress,0.18359375,-10.465817724517663,-10.241109044849638
2,P0,outside_subspace_stress,0.1875,-10.13398540639635,-9.8987962155985496
2,P0,outside_subspace_stress,0.19140625,-9.8002933851166496,-9.55767147101513
2,P0,outside_subspace_stress,0.1953125,-9.4333350579557482,-9.1845886702166428
2,P0,outside_subspace_stress,0.19921875,-9.0016200694113238,-8.74831293501056
2,P0,outside_subspace_stress,0.203125,-8.4828640340189931,-8.229703764930532
2,P0,outside_subspace_stress,0.20703125,-7.8725920174742106,-7.6271495442879562
2,P0,outside_subspace_stress,0.2109375,-7.1875243729635008,-6.9558786392526351
2,P0,outside_subspace_stress,0.21484375,-6.4598203017346405,-6.2417614185403281
2,P0,outside_subspace_stress,0.21875,-5.7235366426011458,-5.5119740262985992
2,P0,outside_subspace_stress,0.22265625,-5.0006009639078606,-4.7858324386461133
2,P0,outside_subspace_stress,0.2265625,-4.293822867485134,-4.0688715073879624
2,P0,outside_subspace_stress,0.23046875,-3.5887339594019929,-3.3519257260360837
2,P0,outside_subspace_stress,0.234375,-2.8606819277102731,-2.6150974753294154
2,P0,outside_subspace_stress,0.23828125,-2.0831116540233023,-1.8348172843691626
2,P0,outside_subspace_stress,0.2421875,-1.2352801364491532,-0.99133002514795754
2,P0,outside_subspace_stress,0.24609375,-0.30832300326781908,-0.074129413431386126
2,P0,outside_subspace_stress,0.25,0.69268794649122767,0.9160765555514172
2,P0,outside_subspace_stress,0.25390625,1.7523140972916811,1.9688609535020087
2,P0,outside_subspace_stress,0.2578125,2.8516506806418973,3.0678322381163565
2,P0,outside_subspace_stress,0.26171875,3.973899307975207,4.1949221848791964
2,P0,outside_subspace_stress,0.265625,5.1063015738461095,5.3337316456083208
2,P0,outside_subspace_stress,0.26953125,6.2396148317353459,6.4712326647266956
2,P0,outside_subspace_stress,0.2734375,7.3668471739845485,7.597977062939318
2,P0,outside_subspace_stress,0.27734375,8.4818190015792503,8.7074815060128241
2,P0,outside_subspace_stress,0.28125,9.5780587035511431,9.7954712291145025
2,P0,outside_subspace_stress,0.28515625,10.648876806460756,10.859285052708881
2,P0,outside_subspace_stress,0.2890625,11.688621898541399,11.897291751289135
2,P0,outside_subspace_stress,0.29296875,12.69419217383356,12.907976527478379
2,P0,outside_subspace_stress,0.296875,13.665727539275998,13.888579646106427
2,P0,outside_subspace_stress,0.30078125,14.604959656137694,14.833671045610116
2,P0,outside_subspace_stress,0.3046875,15.510160185784903,15.734453633938104
2,P0,outside_subspace_stress,0.30859375,16.370407874051249,16.579519190495169
2,P0,outside_subspace_stress,0.3125,17.165460279927022,17.357121304906883
2,P0,outside_subspace_stress,0.31640625,17.874284721066001,18.058095620076838
2,P0,outside_subspace_stress,0.3203125,18.48675780689705,18.677960080046134
2,P0,outside_subspace_stress,0.32421875,19.0087264159345,19.216972092967396
2,P0,outside_subspace_stress,0.328125,19.455895547902337,19.677996054920712
2,P0,outside_subspace_stress,0.33203125,19.841402180217621,20.063334680511669
2,P0,outside_subspace_stress,0.3359375,20.166251498249672,20.372353308060703
2,P0,outside_subspace_stress,0.33984375,20.418369951064811,20.60127182625277
2,P0,outside_subspace_stress,0.34375,20.579707883922786,20.745133816874038
2,P0,outside_subspace_stress,0.34765625,20.6367703034764,20.800531388794084
2,P0,outside_subspace_stress,0.3515625,20.588729513603973,20.767104424959815
2,P0,outside_subspace_stress,0.35546875,20.447710993117187,20.646560141174298
2,P0,outside_subspace_stress,0.359375,20.229364081276792,20.439570416798045
2,P0,outside_subspace_stress,0.36328125,19.939025708812423,20.14240378694576
2,P0,outside_subspace_stress,0.3671875,19.563908092046436,19.745565661070398
2,P0,outside_subspace_stress,0.37109375,19.077994278957163,19.235736929969782
2,P0,outside_subspace_stress,0.375,18.456149029793472,18.600473350059215
2,P0,outside_subspace_stress,0.37890625,17.687327898231239,17.833539916899877
2,P0,outside_subspace_stress,0.3828125,16.779270247880071,16.938337181157586
2,P0,outside_subspace_stress,0.38671875,15.754342438461565,15.927847487515228
2,P0,outside_subspace_stress,0.390625,14.640783786898607,14.821301324329228
2,P0,outside_subspace_stress,0.39453125,13.463727812241842,13.639338991490739
2,P0,outside_subspace_stress,0.3984375,12.239338506053318,12.400000004011824
2,P0,outside_subspace_stress,0.40234375,10.97453918689113,11.117196896434612
2,P0,outside_subspace_stress,0.40625,9.6723265737856909,9.8018699618605698
2,P0,outside_subspace_stress,0.41015625,8.3389511342666847,8.4645932771577375
2,P0,outside_subspace_stress,0.4140625,6.9878752234007386,7.1177428532688669
2,P0,outside_subspace_stress,0.41796875,5.6381562122216273,5.7757251941521286
2,P0,outside_subspace_stress,0.421875,4.3090803050929232,4.4529289148878473
2,P0,outside_subspace_stress,0.42578125,3.0147624192074387,3.1603734986822265
2,P0,outside_subspace_stress,0.4296875,1.7613167292422465,1.9028380848785171
2,P0,outside_subspace_stress,0.43359375,0.54698071762196643,0.67818518138720352
2,P0,outside_subspace_stress,0.4375,-0.63586052774709323,-0.52032263575500437
2,P0,outside_subspace_stress,0.44140625,-1.7975018492474193,-1.6992964171406926
2,P0,outside_subspace_stress,0.4453125,-2.9460367569029882,-2.8599267619150885
2,P0,outside_subspace_stress,0.44921875,-4.0805705765983786,-3.9945122838919578
2,P0,outside_subspace_stress,0.453125,-5.1856247168859113,-5.0866829305703654
2,P0,outside_subspace_stress,0.45703125,-6.2324534937258154,-6.1156877242811287
2,P0,outside_subspace_stress,0.4609375,-7.189920978549833,-7.0632202913170854
2,P0,outside_subspace_stress,0.46484375,-8.0396989845018236,-7.9198767285624889
2,P0,outside_subspace_stress,0.46875,-8.7855984799609335,-8.6882654484592283
2,P0,outside_subspace_stress,0.47265625,-9.4506743889443587,-9.3812011348073359
2,P0,outside_subspace_stress,0.4765625,-10.064611114035259,-10.01570296895291
2,P0,outside_subspace_stress,0.48046875,-10.64932552407473,-10.605545566604494
2,P0,outside_subspace_stress,0.484375,-11.209841404309552,-11.155827887108885
2,P0,outside_subspace_stress,0.48828125,-11.73381745448982,-11.66204373328568
2,P0,outside_subspace_stress,0.4921875,-12.199516047800596,-12.113947345838419
2,P0,outside_subspace_stress,0.49609375,-12.588496193428677,-12.502209830182197
2,P0,outside_subspace_stress,0.5,-12.896662752607147,-12.824587452407314
2,P0,outside_subspace_stress,0.50390625,-13.137779744147201,-13.088655336611387
2,P0,outside_subspace_stress,0.5078125,-13.337671503999097,-13.309863834203721
2,P0,outside_subspace_stress,0.51171875,-13.52246238803926,-13.505853634092496
2,P0,outside_subspace_stress,0.515625,-13.707055135376757,-13.689556052904313
2,P0,outside_subspace_stress,0.51953125,-13.889355767870768,-13.863925686054342
2,P0,outside_subspace_stress,0.5234375,-14.052288493487293,-14.020212372424609
2,P0,outside_subspace_stress,0.52734375,-14.171308942898818,-14.140091688294548
2,P0,outside_subspace_stress,0.53125,-14.222699148215522,-14.200558622102088
2,P0,outside_subspace_stress,0.53515625,-14.189095895292018,-14.17981845431399
2,P0,outside_subspace_stress,0.5390625,-14.061627075078032,-14.062551479353392
2,P0,outside_subspace_stress,0.54296875,-13.839614132923357,-13.843524377990455
2,P0,outside_subspace_stress,0.546875,-13.528900707273642,-13.529093775614717
2,P0,outside_subspace_stress,0.55078125,-13.140292277397512,-13.136436510561333
2,P0,outside_subspace_stress,0.5546875,-12.689861922209641,-12.690447949880493
2,P0,outside_subspace_stress,0.55859375,-12.200644840774174,-12.218505748812815
2,P0,outside_subspace_stress,0.5625,-11.701471838500614,-11.743937991261619
2,P0,outside_subspace_stress,0.56640625,-11.218717400604605,-11.27990891035917
2,P0,outside_subspace_stress,0.5703125,-10.763242468383467,-10.825981718288695
2,P0,outside_subspace_stress,0.57421875,-10.322058125931875,-10.369208734952517
2,P0,outside_subspace_stress,0.578125,-9.8634445102109023,-9.8900484025093274
2,P0,outside_subspace_stress,0.58203125,-9.3545048830441058,-9.3712700285781718
2,P0,outside_subspace_stress,0.5859375,-8.7802877498087781,-8.8063694565133037
2,P0,outside_subspace_stress,0.58984375,-8.1525892119682801,-8.2038763660407721
2,P0,outside_subspace_stress,0.59375,-7.5043744929371217,-7.5855396082617457
2,P0,outside_subspace_stress,0.59765625,-6.8749928251876407,-6.9790326710045232
2,P0,outside_subspace_stress,0.6015625,-6.2950762137506677,-6.4082459166908432
2,P0,outside_subspace_stress,0.60546875,-5.7773216016900735,-5.8852573155442069
2,P0,outside_subspace_stress,0.609375,-5.3144517103207134,-5.4072371366223493
2,P0,outside_subspace_stress,0.61328125,-4.8830499574693738,-4.9592768703385932
2,P0,outside_subspace_stress,0.6171875,-4.4523779259471574,-4.5215163684654964
2,P0,outside_subspace_stress,0.62109375,-3.99712575837404,-4.0771869062672366
2,P0,outside_subspace_stress,0.625,-3.5095607599729157,-3.6180894889773527
2,P0,outside_subspace_stress,0.62890625,-3.0033221545409758,-3.145593477757052
2,P0,outside_subspace_stress,0.6328125,-2.5043645343041461,-2.6676400380168541
2,P0,outside_subspace_stress,0.63671875,-2.0339209901386712,-2.1941748913411305
2,P0,outside_subspace_stress,0.640625,-1.5957706726433467,-1.7338478255246705
2,P0,outside_subspace_stress,0.64453125,-1.1778827645054233,-1.2935131532559891
2,P0,outside_subspace_stress,0.6484375,-0.76723671145979211,-0.8799130429019808
2,P0,outside_subspace_stress,0.65234375,-0.36567407352707909,-0.5013477079992017
2,P0,outside_subspace_stress,0.65625,0.0061217764798151275,-0.16719392570651981
2,P0,outside_subspace_stress,0.66015625,0.31977719328196569,0.11520334627013118
2,P0,outside_subspace_stress,0.6640625,0.55759586887096269,0.34460372377674298
2,P0,outside_subspace_stress,0.66796875,0.72552205292829453,0.52812159591885988
2,P0,outside_subspace_stress,0.671875,0.85170662775723793,0.67959828929517041
2,P0,outside_subspace_stress,0.67578125,0.97113716588771359,0.81425077227332077
2,P0,outside_subspace_stress,0.6796875,1.1061477202189116,0.94208083906113371
2,P0,outside_subspace_stress,0.68359375,1.2550385290701149,1.0635136960590907
2,P0,outside_subspace_stress,0.6875,1.3951289023565778,1.1697341339410476
2,P0,outside_subspace_stress,0.69140625,1.4974501213857245,1.2477618966357102
2,P0,outside_subspace_stress,0.6953125,1.5438507938587267,1.2878371978918679
2,P0,outside_subspace_stress,0.69921875,1.5368002998747838,1.2895239102256779
2,P0,outside_subspace_stress,0.703125,1.4975604015322714,1.263634263230498
2,P0,outside_subspace_stress,0.70703125,1.4556216743367241,1.2291538681273635
2,P0,outside_subspace_stress,0.7109375,1.4363612359089577,1.2066579115881413
2,P0,outside_subspace_stress,0.71484375,1.4530724345750923,1.2111384770125957
2,P0,outside_subspace_stress,0.71875,1.5054963741085461,1.2471693253060376
2,P0,outside_subspace_stress,0.72265625,1.5828708575437571,1.3081123740606615
2,P0,outside_subspace_stress,0.7265625,1.6683127743057002,1.3793085404599443
2,P0,outside_subspace_stress,0.73046875,1.7432399097009861,1.4436733264507251
2,P0,outside_subspace_stress,0.734375,1.7922124091993941,1.4873791178366949
2,P0,outside_subspace_stress,0.73828125,1.8075803351817266,1.5035285674010712
2,P0,outside_subspace_stress,0.7421875,1.7916317916635536,1.492735569661765
2,P0,outside_subspace_stress,0.74609375,1.7547440791743181,1.4609039599029967
2,P0,outside_subspace_stress,0.75,1.7106092964426249,1.4156703352500131
2,P0,outside_subspace_stress,0.75390625,1.6707724042371186,1.3634395121967677
2,P0,outside_subspace_stress,0.7578125,1.6402639515381743,1.308424906127613
2,P0,outside_subspace_stress,0.76171875,1.6159838910547444,1.2537783383291567
2,P0,outside_subspace_stress,0.765625,1.5890678273704411,1.2033861013331677
2,P0,outside_subspace_stress,0.76953125,1.55018150458424,1.1621158821475652
2,P0,outside_subspace_stress,0.7734375,1.4945859824422159,1.1329502490102983
2,P0,outside_subspace_stress,0.77734375,1.4246844985409262,1.1115850055950549
2,P0,outside_subspace_stress,0.78125,1.35021779707801,1.0817538045795745
2,P0,outside_subspace_stress,0.78515625,1.2871045964759282,1.0159819239391576
2,P0,outside_subspace_stress,0.7890625,1.2548330740592739,0.88487349495480938
2,P0,outside_subspace_stress,0.79296875,1.271703909657955,0.67292916589899443
2,P0,outside_subspace_stress,0.796875,1.3485240672495817,0.39256933426458951
2,P0,mixed_subspace_stress,-0.19921875,2.2642165701417571,1.8644370548544313
2,P0,mixed_subspace_stress,-0.1953125,2.2285789182399438,2.3035726804996992
2,P0,mixed_subspace_stress,-0.19140625,2.1735298933313065,2.5838527657218524
2,P0,mixed_subspace_stress,-0.1875,2.1039194200823794,2.6716648450584035
2,P0,mixed_subspace_stress,-0.18359375,2.0210923557141118,2.5927797085807804
2,P0,mixed_subspace_stress,-0.1796875,1.9239097512723029,2.4095173463856359
2,P0,mixed_subspace_stress,-0.17578125,1.8114614952492962,2.1897914823404316
2,P0,mixed_subspace_stress,-0.171875,1.6857895123681372,1.9841955360375272
2,P0,mixed_subspace_stress,-0.16796875,1.5534456629890614,1.8176965275626644
2,P0,mixed_subspace_stress,-0.1640625,1.4253444603016241,1.6933249100566876
2,P0,mixed_subspace_stress,-0.16015625,1.3141992543073866,1.601060160582862
2,P0,mixed_subspace_stress,-0.15625,1.229094355767558,1.5259740178855148
2,P0,mixed_subspace_stress,-0.15234375,1.1690131923904856,1.4531077703692343
2,P0,mixed_subspace_stress,-0.1484375,1.1198311080882255,1.3696829011491296
2,P0,mixed_subspace_stress,-0.14453125,1.0586959144730581,1.2664321336505964
2,P0,mixed_subspace_stress,-0.140625,0.96497697666068472,1.1391135328708288
2,P0,mixed_subspace_stress,-0.13671875,0.83169962363012417,0.98981496416016435
2,P0,mixed_subspace_stress,-0.1328125,0.67015133277020034,0.8268135947305304
2,P0,mixed_subspace_stress,-0.12890625,0.50437370927683833,0.66216517569635802
2,P0,mixed_subspace_stress,-0.125,0.35859684640952694,0.50751003985853571
2,P0,mixed_subspace_stress,-0.12109375,0.24496128726887625,0.36982248134903983
2,P0,mixed_subspace_stress,-0.1171875,0.15858462557328046,0.24910970949675049
2,P0,mixed_subspace_stress,-0.11328125,0.08247215584521421,0.13916294000388074
2,P0,mixed_subspace_stress,-0.109375,-0.0014405540741928885,0.030917356125456985
2,P0,mixed_subspace_stress,-0.10546875,-0.10257392343755213,-0.083298473103526005
2,P0,mixed_subspace_stress,-0.1015625,-0.21897994194201079,-0.20665413885926909
2,P0,mixed_subspace_stress,-0.09765625,-0.34144721367896474,-0.33713931652910722
2,P0,mixed_subspace_stress,-0.09375,-0.45991616978010308,-0.46931168222149222
2,P0,mixed_subspace_stress,-0.08984375,-0.56809261621620599,-0.59734232673963139
2,P0,mixed_subspace_stress,-0.0859375,-0.66505023755860471,-0.71779445360598326
2,P0,mixed_subspace_stress,-0.08203125,-0.75442019887978207,-0.83090924090399443
2,P0,mixed_subspace_stress,-0.078125,-0.84204722850379143,-0.93998812862316927
2,P0,mixed_subspace_stress,-0.07421875,-0.93303269196332272,-1.0493071074770224
2,P0,mixed_subspace_stress,-0.0703125,-1.029167766994451,-1.1615228463036396
2,P0,mixed_subspace_stress,-0.06640625,-1.1275644641974578,-1.2756047878856485
2,P0,mixed_subspace_stress,-0.0625,-1.2209772553255513,-1.3860393675807925
2,P0,mixed_subspace_stress,-0.05859375,-1.2998622941617277,-1.4835993060017991
2,P0,mixed_subspace_stress,-0.0546875,-1.3552196458099288,-1.5575317531669952
2,P0,mixed_subspace_stress,-0.05078125,-1.3805082828482818,-1.5986777422504443
2,P0,mixed_subspace_stress,-0.046875,-1.3721467106479439,-1.6027891951878475
2,P0,mixed_subspace_stress,-0.04296875,-1.3304151421288446,-1.5731480955445634
2,P0,mixed_subspace_stress,-0.0390625,-1.2623747090821877,-1.5215749560881713
2,P0,mixed_subspace_stress,-0.03515625,-1.1849583028364568,-1.4671627506070573
2,P0,mixed_subspace_stress,-0.03125,-1.1238912652378563,-1.4326594027594062
2,P0,mixed_subspace_stress,-0.02734375,-1.1063724436949018,-1.439231896588552
2,P0,mixed_subspace_stress,-0.0234375,-1.1507420197721796,-1.5010581022403169
2,P0,mixed_subspace_stress,-0.01953125,-1.2593883180139473,-1.6214406901183664
2,P0,mixed_subspace_stress,-0.015625,-1.4190172445160336,-1.7917426433843688
2,P0,mixed_subspace_stress,-0.01171875,-1.6072529397949413,-1.9935484323880723
2,P0,mixed_subspace_stress,-0.0078125,-1.8007525756605594,-2.2034379037487142
2,P0,mixed_subspace_stress,-0.00390625,-1.9803262653935989,-2.399004895119047
2,P0,mixed_subspace_stress,0,-2.1322943434879544,-2.5644547041044827
2,P0,mixed_subspace_stress,0.00390625,-2.2489624042465013,-2.6942617735557537
2,P0,mixed_subspace_stress,0.0078125,-2.3308760807090176,-2.793863084319427
2,P0,mixed_subspace_stress,0.01171875,-2.3894340724942316,-2.8771234864841055
2,P0,mixed_subspace_stress,0.015625,-2.4453222444595983,-2.9612464614224088
2,P0,mixed_subspace_stress,0.01953125,-2.5205367437631057,-3.0607069804217613
2,P0,mixed_subspace_stress,0.0234375,-2.6276873254248421,-3.1822928396241785
2,P0,mixed_subspace_stress,0.02734375,-2.7635926216365836,-3.3231086147970803
2,P0,mixed_subspace_stress,0.03125,-2.9114870727677724,-3.4723486042340053
2,P0,mixed_subspace_stress,0.03515625,-3.0500858834474154,-3.6161350465072033
2,P0,mixed_subspace_stress,0.0390625,-3.1636690393215092,-3.7434085779174087
2,P0,mixed_subspace_stress,0.04296875,-3.2481104994976997,-3.8503831135803441
2,P0,mixed_subspace_stress,0.046875,-3.311366806906006,-3.9416945395258711
2,P0,mixed_subspace_stress,0.05078125,-3.3694224428016204,-4.0278204535661661
2,P0,mixed_subspace_stress,0.0546875,-3.4392220556772384,-4.1199765209078585
2,P0,mixed_subspace_stress,0.05859375,-3.5307974089958045,-4.2247769986676769
2,P0,mixed_subspace_stress,0.0625,-3.6420387324238797,-4.3410110045710306
2,P0,mixed_subspace_stress,0.06640625,-3.7591616938026036,-4.4599216536949715
2,P0,mixed_subspace_stress,0.0703125,-3.8630064074487804,-4.5688305630748323
2,P0,mixed_subspace_stress,0.07421875,-3.9380118628545828,-4.6565226877476897
2,P0,mixed_subspace_stress,0.078125,-3.9793990400025541,-4.7181162659764926
2,P0,mixed_subspace_stress,0.08203125,-3.9951685694544889,-4.7574469890342197
2,P0,mixed_subspace_stress,0.0859375,-4.0021903695920802,-4.786088443897266
2,P0,mixed_subspace_stress,0.08984375,-4.0188271064119414,-4.8194788584637376
2,P0,mixed_subspace_stress,0.09375,-4.0583030715166784,-4.8716531230034876
2,P0,mixed_subspace_stress,0.09765625,-4.1256774102884348,-4.9504440997460817
2,P0,mixed_subspace_stress,0.1015625,-4.2179919724410277,-5.0547087241058284
2,P0,mixed_subspace_stress,0.10546875,-4.3255422911616082,-5.1743908645345327
2,P0,mixed_subspace_stress,0.109375,-4.4335632258302207,-5.293358566560058
2,P0,mixed_subspace_stress,0.11328125,-4.5252234432214404,-5.3941791685394849
2,P0,mixed_subspace_stress,0.1171875,-4.5861959259983518,-5.4634544425168556
2,P0,mixed_subspace_stress,0.12109375,-4.6092844826377766,-5.4961146487403676
2,P0,mixed_subspace_stress,0.125,-4.5971104469898192,-5.4972420270734537
2,P0,mixed_subspace_stress,0.12890625,-4.5619529864220283,-5.4806022071400982
2,P0,mixed_subspace_stress,0.1328125,-4.5227228374097006,-5.4640371590852519
2,P0,mixed_subspace_stress,0.13671875,-4.4991141673618777,-5.4629769160804331
2,P0,mixed_subspace_stress,0.140625,-4.5036714932442639,-5.4841731003963154
2,P0,mixed_subspace_stress,0.14453125,-4.5344693618733718,-5.5219419683310011
2,P0,mixed_subspace_stress,0.1484375,-4.5724248853143337,-5.5585112636097032
2,P0,mixed_subspace_stress,0.15234375,-4.5858998446998642,-5.5686367864041504
2,P0,mixed_subspace_stress,0.15625,-4.5416151728000402,-5.5270136292255518
2,P0,mixed_subspace_stress,0.16015625,-4.4172149342284488,-5.4158576688191147
2,P0,mixed_subspace_stress,0.1640625,-4.2092834034975697,-5.2299185123282124
2,P0,mixed_subspace_stress,0.16796875,-3.9326308084115595,-4.9771883706681948
2,P0,mixed_subspace_stress,0.171875,-3.6117342906116767,-4.6752481902092402
2,P0,mixed_subspace_stress,0.17578125,-3.2698888461764195,-4.3447974941332177
2,P0,mixed_subspace_stress,0.1796875,-2.9218799011793064,-4.0027882560351387
2,P0,mixed_subspace_stress,0.18359375,-2.5720384835216774,-3.6574643201602228
2,P0,mixed_subspace_stress,0.1875,-2.2157791812410563,-3.3066942730985538
2,P0,mixed_subspace_stress,0.19140625,-1.842224777403191,-2.9397488409182575
2,P0,mixed_subspace_stress,0.1953125,-1.4370962306221735,-2.5415873367938797
2,P0,mixed_subspace_stress,0.19921875,-0.98614917705921434,-2.0980754696427217
2,P0,mixed_subspace_stress,0.203125,-0.47924493787106376,-1.6004467073973923
2,P0,mixed_subspace_stress,0.20703125,0.085878169923218867,-1.0476889482826433
2,P0,mixed_subspace_stress,0.2109375,0.70211332090739809,-0.44625563204442531
2,P0,mixed_subspace_stress,0.21484375,1.355488463772921,0.19263046707280362
2,P0,mixed_subspace_stress,0.21875,2.031071452205512,0.85704506092019872
2,P0,mixed_subspace_stress,0.22265625,2.7190880011746739,1.538356371432174
2,P0,mixed_subspace_stress,0.2265625,3.4179652144448083,2.2338021235621488
2,P0,mixed_subspace_stress,0.23046875,4.1335185880073828,2.9468821452197682
2,P0,mixed_subspace_stress,0.234375,4.8758445641624091,3.6856167107320665
2,P0,mixed_subspace_stress,0.23828125,5.6556959038661549,4.4594553468311107
2,P0,mixed_subspace_stress,0.2421875,6.4811061308744531,5.276001216281184
2,P0,mixed_subspace_stress,0.24609375,7.3547361026998876,6.1386338379262888
2,P0,mixed_subspace_stress,0.25,8.2729742997713664,7.0456496195660598
2,P0,mixed_subspace_stress,0.25390625,9.2274979138763342,7.9909167367742384
2,P0,mixed_subspace_stress,0.2578125,10.2082918359148,8.9655193682003667
2,P0,mixed_subspace_stress,0.26171875,11.206089757245627,9.9596375077952199
2,P0,mixed_subspace_stress,0.265625,12.213227769746103,10.964017586609387
2,P0,mixed_subspace_stress,0.26953125,13.223426549202184,11.970727424984144
2,P0,mixed_subspace_stress,0.2734375,14.231252331897407,12.973261079925248
2,P0,mixed_subspace_stress,0.27734375,15.23150452865789,13.966286275557295
2,P0,mixed_subspace_stress,0.28125,16.218751618365133,14.945332369899504
2,P0,mixed_subspace_stress,0.28515625,17.18738409612455,15.906550934053
2,P0,mixed_subspace_stress,0.2890625,18.132185719506712,16.846483229650044
2,P0,mixed_subspace_stress,0.29296875,19.049018139719177,17.761685238630001
2,P0,mixed_subspace_stress,0.296875,19.935148904528791,18.648158429007253
2,P0,mixed_subspace_stress,0.30078125,20.788557224121341,19.500753643317655
2,P0,mixed_subspace_stress,0.3046875,21.605754117718917,20.312894124666531
2,P0,mixed_subspace_stress,0.30859375,22.379305312283648,21.076933615376866
2,P0,mixed_subspace_stress,0.3125,23.097802998933183,21.785177289141792
2,P0,mixed_subspace_stress,0.31640625,23.749620697853711,22.431185096037975
2,P0,mixed_subspace_stress,0.3203125,24.32805176920408,23.010715996810191
2,P0,mixed_subspace_stress,0.32421875,24.833546069139281,23.521778270469177
2,P0,mixed_subspace_stress,0.328125,25.271063040563348,23.963721468024808
2,P0,mixed_subspace_stress,0.33203125,25.644663995677043,24.335873621631762
2,P0,mixed_subspace_stress,0.3359375,25.953352732993526,24.636522592527427
2,P0,mixed_subspace_stress,0.33984375,26.190678505103737,24.862841878198292
2,P0,mixed_subspace_stress,0.34375,26.347853213141839,25.011764798545094
2,P0,mixed_subspace_stress,0.34765625,26.418363324637561,25.081185718683056
2,P0,mixed_subspace_stress,0.3515625,26.401521894682077,25.070622440150622
2,P0,mixed_subspace_stress,0.35546875,26.302597342686422,24.980791676810586
2,P0,mixed_subspace_stress,0.359375,26.128693794997805,24.812253738477093
2,P0,mixed_subspace_stress,0.36328125,25.882702349393409,24.563937758911205
2,P0,mixed_subspace_stress,0.3671875,25.559880960962079,24.232540923954502
2,P0,mixed_subspace_stress,0.37109375,25.149983493311247,23.813365528553998
2,P0,mixed_subspace_stress,0.375,24.643412092535964,23.302359125994482
2,P0,mixed_subspace_stress,0.37890625,24.036972557286557,22.698429152053723
2,P0,mixed_subspace_stress,0.3828125,23.335906019568178,22.004921138246754
2,P0,mixed_subspace_stress,0.38671875,22.552051407087998,21.229573946906623
2,P0,mixed_subspace_stress,0.390625,21.699997145153006,20.383039837703535
2,P0,mixed_subspace_stress,0.39453125,20.793132974528604,19.476745386646471
2,P0,mixed_subspace_stress,0.3984375,19.841061528781857,18.521112764597401
2,P0,mixed_subspace_stress,0.40234375,18.84945260848615,17.524865634462824
2,P0,mixed_subspace_stress,0.40625,17.822337341266891,16.495505946881725
2,P0,mixed_subspace_stress,0.41015625,16.765217690118096,15.44042476069342
2,P0,mixed_subspace_stress,0.4140625,15.686768360826516,14.367822039231909
2,P0,mixed_subspace_stress,0.41796875,14.598103460876834,13.286779644840653
2,P0,mixed_subspace_stress,0.421875,13.510405977403078,12.20634048448213
2,P0,mixed_subspace_stress,0.42578125,12.432543779295251,11.134019740846059
2,P0,mixed_subspace_stress,0.4296875,11.369810478255404,10.074527488403422
2,P0,mixed_subspace_stress,0.43359375,10.323958676323562,9.0294522442556566
2,P0,mixed_subspace_stress,0.4375,9.2940656021946246,7.9982543654338558
2,P0,mixed_subspace_stress,0.44140625,8.2779026902787933,6.9803145575547081
2,P0,mixed_subspace_stress,0.4453125,7.2740541837454025,5.9772328519352289
2,P0,mixed_subspace_stress,0.44921875,6.2848708226110581,4.9943337108702313
2,P0,mixed_subspace_stress,0.453125,5.3189055849440834,4.0405592135538262
2,P0,mixed_subspace_stress,0.45703125,4.3903315665169034,3.1265888344549042
2,P0,mixed_subspace_stress,0.4609375,3.5141851755040432,2.2618528064696699
2,P0,mixed_subspace_stress,0.46484375,2.6997236154393867,1.4517084796914903
2,P0,mixed_subspace_stress,0.46875,1.946347918731085,0.69608178429376122
2,P0,mixed_subspace_stress,0.47265625,1.2448703162866137,-0.0097412913535002144
2,P0,mixed_subspace_stress,0.4765625,0.58303022614749078,-0.67248804227393655
2,P0,mixed_subspace_stress,0.48046875,-0.048209180136397238,-1.297638291827069
2,P0,mixed_subspace_stress,0.484375,-0.65066618588021474,-1.8870438434196763
2,P0,mixed_subspace_stress,0.48828125,-1.2187254826478948,-2.4385135362043773
2,P0,mixed_subspace_stress,0.4921875,-1.7428101134538334,-2.9474923665622814
2,P0,mixed_subspace_stress,0.49609375,-2.2149167267553165,-3.4099591602498638
2,P0,mixed_subspace_stress,0.5,-2.6334319688434564,-3.8251103134021953
2,P0,mixed_subspace_stress,0.50390625,-3.004655723369452,-4.1965423928214909
2,P0,mixed_subspace_stress,0.5078125,-3.3402552950837605,-4.5313908008085715
2,P0,mixed_subspace_stress,0.51171875,-3.652114761392224,-4.8378336928191654
2,P0,mixed_subspace_stress,0.515625,-3.9472887186295265,-5.1220652114061114
2,P0,mixed_subspace_stress,0.51953125,-4.225467167356733,-5.3859822265056421
2,P0,mixed_subspace_stress,0.5234375,-4.4798445369287601,-5.6264179340072538
2,P0,mixed_subspace_stress,0.52734375,-4.7003916511315245,-5.8360619054546437
2,P0,mixed_subspace_stress,0.53125,-4.8774698814671478,-6.0055880879408328
2,P0,mixed_subspace_stress,0.53515625,-5.0042371543181723,-6.1262192126094295
2,P0,mixed_subspace_stress,0.5390625,-5.0775726217879962,-6.1920183641194697
2,P0,mixed_subspace_stress,0.54296875,-5.0979386652152021,-6.2014589345279205
2,P0,mixed_subspace_stress,0.546875,-5.0686434478435469,-6.1580744135261085
2,P0,mixed_subspace_stress,0.55078125,-4.9951527968934988,-6.0701157212333303
2,P0,mixed_subspace_stress,0.5546875,-4.8852182775801829,-5.9491904464147476
2,P0,mixed_subspace_stress,0.55859375,-4.7496128701824754,-5.8079702221275333
2,P0,mixed_subspace_stress,0.5625,-4.6016173317182636,-5.6573327727849563
2,P0,mixed_subspace_stress,0.56640625,-4.4534114207544508,-5.503687154489814
2,P0,mixed_subspace_stress,0.5703125,-4.3103662064094159,-5.3474694147545634
2,P0,mixed_subspace_stress,0.57421875,-4.1673997579258302,-5.1836170368500305
2,P0,mixed_subspace_stress,0.578125,-4.0112124996341043,-5.0041530154424025
2,P0,mixed_subspace_stress,0.58203125,-3.8279564730755764,-4.8020759125863046
2,P0,mixed_subspace_stress,0.5859375,-3.6115902112972966,-4.5750366955902173
2,P0,mixed_subspace_stress,0.58984375,-3.3677249504142148,-4.3272208969339534
2,P0,mixed_subspace_stress,0.59375,-3.1111876969512036,-4.0685562263768453
2,P0,mixed_subspace_stress,0.59765625,-2.8595618868712931,-3.8115261355573544
2,P0,mixed_subspace_stress,0.6015625,-2.6265901731597068,-3.5669292102764052
2,P0,mixed_subspace_stress,0.60546875,-2.418148090887319,-3.3403721637960437
2,P0,mixed_subspace_stress,0.609375,-2.2313545060523707,-3.1309188155513565
2,P0,mixed_subspace_stress,0.61328125,-2.0562487809728887,-2.9323277002802683
2,P0,mixed_subspace_stress,0.6171875,-1.8796450778740519,-2.7361678055194378
2,P0,mixed_subspace_stress,0.62109375,-1.6907051485699538,-2.5353345564394658
2,P0,mixed_subspace_stress,0.625,-1.4862481978704252,-2.3264451842687102
2,P0,mixed_subspace_stress,0.62890625,-1.2724106412256402,-2.1102767529296447
2,P0,mixed_subspace_stress,0.6328125,-1.0606906320061693,-1.8904585195505967
2,P0,mixed_subspace_stress,0.63671875,-0.86050565178044514,-1.67147795521543
2,P0,mixed_subspace_stress,0.640625,-0.67363080318276025,-1.4572401987609716
2,P0,mixed_subspace_stress,0.64453125,-0.49491860847673158,-1.2508512761841508
2,P0,mixed_subspace_stress,0.6484375,-0.31877591528081045,-1.055355017352263
2,P0,mixed_subspace_stress,0.65234375,-0.14609147008521967,-0.87446414625511015
2,P0,mixed_subspace_stress,0.65625,0.01402397112243481,-0.71235113989843035
2,P0,mixed_subspace_stress,0.66015625,0.14910900980617448,-0.57229120869764771
2,P0,mixed_subspace_stress,0.6640625,0.25137602428383043,-0.45488381832869185
2,P0,mixed_subspace_stress,0.66796875,0.32337430327652861,-0.35707046343520443
2,P0,mixed_subspace_stress,0.671875,0.37736262923647884,-0.27284681024393742
2,P0,mixed_subspace_stress,0.67578125,0.42859279172475895,-0.19560167212037505
2,P0,mixed_subspace_stress,0.6796875,0.4867928845125144,-0.12099749889556199
2,P0,mixed_subspace_stress,0.68359375,0.55119419287952831,-0.048876686310374451
2,P0,mixed_subspace_stress,0.6875,0.61186453101657556,0.016884728953647121
2,P0,mixed_subspace_stress,0.69140625,0.65612758818756778,0.07059416592100809
2,P0,mixed_subspace_stress,0.6953125,0.67603642311272161,0.10796904377851435
2,P0,mixed_subspace_stress,0.69921875,0.67265654294195676,0.12880308695884057
2,P0,mixed_subspace_stress,0.703125,0.65526665935157935,0.13780694683161809
2,P0,mixed_subspace_stress,0.70703125,0.63674277226380638,0.14326432872658823
2,P0,mixed_subspace_stress,0.7109375,0.6281651135738181,0.15415502016222282
2,P0,mixed_subspace_stress,0.71484375,0.63533539459513988,0.17702064872575729
2,P0,mixed_subspace_stress,0.71875,0.65813497360902906,0.21385178543708916
2,P0,mixed_subspace_stress,0.72265625,0.69185687596845968,0.26174103707288765
2,P0,mixed_subspace_stress,0.7265625,0.7291204687430819,0.31427708057913595
2,P0,mixed_subspace_stress,0.73046875,0.76180338209995768,0.36398945313962172
2,P0,mixed_subspace_stress,0.734375,0.78315681202980381,0.40483127191686274
2,P0,mixed_subspace_stress,0.73828125,0.7898361142754482,0.43378422147643536
2,P0,mixed_subspace_stress,0.7421875,0.78283931984547794,0.45111237159351791
2,P0,mixed_subspace_stress,0.74609375,0.76669924147118818,0.45939156200150388
2,P0,mixed_subspace_stress,0.75,0.74739731012762367,0.46195504329107417
2,P0,mixed_subspace_stress,0.75390625,0.72997701030137774,0.46159799960127978
2,P0,mixed_subspace_stress,0.7578125,0.71663562067051734,0.46015806164338091
2,P0,mixed_subspace_stress,0.76171875,0.70601801217190974,0.45900881196438159
2,P0,mixed_subspace_stress,0.765625,0.69425052106228569,0.45984455331668639
2,P0,mixed_subspace_stress,0.76953125,0.67725428082696715,0.46478842893765071
2,P0,mixed_subspace_stress,0.7734375,0.65295836344866298,0.47514037755029226
2,P0,mixed_subspace_stress,0.77734375,0.62241258108632458,0.48901743833947808
2,P0,mixed_subspace_stress,0.78125,0.58987282007014952,0.49931113445445496
2,P0,mixed_subspace_stress,0.78515625,0.56229438909944807,0.49401650957097787
2,P0,mixed_subspace_stress,0.7890625,0.54819225601284371,0.46028909998682277
2,P0,mixed_subspace_stress,0.79296875,0.55556255413819045,0.39135494447362995
2,P0,mixed_subspace_stress,0.796875,0.58912716107050778,0.29263687323284437
2,U2_L100,broad_common,-0.19921875,-0.00016848890797205597,0.90414023671179167
2,U2_L100,broad_common,-0.1953125,-0.00016848819365356484,0.86720479171492837
2,U2_L100,broad_common,-0.19140625,-0.00016848720441857702,0.83027115010674923
2,U2_L100,broad_common,-0.1875,-0.00016848583779356853,0.79333751022230881
2,U2_L100,broad_common,-0.18359375,-0.00016848395439926378,0.75640480916241626
2,U2_L100,broad_common,-0.1796875,-0.000168481365144393,0.71947514539234925
2,U2_L100,broad_common,-0.17578125,-0.00016847781415258581,0.68255146226971175
2,U2_L100,broad_common,-0.171875,-0.00016847295606310653,0.64563823698143241
2,U2_L100,broad_common,-0.16796875,-0.00016846632593433045,0.60874206858184532
2,U2_L100,broad_common,-0.1640625,-0.00016845729944925782,0.5718714093601649
2,U2_L100,broad_common,-0.16015625,-0.0001684450404434513,0.53503541789288378
2,U2_L100,broad_common,-0.15625,-0.00016842843190829985,0.4982423036006674
2,U2_L100,broad_common,-0.15234375,-0.00016840598551769552,0.46149771563807862
2,U2_L100,broad_common,-0.1484375,-0.00016837572332377058,0.42480393016696832
2,U2_L100,broad_common,-0.14453125,-0.00016833502349302047,0.38816048198365127
2,U2_L100,broad_common,-0.140625,-0.0001682804197168527,0.35156617987660171
2,U2_L100,broad_common,-0.13671875,-0.00016820734111910526,0.31502155236716051
2,U2_L100,broad_common,-0.1328125,-0.0001681097759620859,0.2785304284727152
2,U2_L100,broad_common,-0.12890625,-0.00016797983805838204,0.24209983819591349
2,U2_L100,broad_common,-0.125,-0.00016780720933064252,0.20573834492951329
2,U2_L100,broad_common,-0.12109375,-0.00016757842518884847,0.16945373779253706
2,U2_L100,broad_common,-0.1171875,-0.00016727596103141901,0.13325134812222547
2,U2_L100,broad_common,-0.11328125,-0.00016687706788674734,0.097133892029324959
2,U2_L100,broad_common,-0.109375,-0.0001663522925981116,0.061102737941922787
2,U2_L100,broad_common,-0.10546875,-0.00016566360255010362,0.025159544696084581
2,U2_L100,broad_common,-0.1015625,-0.00016476201619228318,-0.010692821261854979
2,U2_L100,broad_common,-0.09765625,-0.00016358461790016239,-0.046450348565306054
2,U2_L100,broad_common,-0.09375,-0.00016205080829016793,-0.082108439603248859
2,U2_L100,broad_common,-0.08984375,-0.00016005760812990412,-0.11766245190494028
2,U2_L100,broad_common,-0.0859375,-0.00015747379449464956,-0.15310804478619605
2,U2_L100,broad_common,-0.08203125,-0.00015413260072404968,-0.18844127081897985
2,U2_L100,broad_common,-0.078125,-0.00014982265580177942,-0.22365828128493828
2,U2_L100,broad_common,-0.07421875,-0.00014427677264595488,-0.25875467561623389
2,U2_L100,broad_common,-0.0703125,-0.00013715811694473855,-0.29372488712752048
2,U2_L100,broad_common,-0.06640625,-0.00012804319694125822,-0.32856207223838974
2,U2_L100,broad_common,-0.0625,-0.00011640100816763469,-0.36325863985569778
2,U2_L100,broad_common,-0.05859375,-0.0001015675436262532,-0.39780718014161293
2,U2_L100,broad_common,-0.0546875,-8.2714737287484233e-05,-0.43220131226078873
2,U2_L100,broad_common,-0.05078125,-5.88127449093783e-05,-0.46643592204232309
2,U2_L100,broad_common,-0.046875,-2.8584278941475667e-05,-0.50050664003425682
2,U2_L100,broad_common,-0.04296875,9.5504984777155003e-06,-0.53440910870197711
2,U2_L100,broad_common,-0.0390625,5.7540260728242864e-05,-0.5681388485316603
2,U2_L100,broad_common,-0.03515625,0.00011778198616300211,-0.60169188445482447
2,U2_L100,broad_common,-0.03125,0.00019321591863820693,-0.63506534141294158
2,U2_L100,broad_common,-0.02734375,0.00028743865899963101,-0.66825699810004846
2,U2_L100,broad_common,-0.0234375,0.00040483739340019557,-0.70126356278045798
2,U2_L100,broad_common,-0.01953125,0.00055074866325001686,-0.73407848119994923
2,U2_L100,broad_common,-0.015625,0.00073164551255287596,-0.76669054033322981
2,U2_L100,broad_common,-0.01171875,0.00095535730936723549,-0.79908410269790309
2,U2_L100,broad_common,-0.0078125,0.00123132702582853,-0.83124080412819978
2,U2_L100,broad_common,-0.00390625,0.0015709112707007619,-0.86314161432646619
2,U2_L100,broad_common,0,0.0019877288930863586,-0.89476792355367973
2,U2_L100,broad_common,0.00390625,0.0024980645069259868,-0.92610096786220553
2,U2_L100,broad_common,0.0078125,0.0031213338121288585,-0.95711996204703753
2,U2_L100,broad_common,0.01171875,0.0038806180958523354,-0.98779997659459606
2,U2_L100,broad_common,0.015625,0.0048032757700266753,-1.0181104654984623
2,U2_L100,broad_common,0.01953125,0.0059216392190934823,-1.0480147109013886
2,U2_L100,broad_common,0.0234375,0.0072738055723088292,-1.0774698478007256
2,U2_L100,broad_common,0.02734375,0.0089045302518011241,-1.1064268744721368
2,U2_L100,broad_common,0.03125,0.010866232251548154,-1.1348301300035124
2,U2_L100,broad_common,0.03515625,0.013220120041060376,-1.1626159915750953
2,U2_L100,broad_common,0.0390625,0.016037446725402024,-1.1897109357559723
2,U2_L100,broad_common,0.04296875,0.019400902592248262,-1.2160295021946013
2,U2_L100,broad_common,0.046875,0.023406152396930571,-1.2414727069790594
2,U2_L100,broad_common,0.05078125,0.028163523636497167,-1.2659268506379946
2,U2_L100,broad_common,0.0546875,0.033799850601928326,-1.2892620356053039
2,U2_L100,broad_common,0.05859375,0.040460477132707909,-1.3113298403994198
2,U2_L100,broad_common,0.0625,0.048311418690892532,-1.3319603120506691
2,U2_L100,broad_common,0.06640625,0.057541681587127184,-1.350958885736611
2,U2_L100,broad_common,0.0703125,0.06836573389851304,-1.3681037412421555
2,U2_L100,broad_common,0.07421875,0.081026118794845309,-1.3831438040332673
2,U2_L100,broad_common,0.078125,0.095796196621810256,-1.3957972416071023
2,U2_L100,broad_common,0.08203125,0.11298299717506435,-1.4057498560832853
2,U2_L100,broad_common,0.0859375,0.13293015814927858,-1.4126525644985271
2,U2_L100,broad_common,0.08984375,0.15602091978880697,-1.4161176091209073
2,U2_L100,broad_common,0.09375,0.1826811393474381,-1.4157139893829602
2,U2_L100,broad_common,0.09765625,0.21338228214976029,-1.4109630506313957
2,U2_L100,broad_common,0.1015625,0.2486443389240901,-1.4013348654381057
2,U2_L100,broad_common,0.10546875,0.28903861175816242,-1.3862455215117413
2,U2_L100,broad_common,0.109375,0.33519030364970731,-1.3650552248414816
2,U2_L100,broad_common,0.11328125,0.38778083934516605,-1.3370670946539291
2,U2_L100,broad_common,0.1171875,0.44754983816598609,-1.3015263849898187
2,U2_L100,broad_common,0.12109375,0.51529665302116334,-1.2576198034597612
2,U2_L100,broad_common,0.125,0.59188138402606638,-1.204474819099062
2,U2_L100,broad_common,0.12890625,0.67822527033809377,-1.1411591120292424
2,U2_L100,broad_common,0.1328125,0.7753103602403949,-1.0666803504485753
2,U2_L100,broad_common,0.13671875,0.88417835742534634,-0.97998646566758774
2,U2_L100,broad_common,0.140625,1.0059285411219334,-0.87996680501880675
2,U2_L100,broad_common,0.14453125,1.1417146594429892,-0.76545477701222797
2,U2_L100,broad_common,0.1484375,1.2927406993538528,-0.63523245923537297
2,U2_L100,broad_common,0.15234375,1.4602554432159482,-0.48803720805135947
2,U2_L100,broad_common,0.15625,1.6455457311380244,-0.32257003165238129
2,U2_L100,broad_common,0.16015625,1.8499283605338548,-0.13750542746884292
2,U2_L100,broad_common,0.1640625,2.0747405694460226,0.068497733905662994
2,U2_L100,broad_common,0.16796875,2.3213290683974148,0.29678483023274582
2,U2_L100,broad_common,0.171875,2.5910376067509975,0.54869391304292303
2,U2_L100,broad_common,0.17578125,2.8851930836908295,0.82554350667448295
2,U2_L100,broad_common,0.1796875,3.2050902407934871,1.1286187281817894
2,U2_L100,broad_common,0.18359375,3.5519750024579237,1.4591548366101221
2,U2_L100,broad_common,0.1875,3.9270265618274194,1.8183182307423458
2,U2_L100,broad_common,0.19140625,4.3313383427983592,2.2071858587886544
2,U2_L100,broad_common,0.1953125,4.7658980027024462,2.626724333389642
2,U2_L100,broad_common,0.19921875,5.2315666746185281,3.0777696187240928
2,U2_L100,broad_common,0.203125,5.7290576822847665,3.5610072511638085
2,U2_L100,broad_common,0.20703125,6.258914993439836,4.0769522916418257
2,U2_L100,broad_common,0.2109375,6.8214917082686064,4.6259282905303412
2,U2_L100,broad_common,0.21484375,7.4169289075731033,5.2080455119771552
2,U2_L100,broad_common,0.21875,8.0451352094284392,5.8231796279370336
2,U2_L100,broad_common,0.22265625,8.7057674025199248,6.4709521960634353
2,U2_L100,broad_common,0.2265625,9.3982125382294583,7.1507136029345748
2,U2_L100,broad_common,0.23046875,10.121571871045166,7.86152855531477
2,U2_L100,broad_common,0.234375,10.874647037294485,8.602164061843931
2,U2_L100,broad_common,0.23828125,11.655928854948399,9.371079924633138
2,U2_L100,broad_common,0.2421875,12.463589111855484,10.166421736918876
2,U2_L100,broad_common,0.24609375,13.295475685944464,10.986016415864855
2,U2_L100,broad_common,0.25,14.149111308574682,11.827370691943051
2,U2_L100,broad_common,0.25390625,15.021696241408822,12.687673479853096
2,U2_L100,broad_common,0.2578125,15.910115088238694,13.563803024108632
2,U2_L100,broad_common,0.26171875,16.810947906642319,14.452339003906321
2,U2_L100,broad_common,0.265625,17.720485720939262,15.349579051177349
2,U2_L100,broad_common,0.26953125,18.634750468607997,16.251559088205717
2,U2_L100,broad_common,0.2734375,19.549519338305032,17.154077494514318
2,U2_L100,broad_common,0.27734375,20.460353380234455,18.052723629836855
2,U2_L100,broad_common,0.28125,21.362630190373597,18.942910978092183
2,U2_L100,broad_common,0.28515625,22.251580390604481,19.819914242215223
2,U2_L100,broad_common,0.2890625,23.122327548863566,20.678909052856778
2,U2_L100,broad_common,0.29296875,23.969931108780514,21.515013365176966
2,U2_L100,broad_common,0.296875,24.789431828711944,22.323330680768169
2,U2_L100,broad_common,0.30078125,25.575899167323737,23.098995676662231
2,U2_L100,broad_common,0.3046875,26.32447999857845,23.837222176919138
2,U2_L100,broad_common,0.30859375,27.030447994644874,24.533352459337642
2,U2_L100,broad_common,0.3125,27.689252982181735,25.182906467531691
2,U2_L100,broad_common,0.31640625,28.296569556745848,25.781629617658293
2,U2_L100,broad_common,0.3203125,28.84834423256239,26.325538256207064
2,U2_L100,broad_common,0.32421875,29.340840411103724,26.810962303569685
2,U2_L100,broad_common,0.328125,29.770680472068872,27.234585039645093
2,U2_L100,broad_common,0.33203125,30.134884324325512,27.593480037072265
2,U2_L100,broad_common,0.3359375,30.43090380172185,27.885144829548068
2,U2_L100,broad_common,0.33984375,30.656652348620018,28.107530403555423
2,U2_L100,broad_common,0.34375,30.81052951145384,28.259065515628279
2,U2_L100,broad_common,0.34765625,30.891439834188212,28.338675214663464
2,U2_L100,broad_common,0.3515625,30.898805845613293,28.345793384809895
2,U2_L100,broad_common,0.35546875,30.832574923083971,28.280369265987272
2,U2_L100,broad_common,0.359375,30.693219918581143,28.142867862101212
2,U2_L100,broad_common,0.36328125,30.481733536675357,27.934264236276356
2,U2_L100,broad_common,0.3671875,30.199616557900182,27.656031914534111
2,U2_L100,broad_common,0.37109375,29.848860102971273,27.310125694141664
2,U2_L100,broad_common,0.375,29.431922231049352,26.898959064252622
2,U2_L100,broad_common,0.37890625,28.951699256780433,26.425376500433721
2,U2_L100,broad_common,0.3828125,28.411492254256437,25.892621180188694
2,U2_L100,broad_common,0.38671875,27.814969289634686,25.304298807959363
2,U2_L100,broad_common,0.390625,27.166123986497208,24.664337950927756
2,U2_L100,broad_common,0.39453125,26.469231077969013,23.97694697622947
2,U2_L100,broad_common,0.3984375,25.728799636305499,23.246567965559681
2,U2_L100,broad_common,0.40234375,24.949524693589677,22.477828695273146
2,U2_L100,broad_common,0.40625,24.136237976168999,21.675494085072511
2,U2_L100,broad_common,0.41015625,23.293858470660567,20.844418100544033
2,U2_L100,broad_common,0.4140625,22.427343521232608,19.989496482246786
2,U2_L100,broad_common,0.41796875,21.541641127198474,19.115620490592288
2,U2_L100,broad_common,0.421875,20.641644067776202,18.227632108639572
2,U2_L100,broad_common,0.42578125,19.732146428446288,17.330281396812921
2,U2_L100,broad_common,0.4296875,18.817803042151446,16.428186630636038
2,U2_L100,broad_common,0.43359375,17.903092290243144,15.525797542838179
2,U2_L100,broad_common,0.4375,16.992282634311731,14.627361757911219
2,U2_L100,broad_common,0.44140625,16.089403172615839,13.736894631353028
2,U2_L100,broad_common,0.4453125,15.198218435533915,12.858153091211163
2,U2_L100,broad_common,0.44921875,14.322207555040446,11.994614243176457
2,U2_L100,broad_common,0.453125,13.46454786532251,11.14945910389733
2,U2_L100,broad_common,0.45703125,12.628102916840687,10.325561138006107
2,U2_L100,broad_common,0.4609375,11.815414815791362,9.5254788942985993
2,U2_L100,broad_common,0.46484375,11.028700736253668,8.7514522034865294
2,U2_L100,broad_common,0.46875,10.26985339431279,8.0054017566815983
2,U2_L100,broad_common,0.47265625,9.5404452229367536,7.2889320245768277
2,U2_L100,broad_common,0.4765625,8.8417359439192769,6.6033374438698784
2,U2_L100,broad_common,0.48046875,8.1746831991386557,5.9496117895274576
2,U2_L100,broad_common,0.484375,7.5399558778573974,5.3284605995057923
2,U2_L100,broad_common,0.48828125,6.9379497597297393,4.7403162836324642
2,U2_L100,broad_common,0.4921875,6.3688050843362838,4.1853552829930294
2,U2_L100,broad_common,0.49609375,5.8324256569991588,3.6635166484673944
2,U2_L100,broad_common,0.5,5.3284991067748715,3.1745216828023786
2,U2_L100,broad_common,0.50390625,4.8565179251824091,2.7178944904814704
2,U2_L100,broad_common,0.5078125,4.4158009326151602,2.2929831608836762
2,U2_L100,broad_common,0.51171875,4.0055148426545992,1.8989810691491957
2,U2_L100,broad_common,0.515625,3.6246956217602491,1.5349477738093382
2,U2_L100,broad_common,0.51953125,3.272269372148803,1.1998292895328444
2,U2_L100,broad_common,0.5234375,2.9470724982009728,0.89247784805977903
2,U2_L100,broad_common,0.52734375,2.6478709505837581,0.6116713051324848
2,U2_L100,broad_common,0.53125,2.3733783766354901,0.35613202173422553
2,U2_L100,broad_common,0.53515625,2.1222730396833325,0.12454462992359452
2,U2_L100,broad_common,0.5390625,1.8932134031782575,-0.084427987453316561
2,U2_L100,broad_common,0.54296875,1.6848523072579706,-0.27213080440169607
2,U2_L100,broad_common,0.546875,1.4958496950936042,-0.4399046372709674
2,U2_L100,broad_common,0.55078125,1.3248838737462343,-0.58907553609677443
2,U2_L100,broad_common,0.5546875,1.170661318954461,-0.72094521120006239
2,U2_L100,broad_common,0.55859375,1.0319250550868595,-0.83678235217851338
2,U2_L100,broad_common,0.5625,0.907461660302886,-0.93781475444088047
2,U2_L100,broad_common,0.56640625,0.79610696273328352,-1.0252221432601569
2,U2_L100,broad_common,0.5703125,0.69675050624922874,-1.1001298433188489
2,U2_L100,broad_common,0.57421875,0.60833887423484367,-1.163603941979009
2,U2_L100,broad_common,0.578125,0.52987796686015376,-1.2166487068684682
2,U2_L100,broad_common,0.58203125,0.46043433186474964,-1.2602063536364514
2,U2_L100,broad_common,0.5859375,0.39913565103317672,-1.29515833093129
2,U2_L100,broad_common,0.58984375,0.34517048462229349,-1.3223269466841514
2,U2_L100,broad_common,0.59375,0.29778737425398311,-1.3424766112659812
2,U2_L100,broad_common,0.59765625,0.25629340148547752,-1.3563146843638487
2,U2_L100,broad_common,0.6015625,0.22005229468487586,-1.3644922902431165
2,U2_L100,broad_common,0.60546875,0.18848217123435035,-1.3676054100988013
2,U2_L100,broad_common,0.609375,0.16105299570824352,-1.3661963732149243
2,U2_L100,broad_common,0.61328125,0.13728382776070328,-1.3607558151102945
2,U2_L100,broad_common,0.6171875,0.11673992622009254,-1.3517252648971216
2,U2_L100,broad_common,0.62109375,0.099029768514743904,-1.3395005771222532
2,U2_L100,broad_common,0.625,0.083802037212160257,-1.3244361803536826
2,U2_L100,broad_common,0.62890625,0.070742618282256253,-1.3068495937824038
2,U2_L100,broad_common,0.6328125,0.05957164881100098,-1.2870253476741138
2,U2_L100,broad_common,0.63671875,0.050040645386510631,-1.2652177951237566
2,U2_L100,broad_common,0.640625,0.04192973832557613,-1.2416531074957788
2,U2_L100,broad_common,0.64453125,0.03504503135449473,-1.2165312412133473
2,U2_L100,broad_common,0.6484375,0.029216101334968245,-1.1900283672619394
2,U2_L100,broad_common,0.65234375,0.02429364814832247,-1.1622995154788249
2,U2_L100,broad_common,0.65625,0.020147300919765968,-1.1334807892911711
2,U2_L100,broad_common,0.66015625,0.016663583367267712,-1.1036908089556083
2,U2_L100,broad_common,0.6640625,0.01374403817558504,-1.0730316781295417
2,U2_L100,broad_common,0.66796875,0.011303507896084754,-1.0415901638622693
2,U2_L100,broad_common,0.671875,0.0092685679226728497,-1.0094396547754427
2,U2_L100,broad_common,0.67578125,0.0075761055548936411,-0.97664289579687291
2,U2_L100,broad_common,0.6796875,0.0061720379902797037,-0.94325484580027108
2,U2_L100,broad_common,0.68359375,0.0050101612475884957,-0.90932474591249257
2,U2_L100,broad_common,0.6875,0.0040511214691230394,-0.8748968578007027
2,U2_L100,broad_common,0.69140625,0.0032614997435365402,-0.84001008254666409
2,U2_L100,broad_common,0.6953125,0.0026130014919106426,-0.8046972717020664
2,U2_L100,broad_common,0.69921875,0.0020817415334981868,-0.76898509356644185
2,U2_L100,broad_common,0.703125,0.0016476161602366514,-0.7328948334603228
2,U2_L100,broad_common,0.70703125,0.0012937538710016603,-0.69644388644548694
2,U2_L100,broad_common,0.7109375,0.0010060368208712406,-0.65964734527519764
2,U2_L100,broad_common,0.71484375,0.00077268550397601875,-0.62251910470709326
2,U2_L100,broad_common,0.71875,0.00058389969058863264,-0.58507223347407411
2,U2_L100,broad_common,0.72265625,0.00043154916279482996,-0.54731883625172906
2,U2_L100,broad_common,0.7265625,0.00030890832410319881,-0.50926986241526195
2,U2_L100,broad_common,0.73046875,0.00021042928505417602,-0.47093507522107431
2,U2_L100,broad_common,0.734375,0.00013154854004535053,-0.43232303435752317
2,U2_L100,broad_common,0.73828125,6.8522843100279565e-05,-0.39344100067584192
2,U2_L100,broad_common,0.7421875,1.8290356946914046e-05,-0.35429501980541328
2,U2_L100,broad_common,0.74609375,-2.1646413070605636e-05,-0.31489048663601799
2,U2_L100,broad_common,0.75,-5.3318983287958143e-05,-0.27523309535713947
2,U2_L100,broad_common,0.75390625,-7.8375264656909853e-05,-0.23532972453969025
2,U2_L100,broad_common,0.7578125,-9.8148315149742697e-05,-0.19518890643506223
2,U2_L100,broad_common,0.76171875,-0.00011371353530211379,-0.1548209650954997
2,U2_L100,broad_common,0.765625,-0.00012593609473074172,-0.11423823425151623
2,U2_L100,broad_common,0.76953125,-0.00013551013141042403,-0.073455661246217829
2,U2_L100,broad_common,0.7734375,-0.00014299104739086288,-0.032491647283635662
2,U2_L100,broad_common,0.77734375,-0.000148822032457325,0.0086314253961455086
2,U2_L100,broad_common,0.78125,-0.00015335577887149325,0.049887505131889755
2,U2_L100,broad_common,0.78515625,-0.00015687220362343735,0.091248099952600137
2,U2_L100,broad_common,0.7890625,-0.00015959286746387676,0.13268402080977457
2,U2_L100,broad_common,0.79296875,-0.00016169267031973267,0.17416723011037027
2,U2_L100,broad_common,0.796875,-0.00016330930857886268,0.21567304876298421
2,U2_L100,narrow_antisym,-0.19921875,-7.2398352585565454e-33,0.34101610135502147
2,U2_L100,narrow_antisym,-0.1953125,-7.2398352585565454e-33,0.32677839036086592
2,U2_L100,narrow_antisym,-0.19140625,-7.2398352585565454e-33,0.31254094009828465
2,U2_L100,narrow_antisym,-0.1875,-7.2398352585565454e-33,0.29831009086562887
2,U2_L100,narrow_antisym,-0.18359375,-7.2398352585565454e-33,0.28409119262774007
2,U2_L100,narrow_antisym,-0.1796875,-7.2398352585565454e-33,0.26988942719604225
2,U2_L100,narrow_antisym,-0.17578125,-7.2398352585565454e-33,0.2557099249604135
2,U2_L100,narrow_antisym,-0.171875,-7.2398352585565454e-33,0.24155714339679313
2,U2_L100,narrow_antisym,-0.16796875,-7.2398352585565454e-33,0.22743422252662035
2,U2_L100,narrow_antisym,-0.1640625,-7.2398352585565454e-33,0.2133428868639384
2,U2_L100,narrow_antisym,-0.16015625,-7.2398352585565454e-33,0.19928385845584956
2,U2_L100,narrow_antisym,-0.15625,-7.2398352585565454e-33,0.18525741004941837
2,U2_L100,narrow_antisym,-0.15234375,-7.2398352585565454e-33,0.17126384074697215
2,U2_L100,narrow_antisym,-0.1484375,-7.2398352585565454e-33,0.15730393248186908
2,U2_L100,narrow_antisym,-0.14453125,-7.2398352585565454e-33,0.1433794643144371
2,U2_L100,narrow_antisym,-0.140625,-7.2398352585565454e-33,0.12949363728685653
2,U2_L100,narrow_antisym,-0.13671875,-7.2398352585565454e-33,0.11565106129884317
2,U2_L100,narrow_antisym,-0.1328125,-7.2398352585565454e-33,0.10185702145322109
2,U2_L100,narrow_antisym,-0.12890625,-7.2398352585565454e-33,0.088116151360597819
2,U2_L100,narrow_antisym,-0.125,-7.2398352585565454e-33,0.074431159872861058
2,U2_L100,narrow_antisym,-0.12109375,-7.2398352585565454e-33,0.060802396856651029
2,U2_L100,narrow_antisym,-0.1171875,-7.2398352585565454e-33,0.047228549368955881
2,U2_L100,narrow_antisym,-0.11328125,-7.2398352585565454e-33,0.033708016797819561
2,U2_L100,narrow_antisym,-0.109375,-7.2398352585565454e-33,0.020240177272346321
2,U2_L100,narrow_antisym,-0.10546875,-7.2398352585565454e-33,0.0068260049546279671
2,U2_L100,narrow_antisym,-0.1015625,-7.2398352585565454e-33,-0.006532041224320796
2,U2_L100,narrow_antisym,-0.09765625,-7.2398352585565454e-33,-0.019830609658372043
2,U2_L100,narrow_antisym,-0.09375,-7.2398352585565454e-33,-0.033066166708002137
2,U2_L100,narrow_antisym,-0.08984375,-7.2398352585565454e-33,-0.046235534486373568
2,U2_L100,narrow_antisym,-0.0859375,-7.2398352585565454e-33,-0.059336153130334759
2,U2_L100,narrow_antisym,-0.08203125,-7.2398352585565454e-33,-0.072366163628906452
2,U2_L100,narrow_antisym,-0.078125,-7.239835258556544e-33,-0.085324485028779012
2,U2_L100,narrow_antisym,-0.07421875,-7.2398352585565372e-33,-0.098210913971304076
2,U2_L100,narrow_antisym,-0.0703125,-7.2398352585564578e-33,-0.11102603999237701
2,U2_L100,narrow_antisym,-0.06640625,-7.2398352585556696e-33,-0.12377077436837401
2,U2_L100,narrow_antisym,-0.0625,-7.2398352585479994e-33,-0.13644557511766256
2,U2_L100,narrow_antisym,-0.05859375,-7.2398352584751921e-33,-0.1490497025674701
2,U2_L100,narrow_antisym,-0.0546875,-7.2398352578007214e-33,-0.16158087635810467
2,U2_L100,narrow_antisym,-0.05078125,-7.2398352517038442e-33,-0.17403557706251899
2,U2_L100,narrow_antisym,-0.046875,-7.2398351979247953e-33,-0.18640995062437751
2,U2_L100,narrow_antisym,-0.04296875,-7.2398347350338408e-33,-0.1987008766324932
2,U2_L100,narrow_antisym,-0.0390625,-7.2398308472417776e-33,-0.21090655222744906
2,U2_L100,narrow_antisym,-0.03515625,-7.239798984370065e-33,-0.22302621471134534
2,U2_L100,narrow_antisym,-0.03125,-7.2395441704761044e-33,-0.23505922296014198
2,U2_L100,narrow_antisym,-0.02734375,-7.237555713029015e-33,-0.24700414134288076
2,U2_L100,narrow_antisym,-0.0234375,-7.2224144131801489e-33,-0.25885842091608208
2,U2_L100,narrow_antisym,-0.01953125,-7.1099118849251453e-33,-0.27061886173401822
2,U2_L100,narrow_antisym,-0.015625,-6.2942461540138854e-33,-0.28228252605662396
2,U2_L100,narrow_antisym,-0.01171875,-5.2377263244260609e-34,-0.29384741462439634
2,U2_L100,narrow_antisym,-0.0078125,3.9310640327137201e-32,-0.30531231519432894
2,U2_L100,narrow_antisym,-0.00390625,3.0762967948150607e-31,-0.31667589249564027
2,U2_L100,narrow_antisym,0,2.0711844809544834e-30,-0.32793586925392376
2,U2_L100,narrow_antisym,0.00390625,1.3381352620323431e-29,-0.33908925843372689
2,U2_L100,narrow_antisym,0.0078125,8.4157994436775976e-29,-0.35013374447094231
2,U2_L100,narrow_antisym,0.01171875,5.1632311599492475e-28,-0.36106917130249805
2,U2_L100,narrow_antisym,0.015625,3.0911399701349995e-27,-0.37189778090604664
2,U2_L100,narrow_antisym,0.01953125,1.8059621777828783e-26,-0.38262273901829302
2,U2_L100,narrow_antisym,0.0234375,1.0296628371387262e-25,-0.39324582685930076
2,U2_L100,narrow_antisym,0.02734375,5.7289946265932902e-25,-0.40376582224486046
2,U2_L100,narrow_antisym,0.03125,3.110705365372766e-24,-0.41417859676683116
2,U2_L100,narrow_antisym,0.03515625,1.6483007086862211e-23,-0.42447884419419812
2,U2_L100,narrow_antisym,0.0390625,8.5233656340506612e-23,-0.43466243380622344
2,U2_L100,narrow_antisym,0.04296875,4.3011332785782301e-22,-0.44472808940940262
2,U2_L100,narrow_antisym,0.046875,2.1181259870960484e-21,-0.45467750881922325
2,U2_L100,narrow_antisym,0.05078125,1.0179296963272142e-20,-0.46451397496242108
2,U2_L100,narrow_antisym,0.0546875,4.7739832122353926e-20,-0.47424039653484668
2,U2_L100,narrow_antisym,0.05859375,2.1849479618300687e-19,-0.4838579053413829
2,U2_L100,narrow_antisym,0.0625,9.7588449039688266e-19,-0.49336559759206278
2,U2_L100,narrow_antisym,0.06640625,4.2535627214677442e-18,-0.50276129481998844
2,U2_L100,narrow_antisym,0.0703125,1.8092741313326112e-17,-0.5120427259278012
2,U2_L100,narrow_antisym,0.07421875,7.5102261325367342e-17,-0.52120833084923857
2,U2_L100,narrow_antisym,0.078125,3.0422770493764655e-16,-0.530257022732459
2,U2_L100,narrow_antisym,0.08203125,1.2026565362384315e-15,-0.53918680976232858
2,U2_L100,narrow_antisym,0.0859375,4.6396110924437935e-15,-0.54799285955394872
2,U2_L100,narrow_antisym,0.08984375,1.7467013165676948e-14,-0.55666581872430332
2,U2_L100,narrow_antisym,0.09375,6.4173071229113721e-14,-0.56519082499548035
2,U2_L100,narrow_antisym,0.09765625,2.3008277608357858e-13,-0.57354710977482015
2,U2_L100,narrow_antisym,0.1015625,8.0503080715310969e-13,-0.58170787094126208
2,U2_L100,narrow_antisym,0.10546875,2.7487674500075201e-12,-0.58964024870893539
2,U2_L100,narrow_antisym,0.109375,9.1592646076869096e-12,-0.59730551621892081
2,U2_L100,narrow_antisym,0.11328125,2.9783814584429816e-11,-0.6046598454794283
2,U2_L100,narrow_antisym,0.1171875,9.4514216984033013e-11,-0.61165619472326171
2,U2_L100,narrow_antisym,0.12109375,2.9269214623605288e-10,-0.61824793344829976
2,U2_L100,narrow_antisym,0.125,8.8454942623236225e-10,-0.62439479188026203
2,U2_L100,narrow_antisym,0.12890625,2.608736702760772e-09,-0.63007168079528209
2,U2_L100,narrow_antisym,0.1328125,7.5081942326191966e-09,-0.63528081985742213
2,U2_L100,narrow_antisym,0.13671875,2.108811965169743e-08,-0.64006728813343972
2,U2_L100,narrow_antisym,0.140625,5.7801262238570463e-08,-0.64453763607715486
2,U2_L100,narrow_antisym,0.14453125,1.5460868815717605e-07,-0.64888082615744713
2,U2_L100,narrow_antisym,0.1484375,4.0357808511418037e-07,-0.65339051278973515
2,U2_L100,narrow_antisym,0.15234375,1.0280597657635284e-06,-0.65848714499346017
2,U2_L100,narrow_antisym,0.15625,2.5556787258297287e-06,-0.66473723138507712
2,U2_L100,narrow_antisym,0.16015625,6.199993869407392e-06,-0.67286549304803944
2,U2_L100,narrow_antisym,0.1640625,1.4678219223033563e-05,-0.68375399477098453
2,U2_L100,narrow_antisym,0.16796875,3.3911936218199524e-05,-0.69842092069721518
2,U2_L100,narrow_antisym,0.171875,7.6459052377991112e-05,-0.71797030635065007
2,U2_L100,narrow_antisym,0.17578125,0.00016822957311930998,-0.74350258621940257
2,U2_L100,narrow_antisym,0.1796875,0.00036122090973363552,-0.77597453724673104
2,U2_L100,narrow_antisym,0.18359375,0.00075690352635246342,-0.81599688709289409
2,U2_L100,narrow_antisym,0.1875,0.0015477659296734881,-0.86355932124413759
2,U2_L100,narrow_antisym,0.19140625,0.003088638948901204,-0.91767618773695725
2,U2_L100,narrow_antisym,0.1953125,0.0060148681591803074,-0.97595183708270483
2,U2_L100,narrow_antisym,0.19921875,0.011430946402675958,-1.0340723611189995
2,U2_L100,narrow_antisym,0.203125,0.021199976125319476,-1.0852409548887256
2,U2_L100,narrow_antisym,0.20703125,0.038369457835895238,-1.1195878131645172
2,U2_L100,narrow_antisym,0.2109375,0.067769309519732771,-1.1236026237189933
2,U2_L100,narrow_antisym,0.21484375,0.11680933898524179,-1.0796574292649175
2,U2_L100,narrow_antisym,0.21875,0.19648037538608307,-0.96570737552550245
2,U2_L100,narrow_antisym,0.22265625,0.32252092706776464,-0.75527291682007436
2,U2_L100,narrow_antisym,0.2265625,0.51664678017117838,-0.41781534661154857
2,U2_L100,narrow_antisym,0.23046875,0.80765644337937492,0.080385958643885327
2,U2_L100,narrow_antisym,0.234375,1.232130489779117,0.77476555797296776
2,U2_L100,narrow_antisym,0.23828125,1.8343569704692599,1.7003633726211804
2,U2_L100,narrow_antisym,0.2421875,2.665066876117796,2.8890869618021058
2,U2_L100,narrow_antisym,0.24609375,3.7785874347549067,4.366438250507227
2,U2_L100,narrow_antisym,0.25,5.2281488995809378,6.1478952359437793
2,U2_L100,narrow_antisym,0.25390625,7.059330699785046,8.2352399029604584
2,U2_L100,narrow_antisym,0.2578125,9.3019974022225789,10.61321298318061
2,U2_L100,narrow_antisym,0.26171875,11.961510006546769,13.246936283780304
2,U2_L100,narrow_antisym,0.265625,15.010422250532693,16.080555343793606
2,U2_L100,narrow_antisym,0.26953125,18.38217592292547,19.037503767342599
2,U2_L100,narrow_antisym,0.2734375,21.968380104727078,22.022668817790453
2,U2_L100,narrow_antisym,0.27734375,25.621010698509767,24.926551038936626
2,U2_L100,narrow_antisym,0.28125,29.160273212708681,27.63127725097608
2,U2_L100,narrow_antisym,0.28515625,32.387992274075117,30.018076050132152
2,U2_L100,narrow_antisym,0.2890625,35.105371450139877,31.975595163810794
2,U2_L100,narrow_antisym,0.29296875,37.133016084419289,33.408269799495429
2,U2_L100,narrow_antisym,0.296875,38.330456020033459,34.243874557191248
2,U2_L100,narrow_antisym,0.30078125,38.612227282277935,34.439430030444115
2,U2_L100,narrow_antisym,0.3046875,37.957956963862344,33.984791519869347
2,U2_L100,narrow_antisym,0.30859375,36.414798538616935,32.903502749891224
2,U2_L100,narrow_antisym,0.3125,34.091813308320177,31.250815234626678
2,U2_L100,narrow_antisym,0.31640625,31.147227774847149,29.109105994835012
2,U2_L100,narrow_antisym,0.3203125,27.770634557645703,26.581222757313725
2,U2_L100,narrow_antisym,0.32421875,24.16291440846766,23.782503554380487
2,U2_L100,narrow_antisym,0.328125,20.516814645067427,20.8323278134094
2,U2_L100,narrow_antisym,0.33203125,17.000733586649094,17.846048259051432
2,U2_L100,narrow_antisym,0.3359375,13.747460986453822,14.928036708972854
2,U2_L100,narrow_antisym,0.33984375,10.848618506403765,12.166378503908389
2,U2_L100,narrow_antisym,0.34375,8.3545581531947342,9.6295069582555488
2,U2_L100,narrow_antisym,0.34765625,6.2786986977921835,7.3648208729581759
2,U2_L100,narrow_antisym,0.3515625,4.6048226272144159,5.3991103649504169
2,U2_L100,narrow_antisym,0.35546875,3.2957425371947906,3.7404545271772953
2,U2_L100,narrow_antisym,0.359375,2.3019228065588142,2.3811612758558911
2,U2_L100,narrow_antisym,0.36328125,1.569008663304678,1.3012948078144255
2,U2_L100,narrow_antisym,0.3671875,1.0436551841576864,0.47236881255708452
2,U2_L100,narrow_antisym,0.37109375,0.67746339668636957,-0.13914267491070043
2,U2_L100,narrow_antisym,0.375,0.4291525952276381,-0.56872874059108036
2,U2_L100,narrow_antisym,0.37890625,0.26529847800995837,-0.85135013595517395
2,U2_L100,narrow_antisym,0.3828125,0.16004970616403963,-1.019591246842197
2,U2_L100,narrow_antisym,0.38671875,0.094226294199623417,-1.10243918341969
2,U2_L100,narrow_antisym,0.390625,0.054136035544801363,-1.1246208542926248
2,U2_L100,narrow_antisym,0.39453125,0.030352739416218119,-1.1063980141727796
2,U2_L100,narrow_antisym,0.3984375,0.016607583535202603,-1.0637086894041352
2,U2_L100,narrow_antisym,0.40234375,0.0088677227242254936,-1.008546471773867
2,U2_L100,narrow_antisym,0.40625,0.0046207755340231613,-0.94948159412909594
2,U2_L100,narrow_antisym,0.41015625,0.0023497126034268743,-0.89224484926981407
2,U2_L100,narrow_antisym,0.4140625,0.0011660353799906979,-0.84031407345637676
2,U2_L100,narrow_antisym,0.41796875,0.0005646844351436148,-0.79546100907759565
2,U2_L100,narrow_antisym,0.421875,0.0002668683150017259,-0.75823248094388429
2,U2_L100,narrow_antisym,0.42578125,0.00012307938494510859,-0.72835306833019886
2,U2_L100,narrow_antisym,0.4296875,5.5395020635896387e-05,-0.7050464754282193
2,U2_L100,narrow_antisym,0.43359375,2.4330623986126603e-05,-0.68727975839009847
2,U2_L100,narrow_antisym,0.4375,1.0428764801130169e-05,-0.67393894602307935
2,U2_L100,narrow_antisym,0.44140625,4.3622405075322467e-06,-0.66394695264798576
2,U2_L100,narrow_antisym,0.4453125,1.7806700205121022e-06,-0.65633548178430945
2,U2_L100,narrow_antisym,0.44921875,7.0933990919166742e-07,-0.65028220020268024
2,U2_L100,narrow_antisym,0.453125,2.7575439972115717e-07,-0.64512315550140986
2,U2_L100,narrow_antisym,0.45703125,1.0461347131780864e-07,-0.64034860945197236
2,U2_L100,narrow_antisym,0.4609375,3.8730212820027987e-08,-0.63558857995589479
2,U2_L100,narrow_antisym,0.46484375,1.3992949312602171e-08,-0.63059274127914577
2,U2_L100,narrow_antisym,0.46875,4.9336205671471443e-09,-0.62520802435198752
2,U2_L100,narrow_antisym,0.47265625,1.6975373484268386e-09,-0.6193562355633353
2,U2_L100,narrow_antisym,0.4765625,5.6999367681472595e-10,-0.61301325526292549
2,U2_L100,narrow_antisym,0.48046875,1.8677461288076813e-10,-0.60619090469861792
2,U2_L100,narrow_antisym,0.484375,5.9725907781967262e-11,-0.59892226839998575
2,U2_L100,narrow_antisym,0.48828125,1.8638234911964055e-11,-0.59125087038075241
2,U2_L100,narrow_antisym,0.4921875,5.6760199123611357e-12,-0.58322350528562228
2,U2_L100,narrow_antisym,0.49609375,1.6868642992064743e-12,-0.57488595087681893
2,U2_L100,narrow_antisym,0.5,4.8923046227235023e-13,-0.56628056796168091
2,U2_L100,narrow_antisym,0.50390625,1.3846625367906745e-13,-0.55744494532999755
2,U2_L100,narrow_antisym,0.5078125,3.8244721335243076e-14,-0.5484110332468749
2,U2_L100,narrow_antisym,0.51171875,1.0308516416951002e-14,-0.53920449655835012
2,U2_L100,narrow_antisym,0.515625,2.7115520183019612e-15,-0.52984431203935722
2,U2_L100,narrow_antisym,0.51953125,6.9604420355588036e-16,-0.52034286170059307
2,U2_L100,narrow_antisym,0.5234375,1.7436238840899242e-16,-0.51070677502393436
2,U2_L100,narrow_antisym,0.52734375,4.2625148487436689e-17,-0.50093849811124058
2,U2_L100,narrow_antisym,0.53125,1.01689499037127e-17,-0.49103818980288455
2,U2_L100,narrow_antisym,0.53515625,2.3674641873250358e-18,-0.48100534674202344
2,U2_L100,narrow_antisym,0.5390625,5.3788302152265132e-19,-0.47083968998718234
2,U2_L100,narrow_antisym,0.54296875,1.1925850502098394e-19,-0.46054121791723013
2,U2_L100,narrow_antisym,0.546875,2.5804057045887107e-20,-0.45010974033254125
2,U2_L100,narrow_antisym,0.55078125,5.4485850338766248e-21,-0.43954444137851018
2,U2_L100,narrow_antisym,0.5546875,1.1227332390549741e-21,-0.42884389291561709
2,U2_L100,narrow_antisym,0.55859375,2.257701569454622e-22,-0.41800649814098473
2,U2_L100,narrow_antisym,0.5625,4.4305087313076667e-23,-0.4070309680489978
2,U2_L100,narrow_antisym,0.56640625,8.4847249003842341e-24,-0.39591648514322575
2,U2_L100,narrow_antisym,0.5703125,1.5856927511618698e-24,-0.38466258708268225
2,U2_L100,narrow_antisym,0.57421875,2.8919941894040169e-25,-0.37326906948210231
2,U2_L100,narrow_antisym,0.578125,5.1472214958761314e-26,-0.36173611930450089
2,U2_L100,narrow_antisym,0.58203125,8.9401574090782715e-27,-0.35006460153775321
2,U2_L100,narrow_antisym,0.5859375,1.5153506809022182e-27,-0.33825622342999245
2,U2_L100,narrow_antisym,0.58984375,2.5065102959377518e-28,-0.32631334728003963
2,U2_L100,narrow_antisym,0.59375,4.0454630860420019e-29,-0.31423846137864037
2,U2_L100,narrow_antisym,0.59765625,6.3666857111658607e-30,-0.30203356000351123
2,U2_L100,narrow_antisym,0.6015625,9.7262263008976507e-31,-0.28969975985549701
2,U2_L100,narrow_antisym,0.60546875,1.3976119040897273e-31,-0.27723735819759121
2,U2_L100,narrow_antisym,0.609375,1.4281673562415663e-32,-0.26464631068879335
2,U2_L100,narrow_antisym,0.61328125,-4.1649977285741919e-33,-0.25192692743469614
2,U2_L100,narrow_antisym,0.6171875,-6.8111201998990265e-33,-0.23908052031122357
2,U2_L100,narrow_antisym,0.62109375,-7.1815025139312518e-33,-0.2261097111002569
2,U2_L100,narrow_antisym,0.625,-7.2320896919856043e-33,-0.21301814903454502
2,U2_L100,narrow_antisym,0.62890625,-7.2388315882443185e-33,-0.19980965181628893
2,U2_L100,narrow_antisym,0.6328125,-7.2397083397227337e-33,-0.18648719938972777
2,U2_L100,narrow_antisym,0.63671875,-7.2398195961614558e-33,-0.17305237300634307
2,U2_L100,narrow_antisym,0.640625,-7.239833372358092e-33,-0.15950552826188236
2,U2_L100,narrow_antisym,0.64453125,-7.2398350368830846e-33,-0.14584649514418127
2,U2_L100,narrow_antisym,0.6484375,-7.2398352331329406e-33,-0.13207534238639923
2,U2_L100,narrow_antisym,0.65234375,-7.2398352557110515e-33,-0.11819286011287346
2,U2_L100,narrow_antisym,0.65625,-7.23983525824575e-33,-0.10420067865322469
2,U2_L100,narrow_antisym,0.66015625,-7.2398352585234178e-33,-0.090101092804893826
2,U2_L100,narrow_antisym,0.6640625,-7.2398352585530996e-33,-0.075896695512297149
2,U2_L100,narrow_antisym,0.66796875,-7.2398352585561951e-33,-0.061589973095740533
2,U2_L100,narrow_antisym,0.671875,-7.2398352585565112e-33,-0.047183046771619476
2,U2_L100,narrow_antisym,0.67578125,-7.2398352585565427e-33,-0.032677651663726957
2,U2_L100,narrow_antisym,0.6796875,-7.2398352585565454e-33,-0.018075306216061855
2,U2_L100,narrow_antisym,0.68359375,-7.2398352585565454e-33,-0.0033775870770102762
2,U2_L100,narrow_antisym,0.6875,-7.2398352585565454e-33,0.011413582036708361
2,U2_L100,narrow_antisym,0.69140625,-7.2398352585565454e-33,0.026295796737205061
2,U2_L100,narrow_antisym,0.6953125,-7.2398352585565454e-33,0.041266374746924732
2,U2_L100,narrow_antisym,0.69921875,-7.2398352585565454e-33,0.056322864806750805
2,U2_L100,narrow_antisym,0.703125,-7.2398352585565454e-33,0.071463541734569008
2,U2_L100,narrow_antisym,0.70703125,-7.2398352585565454e-33,0.086687508336052335
2,U2_L100,narrow_antisym,0.7109375,-7.2398352585565454e-33,0.10199428663544341
2,U2_L100,narrow_antisym,0.71484375,-7.2398352585565454e-33,0.11738314614610265
2,U2_L100,narrow_antisym,0.71875,-7.2398352585565454e-33,0.13285261765833625
2,U2_L100,narrow_antisym,0.72265625,-7.2398352585565454e-33,0.14840055957314635
2,U2_L100,narrow_antisym,0.7265625,-7.2398352585565454e-33,0.16402479161004471
2,U2_L100,narrow_antisym,0.73046875,-7.2398352585565454e-33,0.1797238562448325
2,U2_L100,narrow_antisym,0.734375,-7.2398352585565454e-33,0.19549728813401268
2,U2_L100,narrow_antisym,0.73828125,-7.2398352585565454e-33,0.21134512713197159
2,U2_L100,narrow_antisym,0.7421875,-7.2398352585565454e-33,0.2272670158505381
2,U2_L100,narrow_antisym,0.74609375,-7.2398352585565454e-33,0.24326148712545448
2,U2_L100,narrow_antisym,0.75,-7.2398352585565454e-33,0.25932577274150925
2,U2_L100,narrow_antisym,0.75390625,-7.2398352585565454e-33,0.27545601873976405
2,U2_L100,narrow_antisym,0.7578125,-7.2398352585565454e-33,0.29164761697146008
2,U2_L100,narrow_antisym,0.76171875,-7.2398352585565454e-33,0.30789551437887047
2,U2_L100,narrow_antisym,0.765625,-7.2398352585565454e-33,0.32419452758061673
2,U2_L100,narrow_antisym,0.76953125,-7.2398352585565454e-33,0.34053962750752986
2,U2_L100,narrow_antisym,0.7734375,-7.2398352585565454e-33,0.35692601710166089
2,U2_L100,narrow_antisym,0.77734375,-7.2398352585565454e-33,0.37334887506465558
2,U2_L100,narrow_antisym,0.78125,-7.2398352585565454e-33,0.38980286241051265
2,U2_L100,narrow_antisym,0.78515625,-7.2398352585565454e-33,0.406281683796683
2,U2_L100,narrow_antisym,0.7890625,-7.2398352585565454e-33,0.42277807163966313
2,U2_L100,narrow_antisym,0.79296875,-7.2398352585565454e-33,0.43928449927006757
2,U2_L100,narrow_antisym,0.796875,-7.2398352585565454e-33,0.45579465520120821
2,U2_L100,shifted_antisym,-0.19921875,-1.4453691143415894e-33,0.67811415372195827
2,U2_L100,shifted_antisym,-0.1953125,-1.4453691143415894e-33,0.65235073950961797
2,U2_L100,shifted_antisym,-0.19140625,-1.4453691143415894e-33,0.626576769825402
2,U2_L100,shifted_antisym,-0.1875,-1.4453691143415894e-33,0.60077624221790404
2,U2_L100,shifted_antisym,-0.18359375,-1.4453691143415894e-33,0.57493106115953041
2,U2_L100,shifted_antisym,-0.1796875,-1.4453691143415894e-33,0.54902340188448584
2,U2_L100,shifted_antisym,-0.17578125,-1.4453691143415894e-33,0.52303727134727951
2,U2_L100,shifted_antisym,-0.171875,-1.4453691143415894e-33,0.49695940487948237
2,U2_L100,shifted_antisym,-0.16796875,-1.4453691143415894e-33,0.47077961074761493
2,U2_L100,shifted_antisym,-0.1640625,-1.4453691143415894e-33,0.44449069185715312
2,U2_L100,shifted_antisym,-0.16015625,-1.4453691143415894e-33,0.41808806305628832
2,U2_L100,shifted_antisym,-0.15625,-1.4453691143415894e-33,0.39156916014162424
2,U2_L100,shifted_antisym,-0.15234375,-1.4453691143415894e-33,0.3649327859553001
2,U2_L100,shifted_antisym,-0.1484375,-1.4453691143415894e-33,0.33817862463522508
2,U2_L100,shifted_antisym,-0.14453125,-1.4453691143415894e-33,0.31130711691994967
2,U2_L100,shifted_antisym,-0.140625,-1.4453691143415894e-33,0.28431966767340672
2,U2_L100,shifted_antisym,-0.13671875,-1.4453691143415893e-33,0.2572189036577156
2,U2_L100,shifted_antisym,-0.1328125,-1.4453691143415891e-33,0.23000863278126449
2,U2_L100,shifted_antisym,-0.12890625,-1.4453691143415881e-33,0.20269335227427568
2,U2_L100,shifted_antisym,-0.125,-1.4453691143415841e-33,0.17527747487453138
2,U2_L100,shifted_antisym,-0.12109375,-1.4453691143415698e-33,0.14776465170869124
2,U2_L100,shifted_antisym,-0.1171875,-1.4453691143415181e-33,0.12015752775947187
2,U2_L100,shifted_antisym,-0.11328125,-1.445369114341332e-33,0.092458012837198941
2,U2_L100,shifted_antisym,-0.109375,-1.4453691143406678e-33,0.064667854048777923
2,U2_L100,shifted_antisym,-0.10546875,-1.4453691143383135e-33,0.036789146931691816
2,U2_L100,shifted_antisym,-0.1015625,-1.4453691143300328e-33,0.0088245238539592461
2,U2_L100,shifted_antisym,-0.09765625,-1.4453691143011276e-33,-0.019222981997747572
2,U2_L100,shifted_antisym,-0.09375,-1.4453691142009883e-33,-0.047350208637665626
2,U2_L100,shifted_antisym,-0.08984375,-1.4453691138566806e-33,-0.075554094332969723
2,U2_L100,shifted_antisym,-0.0859375,-1.4453691126817776e-33,-0.10383180173639005
2,U2_L100,shifted_antisym,-0.08203125,-1.445369108702808e-33,-0.13218074691143925
2,U2_L100,shifted_antisym,-0.078125,-1.4453690953290931e-33,-0.1605985456341332
2,U2_L100,shifted_antisym,-0.07421875,-1.4453690507176544e-33,-0.18908288999867084
2,U2_L100,shifted_antisym,-0.0703125,-1.4453689030270333e-33,-0.21763139224696684
2,U2_L100,shifted_antisym,-0.06640625,-1.4453684177699259e-33,-0.24624145007815323
2,U2_L100,shifted_antisym,-0.0625,-1.4453668354183596e-33,-0.27491018246658083
2,U2_L100,shifted_antisym,-0.05859375,-1.4453617145227165e-33,-0.3036344618221738
2,U2_L100,shifted_antisym,-0.0546875,-1.4453452669992624e-33,-0.33241102465421701
2,U2_L100,shifted_antisym,-0.05078125,-1.4452928386094804e-33,-0.36123660236740907
2,U2_L100,shifted_antisym,-0.046875,-1.4451269778275028e-33,-0.39010802982526815
2,U2_L100,shifted_antisym,-0.04296875,-1.4446062247509861e-33,-0.41902234854698145
2,U2_L100,shifted_antisym,-0.0390625,-1.4429835529651023e-33,-0.44797692933139216
2,U2_L100,shifted_antisym,-0.03515625,-1.4379654452000549e-33,-0.4769695613865732
2,U2_L100,shifted_antisym,-0.03125,-1.4225640704358993e-33,-0.50599838743188441
2,U2_L100,shifted_antisym,-0.02734375,-1.3756515309019838e-33,-0.53506161586794898
2,U2_L100,shifted_antisym,-0.0234375,-1.2338345989888392e-33,-0.56415709886813892
2,U2_L100,shifted_antisym,-0.01953125,-8.0835705104338743e-34,-0.5932819971822062
2,U2_L100,shifted_antisym,-0.015625,4.5851967241603883e-34,-0.62243273082384987
2,U2_L100,shifted_antisym,-0.01171875,4.2022187658124994e-33,-0.65160523723805908
2,U2_L100,shifted_antisym,-0.0078125,1.5181555256048439e-32,-0.68079536271675545
2,U2_L100,shifted_antisym,-0.00390625,4.7138080416838901e-32,-0.70999916415623054
2,U2_L100,shifted_antisym,0,1.3944855847147249e-31,-0.73921303018549267
2,U2_L100,shifted_antisym,0.00390625,4.0408530202729817e-31,-0.76843369843888576
2,U2_L100,shifted_antisym,0.0078125,1.1570188894726465e-30,-0.79765827394926425
2,U2_L100,shifted_antisym,0.01171875,3.2830531809174957e-30,-0.82688423156007873
2,U2_L100,shifted_antisym,0.015625,9.2409174225896475e-30,-0.85610928330771796
2,U2_L100,shifted_antisym,0.01953125,2.5810720764249547e-29,-0.88533106168232667
2,U2_L100,shifted_antisym,0.0234375,7.1545878413556169e-29,-0.91454675350719483
2,U2_L100,shifted_antisym,0.02734375,1.9682789541983126e-28,-0.94375291448671172
2,U2_L100,shifted_antisym,0.03125,5.3741850503973061e-28,-0.97294559446219142
2,U2_L100,shifted_antisym,0.03515625,1.4563467881345609e-27,-1.0021207016740319
2,U2_L100,shifted_antisym,0.0390625,3.9169138914095882e-27,-1.0312744035583532
2,U2_L100,shifted_antisym,0.04296875,1.0455638947176238e-26,-1.0604033790540917
2,U2_L100,shifted_antisym,0.046875,2.7700306268572197e-26,-1.0895048368683435
2,U2_L100,shifted_antisym,0.05078125,7.2835992556632679e-26,-1.1185763029158626
2,U2_L100,shifted_antisym,0.0546875,1.9007938072962808e-25,-1.1476152511792219
2,U2_L100,shifted_antisym,0.05859375,4.9232452766580604e-25,-1.1766187258150762
2,U2_L100,shifted_antisym,0.0625,1.2655970051626938e-24,-1.2055831315457106
2,U2_L100,shifted_antisym,0.06640625,3.228991529987812e-24,-1.2345042997626627
2,U2_L100,shifted_antisym,0.0703125,8.176470520106657e-24,-1.2633778042172441
2,U2_L100,shifted_antisym,0.07421875,2.0549078296383455e-23,-1.2921993860486933
2,U2_L100,shifted_antisym,0.078125,5.1256189992978194e-23,-1.3209653002217674
2,U2_L100,shifted_antisym,0.08203125,1.268901167469193e-22,-1.3496724270353966
2,U2_L100,shifted_antisym,0.0859375,3.1177176054258864e-22,-1.378318102702526
2,U2_L100,shifted_antisym,0.08984375,7.6027945741311855e-22,-1.4068997696547096
2,U2_L100,shifted_antisym,0.09375,1.8400822630261246e-21,-1.4354146368156231
2,U2_L100,shifted_antisym,0.09765625,4.4200656957312303e-21,-1.4638595003692412
2,U2_L100,shifted_antisym,0.1015625,1.0537745652452716e-20,-1.4922307467579004
2,U2_L100,shifted_antisym,0.10546875,2.4934128980801442e-20,-1.5205244673330209
2,U2_L100,shifted_antisym,0.109375,5.8555567421561715e-20,-1.548736618467319
2,U2_L100,shifted_antisym,0.11328125,1.3648021191050302e-19,-1.5768631951123664
2,U2_L100,shifted_antisym,0.1171875,3.157175215096067e-19,-1.6049003814345058
2,U2_L100,shifted_antisym,0.12109375,7.2486175082637357e-19,-1.6328446301650517
2,U2_L100,shifted_antisym,0.125,1.6517304869968255e-18,-1.6606926547897065
2,U2_L100,shifted_antisym,0.12890625,3.7355167521385547e-18,-1.6884413667882481
2,U2_L100,shifted_antisym,0.1328125,8.3847418124382827e-18,-1.7160877875223539
2,U2_L100,shifted_antisym,0.13671875,1.8679110967594315e-17,-1.7436289214695206
2,U2_L100,shifted_antisym,0.140625,4.1300015289672859e-17,-1.771061576405472
2,U2_L100,shifted_antisym,0.14453125,9.0629946789775427e-17,-1.7983821803886468
2,U2_L100,shifted_antisym,0.1484375,1.9738799691541184e-16,-1.8255866975480053
2,U2_L100,shifted_antisym,0.15234375,4.2667505878312113e-16,-1.852670720351612
2,U2_L100,shifted_antisym,0.15625,9.1537969867092237e-16,-1.8796297345272921
2,U2_L100,shifted_antisym,0.16015625,1.9490940605998206e-15,-1.906459462070317
2,U2_L100,shifted_antisym,0.1640625,4.1190002852792576e-15,-1.9331561262911614
2,U2_L100,shifted_antisym,0.16796875,8.6392958844188317e-15,-1.9597164976627057
2,U2_L100,shifted_antisym,0.171875,1.7984251892365118e-14,-1.9861376954994754
2,U2_L100,shifted_antisym,0.17578125,3.7156423786312395e-14,-2.0124168715238278
2,U2_L100,shifted_antisym,0.1796875,7.6190871395185275e-14,-2.0385509592736692
2,U2_L100,shifted_antisym,0.18359375,1.5505989157954268e-13,-2.0645365915229617
2,U2_L100,shifted_antisym,0.1875,3.1320126940344218e-13,-2.090370160073137
2,U2_L100,shifted_antisym,0.19140625,6.2787769241005185e-13,-2.1160479320325774
2,U2_L100,shifted_antisym,0.1953125,1.2492636275967301e-12,-2.141566155880938
2,U2_L100,shifted_antisym,0.19921875,2.4669516630090306e-12,-2.1669211332497911
2,U2_L100,shifted_antisym,0.203125,4.8349800540483933e-12,-2.1921092626508392
2,U2_L100,shifted_antisym,0.20703125,9.4049444729256248e-12,-2.2171270686976214
2,U2_L100,shifted_antisym,0.2109375,1.8157049898161589e-11,-2.2419712091037174
2,U2_L100,shifted_antisym,0.21484375,3.4790593748258958e-11,-2.266638428517187
2,U2_L100,shifted_antisym,0.21875,6.6161584331476724e-11,-2.2911254512503803
2,U2_L100,shifted_antisym,0.22265625,1.2487556165125411e-10,-2.3154288647120644
2,U2_L100,shifted_antisym,0.2265625,2.3392493363492148e-10,-2.3395450679817418
2,U2_L100,shifted_antisym,0.23046875,4.3491368920345624e-10,-2.3634703119854654
2,U2_L100,shifted_antisym,0.234375,8.0252236166579349e-10,-2.3872007955093717
2,U2_L100,shifted_antisym,0.23828125,1.4697338941341263e-09,-2.4107327690337161
2,U2_L100,shifted_antisym,0.2421875,2.6714544846570174e-09,-2.4340626242894787
2,U2_L100,shifted_antisym,0.24609375,4.8193043181609541e-09,-2.4571869512777655
2,U2_L100,shifted_antisym,0.25,8.6287607015519634e-09,-2.4801025178607414
2,U2_L100,shifted_antisym,0.25390625,1.5333454235614015e-08,-2.5028061392465286
2,U2_L100,shifted_antisym,0.2578125,2.7043262262819924e-08,-2.5252944862839071
2,U2_L100,shifted_antisym,0.26171875,4.7337537349279004e-08,-2.5475639486005459
2,U2_L100,shifted_antisym,0.265625,8.2239364168889155e-08,-2.569610637372882
2,U2_L100,shifted_antisym,0.26953125,1.418016647040998e-07,-2.5914305138812455
2,U2_L100,shifted_antisym,0.2734375,2.4266683007682645e-07,-2.6130195520031179
2,U2_L100,shifted_antisym,0.27734375,4.1216110626370957e-07,-2.6343738321984547
2,U2_L100,shifted_antisym,0.28125,6.9478606475014938e-07,-2.6554895177970534
2,U2_L100,shifted_antisym,0.28515625,1.1624189834052608e-06,-2.676362750621804
2,U2_L100,shifted_antisym,0.2890625,1.9301976857953734e-06,-2.6969895647835536
2,U2_L100,shifted_antisym,0.29296875,3.1810345760375839e-06,-2.7173659043700451
2,U2_L100,shifted_antisym,0.296875,5.2031038122652256e-06,-2.7374877702896461
2,U2_L100,shifted_antisym,0.30078125,8.4466421378588978e-06,-2.7573514873964742
2,U2_L100,shifted_antisym,0.3046875,1.3609218929287879e-05,-2.7769540696948165
2,U2_L100,shifted_antisym,0.30859375,2.176255134350177e-05,-2.7962936129224634
2,U2_L100,shifted_antisym,0.3125,3.453933082763415e-05,-2.815369605408367
2,U2_L100,shifted_antisym,0.31640625,5.4405841496855424e-05,-2.834183115213385
2,U2_L100,shifted_antisym,0.3203125,8.5055939682469672e-05,-2.8527369330495498
2,U2_L100,shifted_antisym,0.32421875,0.00013197487649000604,-2.87103575864636
2,U2_L100,shifted_antisym,0.328125,0.00020323822055213947,-2.8890863633136221
2,U2_L100,shifted_antisym,0.33203125,0.00031063258132877524,-2.9068974809089667
2,U2_L100,shifted_antisym,0.3359375,0.00047121176996553249,-2.9244791127211975
2,U2_L100,shifted_antisym,0.33984375,0.0007094352377660175,-2.9418409643573549
2,U2_L100,shifted_antisym,0.34375,0.0010600757133808563,-2.9589897569677586
2,U2_L100,shifted_antisym,0.34765625,0.0015721302194076781,-2.9759251131622264
2,U2_L100,shifted_antisym,0.3515625,0.0023140228813186533,-2.9926336352018912
2,U2_L100,shifted_antisym,0.35546875,0.003380448192518321,-3.0090807012334726
2,U2_L100,shifted_antisym,0.359375,0.0049012676839832363,-3.0251993933089367
2,U2_L100,shifted_antisym,0.36328125,0.0070529379381401762,-3.0408758472328543
2,U2_L100,shifted_antisym,0.3671875,0.010073008597839087,-3.055930262420961
2,U2_L100,shifted_antisym,0.37109375,0.014278278518517715,-3.0700928962756042
2,U2_L100,shifted_antisym,0.375,0.020087227402176919,-3.0829745320415571
2,U2_L100,shifted_antisym,0.37890625,0.028047337809366465,-3.0940310394748667
2,U2_L100,shifted_antisym,0.3828125,0.038867874942849101,-3.1025217391602458
2,U2_L100,shifted_antisym,0.38671875,0.053458583921265436,-3.1074614481201097
2,U2_L100,shifted_antisym,0.390625,0.072974580386497442,-3.1075664204815547
2,U2_L100,shifted_antisym,0.39453125,0.098867434462593357,-3.1011948815529564
2,U2_L100,shifted_antisym,0.3984375,0.13294206646804357,-3.0862834115485822
2,U2_L100,shifted_antisym,0.40234375,0.17741857553082613,-3.0602810470713102
2,U2_L100,shifted_antisym,0.40625,0.23499750596951585,-3.0200836656543828
2,U2_L100,shifted_antisym,0.41015625,0.30892632672933434,-2.961971986018483
2,U2_L100,shifted_antisym,0.4140625,0.40306407390315419,-2.8815572645268834
2,U2_L100,shifted_antisym,0.41796875,0.52194021732534168,-2.7737394086346674
2,U2_L100,shifted_antisym,0.421875,0.67080290739173531,-2.6326827337984717
2,U2_L100,shifted_antisym,0.42578125,0.85565090244095665,-2.4518149601219674
2,U2_L100,shifted_antisym,0.4296875,1.0832427510937079,-2.2238552392226429
2,U2_L100,shifted_antisym,0.43359375,1.3610763021603254,-1.9408769294345016
2,U2_L100,shifted_antisym,0.4375,1.6973314399657871,-1.5944103825279383
2,U2_L100,shifted_antisym,0.44140625,2.1007691995899784,-1.1755900666145429
2,U2_L100,shifted_antisym,0.4453125,2.5805812012298888,-0.67534890079399335
2,U2_L100,shifted_antisym,0.44921875,3.1461847335814177,-0.0846607833660699
2,U2_L100,shifted_antisym,0.453125,3.806960859991606,0.60516996229687647
2,U2_L100,shifted_antisym,0.45703125,4.5719356225854808,1.4021761030986393
2,U2_L100,shifted_antisym,0.4609375,5.4494077296377137,2.3133587899354242
2,U2_L100,shifted_antisym,0.46484375,6.4465299198193629,3.3442925983881651
2,U2_L100,shifted_antisym,0.46875,7.5688553283130382,4.4987173983994868
2,U2_L100,shifted_antisym,0.47265625,8.8198643958560723,5.7781329443317366
2,U2_L100,shifted_antisym,0.4765625,10.200491869774549,7.1814143810701969
2,U2_L100,shifted_antisym,0.48046875,11.708676914344295,8.7044684773727976
2,U2_L100,shifted_antisym,0.484375,13.338961928101348,10.33995112377405
2,U2_L100,shifted_antisym,0.48828125,15.082167021142547,12.07706631717001
2,U2_L100,shifted_antisym,0.4921875,16.925166942200448,13.901465426902947
2,U2_L100,shifted_antisym,0.49609375,18.850795345368031,15.795262942237827
2,U2_L100,shifted_antisym,0.5,20.837897538216829,17.737181075467895
2,U2_L100,shifted_antisym,0.50390625,22.86154727644557,19.702830559930039
2,U2_L100,shifted_antisym,0.5078125,24.893435932055496,21.665128932450859
2,U2_L100,shifted_antisym,0.51171875,26.902433780500132,23.594850875697176
2,U2_L100,shifted_antisym,0.515625,28.855313686837832,25.461298242856575
2,U2_L100,shifted_antisym,0.51953125,30.717617698398016,27.233070627163009
2,U2_L100,shifted_antisym,0.5234375,32.454637628201702,28.87891117668125
2,U2_L100,shifted_antisym,0.52734375,34.032472326546333,30.368597153187249
2,U2_L100,shifted_antisym,0.53125,35.419117649938173,31.673840819711923
2,U2_L100,shifted_antisym,0.53515625,36.585540726026316,32.769163928984646
2,U2_L100,shifted_antisym,0.5390625,37.506688421824691,33.632708656443121
2,U2_L100,shifted_antisym,0.54296875,38.162381208718976,34.246949429555301
2,U2_L100,shifted_antisym,0.546875,38.538047925701967,34.599273708412873
2,U2_L100,shifted_antisym,0.55078125,38.625264088664466,34.682405181952554
2,U2_L100,shifted_antisym,0.5546875,38.422065974570636,34.494649796890883
2,U2_L100,shifted_antisym,0.55859375,37.933024127727833,34.039953185869258
2,U2_L100,shifted_antisym,0.5625,37.16907244568214,33.32776691218875
2,U2_L100,shifted_antisym,0.56640625,36.147101770198049,32.372729877062547
2,U2_L100,shifted_antisym,0.5703125,34.88933907892482,31.19417965476369
2,U2_L100,shifted_antisym,0.57421875,33.422544139134459,29.815516039049839
2,U2_L100,shifted_antisym,0.578125,31.777064153740973,28.263445453838152
2,U2_L100,shifted_antisym,0.58203125,29.985792977323598,26.567139803039783
2,U2_L100,shifted_antisym,0.5859375,28.083084588320609,24.757346396460168
2,U2_L100,shifted_antisym,0.58984375,26.103670580939294,22.865486466619139
2,U2_L100,shifted_antisym,0.59375,24.081628619161179,20.922778482667848
2,U2_L100,shifted_antisym,0.59765625,22.049443411789422,18.959419289185103
2,U2_L100,shifted_antisym,0.6015625,20.037194324387265,17.003851482813371
2,U2_L100,shifted_antisym,0.60546875,18.071894860386301,15.082139767226916
2,U2_L100,shifted_antisym,0.609375,16.176999598742594,13.217472613001132
2,U2_L100,shifted_antisym,0.61328125,14.372084450547645,11.429798727777262
2,U2_L100,shifted_antisym,0.6171875,12.672696921775849,9.7356010152132697
2,U2_L100,shifted_antisym,0.62109375,11.090364977552191,8.147804310663572
2,U2_L100,shifted_antisym,0.625,9.6327465000229733,6.6758076024489474
2,U2_L100,shifted_antisym,0.62890625,8.3038964751341915,5.3256268850348247
2,U2_L100,shifted_antisym,0.6328125,7.1046260402314179,4.1001313177963556
2,U2_L100,shifted_antisym,0.63671875,6.0329263391295349,2.9993530458358082
2,U2_L100,shifted_antisym,0.640625,5.0844306066425045,2.0208499620156841
2,U2_L100,shifted_antisym,0.64453125,4.2528897883339267,1.1601008666785375
2,U2_L100,shifted_antisym,0.6484375,3.5306399784740097,0.4109137700729833
2,U2_L100,shifted_antisym,0.65234375,2.9090436847883487,-0.23416981493526939
2,U2_L100,shifted_antisym,0.65625,2.3788910578643634,-0.78348915905846905
2,U2_L100,shifted_antisym,0.66015625,1.9307514376206942,-1.2459089254573008
2,U2_L100,shifted_antisym,0.6640625,1.5552695965914283,-1.6305029100657138
2,U2_L100,shifted_antisym,0.66796875,1.2434046861940287,-1.9462827741005548
2,U2_L100,shifted_antisym,0.671875,0.98661296844034552,-2.2019747613078149
2,U2_L100,shifted_antisym,0.67578125,0.77697785663604801,-2.4058447194209958
2,U2_L100,shifted_antisym,0.6796875,0.60729256801588882,-2.5655694488168019
2,U2_L100,shifted_antisym,0.68359375,0.471101831902841,-2.688150666643585
2,U2_L100,shifted_antisym,0.6875,0.36270965980206465,-2.779866748868177
2,U2_L100,shifted_antisym,0.69140625,0.2771602556642116,-2.8462567991258774
2,U2_L100,shifted_antisym,0.6953125,0.21019882635467757,-2.8921313674424622
2,U2_L100,shifted_antisym,0.69921875,0.15821844892080902,-2.9216041964034685
2,U2_L100,shifted_antisym,0.703125,0.11819836271345316,-2.938139609384252
2,U2_L100,shifted_antisym,0.70703125,0.087638170152606429,-2.9446105195705488
2,U2_L100,shifted_antisym,0.7109375,0.064491524574964959,-2.9433625274271447
2,U2_L100,shifted_antisym,0.71484375,0.04710201524423388,-2.9362802002868897
2,U2_L100,shifted_antisym,0.71875,0.034143169641463494,-2.9248523859882054
2,U2_L100,shifted_antisym,0.72265625,0.024563807504354565,-2.9102342492095499
2,U2_L100,shifted_antisym,0.7265625,0.017539412296221402,-2.8933045158006614
2,U2_L100,shifted_antisym,0.73046875,0.012429735614867774,-2.8747170517393892
2,U2_L100,shifted_antisym,0.734375,0.0087425122082275333,-2.8549463658680376
2,U2_L100,shifted_antisym,0.73828125,0.0061029260280772652,-2.834326959012675
2,U2_L100,shifted_antisym,0.7421875,0.004228316295613376,-2.8130866872582807
2,U2_L100,shifted_antisym,0.74609375,0.0029075308403768286,-2.7913744787494128
2,U2_L100,shifted_antisym,0.75,0.0019843062277899804,-2.7692828661454625
2,U2_L100,shifted_antisym,0.75390625,0.0013440659008416155,-2.7468659011558798
2,U2_L100,shifted_antisym,0.7578125,0.00090356610913208462,-2.7241531008527966
2,U2_L100,shifted_antisym,0.76171875,0.00060287434810155777,-2.7011601092147939
2,U2_L100,shifted_antisym,0.765625,0.00039922817167403226,-2.6778967281217998
2,U2_L100,shifted_antisym,0.76953125,0.00026238744863981876,-2.6543728755394964
2,U2_L100,shifted_antisym,0.7734375,0.00017115612116464396,-2.6306028547155549
2,U2_L100,shifted_antisym,0.77734375,0.00011080754094005901,-2.6066080990385716
2,U2_L100,shifted_antisym,0.78125,7.1198968312676859e-05,-2.5824183833051095
2,U2_L100,shifted_antisym,0.78515625,4.5405199328602679e-05,-2.5580714173623775
2,U2_L100,shifted_antisym,0.7890625,2.8738558117159366e-05,-2.5336107061533308
2,U2_L100,shifted_antisym,0.79296875,1.8053103216774234e-05,-2.5090814726031492
2,U2_L100,shifted_antisym,0.796875,1.1255537983941629e-05,-2.4845242837885917
2,U2_L100,biphasic_common,-0.19921875,1.6202886434837142e-05,0.45518500453140653
2,U2_L100,biphasic_common,-0.1953125,1.6202886434837142e-05,0.43767155037684535
2,U2_L100,biphasic_common,-0.19140625,1.6202886434837139e-05,0.42014904845541867
2,U2_L100,biphasic_common,-0.1875,1.6202886434837135e-05,0.40260331031086721
2,U2_L100,biphasic_common,-0.18359375,1.6202886434837122e-05,0.38502109770686432
2,U2_L100,biphasic_common,-0.1796875,1.6202886434837078e-05,0.36739030108095738
2,U2_L100,biphasic_common,-0.17578125,1.6202886434836949e-05,0.34970150858457261
2,U2_L100,biphasic_common,-0.171875,1.6202886434836566e-05,0.33195012892626535
2,U2_L100,biphasic_common,-0.16796875,1.6202886434835472e-05,0.31413742372917941
2,U2_L100,biphasic_common,-0.1640625,1.6202886434832378e-05,0.29626961456412371
2,U2_L100,biphasic_common,-0.16015625,1.6202886434823749e-05,0.27835502735743323
2,U2_L100,biphasic_common,-0.15625,1.6202886434800039e-05,0.26039960883384311
2,U2_L100,biphasic_common,-0.15234375,1.6202886434735756e-05,0.24240224467313598
2,U2_L100,biphasic_common,-0.1484375,1.6202886434563764e-05,0.22435284135660624
2,U2_L100,biphasic_common,-0.14453125,1.6202886434109582e-05,0.20623577948949454
2,U2_L100,biphasic_common,-0.140625,1.6202886432925629e-05,0.1880381080738307
2,U2_L100,biphasic_common,-0.13671875,1.620288642987873e-05,0.16975801362635659
2,U2_L100,biphasic_common,-0.1328125,1.620288642213711e-05,0.15140805496355034
2,U2_L100,biphasic_common,-0.12890625,1.6202886402716054e-05,0.13301061223164326
2,U2_L100,biphasic_common,-0.125,1.6202886354610644e-05,0.11458789871879131
2,U2_L100,biphasic_common,-0.12109375,1.6202886236957591e-05,0.096152238553245048
2,U2_L100,biphasic_common,-0.1171875,1.6202885952834998e-05,0.077702032513954467
2,U2_L100,biphasic_common,-0.11328125,1.6202885275342435e-05,0.05922528938730573
2,U2_L100,biphasic_common,-0.109375,1.6202883680194891e-05,0.040707974731172603
2,U2_L100,biphasic_common,-0.10546875,1.6202879971723197e-05,0.022141741927076401
2,U2_L100,biphasic_common,-0.1015625,1.6202871458652868e-05,0.0035268679474529164
2,U2_L100,biphasic_common,-0.09765625,1.6202852162384577e-05,-0.015129798285676115
2,U2_L100,biphasic_common,-0.09375,1.6202808975239914e-05,-0.033819044763639117
2,U2_L100,biphasic_common,-0.08984375,1.6202713535884856e-05,-0.052532938371842093
2,U2_L100,biphasic_common,-0.0859375,1.6202505283596517e-05,-0.0712669520681459
2,U2_L100,biphasic_common,-0.08203125,1.6202056601759404e-05,-0.09002064704509484
2,U2_L100,biphasic_common,-0.078125,1.6201102113733969e-05,-0.10879695699039375
2,U2_L100,biphasic_common,-0.07421875,1.6199097261448084e-05,-0.12760025667165875
2,U2_L100,biphasic_common,-0.0703125,1.6194939394906482e-05,-0.14643398955710207
2,U2_L100,biphasic_common,-0.06640625,1.6186425444672944e-05,-0.16529890611913661
2,U2_L100,biphasic_common,-0.0625,1.6169212310680112e-05,-0.18419262652472373
2,U2_L100,biphasic_common,-0.05859375,1.6134852346251513e-05,-0.20311063495558568
2,U2_L100,biphasic_common,-0.0546875,1.6067134248546836e-05,-0.22204805420076845
2,U2_L100,biphasic_common,-0.05078125,1.5935365875504507e-05,-0.24100098534171485
2,U2_L100,biphasic_common,-0.046875,1.5682222351423911e-05,-0.2599667049506405
2,U2_L100,biphasic_common,-0.04296875,1.5202084248623011e-05,-0.27894333499021801
2,U2_L100,biphasic_common,-0.0390625,1.4302993733153427e-05,-0.29792992361552173
2,U2_L100,biphasic_common,-0.03515625,1.2640835420717338e-05,-0.31692638326703465
2,U2_L100,biphasic_common,-0.03125,9.6071780032488067e-06,-0.33593114179917971
2,U2_L100,biphasic_common,-0.02734375,4.1410611178100484e-06,-0.35493490622049528
2,U2_L100,biphasic_common,-0.0234375,-5.5819802134167209e-06,-0.37391166144347415
2,U2_L100,biphasic_common,-0.01953125,-2.2655706815152037e-05,-0.3928106593334843
2,U2_L100,biphasic_common,-0.015625,-5.2252803104565462e-05,-0.41155336815484594
2,U2_L100,biphasic_common,-0.01171875,-0.00010290001422242729,-0.43003688591229916
2,U2_L100,biphasic_common,-0.0078125,-0.00018845356887497769,-0.44814218491313668
2,U2_L100,biphasic_common,-0.00390625,-0.00033110838833841816,-0.46574437715558087
2,U2_L100,biphasic_common,0,-0.00056590387672436539,-0.48272389127724991
2,U2_L100,biphasic_common,0.00390625,-0.00094735262530793634,-0.49898030506097263
2,U2_L100,biphasic_common,0.0078125,-0.0015590169383431366,-0.51445192621059554
2,U2_L100,biphasic_common,0.01171875,-0.0025270874055217012,-0.5291432514762443
2,U2_L100,biphasic_common,0.015625,-0.0040392656350119764,-0.54316098430890125
2,U2_L100,biphasic_common,0.01953125,-0.0063704964729030993,-0.55675948743328163
2,U2_L100,biphasic_common,0.0234375,-0.0099172960257137115,-0.57039803963748936
2,U2_L100,biphasic_common,0.02734375,-0.015242526133426838,-0.58481266198547843
2,U2_L100,biphasic_common,0.03125,-0.023132401223367832,-0.60110316430652178
2,U2_L100,biphasic_common,0.03515625,-0.034667191025165842,-0.62083251167787701
2,U2_L100,biphasic_common,0.0390625,-0.0513064030968114,-0.64613278553017806
2,U2_L100,biphasic_common,0.04296875,-0.0749880932764629,-0.67981085113089312
2,U2_L100,biphasic_common,0.046875,-0.10824027759131841,-0.72544626249963706
2,U2_L100,biphasic_common,0.05078125,-0.1543001625737434,-0.78747269210465376
2,U2_L100,biphasic_common,0.0546875,-0.21723409505915525,-0.87123281567880095
2,U2_L100,biphasic_common,0.05859375,-0.30204787411106282,-0.98299622250612162
2,U2_L100,biphasic_common,0.0625,-0.41477360214403658,-1.129930064091369
2,U2_L100,biphasic_common,0.06640625,-0.56251594852264919,-1.3200116892428342
2,U2_L100,biphasic_common,0.0703125,-0.75343805724688506,-1.5618719213518502
2,U2_L100,biphasic_common,0.07421875,-0.99666595664139856,-1.8645584700612292
2,U2_L100,biphasic_common,0.078125,-1.3020908799935347,-2.2372120825791066
2,U2_L100,biphasic_common,0.08203125,-1.6800520050924033,-2.6886535680549475
2,U2_L100,biphasic_common,0.0859375,-2.1408882476867555,-3.2268878767109688
2,U2_L100,biphasic_common,0.08984375,-2.6943571120288423,-3.8585414389146688
2,U2_L100,biphasic_common,0.09375,-3.3489310366624871,-4.5882590356399149
2,U2_L100,biphasic_common,0.09765625,-4.1109965204383352,-5.4180943137534063
2,U2_L100,biphasic_common,0.1015625,-4.9839973950319765,-6.346933097017442
2,U2_L100,biphasic_common,0.10546875,-5.9675792593068149,-7.3699920162571679
2,U2_L100,biphasic_common,0.109375,-7.056805274186158,-8.4784370360223953
2,U2_L100,biphasic_common,0.11328125,-8.2415220476677806,-9.6591654978415189
2,U2_L100,biphasic_common,0.1171875,-9.5059561683506697,-10.894789757165125
2,U2_L100,biphasic_common,0.12109375,-10.828615491999816,-12.163850783219548
2,U2_L100,biphasic_common,0.125,-12.182553765620451,-13.441277346270342
2,U2_L100,biphasic_common,0.12890625,-13.53603286420393,-14.699090807674922
2,U2_L100,biphasic_common,0.1328125,-14.853585297658336,-15.907337154505388
2,U2_L100,biphasic_common,0.13671875,-16.097443381913962,-17.035208569941037
2,U2_L100,biphasic_common,0.140625,-17.229264192187959,-18.052299495472752
2,U2_L100,biphasic_common,0.14453125,-18.212045341742829,-18.929928724011283
2,U2_L100,biphasic_common,0.1484375,-19.012100022146239,-19.64244984700359
2,U2_L100,biphasic_common,0.15234375,-19.600944324875279,-20.168467854667867
2,U2_L100,biphasic_common,0.15625,-19.956948252181949,-20.491881179422762
2,U2_L100,biphasic_common,0.16015625,-20.066615072512757,-20.602676730384974
2,U2_L100,biphasic_common,0.1640625,-19.925381035955901,-20.497420172494149
2,U2_L100,biphasic_common,0.16796875,-19.537866402609026,-20.179404261776899
2,U2_L100,biphasic_common,0.171875,-18.917555206058793,-19.658443346961356
2,U2_L100,biphasic_common,0.17578125,-18.085930131326261,-18.950329304669669
2,U2_L100,biphasic_common,0.1796875,-17.071134956153863,-18.075988876794035
2,U2_L100,biphasic_common,0.18359375,-15.906275198718955,-17.060401407168055
2,U2_L100,biphasic_common,0.1875,-14.62749399210565,-15.931348836621238
2,U2_L100,biphasic_common,0.19140625,-13.271972365322966,-14.718077352179694
2,U2_L100,biphasic_common,0.1953125,-11.876000450804531,-13.449952424662124
2,U2_L100,biphasic_common,0.19921875,-10.473249847809463,-12.155185638677969
2,U2_L100,biphasic_common,0.203125,-9.0933501663565295,-10.859702801338349
2,U2_L100,biphasic_common,0.20703125,-7.7608384409830196,-9.5862089496392535
2,U2_L100,biphasic_common,0.2109375,-6.4945129144022191,-8.3534880379558647
2,U2_L100,biphasic_common,0.21484375,-5.307186825466875,-7.1759553415865396
2,U2_L100,biphasic_common,0.21875,-4.2058068523745016,-6.0634619871854927
2,U2_L100,biphasic_common,0.22265625,-3.1918773236080185,-5.0213355548383074
2,U2_L100,biphasic_common,0.2265625,-2.262116587577728,-4.0506284654081517
2,U2_L100,biphasic_common,0.23046875,-1.4092662007343248,-3.1485365188193564
2,U2_L100,biphasic_common,0.234375,-0.62297598348298022,-2.3089441166278757
2,U2_L100,biphasic_common,0.23828125,0.10930313720723482,-1.5230512392015085
2,U2_L100,biphasic_common,0.2421875,0.80147331147958345,-0.78003975661315683
2,U2_L100,biphasic_common,0.24609375,1.4680303131434482,-0.067741498118465873
2,U2_L100,biphasic_common,0.25,2.1234141145941363,0.62672352371254192
2,U2_L100,biphasic_common,0.25390625,2.7814789189921716,1.316363033584415
2,U2_L100,biphasic_common,0.2578125,3.4550804056097357,2.0137981196138672
2,U2_L100,biphasic_common,0.26171875,4.1557694369509086,2.7308255856244732
2,U2_L100,biphasic_common,0.265625,4.8935762560716292,3.478057798131128
2,U2_L100,biphasic_common,0.26953125,5.6768670068785125,4.2646372960903465
2,U2_L100,biphasic_common,0.2734375,6.5122547142144809,5.0980216401185769
2,U2_L100,biphasic_common,0.27734375,7.4045490012774628,5.9838326608682166
2,U2_L100,biphasic_common,0.28125,8.3567321075574625,6.9257627483272959
2,U2_L100,biphasic_common,0.28515625,9.3699525641231762,7.9255293380408656
2,U2_L100,biphasic_common,0.2890625,10.443531656985948,8.9828684968937669
2,U2_L100,biphasic_common,0.29296875,11.574981170849268,10.095560490572025
2,U2_L100,biphasic_common,0.296875,12.76003360030629,11.259483459108006
2,U2_L100,biphasic_common,0.30078125,13.992687913495477,12.468693643076481
2,U2_L100,biphasic_common,0.3046875,15.265275025972604,13.715531503115967
2,U2_L100,biphasic_common,0.30859375,16.568547436986037,14.990753789036555
2,U2_L100,biphasic_common,0.3125,17.891797093397461,16.283692144329184
2,U2_L100,biphasic_common,0.31640625,19.223004603819799,17.582437948039246
2,U2_L100,biphasic_common,0.3203125,20.549021565153961,18.874051239957527
2,U2_L100,biphasic_common,0.32421875,21.855786124608002,20.144790840390126
2,U2_L100,biphasic_common,0.328125,23.12857011534793,21.380363740413653
2,U2_L100,biphasic_common,0.33203125,24.352254295818927,22.56619257410328
2,U2_L100,biphasic_common,0.3359375,25.511626501774703,23.687698720780904
2,U2_L100,biphasic_common,0.33984375,26.591695982852951,24.730595918109316
2,U2_L100,biphasic_common,0.34375,27.578015924278276,25.681187070963087
2,U2_L100,biphasic_common,0.34765625,28.457005215497762,26.526656097612467
2,U2_L100,biphasic_common,0.3515625,29.216259970957822,27.255346609379888
2,U2_L100,biphasic_common,0.35546875,29.844845165375173,27.857019377559588
2,U2_L100,biphasic_common,0.359375,30.333557029040978,28.323081224734931
2,U2_L100,biphasic_common,0.36328125,30.675147550300114,28.646779433247371
2,U2_L100,biphasic_common,0.3671875,30.864503524868045,28.823357015829217
2,U2_L100,biphasic_common,0.37109375,30.898774028671699,28.850164268294147
2,U2_L100,biphasic_common,0.375,30.777441909063427,28.726721781427191
2,U2_L100,biphasic_common,0.37890625,30.502336811200802,28.454731312339234
2,U2_L100,biphasic_common,0.3828125,30.077589294593935,28.038033825452239
2,U2_L100,biphasic_common,0.38671875,29.509527656134843,27.482516912956751
2,U2_L100,biphasic_common,0.390625,28.806521066446294,26.795975296169804
2,U2_L100,biphasic_common,0.39453125,27.978774456496733,25.987928771982201
2,U2_L100,biphasic_common,0.3984375,27.038082180538417,25.069403185047889
2,U2_L100,biphasic_common,0.40234375,25.997548762203824,24.05268172802209
2,U2_L100,biphasic_common,0.40625,24.871285952356867,22.951034776940602
2,U2_L100,biphasic_common,0.41015625,23.67409585836451,21.778436107450606
2,U2_L100,biphasic_common,0.4140625,22.421150033360149,20.549272794292722
2,U2_L100,biphasic_common,0.41796875,21.127674149521006,19.278056380883974
2,U2_L100,biphasic_common,0.421875,19.808647249062119,17.979143644865381
2,U2_L100,biphasic_common,0.42578125,18.478523614949644,16.666475333929416
2,U2_L100,biphasic_common,0.4296875,17.150984088203725,15.353340008301164
2,U2_L100,biphasic_common,0.43359375,15.838722247814811,14.052167979788484
2,U2_L100,biphasic_common,0.4375,14.553269336067792,12.774358264780002
2,U2_L100,biphasic_common,0.44140625,13.304860231154317,11.530140385028218
2,U2_L100,biphasic_common,0.4453125,12.102341212363273,10.328472663074825
2,U2_L100,biphasic_common,0.44921875,10.953118796555815,9.1769781014464016
2,U2_L100,biphasic_common,0.453125,9.8631476044056949,8.081917069538294
2,U2_L100,biphasic_common,0.45703125,8.8369540857973288,7.0481936519996555
2,U2_L100,biphasic_common,0.4609375,7.8776920276323219,6.0793913105601227
2,U2_L100,biphasic_common,0.46484375,6.9872251024099485,5.177833906456681
2,U2_L100,biphasic_common,0.46875,6.1662312974120779,4.3446688563080924
2,U2_L100,biphasic_common,0.47265625,5.4143238850314077,3.579969101595919
2,U2_L100,biphasic_common,0.4765625,4.7301836370321446,2.8828499078039709
2,U2_L100,biphasic_common,0.48046875,4.1116972230695819,2.2515958976033317
2,U2_L100,biphasic_common,0.484375,3.5560971341173193,1.683793166958528
2,U2_L100,biphasic_common,0.48828125,3.0600989982066262,1.1764609940466797
2,U2_L100,biphasic_common,0.4921875,2.6200327712060485,0.72617831822651413
2,U2_L100,biphasic_common,0.49609375,2.2319649520174227,0.32920209265837813
2,U2_L100,biphasic_common,0.5,1.8918096547495282,-0.018423294459567471
2,U2_L100,biphasic_common,0.50390625,1.5954270392769343,-0.32076548827725843
2,U2_L100,biphasic_common,0.5078125,1.338708230180079,-0.58191312266905248
2,U2_L100,biphasic_common,0.51171875,1.1176464220513571,-0.80589594174881807
2,U2_L100,biphasic_common,0.515625,0.92839436200115177,-0.99661806326653668
2,U2_L100,biphasic_common,0.51953125,0.76730880903919407,-1.1578054365284227
2,U2_L100,biphasic_common,0.5234375,0.6309828912189358,-1.2929669131617019
2,U2_L100,biphasic_common,0.52734375,0.5162675159956559,-1.4053670318888936
2,U2_L100,biphasic_common,0.53125,0.42028314194634236,-1.4980084444200581
2,U2_L100,biphasic_common,0.53515625,0.34042329854554759,-1.5736226960223727
2,U2_L100,biphasic_common,0.5390625,0.27435125484410561,-1.6346687269889981
2,U2_L100,biphasic_common,0.54296875,0.21999119861327662,-1.6833382951807068
2,U2_L100,biphasic_common,0.546875,0.17551520618916616,-1.7215670205577434
2,U2_L100,biphasic_common,0.55078125,0.13932717106543346,-1.751049658114928
2,U2_L100,biphasic_common,0.5546875,0.11004472669509414,-1.7732583716290904
2,U2_L100,biphasic_common,0.55859375,0.086480055328925248,-1.789462467650226
2,U2_L100,biphasic_common,0.5625,0.067620328042036271,-1.8007473265899547
2,U2_L100,biphasic_common,0.56640625,0.052608377909110576,-1.8080305362739886
2,U2_L100,biphasic_common,0.5703125,0.040724073613568598,-1.8120754952392168
2,U2_L100,biphasic_common,0.57421875,0.031366738214348523,-1.8135055341247335
2,U2_L100,biphasic_common,0.578125,0.024038849637871545,-1.8128218989562179
2,U2_L100,biphasic_common,0.58203125,0.018331166866904419,-1.8104258083465894
2,U2_L100,biphasic_common,0.5859375,0.013909348973464086,-1.8066409624508359
2,U2_L100,biphasic_common,0.58984375,0.010502072557065456,-1.8017318725379032
2,U2_L100,biphasic_common,0.59375,0.0078906057210108207,-1.7959157880687633
2,U2_L100,biphasic_common,0.59765625,0.0058997619966166094,-1.7893693292204944
2,U2_L100,biphasic_common,0.6015625,0.0043901339437107086,-1.7822325475516021
2,U2_L100,biphasic_common,0.60546875,0.0032514917686448379,-1.7746125753389572
2,U2_L100,biphasic_common,0.609375,0.0023972254832159566,-1.7665876597878352
2,U2_L100,biphasic_common,0.61328125,0.0017597082528735656,-1.7582116279994244
2,U2_L100,biphasic_common,0.6171875,0.0012864621758026063,-1.7495189452996296
2,U2_L100,biphasic_common,0.62109375,0.00093701450485305965,-1.7405306191922287
2,U2_L100,biphasic_common,0.625,0.00068034117844028349,-1.7312604095561688
2,U2_L100,biphasic_common,0.62890625,0.00049280456895097694,-1.721719693543758
2,U2_L100,biphasic_common,0.6328125,0.00035650288018451303,-1.7119194126765445
2,U2_L100,biphasic_common,0.63671875,0.00025795909205580925,-1.7018692518984935
2,U2_L100,biphasic_common,0.640625,0.00018708737388237664,-1.6915761483154503
2,U2_L100,biphasic_common,0.64453125,0.00013638420628274309,-1.6810444842511412
2,U2_L100,biphasic_common,0.6484375,0.00010029990860766146,-1.6702784515086986
2,U2_L100,biphasic_common,0.65234375,7.4753787960984825e-05,-1.6592847365702192
2,U2_L100,biphasic_common,0.65625,5.6762692951252338e-05,-1.6480730210789449
2,U2_L100,biphasic_common,0.66015625,4.4158400481590232e-05,-1.6366533171254274
2,U2_L100,biphasic_common,0.6640625,3.5374047242940676e-05,-1.6250315374173299
2,U2_L100,biphasic_common,0.66796875,2.9283817511470138e-05,-1.6132062547270527
2,U2_L100,biphasic_common,0.671875,2.5083402911200521e-05,-1.6011692403650877
2,U2_L100,biphasic_common,0.67578125,2.2201447869654398e-05,-1.5889100403911418
2,U2_L100,biphasic_common,0.6796875,2.0234373934128426e-05,-1.5764220761553722
2,U2_L100,biphasic_common,0.68359375,1.8898718555567818e-05,-1.5637067051226154
2,U2_L100,biphasic_common,0.6875,1.7996503343544012e-05,-1.5507729924108207
2,U2_L100,biphasic_common,0.69140625,1.7390228501908063e-05,-1.5376334120852539
2,U2_L100,biphasic_common,0.6953125,1.6984930708217481e-05,-1.5242978240436225
2,U2_L100,biphasic_common,0.69921875,1.6715389119996775e-05,-1.5107688938414678
2,U2_L100,biphasic_common,0.703125,1.653705859787187e-05,-1.4970412515733704
2,U2_L100,biphasic_common,0.70703125,1.6419683657437434e-05,-1.4831046301310578
2,U2_L100,biphasic_common,0.7109375,1.6342827919850485e-05,-1.468949152165369
2,U2_L100,biphasic_common,0.71484375,1.6292763433649295e-05,-1.4545698986141975
2,U2_L100,biphasic_common,0.71875,1.6260319231614166e-05,-1.4399684735270346
2,U2_L100,biphasic_common,0.72265625,1.6239402223810114e-05,-1.4251512194126901
2,U2_L100,biphasic_common,0.7265625,1.6225986368434455e-05,-1.410125640650975
2,U2_L100,biphasic_common,0.73046875,1.6217425955669815e-05,-1.3948970839432744
2,U2_L100,biphasic_common,0.734375,1.6211991829538192e-05,-1.3794669659566319
2,U2_L100,biphasic_common,0.73828125,1.6208560009551035e-05,-1.3638329662298099
2,U2_L100,biphasic_common,0.7421875,1.6206403853795631e-05,-1.3479910312863173
2,U2_L100,biphasic_common,0.74609375,1.6205056140095239e-05,-1.3319384053141028
2,U2_L100,biphasic_common,0.75,1.6204218074440053e-05,-1.3156763069428632
2,U2_L100,biphasic_common,0.75390625,1.6203699606026886e-05,-1.2992109533158316
2,U2_L100,biphasic_common,0.7578125,1.6203380502675243e-05,-1.282552547039318
2,U2_L100,biphasic_common,0.76171875,1.6203185110959364e-05,-1.2657129899160036
2,U2_L100,biphasic_common,0.765625,1.6203066083398669e-05,-1.2487038143277729
2,U2_L100,biphasic_common,0.76953125,1.6202993946679402e-05,-1.2315357047614979
2,U2_L100,biphasic_common,0.7734375,1.620295045225945e-05,-1.2142198533406721
2,U2_L100,biphasic_common,0.77734375,1.6202924361914907e-05,-1.1967699062698847
2,U2_L100,biphasic_common,0.78125,1.6202908791650483e-05,-1.1792027848203888
2,U2_L100,biphasic_common,0.78515625,1.620289954716318e-05,-1.1615378081536827
2,U2_L100,biphasic_common,0.7890625,1.6202894086554113e-05,-1.1437951692750448
2,U2_L100,biphasic_common,0.79296875,1.6202890877541109e-05,-1.1259951154471519
2,U2_L100,biphasic_common,0.796875,1.6202889001360217e-05,-1.1081576735961232
2,U2_L100,oscillatory,-0.19921875,0.0027719144657830192,-0.0016011092685649176
2,U2_L100,oscillatory,-0.1953125,0.0027730016771072602,-0.0015363125283015346
2,U2_L100,oscillatory,-0.19140625,0.0027733313357999993,-0.001464438867986465
2,U2_L100,oscillatory,-0.1875,0.0027724719705807658,-0.001392348486696727
2,U2_L100,oscillatory,-0.18359375,0.0027699129249758344,-0.0013226356657088621
2,U2_L100,oscillatory,-0.1796875,0.0027650848349443525,-0.0012569771956275697
2,U2_L100,oscillatory,-0.17578125,0.0027573968471520513,-0.0011976513336327669
2,U2_L100,oscillatory,-0.171875,0.0027462941385207004,-0.0011468018321111621
2,U2_L100,oscillatory,-0.16796875,0.0027313385660691718,-0.0011049874794174736
2,U2_L100,oscillatory,-0.1640625,0.0027123138808012102,-0.0010704608430645067
2,U2_L100,oscillatory,-0.16015625,0.0026893547512783357,-0.0010390954802395537
2,U2_L100,oscillatory,-0.15625,0.0026630957705728792,-0.0010040034371797957
2,U2_L100,oscillatory,-0.15234375,0.0026348326390130605,-0.00095483467744850409
2,U2_L100,oscillatory,-0.1484375,0.002606682895147519,-0.00087826977158991077
2,U2_L100,oscillatory,-0.14453125,0.0025817281072991788,-0.0007611184437236265
2,U2_L100,oscillatory,-0.140625,0.0025641136941452654,-0.0005953285844904465
2,U2_L100,oscillatory,-0.13671875,0.002559077051543518,-0.00038191169911220169
2,U2_L100,oscillatory,-0.1328125,0.002572870151932478,-0.00013053372543422696
2,U2_L100,oscillatory,-0.12890625,0.0026125401630071299,0.00014593189404855174
2,U2_L100,oscillatory,-0.125,0.0026855319660347289,0.00043886429430274192
2,U2_L100,oscillatory,-0.12109375,0.0027990808917201428,0.00074846885456206907
2,U2_L100,oscillatory,-0.1171875,0.0029593736750819955,0.001082238023241098
2,U2_L100,oscillatory,-0.11328125,0.0031704715607636692,0.001447941410676648
2,U2_L100,oscillatory,-0.109375,0.0034330123577216158,0.0018448723129027688
2,U2_L100,oscillatory,-0.10546875,0.0037427382341291993,0.0022575141748825251
2,U2_L100,oscillatory,-0.1015625,0.0040889326319736999,0.0026538457800989747
2,U2_L100,oscillatory,-0.09765625,0.004452891417682436,0.0029877799636320269
2,U2_L100,oscillatory,-0.09375,0.0048065977231051774,0.0032035760577793677
2,U2_L100,oscillatory,-0.08984375,0.0051118131063833689,0.0032403363607637209
2,U2_L100,oscillatory,-0.0859375,0.0053198346695501192,0.0030360424322392913
2,U2_L100,oscillatory,-0.08203125,0.0053721924681206703,0.0025316112923073446
2,U2_L100,oscillatory,-0.078125,0.0052025669285398757,0.0016756227536412075
2,U2_L100,oscillatory,-0.07421875,0.0047401846318093528,0.00042988924734502459
2,U2_L100,oscillatory,-0.0703125,0.0039148955520339852,-0.0012245441321361808
2,U2_L100,oscillatory,-0.06640625,0.0026640395832483914,-0.0032813909850335841
2,U2_L100,oscillatory,-0.0625,0.00094107099291200935,-0.0057029599292517342
2,U2_L100,oscillatory,-0.05859375,-0.0012742743999822298,-0.008413354285122264
2,U2_L100,oscillatory,-0.0546875,-0.0039647093210066486,-0.0112909520705836
2,U2_L100,oscillatory,-0.05078125,-0.007063719031579126,-0.014160889754433182
2,U2_L100,oscillatory,-0.046875,-0.010444448911032231,-0.016789064659248468
2,U2_L100,oscillatory,-0.04296875,-0.013910392848271658,-0.018879897419809062
2,U2_L100,oscillatory,-0.0390625,-0.017189353190822806,-0.020080596750764835
2,U2_L100,oscillatory,-0.03515625,-0.019932308583925851,-0.019994371949454685
2,U2_L100,oscillatory,-0.03125,-0.021718886011945097,-0.01820365577885958
2,U2_L100,oscillatory,-0.02734375,-0.022071049084903611,-0.014302489394354946
2,U2_L100,oscillatory,-0.0234375,-0.020476350115473541,-0.0079356836054507666
2,U2_L100,oscillatory,-0.01953125,-0.016421619941965202,0.001158138329210529
2,U2_L100,oscillatory,-0.015625,-0.0094372700360981776,0.013101756038023576
2,U2_L100,oscillatory,-0.01171875,0.00084854320010522145,0.027833596039703073
2,U2_L100,oscillatory,-0.0078125,0.014647769019249971,0.04506153658557175
2,U2_L100,oscillatory,-0.00390625,0.031945485001166798,0.064219108189900842
2,U2_L100,oscillatory,0,0.052432604343293811,0.084430717900093114
2,U2_L100,oscillatory,0.00390625,0.075444103803418761,0.10449451970880214
2,U2_L100,oscillatory,0.0078125,0.099909766580296572,0.12288956098717674
2,U2_L100,oscillatory,0.01171875,0.12432527353074863,0.13780956812591366
2,U2_L100,oscillatory,0.015625,0.14675183136908751,0.14722333221019257
2,U2_L100,oscillatory,0.01953125,0.16485223550755837,0.14896318377246592
2,U2_L100,oscillatory,0.0234375,0.17597018434626061,0.14084600282095996
2,U2_L100,oscillatory,0.02734375,0.17725768492001581,0.12083104749814055
2,U2_L100,oscillatory,0.03125,0.16585246782482871,0.087213709032639281
2,U2_L100,oscillatory,0.03515625,0.13910348938977032,0.038846360606548544
2,U2_L100,oscillatory,0.0390625,0.094837960572643459,-0.024629596955650805
2,U2_L100,oscillatory,0.04296875,0.031658127895686228,-0.10256056043467146
2,U2_L100,oscillatory,0.046875,-0.050749428159174208,-0.19308770420352517
2,U2_L100,oscillatory,0.05078125,-0.15131448633051589,-0.29300447143181801
2,U2_L100,oscillatory,0.0546875,-0.26732095195055194,-0.39768310001265311
2,U2_L100,oscillatory,0.05859375,-0.39421208313855827,-0.50108723611538541
2,U2_L100,oscillatory,0.0625,-0.52549500573187435,-0.59588670998363069
2,U2_L100,oscillatory,0.06640625,-0.65277538713739491,-0.67368873854000699
2,U2_L100,oscillatory,0.0703125,-0.76594932209127697,-0.72539574255098582
2,U2_L100,oscillatory,0.07421875,-0.85357251477029517,-0.74169301617757477
2,U2_L100,oscillatory,0.078125,-0.90341664748552308,-0.71365942775950275
2,U2_L100,oscillatory,0.08203125,-0.90320960467116973,-0.63348130207178832
2,U2_L100,oscillatory,0.0859375,-0.84154048155477623,-0.4952351588908947
2,U2_L100,oscillatory,0.08984375,-0.70889288750878166,-0.29569176939184921
2,U2_L100,oscillatory,0.09375,-0.49875211052594498,-0.035084122288553968
2,U2_L100,oscillatory,0.09765625,-0.20871467382745676,0.28222423702216631
2,U2_L100,oscillatory,0.1015625,0.1584856784885311,0.64723694730322501
2,U2_L100,oscillatory,0.10546875,0.59413175700775345,1.046054855564432
2,U2_L100,oscillatory,0.109375,1.0829569336582101,1.4599000724602731
2,U2_L100,oscillatory,0.11328125,1.6029567046494295,1.8654857287989184
2,U2_L100,oscillatory,0.1171875,2.1256634616616101,2.2357666905977474
2,U2_L100,oscillatory,0.12109375,2.6169493550717249,2.5410841611382819
2,U2_L100,oscillatory,0.125,3.0383923861699658,2.7506901223285158
2,U2_L100,oscillatory,0.12890625,3.3492030470109055,2.8346073623883048
2,U2_L100,oscillatory,0.1328125,3.508664689581571,2.7657486660069397
2,U2_L100,oscillatory,0.13671875,3.4789929363410916,2.5221865985666985
2,U2_L100,oscillatory,0.140625,3.2284711714694998,2.0894366031771749
2,U2_L100,oscillatory,0.14453125,2.7346743787387142,1.4625944767778911
2,U2_L100,oscillatory,0.1484375,1.9875565439273823,0.64815688522458992
2,U2_L100,oscillatory,0.15234375,0.99215175050125426,-0.33464869341646886
2,U2_L100,oscillatory,0.15625,-0.22937015782510081,-1.4531892951452727
2,U2_L100,oscillatory,0.16015625,-1.6365427656733422,-2.661549872062857
2,U2_L100,oscillatory,0.1640625,-3.1705558669443992,-3.90156117162396
2,U2_L100,oscillatory,0.16796875,-4.7554883866587572,-5.1047877603972678
2,U2_L100,oscillatory,0.171875,-6.3009154454041907,-6.1954694395340137
2,U2_L100,oscillatory,0.17578125,-7.7058936736829038,-7.094339884531494
2,U2_L100,oscillatory,0.1796875,-8.8642264851396337,-7.7231750851474867
2,U2_L100,oscillatory,0.18359375,-9.6708026268533178,-8.0098552364786002
2,U2_L100,oscillatory,0.1875,-10.028694783979487,-7.8936609647631411
2,U2_L100,oscillatory,0.19140625,-9.8566090035314957,-7.3304734344046487
2,U2_L100,oscillatory,0.1953125,-9.0961991042733086,-6.2975146529442556
2,U2_L100,oscillatory,0.19921875,-7.718711428899498,-4.7972550451804343
2,U2_L100,oscillatory,0.203125,-5.7304113673189869,-2.8601333064889505
2,U2_L100,oscillatory,0.20703125,-3.1762691172595154,-0.54577890059838263
2,U2_L100,oscillatory,0.2109375,-0.14145056838569137,2.0575016641284058
2,U2_L100,oscillatory,0.21484375,3.2497307374862854,4.8351204917487403
2,U2_L100,oscillatory,0.21875,6.8375970673514814,7.6505192850357711
2,U2_L100,oscillatory,0.22265625,10.433644439766644,10.351301771170826
2,U2_L100,oscillatory,0.2265625,13.829657534875597,12.776958529379746
2,U2_L100,oscillatory,0.23046875,16.809021663250128,14.767822837303751
2,U2_L100,oscillatory,0.234375,19.159658711185934,16.174778620213175
2,U2_L100,oscillatory,0.23828125,20.68784570802972,16.869149155395078
2,U2_L100,oscillatory,0.2421875,21.232046388825392,16.752135560555867
2,U2_L100,oscillatory,0.24609375,20.675811083362383,15.763153558072426
2,U2_L100,oscillatory,0.25,18.958788578898204,13.886440777353471
2,U2_L100,oscillatory,0.25390625,16.084951230578923,11.155377278750684
2,U2_L100,oscillatory,0.2578125,12.127262498335282,7.6540763728227557
2,U2_L100,oscillatory,0.26171875,7.2282098013803928,3.5159542144089606
2,U2_L100,oscillatory,0.265625,1.5958751605801273,-1.080833123584565
2,U2_L100,oscillatory,0.26953125,-4.5044934456473298,-5.9209960904106183
2,U2_L100,oscillatory,0.2734375,-10.76313492622875,-10.76246392662763
2,U2_L100,oscillatory,0.27734375,-16.842065253580763,-15.348983550878179
2,U2_L100,oscillatory,0.28125,-22.394130091762342,-19.424288082503239
2,U2_L100,oscillatory,0.28515625,-27.083703681602884,-22.74701822694789
2,U2_L100,oscillatory,0.2890625,-30.607743748900948,-25.105488567242276
2,U2_L100,oscillatory,0.29296875,-32.715821919339064,-26.331356068574927
2,U2_L100,oscillatory,0.296875,-33.227753452912147,-26.311275496637375
2,U2_L100,oscillatory,0.30078125,-32.047553148416206,-24.995718539940022
2,U2_L100,oscillatory,0.3046875,-29.172642720770838,-22.404287624046653
2,U2_L100,oscillatory,0.30859375,-24.697518079139101,-18.627062340501695
2,U2_L100,oscillatory,0.3125,-18.811435092367962,-13.821760692186269
2,U2_L100,oscillatory,0.31640625,-11.790066215160453,-8.2067613846153868
2,U2_L100,oscillatory,0.3203125,-3.981490235532481,-2.0503009178349658
2,U2_L100,oscillatory,0.32421875,4.2127262275191315,4.3435851231159166
2,U2_L100,oscillatory,0.328125,12.360243443407034,10.65158046295838
2,U2_L100,oscillatory,0.33203125,20.023063993101054,16.54909063006934
2,U2_L100,oscillatory,0.3359375,26.783462124853095,21.728637516687922
2,U2_L100,oscillatory,0.33984375,32.269057030462136,25.917510439545705
2,U2_L100,oscillatory,0.34375,36.17539273610052,28.893570954331128
2,U2_L100,oscillatory,0.34765625,38.2845352695903,30.498215723903822
2,U2_L100,oscillatory,0.3515625,38.478451626004436,30.645675931865139
2,U2_L100,oscillatory,0.35546875,36.746277377998197,29.328061285057572
2,U2_L100,oscillatory,0.359375,33.184986360010924,26.615825978872873
2,U2_L100,oscillatory,0.36328125,27.99341754309885,22.65362541815043
2,U2_L100,oscillatory,0.3671875,21.460059146331979,17.651827211543331
2,U2_L100,oscillatory,0.37109375,13.945406087585544,11.874218004729993
2,U2_L100,oscillatory,0.375,5.8600641769755653,5.6226887258108409
2,U2_L100,oscillatory,0.37890625,-2.3599523575023369,-0.78013301240438537
2,U2_L100,oscillatory,0.3828125,-10.279113255487029,-7.0092156789950915
2,U2_L100,oscillatory,0.38671875,-17.487781669694087,-12.755288929001281
2,U2_L100,oscillatory,0.390625,-23.625528236880665,-17.741738164111091
2,U2_L100,oscillatory,0.39453125,-28.400908022303181,-21.739227011410097
2,U2_L100,oscillatory,0.3984375,-31.606525221392452,-24.5772104961023
2,U2_L100,oscillatory,0.40234375,-33.128551958860676,-26.15171697892016
2,U2_L100,oscillatory,0.40625,-32.950257609979552,-26.429028381485431
2,U2_L100,oscillatory,0.41015625,-31.149514649616684,-25.445158337106648
2,U2_L100,oscillatory,0.4140625,-27.89064634195357,-23.301297425989464
2,U2_L100,oscillatory,0.41796875,-23.411342498906972,-20.155644527338378
2,U2_L100,oscillatory,0.421875,-18.005667682625504,-16.212256681719708
2,U2_L100,oscillatory,0.42578125,-12.004402706055533,-11.707713413121974
2,U2_L100,oscillatory,0.4296875,-5.7540829110692853,-6.8964961802967295
2,U2_L100,oscillatory,0.43359375,0.40387932234874169,-2.0360249403871338
2,U2_L100,oscillatory,0.4375,6.1526724080898463,2.6277282894387644
2,U2_L100,oscillatory,0.44140625,11.217006745121463,6.8732099891600615
2,U2_L100,oscillatory,0.4453125,15.376551686006652,10.514132459328922
2,U2_L100,oscillatory,0.44921875,18.475241157209048,13.407661351509461
2,U2_L100,oscillatory,0.453125,20.426109717921864,15.459603486120283
2,U2_L100,oscillatory,0.45703125,21.211634762160429,16.626462694732155
2,U2_L100,oscillatory,0.4609375,20.879857012630026,16.914435238917331
2,U2_L100,oscillatory,0.46484375,19.536810557561711,16.375603013607076
2,U2_L100,oscillatory,0.46875,17.335999533237924,15.101741186974714
2,U2_L100,oscillatory,0.47265625,14.465800156242178,13.216278460421075
2,U2_L100,oscillatory,0.4765625,11.135738584421958,10.865026839102214
2,U2_L100,oscillatory,0.48046875,7.5625969375643693,8.2063311888538681
2,U2_L100,oscillatory,0.484375,3.9572367475471979,5.401277658787107
2,U2_L100,oscillatory,0.48828125,0.51291050520958603,2.6045475472144872
2,U2_L100,oscillatory,0.4921875,-2.604329467492688,-0.043584667074585075
2,U2_L100,oscillatory,0.49609375,-5.2627050392014336,-2.4237244799027646
2,U2_L100,oscillatory,0.5,-7.3690511942150758,-4.4420462063369834
2,U2_L100,oscillatory,0.50390625,-8.8704007437142831,-6.0330756134639154
2,U2_L100,oscillatory,0.5078125,-9.7529779226418629,-7.160573552398577
2,U2_L100,oscillatory,0.51171875,-10.038918213758286,-7.8166447999488602
2,U2_L100,oscillatory,0.515625,-9.7811497481353751,-8.0192948076171753
2,U2_L100,oscillatory,0.51953125,-9.0569485467865594,-7.8087324574154655
2,U2_L100,oscillatory,0.5234375,-7.9607142837048563,-7.2427666402028867
2,U2_L100,oscillatory,0.52734375,-6.5965069863692287,-6.3916674656294674
2,U2_L100,oscillatory,0.53125,-5.0708427421673239,-5.3328595215210699
2,U2_L100,oscillatory,0.53515625,-3.4861747987888236,-4.1457869639437614
2,U2_L100,oscillatory,0.5390625,-1.9353936118037356,-2.9072426107687011
2,U2_L100,oscillatory,0.54296875,-0.49757424671744527,-1.6873913413587245
2,U2_L100,oscillatory,0.546875,0.76490914023689849,-0.54664795828951362
2,U2_L100,oscillatory,0.55078125,1.8078861845185878,0.46650286165318211
2,U2_L100,oscillatory,0.5546875,2.6055878404233384,1.3167260505324874
2,U2_L100,oscillatory,0.55859375,3.1496921512200298,1.9821377722493714
2,U2_L100,oscillatory,0.5625,3.4474282749070433,2.4537828818415379
2,U2_L100,oscillatory,0.56640625,3.5189837661197418,2.7344221279374405
2,U2_L100,oscillatory,0.5703125,3.3944738986246863,2.8367913734556809
2,U2_L100,oscillatory,0.57421875,3.1107261307813614,2.7815095502662053
2,U2_L100,oscillatory,0.578125,2.7081106021895258,2.5948113986404731
2,U2_L100,oscillatory,0.58203125,2.2276125608067772,2.306267006237066
2,U2_L100,oscillatory,0.5859375,1.7082990482278195,1.946627083994414
2,U2_L100,oscillatory,0.58984375,1.1852842713507343,1.5459053936410747
2,U2_L100,oscillatory,0.59375,0.68824985074023526,1.131780556666087
2,U2_L100,oscillatory,0.59765625,0.2405310200276061,0.72836954851059865
2,U2_L100,oscillatory,0.6015625,-0.1412593988854883,0.35539516932320403
2,U2_L100,oscillatory,0.60546875,-0.44712888041622101,0.027741302169774953
2,U2_L100,oscillatory,0.609375,-0.67320717253986206,-0.24463485004828603
2,U2_L100,oscillatory,0.61328125,-0.82094806637104256,-0.45648310483806381
2,U2_L100,oscillatory,0.6171875,-0.89613143475921664,-0.6067949236431005
2,U2_L100,oscillatory,0.62109375,-0.90776311312703706,-0.69816024957831835
2,U2_L100,oscillatory,0.625,-0.86696102781345341,-0.73601555294688059
2,U2_L100,oscillatory,0.62890625,-0.78590219772177061,-0.72784798719893784
2,U2_L100,oscillatory,0.6328125,-0.67688857252952339,-0.68241185644699542
2,U2_L100,oscillatory,0.63671875,-0.55157178646863814,-0.609002398335732
2,U2_L100,oscillatory,0.640625,-0.42035928033573444,-0.5168205573009732
2,U2_L100,oscillatory,0.64453125,-0.29200809151793738,-0.41445195985785716
2,U2_L100,oscillatory,0.6484375,-0.17339883556601138,-0.30947344233461754
2,U2_L100,oscillatory,0.65234375,-0.069471577785217592,-0.20819080142765964
2,U2_L100,oscillatory,0.65625,0.016702322451780053,-0.11550221280217898
2,U2_L100,oscillatory,0.66015625,0.08374274209772152,-0.03487389227483078
2,U2_L100,oscillatory,0.6640625,0.13170954615286157,0.031591227866649522
2,U2_L100,oscillatory,0.66796875,0.16180840137139049,0.083014481419534436
2,U2_L100,oscillatory,0.671875,0.17608151551092927,0.11955548778257798
2,U2_L100,oscillatory,0.67578125,0.17710679963757439,0.14220046356530616
2,U2_L100,oscillatory,0.6796875,0.16772377322137944,0.1525423881476157
2,U2_L100,oscillatory,0.68359375,0.15079907143942337,0.15256707961955149
2,U2_L100,oscillatory,0.6875,0.12903912100893092,0.14445634816197847
2,U2_L100,oscillatory,0.69140625,0.10485277599365998,0.13041660737486366
2,U2_L100,oscillatory,0.6953125,0.08026269261859123,0.11253869513106565
2,U2_L100,oscillatory,0.69921875,0.056861111632949823,0.092692473859536509
2,U2_L100,oscillatory,0.703125,0.035803552592062853,0.072457586077899067
2,U2_L100,oscillatory,0.70703125,0.017832671319205583,0.053088894166935928
2,U2_L100,oscillatory,0.7109375,0.0033240934211915102,0.03551189728828117
2,U2_L100,oscillatory,0.71484375,-0.0076537246246419031,0.020340907961197474
2,U2_L100,oscillatory,0.71875,-0.015272799639684226,0.0079120146952538981
2,U2_L100,oscillatory,0.72265625,-0.019878176754346812,-0.0016759766068046586
2,U2_L100,oscillatory,0.7265625,-0.021924518952742032,-0.0085170822958875077
2,U2_L100,oscillatory,0.73046875,-0.021920156420736629,-0.012852317669330407
2,U2_L100,oscillatory,0.734375,-0.020380718613929451,-0.015023602115860121
2,U2_L100,oscillatory,0.73828125,-0.01779330952275171,-0.015429061929434581
2,U2_L100,oscillatory,0.7421875,-0.014591218887721961,-0.014482633719475028
2,U2_L100,oscillatory,0.74609375,-0.011138416963448139,-0.012581148765486251
2,U2_L100,oscillatory,0.75,-0.007722562533409685,-0.010080789853059321
2,U2_L100,oscillatory,0.75390625,-0.0045549495573395122,-0.0072828348531854981
2,U2_L100,oscillatory,0.7578125,-0.0017757002371440139,-0.0044272454414105494
2,U2_L100,oscillatory,0.76171875,0.00053745351857026813,-0.0016923588233872149
2,U2_L100,oscillatory,0.765625,0.002358310697869583,0.00080100159775445268
2,U2_L100,oscillatory,0.76953125,0.0037005515166839576,0.0029828518597232352
2,U2_L100,oscillatory,0.7734375,0.0046063219431452061,0.0048265533036318375
2,U2_L100,oscillatory,0.77734375,0.0051358029426855538,0.0063413213983606644
2,U2_L100,oscillatory,0.78125,0.0053582536192536695,0.0075645075509224967
2,U2_L100,oscillatory,0.78515625,0.005344785345366811,0.0085531512826042596
2,U2_L100,oscillatory,0.7890625,0.0051629314867137691,0.0093746120056072309
2,U2_L100,oscillatory,0.79296875,0.0048729291350633136,0.010096272655826273
2,U2_L100,oscillatory,0.796875,0.0045255254489743194,0.010774391593199388
2,U2_L100,slow_common,-0.19921875,-1.5656792343663044,0.70089808645708929
2,U2_L100,slow_common,-0.1953125,-1.5356181731963043,0.64478888520672184
2,U2_L100,slow_common,-0.19140625,-1.5042265405281641,0.58879126667186532
2,U2_L100,slow_common,-0.1875,-1.4714571041820717,0.53308504734628959
2,U2_L100,slow_common,-0.18359375,-1.4372615785854108,0.47788295518891694
2,U2_L100,slow_common,-0.1796875,-1.4015906340675801,0.42340682373953631
2,U2_L100,slow_common,-0.17578125,-1.3643939083081791,0.36987157851947816
2,U2_L100,slow_common,-0.171875,-1.3256200200242327,0.31747542907413229
2,U2_L100,slow_common,-0.16796875,-1.2852165849812931,0.26639495760981652
2,U2_L100,slow_common,-0.1640625,-1.2431302344122588,0.21678389282348087
2,U2_L100,slow_common,-0.16015625,-1.1993066359264146,0.16877440889507542
2,U2_L100,slow_common,-0.15625,-1.1536905169895941,0.1224799328386272
2,U2_L100,slow_common,-0.15234375,-1.1062256910545263,0.077998634583267043
2,U2_L100,slow_common,-0.1484375,-1.0568550864182238,0.035416940786886487
2,U2_L100,slow_common,-0.14453125,-1.0055207778807904,-0.0051873962073917968
2,U2_L100,slow_common,-0.140625,-0.95216402127728994,-0.043742870534967233
2,U2_L100,slow_common,-0.13671875,-0.89672529095115516,-0.080182353087447464
2,U2_L100,slow_common,-0.1328125,-0.83914432023421726,-0.11444155118179351
2,U2_L100,slow_common,-0.12890625,-0.77936014499471429,-0.14645760566605157
2,U2_L100,slow_common,-0.125,-0.71731115031047676,-0.17616777828876196
2,U2_L100,slow_common,-0.12109375,-0.65293512032016032,-0.2035083308266793
2,U2_L100,slow_common,-0.1171875,-0.5861692913005554,-0.22841377821625619
2,U2_L100,slow_common,-0.11328125,-0.5169504080129439,-0.25081664982186808
2,U2_L100,slow_common,-0.109375,-0.44521478335603404,-0.27064770409455224
2,U2_L100,slow_common,-0.10546875,-0.37089836135721144,-0.28783634667023589
2,U2_L100,slow_common,-0.1015625,-0.29393678352771158,-0.3023109893932141
2,U2_L100,slow_common,-0.09765625,-0.21426545860090451,-0.31399925828467457
2,U2_L100,slow_common,-0.09375,-0.13181963566604926,-0.32282811639771419
2,U2_L100,slow_common,-0.08984375,-0.046534480702773884,-0.32872398301962724
2,U2_L100,slow_common,-0.0859375,0.041654843485861459,-0.33161287331427913
2,U2_L100,slow_common,-0.08203125,0.13281309395169227,-0.331420569175844
2,U2_L100,slow_common,-0.078125,0.22700486090909777,-0.3280728522510461
2,U2_L100,slow_common,-0.07421875,0.3242944776983121,-0.32149579439737269
2,U2_L100,slow_common,-0.0703125,0.42474592743935924,-0.31161601995422655
2,U2_L100,slow_common,-0.06640625,0.5284227464204192,-0.29836083957143417
2,U2_L100,slow_common,-0.0625,0.63538792427367685,-0.28165823279579455
2,U2_L100,slow_common,-0.05859375,0.74570380100095202,-0.26143674236349218
2,U2_L100,slow_common,-0.0546875,0.85943196092118557,-0.23762539337844871
2,U2_L100,slow_common,-0.05078125,0.97663312362150156,-0.21015375605702497
2,U2_L100,slow_common,-0.046875,1.0973670320036444,-0.17895218288687145
2,U2_L100,slow_common,-0.04296875,1.2216923375277631,-0.14395209393490951
2,U2_L100,slow_common,-0.0390625,1.3496664827656777,-0.10508612310600132
2,U2_L100,slow_common,-0.03515625,1.481345581386269,-0.062288080095495781
2,U2_L100,slow_common,-0.03125,1.6167842957060983,-0.015492897934360324
2,U2_L100,slow_common,-0.02734375,1.7560357119488241,0.035363205352601082
2,U2_L100,slow_common,-0.0234375,1.8991512133676305,0.09034228393596648
2,U2_L100,slow_common,-0.01953125,2.0461803513954613,0.14950410215005783
2,U2_L100,slow_common,-0.015625,2.1971707149982911,0.21290572534987126
2,U2_L100,slow_common,-0.01171875,2.3521677984172737,0.28060145898844169
2,U2_L100,slow_common,-0.0078125,2.5112148674959065,0.35264312180862672
2,U2_L100,slow_common,-0.00390625,2.674352824798651,0.42908042558108622
2,U2_L100,slow_common,0,2.8416200737375079,0.50996116024280347
2,U2_L100,slow_common,0.00390625,3.0130523819330262,0.59533101360428042
2,U2_L100,slow_common,0.0078125,3.1886827440458005,0.68523310037495455
2,U2_L100,slow_common,0.01171875,3.3685412443239628,0.77970744944838255
2,U2_L100,slow_common,0.015625,3.5526549191213177,0.87879068190384102
2,U2_L100,slow_common,0.01953125,3.7410476196494247,0.98251595150595716
2,U2_L100,slow_common,0.0234375,3.9337398752354349,1.0909130522303534
2,U2_L100,slow_common,0.02734375,4.1307487573653248,1.2040085235934199
2,U2_L100,slow_common,0.03125,4.3320877447998338,1.3218256161253978
2,U2_L100,slow_common,0.03515625,4.5377665900572985,1.4443840708779567
2,U2_L100,slow_common,0.0390625,4.7477911875642107,1.5716997770594932
2,U2_L100,slow_common,0.04296875,4.9621634437801223,1.7037844623510214
2,U2_L100,slow_common,0.046875,5.1808811496090463,1.8406455587511741
2,U2_L100,slow_common,0.05078125,5.4039378554140747,1.9822862322808579
2,U2_L100,slow_common,0.0546875,5.6313227489560358,2.1287054061257611
2,U2_L100,slow_common,0.05859375,5.863020536580434,2.279897627503146
2,U2_L100,slow_common,0.0625,6.0990113279794702,2.4358527924758113
2,U2_L100,slow_common,0.06640625,6.3392705248578487,2.5965558573111087
2,U2_L100,slow_common,0.0703125,6.5837687138321712,2.7619866589798479
2,U2_L100,slow_common,0.07421875,6.8324715638940265,2.932119910833586
2,U2_L100,slow_common,0.078125,7.0853397287662823,3.1069253606804401
2,U2_L100,slow_common,0.08203125,7.3423287544807181,3.286367986855621
2,U2_L100,slow_common,0.0859375,7.6033889925027882,3.4704080420349381
2,U2_L100,slow_common,0.08984375,7.8684655187262074,3.6590008394040998
2,U2_L100,slow_common,0.09375,8.1374980586558756,3.8520963623593012
2,U2_L100,slow_common,0.09765625,8.4104209190925872,4.0496388873618647
2,U2_L100,slow_common,0.1015625,8.6871629266271366,4.2515667548329121
2,U2_L100,slow_common,0.10546875,8.9676473732443878,4.4578123107824279
2,U2_L100,slow_common,0.109375,9.2517919693300374,4.668301991078815
2,U2_L100,slow_common,0.11328125,9.5395088043639689,4.882956506344847
2,U2_L100,slow_common,0.1171875,9.8307043155743621,5.1016910510143392
2,U2_L100,slow_common,0.12109375,10.12527926481588,5.3244154451068519
2,U2_L100,slow_common,0.125,10.423128723923659,5.5510341637919334
2,U2_L100,slow_common,0.12890625,10.724142068782148,5.7814462637493902
2,U2_L100,slow_common,0.1328125,11.02820298233434,6.0155452227273036
2,U2_L100,slow_common,0.13671875,11.335189466742463,6.2532187107415034
2,U2_L100,slow_common,0.140625,11.644973864895769,6.4943483609507675
2,U2_L100,slow_common,0.14453125,11.957422891445079,6.7388096553912442
2,U2_L100,slow_common,0.1484375,12.272397673526369,6.9864720008329249
2,U2_L100,slow_common,0.15234375,12.589753801318135,7.2371989733096029
2,U2_L100,slow_common,0.15625,12.909341388558335,7.4908486579419389
2,U2_L100,slow_common,0.16015625,13.231005143127625,7.7472740118546799
2,U2_L100,slow_common,0.1640625,13.554584447785222,8.0063231621092399
2,U2_L100,slow_common,0.16796875,13.879913451123224,8.2678395213485203
2,U2_L100,slow_common,0.171875,14.206821168783614,8.5316616528798708
2,U2_L100,slow_common,0.17578125,14.535131594960495,8.797622973958644
2,U2_L100,slow_common,0.1796875,14.864663824187412,9.0655515313302981
2,U2_L100,slow_common,0.18359375,15.195232183386809,9.3352700631001895
2,U2_L100,slow_common,0.1875,15.526646374135341,9.6065963709376732
2,U2_L100,slow_common,0.19140625,15.85871162507504,9.8793438196636547
2,U2_L100,slow_common,0.1953125,16.191228854376444,10.1533217085929
2,U2_L100,slow_common,0.19921875,16.523994842135401,10.428335361605534
2,U2_L100,slow_common,0.203125,16.856802412561212,10.704186000010116
2,U2_L100,slow_common,0.20703125,17.189440625789036,10.980670648635597
2,U2_L100,slow_common,0.2109375,17.521694979125165,11.257582315769975
2,U2_L100,slow_common,0.21484375,17.853347617509268,11.534710468836886
2,U2_L100,slow_common,0.21875,18.184177552953464,11.811841602396084
2,U2_L100,slow_common,0.22265625,18.51396089269381,12.088759666335148
2,U2_L100,slow_common,0.2265625,18.842471075766049,12.365246270944095
2,U2_L100,slow_common,0.23046875,19.169479117693843,12.64108073455335
2,U2_L100,slow_common,0.234375,19.494753862954557,12.9160400805529
2,U2_L100,slow_common,0.23828125,19.818062244865043,13.189899071872857
2,U2_L100,slow_common,0.2421875,20.139169552507706,13.462430368892347
2,U2_L100,slow_common,0.24609375,20.457839704295647,13.733404882485218
2,U2_L100,slow_common,0.25,20.773835527754898,14.002592297127681
2,U2_L100,slow_common,0.25390625,21.086919045081629,14.269761608807572
2,U2_L100,slow_common,0.2578125,21.396851764013093,14.534681507336353
2,U2_L100,slow_common,0.26171875,21.703394973532685,14.797120577511832
2,U2_L100,slow_common,0.265625,22.006310043912144,15.056847455662854
2,U2_L100,slow_common,0.26953125,22.305358730577574,15.313631086996232
2,U2_L100,slow_common,0.2734375,22.600303481270785,15.567241080735505
2,U2_L100,slow_common,0.27734375,22.890907745963183,15.817448022083767
2,U2_L100,slow_common,0.28125,23.176936288966733,16.064023636828193
2,U2_L100,slow_common,0.28515625,23.458155502674703,16.30674089553645
2,U2_L100,slow_common,0.2890625,23.734333722354531,16.545374275889245
2,U2_L100,slow_common,0.29296875,24.005241541406289,16.779700289954665
2,U2_L100,slow_common,0.296875,24.270652126492376,17.009498125328147
2,U2_L100,slow_common,0.30078125,24.53034153193801,17.234550134780498
2,U2_L100,slow_common,0.3046875,24.784089012797271,17.454642051118928
2,U2_L100,slow_common,0.30859375,25.031677335976109,17.66956302272639
2,U2_L100,slow_common,0.3125,25.272893088802153,17.879105661895949
2,U2_L100,slow_common,0.31640625,25.507526984430616,18.083066254805818
2,U2_L100,slow_common,0.3203125,25.735374163477243,18.281245174995572
2,U2_L100,slow_common,0.32421875,25.956234491271786,18.473447426703277
2,U2_L100,slow_common,0.328125,26.169912850130189,18.659483166743524
2,U2_L100,slow_common,0.33203125,26.376219426049396,18.839168069227522
2,U2_L100,slow_common,0.3359375,26.574969989236457,19.012323509588452
2,U2_L100,slow_common,0.33984375,26.765986167892493,19.178776663715126
2,U2_L100,slow_common,0.34375,26.94909571468294,19.338360642549816
2,U2_L100,slow_common,0.34765625,27.12413276533735,19.490914708150083
2,U2_L100,slow_common,0.3515625,27.290938088835929,19.6362845360219
2,U2_L100,slow_common,0.35546875,27.449359328654872,19.774322479629724
2,U2_L100,slow_common,0.359375,27.599251234559269,19.904887833219973
2,U2_L100,slow_common,0.36328125,27.740475884450117,20.027847101209318
2,U2_L100,slow_common,0.3671875,27.872902895791317,20.143074256505205
2,U2_L100,slow_common,0.37109375,27.996409626163128,20.25045096422015
2,U2_L100,slow_common,0.375,28.110881362510341,20.349866774439462
2,U2_L100,slow_common,0.37890625,28.216211498676397,20.441219292401769
2,U2_L100,slow_common,0.3828125,28.312301700838944,20.524414297562441
2,U2_L100,slow_common,0.38671875,28.399062060487438,20.599365778694189
2,U2_L100,slow_common,0.390625,28.476411234609721,20.665995935524865
2,U2_L100,slow_common,0.39453125,28.544276572781506,20.724235276087448
2,U2_L100,slow_common,0.3984375,28.602594230880968,20.774022876730225
2,U2_L100,slow_common,0.40234375,28.651309271179102,20.815306709932376
2,U2_L100,slow_common,0.40625,28.690375748586387,20.848043871401675
2,U2_L100,slow_common,0.41015625,28.719756782866039,20.872200629999597
2,U2_L100,slow_common,0.4140625,28.739424616655139,20.887752362091909
2,U2_L100,slow_common,0.41796875,28.749360659165685,20.894683474386124
2,U2_L100,slow_common,0.421875,28.749555515469414,20.892987360479076
2,U2_L100,slow_common,0.42578125,28.740009001301715,20.882666370879591
2,U2_L100,slow_common,0.4296875,28.720730143351997,20.86373177442891
2,U2_L100,slow_common,0.43359375,28.691737165039918,20.836203738073028
2,U2_L100,slow_common,0.4375,28.653057457808792,20.800111383078466
2,U2_L100,slow_common,0.44140625,28.604727537999501,20.755492929892455
2,U2_L100,slow_common,0.4453125,28.546792989399979,20.702395843251921
2,U2_L100,slow_common,0.44921875,28.479308391596739,20.640876838225246
2,U2_L100,slow_common,0.453125,28.402337234286183,20.571001679254596
2,U2_L100,slow_common,0.45703125,28.315951817733897,20.492844841007276
2,U2_L100,slow_common,0.4609375,28.220233139600492,20.406489172676121
2,U2_L100,slow_common,0.46484375,28.115270768381944,20.312025662760128
2,U2_L100,slow_common,0.46875,28.001162703741219,20.209553313263765
2,U2_L100,slow_common,0.47265625,27.87801522403608,20.099179087781767
2,U2_L100,slow_common,0.4765625,27.745942721375155,19.981017889745349
2,U2_L100,slow_common,0.48046875,27.605067524560489,19.855192513278865
2,U2_L100,slow_common,0.484375,27.455519710300283,19.721833506962696
2,U2_L100,slow_common,0.48828125,27.297436903099506,19.581078936247795
2,U2_L100,slow_common,0.4921875,27.130964064259249,19.433074094725249
2,U2_L100,slow_common,0.49609375,26.956253270437578,19.277971227978973
2,U2_L100,slow_common,0.5,26.773463482245084,19.115929283463924
2,U2_L100,slow_common,0.50390625,26.582760303367959,18.94711365627531
2,U2_L100,slow_common,0.5078125,26.384315730729071,18.771695920668662
2,U2_L100,slow_common,0.51171875,26.178307896214363,18.589853583914241
2,U2_L100,slow_common,0.515625,25.964920800506839,18.401769898068434
2,U2_L100,slow_common,0.51953125,25.744344039584288,18.207633704224307
2,U2_L100,slow_common,0.5234375,25.516772524448946,18.007639223029926
2,U2_L100,slow_common,0.52734375,25.282406194668035,17.801985713171518
2,U2_L100,slow_common,0.53125,25.041449726313328,17.590877007702677
2,U2_L100,slow_common,0.53515625,24.794112234895351,17.37452103846362
2,U2_L100,slow_common,0.5390625,24.540606973894057,17.153129478787587
2,U2_L100,slow_common,0.54296875,24.28115102949209,16.926917553567925
2,U2_L100,slow_common,0.546875,24.015965012119857,16.69610395376646
2,U2_L100,slow_common,0.55078125,23.745272745422909,16.460910736716269
2,U2_L100,slow_common,0.5546875,23.469300953261914,16.221563123744478
2,U2_L100,slow_common,0.55859375,23.188278945353918,15.978289172357663
2,U2_L100,slow_common,0.5625,22.902438302160224,15.731319328266116
2,U2_L100,slow_common,0.56640625,22.61201255962165,15.480885859003251
2,U2_L100,slow_common,0.5703125,22.317236894335704,15.227222214630252
2,U2_L100,slow_common,0.57421875,22.018347809762584,14.970562457672164
2,U2_L100,slow_common,0.578125,21.715582824038112,14.711140931969013
2,U2_L100,slow_common,0.58203125,21.409180159961153,14.449192213457122
2,U2_L100,slow_common,0.5859375,21.0993784377117,14.184951201423779
2,U2_L100,slow_common,0.58984375,20.786416370842783,13.9186531367247
2,U2_L100,slow_common,0.59375,20.470532466075351,13.650533418560432
2,U2_L100,slow_common,0.59765625,20.151964727410071,13.38082722963048
2,U2_L100,slow_common,0.6015625,19.830950365053717,13.109769053996427
2,U2_L100,slow_common,0.60546875,19.507725509640377,12.837592163248521
2,U2_L100,slow_common,0.609375,19.182524932209663,12.564528114023858
2,U2_L100,slow_common,0.61328125,18.855581770384607,12.290806293204392
2,U2_L100,slow_common,0.6171875,18.5271272611722,12.016653567059706
2,U2_L100,slow_common,0.62109375,18.197390480788556,11.742294100691444
2,U2_L100,slow_common,0.625,17.866598091889323,11.467949361203383
2,U2_L100,slow_common,0.62890625,17.534974098563751,11.193838200565914
2,U2_L100,slow_common,0.6328125,17.20273960942832,10.920176834316214
2,U2_L100,slow_common,0.63671875,16.870112609132569,10.647178598085647
2,U2_L100,slow_common,0.640625,16.537307738566323,10.375053538375653
2,U2_L100,slow_common,0.64453125,16.20453608403356,10.104008010993091
2,U2_L100,slow_common,0.6484375,15.8720049756342,9.8342444069698178
2,U2_L100,slow_common,0.65234375,15.539917795070489,9.5659609692475183
2,U2_L100,slow_common,0.65625,15.208473793070572,9.299351573133233
2,U2_L100,slow_common,0.66015625,14.877867916597106,9.0346054012362522
2,U2_L100,slow_common,0.6640625,14.548290645984357,8.7719065743368727
2,U2_L100,slow_common,0.66796875,14.21992784212299,8.5114338805362841
2,U2_L100,slow_common,0.671875,13.892960603787449,8.2533607194678265
2,U2_L100,slow_common,0.67578125,13.567565135176777,7.9978552661370399
2,U2_L100,slow_common,0.6796875,13.24391262371622,7.7450807305660172
2,U2_L100,slow_common,0.68359375,12.922169128143484,7.4951955386241957
2,U2_L100,slow_common,0.6875,12.602495476880543,7.2483533368648052
2,U2_L100,slow_common,0.69140625,12.285047176669565,7.0047028810413003
2,U2_L100,slow_common,0.6953125,11.969974331429388,6.7643879899888351
2,U2_L100,slow_common,0.69921875,11.657421571267754,6.527547745642412
2,U2_L100,slow_common,0.703125,11.34752799156359,6.2943170027619244
2,U2_L100,slow_common,0.70703125,11.040427102013577,6.0648271298056384
2,U2_L100,slow_common,0.7109375,10.736246785517826,5.8392068199273917
2,U2_L100,slow_common,0.71484375,10.435109266760842,5.617582803066421
2,U2_L100,slow_common,0.71875,10.137131090325944,5.4000803347039525
2,U2_L100,slow_common,0.72265625,9.8424231081643523,5.1868233952059404
2,U2_L100,slow_common,0.7265625,9.5510904762238766,4.9779345293315611
2,U2_L100,slow_common,0.73046875,9.2632326600266754,4.7735341464249563
2,U2_L100,slow_common,0.734375,8.9789434489711812,4.5737389781743909
2,U2_L100,slow_common,0.73828125,8.6983109791196291,4.3786593770016955
2,U2_L100,slow_common,0.7421875,8.4214177642199761,4.1883952077537101
2,U2_L100,slow_common,0.74609375,8.1483407346993086,4.0030301082211803
2,U2_L100,slow_common,0.75,7.8791512843549896,3.8226238493623392
2,U2_L100,slow_common,0.75390625,7.613915324460061,3.6472025430899353
2,U2_L100,slow_common,0.7578125,7.3526933449904721,3.4767466434496006
2,U2_L100,slow_common,0.76171875,7.0955404826738331,3.3111770648843359
2,U2_L100,slow_common,0.765625,6.8425065955524005,3.1503402186588358
2,U2_L100,slow_common,0.76953125,6.5936363437470806,2.9939932895013968
2,U2_L100,slow_common,0.7734375,6.3489692761039915,2.8417916713921887
2,U2_L100,slow_common,0.77734375,6.1085399224012278,2.6932812453792354
2,U2_L100,slow_common,0.78125,5.8723778907899664,2.5478991672739491
2,U2_L100,slow_common,0.78515625,5.640507970142,2.4049879834708268
2,U2_L100,slow_common,0.7890625,5.4129502369741136,2.2638290391824829
2,U2_L100,slow_common,0.79296875,5.1897201666192796,2.1237020439399124
2,U2_L100,slow_common,0.796875,4.9708287483147853,1.9839780787586585
2,U2_L100,outside_subspace_stress,-0.19921875,5.182245866629219,4.3958941047892601
2,U2_L100,outside_subspace_stress,-0.1953125,5.1006832910429125,4.4037120228906224
2,U2_L100,outside_subspace_stress,-0.19140625,4.9746946242758536,4.3987509405225884
2,U2_L100,outside_subspace_stress,-0.1875,4.815379709244672,4.3659251028279087
2,U2_L100,outside_subspace_stress,-0.18359375,4.625816470707047,4.2947730806060989
2,U2_L100,outside_subspace_stress,-0.1796875,4.4033982381095775,4.1822726634012959
2,U2_L100,outside_subspace_stress,-0.17578125,4.1460420726055105,4.0322252907129119
2,U2_L100,outside_subspace_stress,-0.171875,3.8584212512748248,3.8526641779251189
2,U2_L100,outside_subspace_stress,-0.16796875,3.5555307737863973,3.6528004573398203
2,U2_L100,outside_subspace_stress,-0.1640625,3.2623502816364738,3.4405845432772901
2,U2_L100,outside_subspace_stress,-0.16015625,3.0079763472700907,3.2213618245875018
2,U2_L100,outside_subspace_stress,-0.15625,2.8131998950013779,2.9976122803859133
2,U2_L100,outside_subspace_stress,-0.15234375,2.6756943315393382,2.7694941266428428
2,U2_L100,outside_subspace_stress,-0.1484375,2.5631330768150451,2.5358324494558167
2,U2_L100,outside_subspace_stress,-0.14453125,2.423215169832639,2.2952153275628016
2,U2_L100,outside_subspace_stress,-0.140625,2.2087240357728724,2.0469143795243667
2,U2_L100,outside_subspace_stress,-0.13671875,1.9036969973670255,1.7914193140361871
2,U2_L100,outside_subspace_stress,-0.1328125,1.5339672785221534,1.5304820017099798
2,U2_L100,outside_subspace_stress,-0.12890625,1.1545580009057845,1.2667070667381055
2,U2_L100,outside_subspace_stress,-0.125,0.82092366870378508,1.002868954878156
2,U2_L100,outside_subspace_stress,-0.12109375,0.56084987613041526,0.7412222250115954
2,U2_L100,outside_subspace_stress,-0.1171875,0.36316241807381089,0.48305834475441051
2,U2_L100,outside_subspace_stress,-0.11328125,0.18896611189273352,0.22864943403466739
2,U2_L100,outside_subspace_stress,-0.109375,-0.0030824775534669842,-0.022443142477665906
2,U2_L100,outside_subspace_stress,-0.10546875,-0.23454356411365801,-0.27085557529663407
2,U2_L100,outside_subspace_stress,-0.1015625,-0.50095887186771593,-0.51691783989236473
2,U2_L100,outside_subspace_stress,-0.09765625,-0.78124670110134076,-0.76032860307994432
2,U2_L100,outside_subspace_stress,-0.09375,-1.0523841928435134,-1.0000700927309951
2,U2_L100,outside_subspace_stress,-0.08984375,-1.2999661909826032,-1.2345122685991137
2,U2_L100,outside_subspace_stress,-0.0859375,-1.521872840863195,-1.4615891038832269
2,U2_L100,outside_subspace_stress,-0.08203125,-1.7264148705668703,-1.6789301991009762
2,U2_L100,outside_subspace_stress,-0.078125,-1.9269691659518857,-1.8838903421363711
2,U2_L100,outside_subspace_stress,-0.07421875,-2.1352113779332345,-2.0735068550020661
2,U2_L100,outside_subspace_stress,-0.0703125,-2.3552413429438661,-2.2444881932005676
2,U2_L100,outside_subspace_stress,-0.06640625,-2.580449972528243,-2.3933634954092491
2,U2_L100,outside_subspace_stress,-0.0625,-2.7942553789877227,-2.5168890562747737
2,U2_L100,outside_subspace_stress,-0.05859375,-2.9748157708348115,-2.6127243330495609
2,U2_L100,outside_subspace_stress,-0.0546875,-3.1015343977963421,-2.6802833934023331
2,U2_L100,outside_subspace_stress,-0.05078125,-3.1594423802480933,-2.721571830926842
2,U2_L100,outside_subspace_stress,-0.046875,-3.1403445307222735,-2.7417670293941585
2,U2_L100,outside_subspace_stress,-0.04296875,-3.0448841989193145,-2.7493122271510764
2,U2_L100,outside_subspace_stress,-0.0390625,-2.8892244480541081,-2.7553756800599083
2,U2_L100,outside_subspace_stress,-0.03515625,-2.7121220499247509,-2.7726631302550198
2,U2_L100,outside_subspace_stress,-0.03125,-2.5724574327388896,-2.8137379592793557
2,U2_L100,outside_subspace_stress,-0.02734375,-2.5324842285287201,-2.8891571497552953
2,U2_L100,outside_subspace_stress,-0.0234375,-2.6341825879823344,-3.0058227245734059
2,U2_L100,outside_subspace_stress,-0.01953125,-2.8830254610654777,-3.1659371765551851
2,U2_L100,outside_subspace_stress,-0.015625,-3.2485954923815963,-3.366826497039177
2,U2_L100,outside_subspace_stress,-0.01171875,-3.6796919744478842,-3.6016847477583518
2,U2_L100,outside_subspace_stress,-0.0078125,-4.1229032145939231,-3.861061552521651
2,U2_L100,outside_subspace_stress,-0.00390625,-4.5343246706637537,-4.1347299148100038
2,U2_L100,outside_subspace_stress,0,-4.8826657563461264,-4.4134897346869533
2,U2_L100,outside_subspace_stress,0.00390625,-5.1503375646567502,-4.6905003545002497
2,U2_L100,outside_subspace_stress,0.0078125,-5.3386138969055157,-4.9618769841536832
2,U2_L100,outside_subspace_stress,0.01171875,-5.4736122918803982,-5.226491456837409
2,U2_L100,outside_subspace_stress,0.015625,-5.6027109938253012,-5.4851348966884856
2,U2_L100,outside_subspace_stress,0.01953125,-5.7762934541416362,-5.7393690946698923
2,U2_L100,outside_subspace_stress,0.0234375,-6.0232682680548555,-5.9904594764183043
2,U2_L100,outside_subspace_stress,0.02734375,-6.3364120565578643,-6.2387168969621971
2,U2_L100,outside_subspace_stress,0.03125,-6.6774216837367053,-6.4833979109833306
2,U2_L100,outside_subspace_stress,0.03515625,-6.9976623377278067,-6.7230917148535925
2,U2_L100,outside_subspace_stress,0.0390625,-7.261248064759771,-6.9563451842879624
2,U2_L100,outside_subspace_stress,0.04296875,-7.4588423540154416,-7.1822142713285162
2,U2_L100,outside_subspace_stress,0.046875,-7.6087783839805123,-7.4004996068467506
2,U2_L100,outside_subspace_stress,0.05078125,-7.7477814819518462,-7.6115903825908733
2,U2_L100,outside_subspace_stress,0.0546875,-7.9147957553802444,-7.8160300142398187
2,U2_L100,outside_subspace_stress,0.05859375,-8.1329679105903132,-8.0140483822995705
2,U2_L100,outside_subspace_stress,0.0625,-8.3976834252995065,-8.2053216539692269
2,U2_L100,outside_subspace_stress,0.06640625,-8.6776382800814957,-8.3891150831530883
2,U2_L100,outside_subspace_stress,0.0703125,-8.9292584510513837,-8.5647847912028769
2,U2_L100,outside_subspace_stress,0.07421875,-9.1172427217740974,-8.7324412040345862
2,U2_L100,outside_subspace_stress,0.078125,-9.2310059485369038,-8.8934845993397715
2,U2_L100,outside_subspace_stress,0.08203125,-9.2892547082628401,-9.050751417549689
2,U2_L100,outside_subspace_stress,0.0859375,-9.3310415843346206,-9.2081477501330724
2,U2_L100,outside_subspace_stress,0.08984375,-9.3988866128668693,-9.3698383822333753
2,U2_L100,outside_subspace_stress,0.09375,-9.5236047655479439,-9.5392300505582064
2,U2_L100,outside_subspace_stress,0.09765625,-9.7173825451520219,-9.718071838013973
2,U2_L100,outside_subspace_stress,0.1015625,-9.9741201267178088,-9.9059660966510759
2,U2_L100,outside_subspace_stress,0.10546875,-10.27234379217929,-10.10045471748303
2,U2_L100,outside_subspace_stress,0.109375,-10.579067136967099,-10.297662453125321
2,U2_L100,outside_subspace_stress,0.11328125,-10.856647420363387,-10.493297716458128
2,U2_L100,outside_subspace_stress,0.1171875,-11.073248462513281,-10.683686983536177
2,U2_L100,outside_subspace_stress,0.12109375,-11.213431150556239,-10.866493601228306
2,U2_L100,outside_subspace_stress,0.125,-11.284303695232035,-11.040860033708864
2,U2_L100,outside_subspace_stress,0.12890625,-11.315156655205399,-11.206892608242285
2,U2_L100,outside_subspace_stress,0.1328125,-11.35053641240275,-11.364626117280247
2,U2_L100,outside_subspace_stress,0.13671875,-11.436859267262941,-11.512793705216152
2,U2_L100,outside_subspace_stress,0.140625,-11.604252607638061,-11.647822071184313
2,U2_L100,outside_subspace_stress,0.14453125,-11.849797158899133,-11.763433241750185
2,U2_L100,outside_subspace_stress,0.1484375,-12.13137082973182,-11.851061719029971
2,U2_L100,outside_subspace_stress,0.15234375,-12.378174358955086,-11.901038104365707
2,U2_L100,outside_subspace_stress,0.15625,-12.515702201411125,-11.90423359028383
2,U2_L100,outside_subspace_stress,0.16015625,-12.494486801089153,-11.853696185961869
2,U2_L100,outside_subspace_stress,0.1640625,-12.308434711773403,-11.745800552737823
2,U2_L100,outside_subspace_stress,0.16796875,-11.993177763995545,-11.580584920253823
2,U2_L100,outside_subspace_stress,0.171875,-11.606468278538362,-11.361207519791705
2,U2_L100,outside_subspace_stress,0.17578125,-11.203331319755044,-11.092727787463355
2,U2_L100,outside_subspace_stress,0.1796875,-10.819274955804959,-10.780607938742332
2,U2_L100,outside_subspace_stress,0.18359375,-10.465817724517663,-10.429379165060451
2,U2_L100,outside_subspace_stress,0.1875,-10.13398540639635,-10.04182151984317
2,U2_L100,outside_subspace_stress,0.19140625,-9.8002933851166496,-9.6188139631570824
2,U2_L100,outside_subspace_stress,0.1953125,-9.4333350579557482,-9.1597912468800864
2,U2_L100,outside_subspace_stress,0.19921875,-9.0016200694113238,-8.6635668756564961
2,U2_L100,outside_subspace_stress,0.203125,-8.4828640340189931,-8.1291962754305036
2,U2_L100,outside_subspace_stress,0.20703125,-7.8725920174742106,-7.5565792603411017
2,U2_L100,outside_subspace_stress,0.2109375,-7.1875243729635008,-6.9466185614064457
2,U2_L100,outside_subspace_stress,0.21484375,-6.4598203017346405,-6.3009178953624296
2,U2_L100,outside_subspace_stress,0.21875,-5.7235366426011458,-5.6211633479009189
2,U2_L100,outside_subspace_stress,0.22265625,-5.0006009639078606,-4.9084340236103294
2,U2_L100,outside_subspace_stress,0.2265625,-4.293822867485134,-4.1627005620108397
2,U2_L100,outside_subspace_stress,0.23046875,-3.5887339594019929,-3.3826948441566409
2,U2_L100,outside_subspace_stress,0.234375,-2.8606819277102731,-2.5662045034210483
2,U2_L100,outside_subspace_stress,0.23828125,-2.0831116540233023,-1.7107106947515904
2,U2_L100,outside_subspace_stress,0.2421875,-1.2352801364491532,-0.81419081757466416
2,U2_L100,outside_subspace_stress,0.24609375,-0.30832300326781908,0.12412551558547744
2,U2_L100,outside_subspace_stress,0.25,0.69268794649122767,1.1032265243005068
2,U2_L100,outside_subspace_stress,0.25390625,1.7523140972916811,2.1201124943612575
2,U2_L100,outside_subspace_stress,0.2578125,2.8516506806418973,3.169914344686235
2,U2_L100,outside_subspace_stress,0.26171875,3.973899307975207,4.2462569533474941
2,U2_L100,outside_subspace_stress,0.265625,5.1063015738461095,5.3417487749035928
2,U2_L100,outside_subspace_stress,0.26953125,6.2396148317353459,6.4484820694290574
2,U2_L100,outside_subspace_stress,0.2734375,7.3668471739845485,7.5584579108820948
2,U2_L100,outside_subspace_stress,0.27734375,8.4818190015792503,8.6638890335679388
2,U2_L100,outside_subspace_stress,0.28125,9.5780587035511431,9.7573680882932372
2,U2_L100,outside_subspace_stress,0.28515625,10.648876806460756,10.831913306122667
2,U2_L100,outside_subspace_stress,0.2890625,11.688621898541399,11.880919598410525
2,U2_L100,outside_subspace_stress,0.29296875,12.69419217383356,12.898055151031262
2,U2_L100,outside_subspace_stress,0.296875,13.665727539275998,13.877151809419292
2,U2_L100,outside_subspace_stress,0.30078125,14.604959656137694,14.812137062997371
2,U2_L100,outside_subspace_stress,0.3046875,15.510160185784903,15.697042414284605
2,U2_L100,outside_subspace_stress,0.30859375,16.370407874051249,16.526098016106484
2,U2_L100,outside_subspace_stress,0.3125,17.165460279927022,17.293890405574292
2,U2_L100,outside_subspace_stress,0.31640625,17.874284721066001,17.995528330889293
2,U2_L100,outside_subspace_stress,0.3203125,18.48675780689705,18.62674813505571
2,U2_L100,outside_subspace_stress,0.32421875,19.0087264159345,19.183908904970092
2,U2_L100,outside_subspace_stress,0.328125,19.455895547902337,19.663873350473157
2,U2_L100,outside_subspace_stress,0.33203125,19.841402180217621,20.063817908744777
2,U2_L100,outside_subspace_stress,0.3359375,20.166251498249672,20.381037924109041
2,U2_L100,outside_subspace_stress,0.33984375,20.418369951064811,20.612801553282129
2,U2_L100,outside_subspace_stress,0.34375,20.579707883922786,20.756271665517239
2,U2_L100,outside_subspace_stress,0.34765625,20.6367703034764,20.808482280693379
2,U2_L100,outside_subspace_stress,0.3515625,20.588729513603973,20.766345496415962
2,U2_L100,outside_subspace_stress,0.35546875,20.447710993117187,20.626682502958531
2,U2_L100,outside_subspace_stress,0.359375,20.229364081276792,20.386306242122323
2,U2_L100,outside_subspace_stress,0.36328125,19.939025708812423,20.042208112655981
2,U2_L100,outside_subspace_stress,0.3671875,19.563908092046436,19.591891780134532
2,U2_L100,outside_subspace_stress,0.37109375,19.077994278957163,19.033847687644844
2,U2_L100,outside_subspace_stress,0.375,18.456149029793472,18.368094136033363
2,U2_L100,outside_subspace_stress,0.37890625,17.687327898231239,17.59666169279761
2,U2_L100,outside_subspace_stress,0.3828125,16.779270247880071,16.723894824990278
2,U2_L100,outside_subspace_stress,0.38671875,15.754342438461565,15.756490668063588
2,U2_L100,outside_subspace_stress,0.390625,14.640783786898607,14.70326889373454
2,U2_L100,outside_subspace_stress,0.39453125,13.463727812241842,13.574737294786237
2,U2_L100,outside_subspace_stress,0.3984375,12.239338506053318,12.38255759851174
2,U2_L100,outside_subspace_stress,0.40234375,10.97453918689113,11.139012810540951
2,U2_L100,outside_subspace_stress,0.40625,9.6723265737856909,9.8565389612150209
2,U2_L100,outside_subspace_stress,0.41015625,8.3389511342666847,8.5473351022918891
2,U2_L100,outside_subspace_stress,0.4140625,6.9878752234007386,7.2230337959925643
2,U2_L100,outside_subspace_stress,0.41796875,5.6381562122216273,5.8944150832953
2,U2_L100,outside_subspace_stress,0.421875,4.3090803050929232,4.5711736241623919
2,U2_L100,outside_subspace_stress,0.42578125,3.0147624192074387,3.2617790336204813
2,U2_L100,outside_subspace_stress,0.4296875,1.7613167292422465,1.9734790199679348
2,U2_L100,outside_subspace_stress,0.43359375,0.54698071762196643,0.71247071092640757
2,U2_L100,outside_subspace_stress,0.4375,-0.63586052774709323,-0.51578702630676354
2,U2_L100,outside_subspace_stress,0.44140625,-1.7975018492474193,-1.7062061545897564
2,U2_L100,outside_subspace_stress,0.4453125,-2.9460367569029882,-2.8537692353790316
2,U2_L100,outside_subspace_stress,0.44921875,-4.0805705765983786,-3.9534121331971739
2,U2_L100,outside_subspace_stress,0.453125,-5.1856247168859113,-5.0001516496349838
2,U2_L100,outside_subspace_stress,0.45703125,-6.2324534937258154,-5.9894338995082004
2,U2_L100,outside_subspace_stress,0.4609375,-7.189920978549833,-6.9175916368979857
2,U2_L100,outside_subspace_stress,0.46484375,-8.0396989845018236,-7.7822476227753734
2,U2_L100,outside_subspace_stress,0.46875,-8.7855984799609335,-8.5825139389279492
2,U2_L100,outside_subspace_stress,0.47265625,-9.4506743889443587,-9.3189132845450189
2,U2_L100,outside_subspace_stress,0.4765625,-10.064611114035259,-9.9930555709520661
2,U2_L100,outside_subspace_stress,0.48046875,-10.64932552407473,-10.607193658438629
2,U2_L100,outside_subspace_stress,0.484375,-11.209841404309552,-11.163815951403565
2,U2_L100,outside_subspace_stress,0.48828125,-11.73381745448982,-11.665396323148034
2,U2_L100,outside_subspace_stress,0.4921875,-12.199516047800596,-12.114331006945161
2,U2_L100,outside_subspace_stress,0.49609375,-12.588496193428677,-12.512991259997289
2,U2_L100,outside_subspace_stress,0.5,-12.896662752607147,-12.863759639459381
2,U2_L100,outside_subspace_stress,0.50390625,-13.137779744147201,-13.168926939716584
2,U2_L100,outside_subspace_stress,0.5078125,-13.337671503999097,-13.430401378708931
2,U2_L100,outside_subspace_stress,0.51171875,-13.52246238803926,-13.649285520672036
2,U2_L100,outside_subspace_stress,0.515625,-13.707055135376757,-13.825461717929597
2,U2_L100,outside_subspace_stress,0.51953125,-13.889355767870768,-13.957356114119294
2,U2_L100,outside_subspace_stress,0.5234375,-14.052288493487293,-14.042012993315915
2,U2_L100,outside_subspace_stress,0.52734375,-14.171308942898818,-14.075522424431474
2,U2_L100,outside_subspace_stress,0.53125,-14.222699148215522,-14.053739635065298
2,U2_L100,outside_subspace_stress,0.53515625,-14.189095895292018,-13.973149864827208
2,U2_L100,outside_subspace_stress,0.5390625,-14.061627075078032,-13.83169010059232
2,U2_L100,outside_subspace_stress,0.54296875,-13.839614132923357,-13.629345656645501
2,U2_L100,outside_subspace_stress,0.546875,-13.528900707273642,-13.368389764077307
2,U2_L100,outside_subspace_stress,0.55078125,-13.140292277397512,-13.053215048512069
2,U2_L100,outside_subspace_stress,0.5546875,-12.689861922209641,-12.689798607320633
2,U2_L100,outside_subspace_stress,0.55859375,-12.200644840774174,-12.284927049228157
2,U2_L100,outside_subspace_stress,0.5625,-11.701471838500614,-11.845366045150518
2,U2_L100,outside_subspace_stress,0.56640625,-11.218717400604605,-11.377176271718611
2,U2_L100,outside_subspace_stress,0.5703125,-10.763242468383467,-10.885343814962036
2,U2_L100,outside_subspace_stress,0.57421875,-10.322058125931875,-10.373805839508609
2,U2_L100,outside_subspace_stress,0.578125,-9.8634445102109023,-9.8458271083326903
2,U2_L100,outside_subspace_stress,0.58203125,-9.3545048830441058,-9.3045592864795896
2,U2_L100,outside_subspace_stress,0.5859375,-8.7802877498087781,-8.7535453204593328
2,U2_L100,outside_subspace_stress,0.58984375,-8.1525892119682801,-8.1969528343166953
2,U2_L100,outside_subspace_stress,0.59375,-7.5043744929371217,-7.639430409298269
2,U2_L100,outside_subspace_stress,0.59765625,-6.8749928251876407,-7.0856336944792169
2,U2_L100,outside_subspace_stress,0.6015625,-6.2950762137506677,-6.5395999898791599
2,U2_L100,outside_subspace_stress,0.60546875,-5.7773216016900735,-6.0042074273005479
2,U2_L100,outside_subspace_stress,0.609375,-5.3144517103207134,-5.4809191507693349
2,U2_L100,outside_subspace_stress,0.61328125,-4.8830499574693738,-4.9699038666580337
2,U2_L100,outside_subspace_stress,0.6171875,-4.4523779259471574,-4.4704891511760882
2,U2_L100,outside_subspace_stress,0.62109375,-3.99712575837404,-3.981796083378693
2,U2_L100,outside_subspace_stress,0.625,-3.5095607599729157,-3.5033607781102822
2,U2_L100,outside_subspace_stress,0.62890625,-3.0033221545409758,-3.0355794693510134
2,U2_L100,outside_subspace_stress,0.6328125,-2.5043645343041461,-2.5798968871147787
2,U2_L100,outside_subspace_stress,0.63671875,-2.0339209901386712,-2.1387495866716923
2,U2_L100,outside_subspace_stress,0.640625,-1.5957706726433467,-1.7153350558884526
2,U2_L100,outside_subspace_stress,0.64453125,-1.1778827645054233,-1.313286700425697
2,U2_L100,outside_subspace_stress,0.6484375,-0.76723671145979211,-0.93630886964204418
2,U2_L100,outside_subspace_stress,0.65234375,-0.36567407352707909,-0.58779840126728755
2,U2_L100,outside_subspace_stress,0.65625,0.0061217764798151275,-0.2704765860597933
2,U2_L100,outside_subspace_stress,0.66015625,0.31977719328196569,0.013921583783849726
2,U2_L100,outside_subspace_stress,0.6640625,0.55759586887096269,0.26483045036375102
2,U2_L100,outside_subspace_stress,0.66796875,0.72552205292829453,0.482845040926626
2,U2_L100,outside_subspace_stress,0.671875,0.85170662775723793,0.66950698615747128
2,U2_L100,outside_subspace_stress,0.67578125,0.97113716588771359,0.82694935381030998
2,U2_L100,outside_subspace_stress,0.6796875,1.1061477202189116,0.95752991576607194
2,U2_L100,outside_subspace_stress,0.68359375,1.2550385290701149,1.0635929531694635
2,U2_L100,outside_subspace_stress,0.6875,1.3951289023565778,1.1474420227148641
2,U2_L100,outside_subspace_stress,0.69140625,1.4974501213857245,1.2115044843480698
2,U2_L100,outside_subspace_stress,0.6953125,1.5438507938587267,1.2585712334596972
2,U2_L100,outside_subspace_stress,0.69921875,1.5368002998747838,1.2919494406223251
2,U2_L100,outside_subspace_stress,0.703125,1.4975604015322714,1.3153959703474469
2,U2_L100,outside_subspace_stress,0.70703125,1.4556216743367241,1.3327922494561917
2,U2_L100,outside_subspace_stress,0.7109375,1.4363612359089577,1.3476354217229651
2,U2_L100,outside_subspace_stress,0.71484375,1.4530724345750923,1.3625049080292937
2,U2_L100,outside_subspace_stress,0.71875,1.5054963741085461,1.3786824256909826
2,U2_L100,outside_subspace_stress,0.72265625,1.5828708575437571,1.396051750942098
2,U2_L100,outside_subspace_stress,0.7265625,1.6683127743057002,1.4133073945411965
2,U2_L100,outside_subspace_stress,0.73046875,1.7432399097009861,1.4284004966627091
2,U2_L100,outside_subspace_stress,0.734375,1.7922124091993941,1.4390832051984044
2,U2_L100,outside_subspace_stress,0.73828125,1.8075803351817266,1.4433992737318255
2,U2_L100,outside_subspace_stress,0.7421875,1.7916317916635536,1.4400065492671064
2,U2_L100,outside_subspace_stress,0.74609375,1.7547440791743181,1.4282858629772395
2,U2_L100,outside_subspace_stress,0.75,1.7106092964426249,1.4082604585913761
2,U2_L100,outside_subspace_stress,0.75390625,1.6707724042371186,1.3803941356054239
2,U2_L100,outside_subspace_stress,0.7578125,1.6402639515381743,1.3453442811474057
2,U2_L100,outside_subspace_stress,0.76171875,1.6159838910547444,1.3037267446874115
2,U2_L100,outside_subspace_stress,0.765625,1.5890678273704411,1.2559242717171335
2,U2_L100,outside_subspace_stress,0.76953125,1.55018150458424,1.2019600551121647
2,U2_L100,outside_subspace_stress,0.7734375,1.4945859824422159,1.1414699693867429
2,U2_L100,outside_subspace_stress,0.77734375,1.4246844985409262,1.0738242749772833
2,U2_L100,outside_subspace_stress,0.78125,1.35021779707801,0.99843643755543343
2,U2_L100,outside_subspace_stress,0.78515625,1.2871045964759282,0.91522423813696963
2,U2_L100,outside_subspace_stress,0.7890625,1.2548330740592739,0.82506446546925349
2,U2_L100,outside_subspace_stress,0.79296875,1.271703909657955,0.72996434660870502
2,U2_L100,outside_subspace_stress,0.796875,1.3485240672495817,0.63264687374676143
2,U2_L100,mixed_subspace_stress,-0.19921875,2.2642165701417571,2.4300409787919577
2,U2_L100,mixed_subspace_stress,-0.1953125,2.2285789182399438,2.4126475899195166
2,U2_L100,mixed_subspace_stress,-0.19140625,2.1735298933313065,2.3896718082168609
2,U2_L100,mixed_subspace_stress,-0.1875,2.1039194200823794,2.3545213397537816
2,U2_L100,mixed_subspace_stress,-0.18359375,2.0210923557141118,2.3026258944657458
2,U2_L100,mixed_subspace_stress,-0.1796875,1.9239097512723029,2.2326661853043421
2,U2_L100,mixed_subspace_stress,-0.17578125,1.8114614952492962,2.146304799425113
2,U2_L100,mixed_subspace_stress,-0.171875,1.6857895123681372,2.0470541453308302
2,U2_L100,mixed_subspace_stress,-0.16796875,1.5534456629890614,1.9389424882102666
2,U2_L100,mixed_subspace_stress,-0.1640625,1.4253444603016241,1.8254483024409767
2,U2_L100,mixed_subspace_stress,-0.16015625,1.3141992543073866,1.7089122615450041
2,U2_L100,mixed_subspace_stress,-0.15625,1.229094355767558,1.5904225318918448
2,U2_L100,mixed_subspace_stress,-0.15234375,1.1690131923904856,1.4700513943045155
2,U2_L100,mixed_subspace_stress,-0.1484375,1.1198311080882255,1.3472867460813849
2,U2_L100,mixed_subspace_stress,-0.14453125,1.0586959144730581,1.2215113864157701
2,U2_L100,mixed_subspace_stress,-0.140625,0.96497697666068472,1.092406370454051
2,U2_L100,mixed_subspace_stress,-0.13671875,0.83169962363012417,0.96018595256405537
2,U2_L100,mixed_subspace_stress,-0.1328125,0.67015133277020034,0.82561773514248937
2,U2_L100,mixed_subspace_stress,-0.12890625,0.50437370927683833,0.68984372810379602
2,U2_L100,mixed_subspace_stress,-0.125,0.35859684640952694,0.55408101124166587
2,U2_L100,mixed_subspace_stress,-0.12109375,0.24496128726887625,0.41931907412758196
2,U2_L100,mixed_subspace_stress,-0.1171875,0.15858462557328046,0.28612521385182582
2,U2_L100,mixed_subspace_stress,-0.11328125,0.08247215584521421,0.15461986434932637
2,U2_L100,mixed_subspace_stress,-0.109375,-0.0014405540741928885,0.024612144791510408
2,U2_L100,mixed_subspace_stress,-0.10546875,-0.10257392343755213,-0.10417498214954823
2,U2_L100,mixed_subspace_stress,-0.1015625,-0.21897994194201079,-0.23188407795522553
2,U2_L100,mixed_subspace_stress,-0.09765625,-0.34144721367896474,-0.35838121805918272
2,U2_L100,mixed_subspace_stress,-0.09375,-0.45991616978010308,-0.48321910978241278
2,U2_L100,mixed_subspace_stress,-0.08984375,-0.56809261621620599,-0.60568291318963285
2,U2_L100,mixed_subspace_stress,-0.0859375,-0.66505023755860471,-0.72486746016131931
2,U2_L100,mixed_subspace_stress,-0.08203125,-0.75442019887978207,-0.83973481283789153
2,U2_L100,mixed_subspace_stress,-0.078125,-0.84204722850379143,-0.94912701358607632
2,U2_L100,mixed_subspace_stress,-0.07421875,-0.93303269196332272,-1.0517470817728232
2,U2_L100,mixed_subspace_stress,-0.0703125,-1.029167766994451,-1.1461536863381387
2,U2_L100,mixed_subspace_stress,-0.06640625,-1.1275644641974578,-1.2308264270116922
2,U2_L100,mixed_subspace_stress,-0.0625,-1.2209772553255513,-1.3043437351806961
2,U2_L100,mixed_subspace_stress,-0.05859375,-1.2998622941617277,-1.3656787688825616
2,U2_L100,mixed_subspace_stress,-0.0546875,-1.3552196458099288,-1.4145719188048709
2,U2_L100,mixed_subspace_stress,-0.05078125,-1.3805082828482818,-1.4518966209480177
2,U2_L100,mixed_subspace_stress,-0.046875,-1.3721467106479439,-1.4799126011471551
2,U2_L100,mixed_subspace_stress,-0.04296875,-1.3304151421288446,-1.5023065624406666
2,U2_L100,mixed_subspace_stress,-0.0390625,-1.2623747090821877,-1.5239557982929857
2,U2_L100,mixed_subspace_stress,-0.03515625,-1.1849583028364568,-1.5504096699271619
2,U2_L100,mixed_subspace_stress,-0.03125,-1.1238912652378563,-1.5871559556903354
2,U2_L100,mixed_subspace_stress,-0.02734375,-1.1063724436949018,-1.6388061336060376
2,U2_L100,mixed_subspace_stress,-0.0234375,-1.1507420197721796,-1.7083740940150738
2,U2_L100,mixed_subspace_stress,-0.01953125,-1.2593883180139473,-1.7968184940228937
2,U2_L100,mixed_subspace_stress,-0.015625,-1.4190172445160336,-1.9029646457406504
2,U2_L100,mixed_subspace_stress,-0.01171875,-1.6072529397949413,-2.0238299787844167
2,U2_L100,mixed_subspace_stress,-0.0078125,-1.8007525756605594,-2.1552749358066001
2,U2_L100,mixed_subspace_stress,-0.00390625,-1.9803262653935989,-2.2928202505901649
2,U2_L100,mixed_subspace_stress,0,-2.1322943434879544,-2.4324355822501631
2,U2_L100,mixed_subspace_stress,0.00390625,-2.2489624042465013,-2.5711214290889495
2,U2_L100,mixed_subspace_stress,0.0078125,-2.3308760807090176,-2.7071686767397933
2,U2_L100,mixed_subspace_stress,0.01171875,-2.3894340724942316,-2.8400703451738183
2,U2_L100,mixed_subspace_stress,0.015625,-2.4453222444595983,-2.9701548984863178
2,U2_L100,mixed_subspace_stress,0.01953125,-2.5205367437631057,-3.0980840564494549
2,U2_L100,mixed_subspace_stress,0.0234375,-2.6276873254248421,-3.2243865833145611
2,U2_L100,mixed_subspace_stress,0.02734375,-2.7635926216365836,-3.3491706998830746
2,U2_L100,mixed_subspace_stress,0.03125,-2.9114870727677724,-3.4720802136527094
2,U2_L100,mixed_subspace_stress,0.03515625,-3.0500858834474154,-3.5924628540209613
2,U2_L100,mixed_subspace_stress,0.0390625,-3.1636690393215092,-3.7096422818582497
2,U2_L100,mixed_subspace_stress,0.04296875,-3.2481104994976997,-3.8231578678135727
2,U2_L100,mixed_subspace_stress,0.046875,-3.311366806906006,-3.9328667418393959
2,U2_L100,mixed_subspace_stress,0.05078125,-3.3694224428016204,-4.0388749081212891
2,U2_L100,mixed_subspace_stress,0.0546875,-3.4392220556772384,-4.1413466323589594
2,U2_L100,mixed_subspace_stress,0.05859375,-3.5307974089958045,-4.2402987506622933
2,U2_L100,mixed_subspace_stress,0.0625,-3.6420387324238797,-4.3354940328056957
2,U2_L100,mixed_subspace_stress,0.06640625,-3.7591616938026036,-4.4265018415461022
2,U2_L100,mixed_subspace_stress,0.0703125,-3.8630064074487804,-4.512915889733204
2,U2_L100,mixed_subspace_stress,0.07421875,-3.9380118628545828,-4.5946429940801217
2,U2_L100,mixed_subspace_stress,0.078125,-3.9793990400025541,-4.6721362281812242
2,U2_L100,mixed_subspace_stress,0.08203125,-3.9951685694544889,-4.746457945622355
2,U2_L100,mixed_subspace_stress,0.0859375,-4.0021903695920802,-4.8191182183304644
2,U2_L100,mixed_subspace_stress,0.08984375,-4.0188271064119414,-4.8917183650750129
2,U2_L100,mixed_subspace_stress,0.09375,-4.0583030715166784,-4.9655041266684101
2,U2_L100,mixed_subspace_stress,0.09765625,-4.1256774102884348,-5.040970110803797
2,U2_L100,mixed_subspace_stress,0.1015625,-4.2179919724410277,-5.1176440580841049
2,U2_L100,mixed_subspace_stress,0.10546875,-4.3255422911616082,-5.1941230086990622
2,U2_L100,mixed_subspace_stress,0.109375,-4.4335632258302207,-5.2683533249438206
2,U2_L100,mixed_subspace_stress,0.11328125,-4.5252234432214404,-5.3380672977033647
2,U2_L100,mixed_subspace_stress,0.1171875,-4.5861959259983518,-5.401234676171577
2,U2_L100,mixed_subspace_stress,0.12109375,-4.6092844826377766,-5.4563763572725934
2,U2_L100,mixed_subspace_stress,0.125,-4.5971104469898192,-5.5026261484291634
2,U2_L100,mixed_subspace_stress,0.12890625,-4.5619529864220283,-5.5395053242665488
2,U2_L100,mixed_subspace_stress,0.1328125,-4.5227228374097006,-5.5664700980300923
2,U2_L100,mixed_subspace_stress,0.13671875,-4.4991141673618777,-5.5823742953483535
2,U2_L100,mixed_subspace_stress,0.140625,-4.5036714932442639,-5.5850309712748576
2,U2_L100,mixed_subspace_stress,0.14453125,-4.5344693618733718,-5.5710399003456015
2,U2_L100,mixed_subspace_stress,0.1484375,-4.5724248853143337,-5.5359724394149259
2,U2_L100,mixed_subspace_stress,0.15234375,-4.5858998446998642,-5.4748924191382162
2,U2_L100,mixed_subspace_stress,0.15625,-4.5416151728000402,-5.3830793988652843
2,U2_L100,mixed_subspace_stress,0.16015625,-4.4172149342284488,-5.2567491344879436
2,U2_L100,mixed_subspace_stress,0.1640625,-4.2092834034975697,-5.093562114355656
2,U2_L100,mixed_subspace_stress,0.16796875,-3.9326308084115595,-4.8927771797735948
2,U2_L100,mixed_subspace_stress,0.171875,-3.6117342906116767,-4.655020541039538
2,U2_L100,mixed_subspace_stress,0.17578125,-3.2698888461764195,-4.3817601137410733
2,U2_L100,mixed_subspace_stress,0.1796875,-2.9218799011793064,-4.0746586210025857
2,U2_L100,mixed_subspace_stress,0.18359375,-2.5720384835216774,-3.7350000731546871
2,U2_L100,mixed_subspace_stress,0.1875,-2.2157791812410563,-3.3633421342803977
2,U2_L100,mixed_subspace_stress,0.19140625,-1.842224777403191,-2.9594621999713375
2,U2_L100,mixed_subspace_stress,0.1953125,-1.4370962306221735,-2.5225687917529229
2,U2_L100,mixed_subspace_stress,0.19921875,-0.98614917705921434,-2.0516725810466441
2,U2_L100,mixed_subspace_stress,0.203125,-0.47924493787106376,-1.5459746807317563
2,U2_L100,mixed_subspace_stress,0.20703125,0.085878169923218867,-1.0051411778182306
2,U2_L100,mixed_subspace_stress,0.2109375,0.70211332090739809,-0.42938424964978339
2,U2_L100,mixed_subspace_stress,0.21484375,1.355488463772921,0.18065749437429013
2,U2_L100,mixed_subspace_stress,0.21875,2.031071452205512,0.8241773071043591
2,U2_L100,mixed_subspace_stress,0.22265625,2.7190880011746739,1.5004905087570486
2,U2_L100,mixed_subspace_stress,0.2265625,3.4179652144448083,2.2092439952534688
2,U2_L100,mixed_subspace_stress,0.23046875,4.1335185880073828,2.9504649952430175
2,U2_L100,mixed_subspace_stress,0.234375,4.8758445641624091,3.7244256176259132
2,U2_L100,mixed_subspace_stress,0.23828125,5.6556959038661549,4.5313588308313042
2,U2_L100,mixed_subspace_stress,0.2421875,6.4811061308744531,5.3711037795373562
2,U2_L100,mixed_subspace_stress,0.24609375,7.3547361026998876,6.2427729581072535
2,U2_L100,mixed_subspace_stress,0.25,8.2729742997713664,7.1445198031373209
2,U2_L100,mixed_subspace_stress,0.25390625,9.2274979138763342,8.0734501224301312
2,U2_L100,mixed_subspace_stress,0.2578125,10.2082918359148,9.0256779263550317
2,U2_L100,mixed_subspace_stress,0.26171875,11.206089757245627,9.9964909969642477
2,U2_L100,mixed_subspace_stress,0.265625,12.213227769746103,10.980574124350357
2,U2_L100,mixed_subspace_stress,0.26953125,13.223426549202184,11.972239131232215
2,U2_L100,mixed_subspace_stress,0.2734375,14.231252331897407,12.965624187959447
2,U2_L100,mixed_subspace_stress,0.27734375,15.23150452865789,13.954842204363791
2,U2_L100,mixed_subspace_stress,0.28125,16.218751618365133,14.934073017266462
2,U2_L100,mixed_subspace_stress,0.28515625,17.18738409612455,15.897604238465327
2,U2_L100,mixed_subspace_stress,0.2890625,18.132185719506712,16.83983225680959
2,U2_L100,mixed_subspace_stress,0.29296875,19.049018139719177,17.755240375625995
2,U2_L100,mixed_subspace_stress,0.296875,19.935148904528791,18.638375265233815
2,U2_L100,mixed_subspace_stress,0.30078125,20.788557224121341,19.483842947674113
2,U2_L100,mixed_subspace_stress,0.3046875,21.605754117718917,20.286339476276531
2,U2_L100,mixed_subspace_stress,0.30859375,22.379305312283648,21.040720060979638
2,U2_L100,mixed_subspace_stress,0.3125,23.097802998933183,21.742095709615192
2,U2_L100,mixed_subspace_stress,0.31640625,23.749620697853711,22.385932613597912
2,U2_L100,mixed_subspace_stress,0.3203125,24.32805176920408,22.968123800656564
2,U2_L100,mixed_subspace_stress,0.32421875,24.833546069139281,23.485011036776797
2,U2_L100,mixed_subspace_stress,0.328125,25.271063040563348,23.933355189496993
2,U2_L100,mixed_subspace_stress,0.33203125,25.644663995677043,24.31027406041947
2,U2_L100,mixed_subspace_stress,0.3359375,25.953352732993526,24.613176226835918
2,U2_L100,mixed_subspace_stress,0.33984375,26.190678505103737,24.839713820563105
2,U2_L100,mixed_subspace_stress,0.34375,26.347853213141839,24.987762101400495
2,U2_L100,mixed_subspace_stress,0.34765625,26.418363324637561,25.055419595851628
2,U2_L100,mixed_subspace_stress,0.3515625,26.401521894682077,25.041018189341536
2,U2_L100,mixed_subspace_stress,0.35546875,26.302597342686422,24.943140350834803
2,U2_L100,mixed_subspace_stress,0.359375,26.128693794997805,24.760655479443695
2,U2_L100,mixed_subspace_stress,0.36328125,25.882702349393409,24.492798269264345
2,U2_L100,mixed_subspace_stress,0.3671875,25.559880960962079,24.13930803073324
2,U2_L100,mixed_subspace_stress,0.37109375,25.149983493311247,23.700626337382964
2,U2_L100,mixed_subspace_stress,0.375,24.643412092535964,23.178120724317136
2,U2_L100,mixed_subspace_stress,0.37890625,24.036972557286557,22.574280737326749
2,U2_L100,mixed_subspace_stress,0.3828125,23.335906019568178,21.892831541145277
2,U2_L100,mixed_subspace_stress,0.38671875,22.552051407087998,21.138730481282348
2,U2_L100,mixed_subspace_stress,0.390625,21.699997145153006,20.318044187755561
2,U2_L100,mixed_subspace_stress,0.39453125,20.793132974528604,19.437734505677096
2,U2_L100,mixed_subspace_stress,0.3984375,19.841061528781857,18.505399129449732
2,U2_L100,mixed_subspace_stress,0.40234375,18.84945260848615,17.529011815919795
2,U2_L100,mixed_subspace_stress,0.40625,17.822337341266891,16.516690437994374
2,U2_L100,mixed_subspace_stress,0.41015625,16.765217690118096,15.476499484327606
2,U2_L100,mixed_subspace_stress,0.4140625,15.686768360826516,14.416279455911896
2,U2_L100,mixed_subspace_stress,0.41796875,14.598103460876834,13.343495832534376
2,U2_L100,mixed_subspace_stress,0.421875,13.510405977403078,12.265112093237772
2,U2_L100,mixed_subspace_stress,0.42578125,12.432543779295251,11.187504669631606
2,U2_L100,mixed_subspace_stress,0.4296875,11.369810478255404,10.116441862338354
2,U2_L100,mixed_subspace_stress,0.43359375,10.323958676323562,9.0571379935821241
2,U2_L100,mixed_subspace_stress,0.4375,9.2940656021946246,8.0143709634691831
2,U2_L100,mixed_subspace_stress,0.44140625,8.2779026902787933,6.9926258038995783
2,U2_L100,mixed_subspace_stress,0.4453125,7.2740541837454025,5.9962111253186183
2,U2_L100,mixed_subspace_stress,0.44921875,6.2848708226110581,5.02929831546495
2,U2_L100,mixed_subspace_stress,0.453125,5.3189055849440834,4.0958566082779688
2,U2_L100,mixed_subspace_stress,0.45703125,4.3903315665169034,3.1994944085099335
2,U2_L100,mixed_subspace_stress,0.4609375,3.5141851755040432,2.343255321262506
2,U2_L100,mixed_subspace_stress,0.46484375,2.6997236154393867,1.5294397641783239
2,U2_L100,mixed_subspace_stress,0.46875,1.946347918731085,0.75951764250056886
2,U2_L100,mixed_subspace_stress,0.47265625,1.2448703162866137,0.034164381852574664
2,U2_L100,mixed_subspace_stress,0.4765625,0.58303022614749078,-0.64659427938807545
2,U2_L100,mixed_subspace_stress,0.48046875,-0.048209180136397238,-1.2831828958931897
2,U2_L100,mixed_subspace_stress,0.484375,-0.65066618588021474,-1.8762913064507054
2,U2_L100,mixed_subspace_stress,0.48828125,-1.2187254826478948,-2.4267568560600314
2,U2_L100,mixed_subspace_stress,0.4921875,-1.7428101134538334,-2.9355271553210547
2,U2_L100,mixed_subspace_stress,0.49609375,-2.2149167267553165,-3.4036726257860273
2,U2_L100,mixed_subspace_stress,0.5,-2.6334319688434564,-3.8323912857291904
2,U2_L100,mixed_subspace_stress,0.50390625,-3.004655723369452,-4.2229521423850951
2,U2_L100,mixed_subspace_stress,0.5078125,-3.3402552950837605,-4.5765561922360698
2,U2_L100,mixed_subspace_stress,0.51171875,-3.652114761392224,-4.8941395642283458
2,U2_L100,mixed_subspace_stress,0.515625,-3.9472887186295265,-5.1761806124177854
2,U2_L100,mixed_subspace_stress,0.51953125,-4.225467167356733,-5.4225853805960851
2,U2_L100,mixed_subspace_stress,0.5234375,-4.4798445369287601,-5.6327089566235271
2,U2_L100,mixed_subspace_stress,0.52734375,-4.7003916511315245,-5.8055313937161293
2,U2_L100,mixed_subspace_stress,0.53125,-4.8774698814671478,-5.9399613950541976
2,U2_L100,mixed_subspace_stress,0.53515625,-5.0042371543181723,-6.0352041919737296
2,U2_L100,mixed_subspace_stress,0.5390625,-5.0775726217879962,-6.091111588444952
2,U2_L100,mixed_subspace_stress,0.54296875,-5.0979386652152021,-6.1084348029262294
2,U2_L100,mixed_subspace_stress,0.546875,-5.0686434478435469,-6.0889223858024444
2,U2_L100,mixed_subspace_stress,0.55078125,-4.9951527968934988,-6.035240609936551
2,U2_L100,mixed_subspace_stress,0.5546875,-4.8852182775801829,-5.9507343506945691
2,U2_L100,mixed_subspace_stress,0.55859375,-4.7496128701824754,-5.839083587512814
2,U2_L100,mixed_subspace_stress,0.5625,-4.6016173317182636,-5.7039361152993999
2,U2_L100,mixed_subspace_stress,0.56640625,-4.4534114207544508,-5.5486046130352076
2,U2_L100,mixed_subspace_stress,0.5703125,-4.3103662064094159,-5.3759015877133987
2,U2_L100,mixed_subspace_stress,0.57421875,-4.1673997579258302,-5.1881478655708211
2,U2_L100,mixed_subspace_stress,0.578125,-4.0112124996341043,-4.9873356525493371
2,U2_L100,mixed_subspace_stress,0.58203125,-3.8279564730755764,-4.7753727835909672
2,U2_L100,mixed_subspace_stress,0.5859375,-3.6115902112972966,-4.5543038281630182
2,U2_L100,mixed_subspace_stress,0.58984375,-3.3677249504142148,-4.3264129855832261
2,U2_L100,mixed_subspace_stress,0.59375,-3.1111876969512036,-4.0941619886660447
2,U2_L100,mixed_subspace_stress,0.59765625,-2.8595618868712931,-3.8599835212895877
2,U2_L100,mixed_subspace_stress,0.6015625,-2.6265901731597068,-3.6260084102791348
2,U2_L100,mixed_subspace_stress,0.60546875,-2.418148090887319,-3.3938299371963718
2,U2_L100,mixed_subspace_stress,0.609375,-2.2313545060523707,-3.1643929014616345
2,U2_L100,mixed_subspace_stress,0.61328125,-2.0562487809728887,-2.9380473961215841
2,U2_L100,mixed_subspace_stress,0.6171875,-1.8796450778740519,-2.7147483318406693
2,U2_L100,mixed_subspace_stress,0.62109375,-1.6907051485699538,-2.4943346643033739
2,U2_L100,mixed_subspace_stress,0.625,-1.4862481978704252,-2.2768033578013864
2,U2_L100,mixed_subspace_stress,0.62890625,-1.2724106412256402,-2.0625064025557629
2,U2_L100,mixed_subspace_stress,0.6328125,-1.0606906320061693,-1.8522353318479192
2,U2_L100,mixed_subspace_stress,0.63671875,-0.86050565178044514,-1.6471980443797702
2,U2_L100,mixed_subspace_stress,0.640625,-0.67363080318276025,-1.4489190429288801
2,U2_L100,mixed_subspace_stress,0.64453125,-0.49491860847673158,-1.2590985314831686
2,U2_L100,mixed_subspace_stress,0.6484375,-0.31877591528081045,-1.079454313360996
2,U2_L100,mixed_subspace_stress,0.65234375,-0.14609147008521967,-0.9115579198804169
2,U2_L100,mixed_subspace_stress,0.65625,0.01402397112243481,-0.75667504992303281
2,U2_L100,mixed_subspace_stress,0.66015625,0.14910900980617448,-0.61563060425395422
2,U2_L100,mixed_subspace_stress,0.6640625,0.25137602428383043,-0.48872925502864173
2,U2_L100,mixed_subspace_stress,0.66796875,0.32337430327652861,-0.3757598896221912
2,U2_L100,mixed_subspace_stress,0.671875,0.37736262923647884,-0.27609025378888602
2,U2_L100,mixed_subspace_stress,0.67578125,0.42859279172475895,-0.18882367730103966
2,U2_L100,mixed_subspace_stress,0.6796875,0.4867928845125144,-0.1129609226975274
2,U2_L100,mixed_subspace_stress,0.68359375,0.55119419287952831,-0.047505426439701001
2,U2_L100,mixed_subspace_stress,0.6875,0.61186453101657556,0.0085243857574193484
2,U2_L100,mixed_subspace_stress,0.69140625,0.65612758818756778,0.056167201739583866
2,U2_L100,mixed_subspace_stress,0.6953125,0.67603642311272161,0.096623958738853127
2,U2_L100,mixed_subspace_stress,0.69921875,0.67265654294195676,0.13132465627915929
2,U2_L100,mixed_subspace_stress,0.703125,0.65526665935157935,0.1618988135964729
2,U2_L100,mixed_subspace_stress,0.70703125,0.63674277226380638,0.19003256682705172
2,U2_L100,mixed_subspace_stress,0.7109375,0.6281651135738181,0.21724544122244127
2,U2_L100,mixed_subspace_stress,0.71484375,0.63533539459513988,0.24465664952707078
2,U2_L100,mixed_subspace_stress,0.71875,0.65813497360902906,0.27281885492088503
2,U2_L100,mixed_subspace_stress,0.72265625,0.69185687596845968,0.30167445160161832
2,U2_L100,mixed_subspace_stress,0.7265625,0.7291204687430819,0.33064685132213356
2,U2_L100,mixed_subspace_stress,0.73046875,0.76180338209995768,0.35883532990751232
2,U2_L100,mixed_subspace_stress,0.734375,0.78315681202980381,0.38525289752815461
2,U2_L100,mixed_subspace_stress,0.73828125,0.7898361142754482,0.40904071391187691
2,U2_L100,mixed_subspace_stress,0.7421875,0.78283931984547794,0.42960894829839819
2,U2_L100,mixed_subspace_stress,0.74609375,0.76669924147118818,0.4466840388864291
2,U2_L100,mixed_subspace_stress,0.75,0.74739731012762367,0.46027295124896039
2,U2_L100,mixed_subspace_stress,0.75390625,0.72997701030137774,0.47057448009076086
2,U2_L100,mixed_subspace_stress,0.7578125,0.71663562067051734,0.47787107718863053
2,U2_L100,mixed_subspace_stress,0.76171875,0.70601801217190974,0.482426044773899
2,U2_L100,mixed_subspace_stress,0.765625,0.69425052106228569,0.48439972025287903
2,U2_L100,mixed_subspace_stress,0.76953125,0.67725428082696715,0.48379389562628572
2,U2_L100,mixed_subspace_stress,0.7734375,0.65295836344866298,0.48043921479113605
2,U2_L100,mixed_subspace_stress,0.77734375,0.62241258108632458,0.47404804120048466
2,U2_L100,mixed_subspace_stress,0.78125,0.58987282007014952,0.4643495365713699
2,U2_L100,mixed_subspace_stress,0.78515625,0.56229438909944807,0.45129178398315101
2,U2_L100,mixed_subspace_stress,0.7890625,0.54819225601284371,0.43524139922974203
2,U2_L100,mixed_subspace_stress,0.79296875,0.55556255413819045,0.41705946251784132
2,U2_L100,mixed_subspace_stress,0.796875,0.58912716107050778,0.39792161609440552
