task,method,is_selected,family,scope,artifact,artifact_removal_fraction,effective_n,out_of_candidate_subspace_fraction,linearity_max_abs_error,incremental_error_vs_P0,peak_ratio_F3,amplitude_bias_abs,peak_shift_samples_F3,peak_shift_samples_max,relative_waveform_error
1,P0,False,broad_common,single_trial_operator,none,,20,1,9.5714547398983996e-12,0,0.91905684302125612,0.08094315697874388,0,0,0.14493782830339585
1,P0,False,broad_common,weighted_ERP_pipeline,blink_like,0.28587811215051717,20,1,,,0.91905684302097801,0.080943156979021991,0,0,0.14493782830350349
1,P0,False,broad_common,weighted_ERP_pipeline,muscle_like,0.99948464518190372,20,1,,,0.91905684302113022,0.080943156978961373,0,0,0.14493782830366281
1,P0,False,broad_common,weighted_ERP_pipeline,step_like,0.2606754648059908,20,1,,,0.91905684302120727,0.080943156978915853,0,0,0.14493782830362198
1,P0,False,narrow_antisym,single_trial_operator,none,,20,1,7.53563877964325e-12,0,0.97920495178162603,0.02079504821840461,0,0,0.063634699733514474
1,P0,False,narrow_antisym,weighted_ERP_pipeline,blink_like,0.28587811215064429,20,1,,,0.97920495178138411,0.020795048218615886,0,0,0.06363469973384181
1,P0,False,narrow_antisym,weighted_ERP_pipeline,muscle_like,0.99948464518190372,20,1,,,0.97920495178158473,0.020795048218415269,0,0,0.063634699733290376
1,P0,False,narrow_antisym,weighted_ERP_pipeline,step_like,0.2606754648059969,20,1,,,0.97920495178154154,0.020795048218458456,0,0,0.063634699733395236
1,P0,False,shifted_antisym,single_trial_operator,none,,20,1,7.7884365623503982e-12,0,0.91252725086094111,0.087472749139104078,0,0,0.22447726699084694
1,P0,False,shifted_antisym,weighted_ERP_pipeline,blink_like,0.28587811215065528,20,1,,,0.91252725086102948,0.087472749141599859,0,0,0.2244772669910842
1,P0,False,shifted_antisym,weighted_ERP_pipeline,muscle_like,0.99948464518190372,20,1,,,0.91252725086104192,0.087472749141993211,0,0,0.22447726699099549
1,P0,False,shifted_antisym,weighted_ERP_pipeline,step_like,0.26067546480600978,20,1,,,0.91252725086105757,0.087472749142214479,0,0,0.2244772669910792
1,P0,False,biphasic_common,single_trial_operator,none,,20,1,7.9773965211415998e-12,0,0.94090013037131692,0.059099869628683077,0,0,0.12756709843068409
1,P0,False,biphasic_common,weighted_ERP_pipeline,blink_like,0.28587811215078818,20,1,,,0.94090013037129361,0.059099869629068214,0,0,0.1275670984310194
1,P0,False,biphasic_common,weighted_ERP_pipeline,muscle_like,0.99948464518190372,20,1,,,0.940900130371354,0.059099869629117951,0,0,0.1275670984310909
1,P0,False,biphasic_common,weighted_ERP_pipeline,step_like,0.26067546480606973,20,1,,,0.94090013037130305,0.059099869629082313,0,0,0.12756709843105993
1,P0,False,oscillatory,single_trial_operator,none,,20,1,8.4636152253292352e-12,0,0.99996373204413913,3.6267955952573594e-05,0,0,3.8976750167457891e-05
1,P0,False,oscillatory,weighted_ERP_pipeline,blink_like,0.28587811215080028,20,1,,,0.99996373204386535,3.626795613465017e-05,0,0,3.8976750167436031e-05
1,P0,False,oscillatory,weighted_ERP_pipeline,muscle_like,0.99948464518190372,20,1,,,0.99996373204401046,3.6267956099567122e-05,0,0,3.89767501665199e-05
1,P0,False,oscillatory,weighted_ERP_pipeline,step_like,0.26067546480600046,20,1,,,0.99996373204411004,3.6267955889957015e-05,0,0,3.8976750167309328e-05
1,P0,False,slow_common,single_trial_operator,none,,20,1,5.1505466558410262e-12,0,0.72680778881338792,0.27319221118661208,-1,1,0.32123521545874839
1,P0,False,slow_common,weighted_ERP_pipeline,blink_like,0.28587811215072323,20,1,,,0.72680778881332708,0.27319221118667292,-1,1,0.32123521545861689
1,P0,False,slow_common,weighted_ERP_pipeline,muscle_like,0.99948464518190372,20,1,,,0.72680778881346708,0.27319221118654402,-1,1,0.32123521545861633
1,P0,False,slow_common,weighted_ERP_pipeline,step_like,0.26067546480594384,20,1,,,0.7268077888136979,0.2731922111864139,-1,1,0.32123521545846861
1,P0,False,outside_subspace_stress,single_trial_operator,none,,20,1,7.3629990993140382e-12,0,0.94438732626488853,2.0391567900169694,0,54,0.078397198919195804
1,P0,False,outside_subspace_stress,weighted_ERP_pipeline,blink_like,0.28587811215079528,20,1,,,0.94438732626463429,2.039156790017016,0,54,0.07839719891928279
1,P0,False,outside_subspace_stress,weighted_ERP_pipeline,muscle_like,0.99948464518190372,20,1,,,0.94438732626475219,2.0391567900170031,0,54,0.078397198919283609
1,P0,False,outside_subspace_stress,weighted_ERP_pipeline,step_like,0.26067546480600168,20,1,,,0.94438732626505983,2.0391567900171355,0,54,0.078397198919120767
1,P0,False,mixed_subspace_stress,single_trial_operator,none,,20,1,5.0672799289941395e-12,0,0.92875141442745357,0.07124858557254643,0,0,0.10656430528671744
1,P0,False,mixed_subspace_stress,weighted_ERP_pipeline,blink_like,0.28587811215070091,20,1,,,0.92875141442736775,0.07124858557263225,0,0,0.10656430528696398
1,P0,False,mixed_subspace_stress,weighted_ERP_pipeline,muscle_like,0.99948464518190372,20,1,,,0.9287514144273179,0.071248585572682099,0,0,0.10656430528699046
1,P0,False,mixed_subspace_stress,weighted_ERP_pipeline,step_like,0.26067546480602077,20,1,,,0.92875141442741949,0.071248585572580514,0,0,0.10656430528690401
1,W0,False,broad_common,single_trial_operator,none,,20,1,9.5714547398983996e-12,0,0.91905684302125612,0.08094315697874388,0,0,0.14493782830339585
1,W0,False,broad_common,weighted_ERP_pipeline,blink_like,0.12032396135323453,18.039821779758004,1,,,0.91905684302103574,0.080943156978964259,0,0,0.14493782830336233
1,W0,False,broad_common,weighted_ERP_pipeline,muscle_like,0.53871098699264541,15.233307981926737,1,,,0.94712396562498247,0.089421967226456789,0,1,0.1300379769371614
1,W0,False,broad_common,weighted_ERP_pipeline,step_like,0.089291835241277706,18.039822111211681,1,,,0.91903087056569244,0.080969129434307563,0,0,0.14495074647741549
1,W0,False,narrow_antisym,single_trial_operator,none,,20,1,7.53563877964325e-12,0,0.97920495178162603,0.02079504821840461,0,0,0.063634699733514474
1,W0,False,narrow_antisym,weighted_ERP_pipeline,blink_like,0.12032396135339085,18.039821779758004,1,,,0.97920495178137479,0.020795048218834045,0,0,0.063634699733936997
1,W0,False,narrow_antisym,weighted_ERP_pipeline,muscle_like,0.59223532507428855,15.161282242325404,1,,,0.96994899328967987,0.030051006710320127,0,0,0.08859450179359786
1,W0,False,narrow_antisym,weighted_ERP_pipeline,step_like,0.089278609913016727,18.039821779758004,1,,,0.97920495178154876,0.020795048218707146,0,0,0.063634699733441491
1,W0,False,shifted_antisym,single_trial_operator,none,,20,1,7.7884365623503982e-12,0,0.91252725086094111,0.087472749139104078,0,0,0.22447726699084694
1,W0,False,shifted_antisym,weighted_ERP_pipeline,blink_like,0.12032328708057283,18.039821779758004,1,,,0.91252725086093134,0.087472749139244854,0,0,0.22447726699094733
1,W0,False,shifted_antisym,weighted_ERP_pipeline,muscle_like,0.56597114972163454,15.144468521627214,1,,,0.93098395537125911,0.12742936023320983,0,0,0.22030804215361449
1,W0,False,shifted_antisym,weighted_ERP_pipeline,step_like,0.089298494132485806,18.039822261777704,1,,,0.91250421602662235,0.08750627586245785,0,0,0.22451300331295748
1,W0,False,biphasic_common,single_trial_operator,none,,20,1,7.9773965211415998e-12,0,0.94090013037131692,0.059099869628683077,0,0,0.12756709843068409
1,W0,False,biphasic_common,weighted_ERP_pipeline,blink_like,0.12032396135356838,18.039821779758004,1,,,0.94090013037129772,0.059099869628740143,0,0,0.12756709843072583
1,W0,False,biphasic_common,weighted_ERP_pipeline,muscle_like,0.53305699386669447,14.980165419992666,1,,,0.97214165889885262,0.073810505150185723,-1,1,0.12138698941793988
1,W0,False,biphasic_common,weighted_ERP_pipeline,step_like,0.089278609913106211,18.039821779758004,1,,,0.94090013037130871,0.05909986962875724,0,0,0.12756709843077077
1,W0,False,oscillatory,single_trial_operator,none,,20,1,8.4636152253292352e-12,0,0.99996373204413913,3.6267955952573594e-05,0,0,3.8976750167457891e-05
1,W0,False,oscillatory,weighted_ERP_pipeline,blink_like,0.12032396135358325,18.039821779758004,1,,,0.99996373204384426,3.6267956155744407e-05,0,0,3.8976750167681697e-05
1,W0,False,oscillatory,weighted_ERP_pipeline,muscle_like,0.50918469039309788,15.11954190436634,1,,,1.0251634923786739,0.044351217374277718,0,0,0.093781806953240093
1,W0,False,oscillatory,weighted_ERP_pipeline,step_like,0.089278609913020945,18.039821779758004,1,,,0.99996373204411537,3.6267955884627945e-05,0,0,3.897675016744301e-05
1,W0,False,slow_common,single_trial_operator,none,,20,1,5.1505466558410262e-12,0,0.72680778881338792,0.27319221118661208,-1,1,0.32123521545874839
1,W0,False,slow_common,weighted_ERP_pipeline,blink_like,0.12032396135348833,18.039821779758004,1,,,0.72680778881328434,0.27319221118671566,-1,1,0.32123521545882916
1,W0,False,slow_common,weighted_ERP_pipeline,muscle_like,0.56025708153321019,15.277211191928835,1,,,0.75624213620221448,0.27221277277868106,1,1,0.31107405111262959
1,W0,False,slow_common,weighted_ERP_pipeline,step_like,0.089282366285393433,18.039821878934291,1,,,0.72679963687774563,0.27320036312225437,-1,1,0.32123837567168689
1,W0,False,outside_subspace_stress,single_trial_operator,none,,20,1,7.3629990993140382e-12,0,0.94438732626488853,2.0391567900169694,0,54,0.078397198919195804
1,W0,False,outside_subspace_stress,weighted_ERP_pipeline,blink_like,0.12032396135357704,18.039821779758004,1,,,0.94438732626452171,2.0391567900169774,0,54,0.078397198919481534
1,W0,False,outside_subspace_stress,weighted_ERP_pipeline,muscle_like,0.50758810250544695,14.928981744770322,1,,,0.98931598307672186,2.0770619718517018,0,54,0.10608918668883888
1,W0,False,outside_subspace_stress,weighted_ERP_pipeline,step_like,0.0892786099130225,18.039821779758004,1,,,0.94438732626499311,2.0391567900171106,0,54,0.078397198919301719
1,W0,False,mixed_subspace_stress,single_trial_operator,none,,20,1,5.0672799289941395e-12,0,0.92875141442745357,0.07124858557254643,0,0,0.10656430528671744
1,W0,False,mixed_subspace_stress,weighted_ERP_pipeline,blink_like,0.1203239613534608,18.039821779758004,1,,,0.9287514144272766,0.0712485855727234,0,0,0.10656430528700332
1,W0,False,mixed_subspace_stress,weighted_ERP_pipeline,muscle_like,0.52067148668722729,15.050088771058686,1,,,0.96133078129930727,0.069407918348203257,1,1,0.095292002355088612
1,W0,False,mixed_subspace_stress,weighted_ERP_pipeline,step_like,0.089278609913045925,18.039821779758004,1,,,0.92875141442733467,0.071248585572665335,0,0,0.10656430528693672
1,U0_L1,False,broad_common,single_trial_operator,none,,20,1,9.5733421190402623e-12,1.6253868514819835e-05,0.91903985484420703,0.080960145155792973,0,0,0.14493781266135286
1,U0_L1,False,broad_common,weighted_ERP_pipeline,blink_like,0.12032819237838011,18.039821779758004,1,,,0.91903985484398709,0.080960145156012908,0,0,0.1449378126613193
1,U0_L1,False,broad_common,weighted_ERP_pipeline,muscle_like,0.5395774344995985,15.233307981926737,1,,,0.94708266183471368,0.089432963953873901,0,0,0.13002961504328467
1,U0_L1,False,broad_common,weighted_ERP_pipeline,step_like,0.091248607157678796,18.039822111211681,1,,,0.91901367639331499,0.080986323606685007,0,0,0.14495073447627954
1,U0_L1,False,narrow_antisym,single_trial_operator,none,,20,1,7.5318119796552452e-12,0.0015162795262853798,0.97750275733349234,0.02249724266653863,0,0,0.063654733048689877
1,U0_L1,False,narrow_antisym,weighted_ERP_pipeline,blink_like,0.12032819237853642,18.039821779758004,1,,,0.97750275733324143,0.022497242666968509,0,0,0.063654733049112414
1,U0_L1,False,narrow_antisym,weighted_ERP_pipeline,muscle_like,0.59311796478665402,15.161282242325404,1,,,0.96824350367215795,0.031756496327842054,0,0,0.088593423181090356
1,U0_L1,False,narrow_antisym,weighted_ERP_pipeline,step_like,0.091235381036261276,18.039821779758004,1,,,0.97750275733341585,0.022497242666842832,0,0,0.063654733048616879
1,U0_L1,False,shifted_antisym,single_trial_operator,none,,20,1,7.7748918414499713e-12,0.00016099425245715772,0.9123584192069647,0.087641580793081153,0,0,0.22447731456084891
1,U0_L1,False,shifted_antisym,weighted_ERP_pipeline,blink_like,0.12032751538503339,18.039821779758004,1,,,0.91235841920695449,0.087641580793221485,0,0,0.2244773145609493
1,U0_L1,False,shifted_antisym,weighted_ERP_pipeline,muscle_like,0.56684901797777187,15.144468521627214,1,,,0.93075175111147213,0.12777823571956437,0,0,0.22030057749616874
1,U0_L1,False,shifted_antisym,weighted_ERP_pipeline,step_like,0.091255237490653229,18.039822261777704,1,,,0.91233540561108117,0.087674966587271586,0,0,0.2245130504333393
1,U0_L1,False,biphasic_common,single_trial_operator,none,,20,1,8.0138118363493049e-12,0.00020046274558715822,0.94082421453409881,0.059175785465901298,0,0,0.12756733164299353
1,U0_L1,False,biphasic_common,weighted_ERP_pipeline,blink_like,0.12032819237871395,18.039821779758004,1,,,0.94082421453407883,0.059175785465958364,0,0,0.12756733164303521
1,U0_L1,False,biphasic_common,weighted_ERP_pipeline,muscle_like,0.5339703000182503,14.980165419992666,1,,,0.97177819195322257,0.073730287934064553,0,0,0.12134197268114193
1,U0_L1,False,biphasic_common,weighted_ERP_pipeline,step_like,0.09123538103635076,18.039821779758004,1,,,0.94082421453409004,0.059175785465974906,0,0,0.12756733164308023
1,U0_L1,False,oscillatory,single_trial_operator,none,,20,1,8.459666561017043e-12,0.0028662556789439569,0.9971725609564841,0.0028274390436076047,0,0,0.0028977267517952621
1,U0_L1,False,oscillatory,weighted_ERP_pipeline,blink_like,0.12032819237872883,18.039821779758004,1,,,0.99717256095618922,0.0028274390438107755,0,0,0.0028977267517957266
1,U0_L1,False,oscillatory,weighted_ERP_pipeline,muscle_like,0.51006884288705412,15.11954190436634,1,,,1.0222517153650121,0.046866659645159459,0,0,0.093797316643977072
1,U0_L1,False,oscillatory,weighted_ERP_pipeline,step_like,0.091235381036265495,18.039821779758004,1,,,0.99717256095646001,0.0028274390435399921,0,0,0.0028977267517949616
1,U0_L1,False,slow_common,single_trial_operator,none,,20,1,5.1336712658667238e-12,1.4999601347694142e-05,0.72680750380084946,0.27319249619915076,-1,1,0.32123518530522449
1,U0_L1,False,slow_common,weighted_ERP_pipeline,blink_like,0.12032819237863412,18.039821779758004,1,,,0.72680750380074621,0.27319249619925379,-1,1,0.32123518530530515
1,U0_L1,False,slow_common,weighted_ERP_pipeline,muscle_like,0.56110832878183103,15.277211191928835,1,,,0.75601180818889047,0.27238499340960864,1,1,0.31107302472265896
1,U0_L1,False,slow_common,weighted_ERP_pipeline,step_like,0.091239137633784551,18.039821878934291,1,,,0.72679937026924013,0.27320062973075987,-1,1,0.32123834616453684
1,U0_L1,False,outside_subspace_stress,single_trial_operator,none,,20,1,7.3647754561534384e-12,0.0043152965990430796,0.94322554041902418,2.0396424613203665,0,54,0.078534015237568242
1,U0_L1,False,outside_subspace_stress,weighted_ERP_pipeline,blink_like,0.12032819237872283,18.039821779758004,1,,,0.9432255404186578,2.0396424613203754,0,54,0.078534015237853305
1,U0_L1,False,outside_subspace_stress,weighted_ERP_pipeline,muscle_like,0.50850737919117472,14.928981744770322,1,,,0.98827526159144985,2.0774481766229727,0,54,0.10611504736587726
1,U0_L1,False,outside_subspace_stress,weighted_ERP_pipeline,step_like,0.091235381036267049,18.039821779758004,1,,,0.94322554041912798,2.0396424613205086,0,54,0.078534015237674309
1,U0_L1,False,mixed_subspace_stress,single_trial_operator,none,,20,1,5.0841553189684419e-12,0.0019724526579840244,0.9282907702637061,0.0717092297362939,0,0,0.1065218632019107
1,U0_L1,False,mixed_subspace_stress,weighted_ERP_pipeline,blink_like,0.12032819237860637,18.039821779758004,1,,,0.92829077026352991,0.071709229736470093,0,0,0.10652186320219652
1,U0_L1,False,mixed_subspace_stress,weighted_ERP_pipeline,muscle_like,0.52157029434540014,15.050088771058686,1,,,0.96083798450477065,0.069393300825960957,1,1,0.095213600662798728
1,U0_L1,False,mixed_subspace_stress,weighted_ERP_pipeline,step_like,0.091235381036290364,18.039821779758004,1,,,0.92829077026358742,0.071709229736412583,0,0,0.10652186320212992
1,U0_L10,False,broad_common,single_trial_operator,none,,20,1,9.5470298333566461e-12,0.00016224458980117359,0.91888726170115598,0.081112738298844023,0,0,0.1449377382833156
1,U0_L10,False,broad_common,weighted_ERP_pipeline,blink_like,0.12036625977039905,18.039821779758004,1,,,0.91888726170093549,0.081112738299064513,0,0,0.14493773828328221
1,U0_L10,False,broad_common,weighted_ERP_pipeline,muscle_like,0.54185455256744608,15.233307981926737,1,,,0.94722376953902909,0.089256157600180019,0,0,0.12997925693190698
1,U0_L10,False,broad_common,weighted_ERP_pipeline,step_like,0.099937114500473267,18.039822111211681,1,,,0.9188607579671767,0.0811392420328233,0,0,0.14495068753964963
1,U0_L10,False,narrow_antisym,single_trial_operator,none,,20,1,7.5732415130702613e-12,0.013704312223674979,0.96422039238225299,0.03577960761777732,0,0,0.065039081016038766
1,U0_L10,False,narrow_antisym,weighted_ERP_pipeline,blink_like,0.12036625977055537,18.039821779758004,1,,,0.9642203923820023,0.035779607618205089,0,0,0.065039081016451714
1,U0_L10,False,narrow_antisym,weighted_ERP_pipeline,muscle_like,0.59548040686036918,15.161282242325404,1,,,0.95520819944511526,0.044791800554884742,0,0,0.089591675536647514
1,U0_L10,False,narrow_antisym,weighted_ERP_pipeline,step_like,0.099923914802220737,18.039821779758004,1,,,0.96422039238217672,0.035779607618077747,0,0,0.065039081015966893
1,U0_L10,False,shifted_antisym,single_trial_operator,none,,20,1,7.7664541464628201e-12,0.0015904885224836221,0.91086705184775019,0.089132948152295111,0,0,0.22448181332210218
1,U0_L10,False,shifted_antisym,weighted_ERP_pipeline,blink_like,0.12036556305962332,18.039821779758004,1,,,0.91086705184774053,0.089132948152434888,0,0,0.22448181332220254
1,U0_L10,False,shifted_antisym,weighted_ERP_pipeline,muscle_like,0.56916863662183159,15.144468521627214,1,,,0.92931069346308337,0.12885893771260681,0,0,0.22027708118990819
1,U0_L10,False,shifted_antisym,weighted_ERP_pipeline,step_like,0.099943632638101021,18.039822261777704,1,,,0.91084428131133388,0.089164631412687045,0,0,0.22451755897961803
1,U0_L10,False,biphasic_common,single_trial_operator,none,,20,1,7.964517934055948e-12,0.0019487788556828828,0.94014689290987674,0.059853107090123259,0,0,0.12758152577914483
1,U0_L10,False,biphasic_common,weighted_ERP_pipeline,blink_like,0.12036625977073279,18.039821779758004,1,,,0.94014689290985864,0.059853107090180435,0,0,0.12758152577918658
1,U0_L10,False,biphasic_common,weighted_ERP_pipeline,muscle_like,0.53645892033412468,14.980165419992666,1,,,0.97191706918343612,0.073720585318281628,0,0,0.1211444726183204
1,U0_L10,False,biphasic_common,weighted_ERP_pipeline,step_like,0.099923914802309999,18.039821779758004,1,,,0.94014689290986764,0.059853107090196866,0,0,0.12758152577923154
1,U0_L10,False,oscillatory,single_trial_operator,none,,20,1,8.4806636539702662e-12,0.027712794176488569,0.97303260920613532,0.026967390793956381,0,0,0.027743350690983042
1,U0_L10,False,oscillatory,weighted_ERP_pipeline,blink_like,0.12036625977074766,18.039821779758004,1,,,0.97303260920583923,0.026967390794160773,0,0,0.02774335069098352
1,U0_L10,False,oscillatory,weighted_ERP_pipeline,muscle_like,0.51244677584777309,15.11954190436634,1,,,0.99795856483601053,0.070636998387549443,0,0,0.097761421826235526
1,U0_L10,False,oscillatory,weighted_ERP_pipeline,step_like,0.099923914802224956,18.039821779758004,1,,,0.97303260920611157,0.026967390793888435,0,0,0.027743350690982712
1,U0_L10,False,slow_common,single_trial_operator,none,,20,1,5.155875726359227e-12,6.7267014319006814e-05,0.72680493877311869,0.27319506122688131,-1,1,0.32123491711349017
1,U0_L10,False,slow_common,weighted_ERP_pipeline,blink_like,0.12036625977065296,18.039821779758004,1,,,0.72680493877301566,0.27319506122698434,-1,1,0.32123491711357088
1,U0_L10,False,slow_common,weighted_ERP_pipeline,muscle_like,0.56332034014495291,15.277211191928835,1,,,0.75516184982330314,0.27315225094178952,1,1,0.31106390773994735
1,U0_L10,False,slow_common,weighted_ERP_pipeline,step_like,0.099927663894378238,18.039821878934291,1,,,0.72679690373349348,0.27320309626650652,-1,1,0.32123808274204346
1,U0_L10,False,outside_subspace_stress,single_trial_operator,none,,20,1,7.333689211463934e-12,0.022037877093361309,0.94155504447213145,2.040362544513628,-1,54,0.081373817562047479
1,U0_L10,False,outside_subspace_stress,weighted_ERP_pipeline,blink_like,0.12036625977074167,18.039821779758004,1,,,0.94155504447176763,2.0403625445136369,-1,54,0.08137381756232108
1,U0_L10,False,outside_subspace_stress,weighted_ERP_pipeline,muscle_like,0.5109979318096638,14.928981744770322,1,,,0.98863505856070022,2.0775835579724857,-1,54,0.10792866895472582
1,U0_L10,False,outside_subspace_stress,weighted_ERP_pipeline,step_like,0.09992391480222651,18.039821779758004,1,,,0.9415550444722397,2.0403625445137696,-1,54,0.081373817562151493
1,U0_L10,False,mixed_subspace_stress,single_trial_operator,none,,20,1,5.0985882182885689e-12,0.010074545442586683,0.92636254060718537,0.07363745939281463,0,0,0.1066360112806226
1,U0_L10,False,mixed_subspace_stress,weighted_ERP_pipeline,blink_like,0.12036625977062554,18.039821779758004,1,,,0.92636254060700851,0.073637459392991489,0,0,0.10663601128090731
1,U0_L10,False,mixed_subspace_stress,weighted_ERP_pipeline,muscle_like,0.52398465803934069,15.050088771058686,1,,,0.9592291358911037,0.069305733559111737,0,0,0.09520868916594831
1,U0_L10,False,mixed_subspace_stress,weighted_ERP_pipeline,step_like,0.099923914802249825,18.039821779758004,1,,,0.92636254060706635,0.073637459392933646,0,0,0.10663601128084083
1,U0_L100,True,broad_common,single_trial_operator,none,,20,1,9.5405905398138202e-12,0.0016025021294567264,0.9173895753054786,0.0826104246945214,0,0,0.14494339133821665
1,U0_L100,True,broad_common,weighted_ERP_pipeline,blink_like,0.12074579328580559,18.039821779758004,1,,,0.91738957530525855,0.082610424694741447,0,0,0.14494339133818315
1,U0_L100,True,broad_common,weighted_ERP_pipeline,muscle_like,0.54682966001534972,15.233307981926737,1,,,0.94702384566622411,0.089322416076522804,0,0,0.12978339851194795
1,U0_L100,True,broad_common,weighted_ERP_pipeline,step_like,0.12059820632929996,18.039822111211681,1,,,0.91736318030349473,0.08263681969650527,0,0,0.14495652916213631
1,U0_L100,True,narrow_antisym,single_trial_operator,none,,20,1,7.4860846688284965e-12,0.084750082921601175,0.8919554326107999,0.10804456738923074,0,0,0.1041981466423067
1,U0_L100,True,narrow_antisym,weighted_ERP_pipeline,blink_like,0.12074579328596213,18.039821779758004,1,,,0.89195543261054755,0.10804456738965806,0,0,0.10419814664256211
1,U0_L100,True,narrow_antisym,weighted_ERP_pipeline,muscle_like,0.60025499842910524,15.161282242325404,1,,,0.88305246070871946,0.11694753929128054,0,0,0.12127824959694093
1,U0_L100,True,narrow_antisym,weighted_ERP_pipeline,step_like,0.12058511054455356,18.039821779758004,1,,,0.89195543261072241,0.10804456738953161,0,0,0.10419814664225957
1,U0_L100,True,shifted_antisym,single_trial_operator,none,,20,1,7.7047257462936614e-12,0.014389388447791111,0.89792562019751043,0.10207437980253609,0,0,0.22484828446417821
1,U0_L100,True,shifted_antisym,weighted_ERP_pipeline,blink_like,0.12074497964898845,18.039821779758004,1,,,0.89792562019749866,0.10207437980267486,0,0,0.2248482844642784
1,U0_L100,True,shifted_antisym,weighted_ERP_pipeline,muscle_like,0.57391431713052743,15.144468521627214,1,,,0.91653593610101836,0.1405169682352535,0,0,0.22058665462291444
1,U0_L100,True,shifted_antisym,weighted_ERP_pipeline,step_like,0.12060447771099692,18.039822261777704,1,,,0.8979049826873835,0.1020950173126165,0,0,0.22488413371695914
1,U0_L100,True,biphasic_common,single_trial_operator,none,,20,1,7.8713702222898974e-12,0.016085788046543127,0.93385513626302286,0.066144863736977366,0,0,0.12848371469767883
1,U0_L100,True,biphasic_common,weighted_ERP_pipeline,blink_like,0.12074579328613944,18.039821779758004,1,,,0.93385513626300443,0.066144863737031878,0,0,0.12848371469772041
1,U0_L100,True,biphasic_common,weighted_ERP_pipeline,muscle_like,0.54159542854493758,14.980165419992666,1,,,0.96676265822489926,0.079069446181249559,0,0,0.1216075285470479
1,U0_L100,True,biphasic_common,weighted_ERP_pipeline,step_like,0.12058511054464294,18.039821779758004,1,,,0.9338551362630122,0.066144863737051085,0,0,0.12848371469776529
1,U0_L100,True,oscillatory,single_trial_operator,none,,20,1,8.4932837672579975e-12,0.2114965768205799,0.79629875207449297,0.20370124792559918,0,0,0.21152108244668202
1,U0_L100,True,oscillatory,weighted_ERP_pipeline,blink_like,0.12074579328615442,18.039821779758004,1,,,0.79629875207419776,0.20370124792580224,0,0,0.21152108244668275
1,U0_L100,True,oscillatory,weighted_ERP_pipeline,muscle_like,0.51774379160633388,15.11954190436634,1,,,0.82200398742386294,1.7519764278081069,0,14,0.23170558433425822
1,U0_L100,True,oscillatory,weighted_ERP_pipeline,step_like,0.12058511054455767,18.039821779758004,1,,,0.79629875207446921,0.20370124792553079,0,0,0.21152108244668164
1,U0_L100,True,slow_common,single_trial_operator,none,,20,1,5.1596504846429525e-12,0.00029295429330228014,0.7267792965181602,0.27322070348184002,-1,1,0.32123229341932641
1,U0_L100,True,slow_common,weighted_ERP_pipeline,blink_like,0.12074579328605961,18.039821779758004,1,,,0.72677929651805728,0.27322070348194272,-1,1,0.32123229341940701
1,U0_L100,True,slow_common,weighted_ERP_pipeline,muscle_like,0.56808835489295029,15.277211191928835,1,,,0.75440455391092531,0.27398257633686895,1,1,0.31101797570808737
1,U0_L100,True,slow_common,weighted_ERP_pipeline,step_like,0.1205888301216449,18.039821878934291,1,,,0.72677137884670795,0.27322862115329205,-1,1,0.32123548991442336
1,U0_L100,True,outside_subspace_stress,single_trial_operator,none,,20,1,7.2870598444296775e-12,0.052000262243518502,0.93662864630498743,2.0209264801059139,-2,54,0.093235113313788961
1,U0_L100,True,outside_subspace_stress,weighted_ERP_pipeline,blink_like,0.12074579328614821,18.039821779758004,1,,,0.9366286463046255,2.0209264801059259,-2,54,0.09323511331402512
1,U0_L100,True,outside_subspace_stress,weighted_ERP_pipeline,muscle_like,0.51642575122859591,14.928981744770322,1,,,0.98645138822819778,2.0578417847727049,-2,54,0.11646791788135294
1,U0_L100,True,outside_subspace_stress,weighted_ERP_pipeline,step_like,0.12058511054455945,18.039821779758004,1,,,0.93662864630509601,2.0209264801060582,-2,54,0.093235113313881346
1,U0_L100,True,mixed_subspace_stress,single_trial_operator,none,,20,1,5.0841553189684419e-12,0.023838709654643436,0.92256801282420586,0.077431987175794137,0,0,0.10837982011548723
1,U0_L100,True,mixed_subspace_stress,weighted_ERP_pipeline,blink_like,0.12074579328603208,18.039821779758004,1,,,0.92256801282403023,0.077431987175969774,0,0,0.10837982011576666
1,U0_L100,True,mixed_subspace_stress,weighted_ERP_pipeline,muscle_like,0.52925034061319698,15.050088771058686,1,,,0.95836328089288703,0.07122681122148955,0,0,0.096621834513938493
1,U0_L100,True,mixed_subspace_stress,weighted_ERP_pipeline,step_like,0.12058511054458265,18.039821779758004,1,,,0.92256801282408918,0.077431987175910821,0,0,0.10837982011570202
1,U2_L1,False,broad_common,single_trial_operator,none,,20,0.91882010793344904,9.5722318960156372e-12,1.6215031339686746e-05,0.91903966334289178,0.080960336657108223,0,0,0.14493752155676806
1,U2_L1,False,broad_common,weighted_ERP_pipeline,blink_like,0.1203281218730593,18.039821779758004,0.91882010793344904,,,0.91903966334267184,0.080960336657328158,0,0,0.14493752155673451
1,U2_L1,False,broad_common,weighted_ERP_pipeline,muscle_like,0.53957557652511623,15.233307981926737,0.91882010793344904,,,0.94708096444184275,0.089431795038792061,0,0,0.13002860320768517
1,U2_L1,False,broad_common,weighted_ERP_pipeline,step_like,0.091230551474280053,18.039822111211681,0.91882010793344904,,,0.9190134818909127,0.080986518109087302,0,0,0.14495044365433574
1,U2_L1,False,narrow_antisym,single_trial_operator,none,,20,0.99721518281093768,7.5349795847223788e-12,0.001516272217135739,0.97750172386697298,0.022498276133027018,0,0,0.063655428641766321
1,U2_L1,False,narrow_antisym,weighted_ERP_pipeline,blink_like,0.12032812187321573,18.039821779758004,0.99721518281093768,,,0.97750172386672229,0.022498276133277706,0,0,0.063655428642188899
1,U2_L1,False,narrow_antisym,weighted_ERP_pipeline,muscle_like,0.59312393886787085,15.161282242325404,0.99721518281093768,,,0.96824228485122066,0.031757715148779342,0,0,0.08858650467968486
1,U2_L1,False,narrow_antisym,weighted_ERP_pipeline,step_like,0.09121732368510993,18.039821779758004,0.99721518281093768,,,0.97750172386689582,0.022498276133104178,0,0,0.063655428641693421
1,U2_L1,False,shifted_antisym,single_trial_operator,none,,20,0.99559008813662453,7.7771122874992216e-12,0.00016099143790542571,0.91235830042465249,0.087641699575347509,0,0,0.22447746968541182
1,U2_L1,False,shifted_antisym,weighted_ERP_pipeline,blink_like,0.12032744403922635,18.039821779758004,0.99559008813662453,,,0.91235830042464217,0.087641699575357834,0,0,0.22447746968551216
1,U2_L1,False,shifted_antisym,weighted_ERP_pipeline,muscle_like,0.56685200887535969,15.144468521627214,0.99559008813662453,,,0.93074971939270601,0.12777970799822957,0,0,0.2202986907586085
1,U2_L1,False,shifted_antisym,weighted_ERP_pipeline,step_like,0.091237181253533528,18.039822261777704,0.99559008813662453,,,0.91233528367738137,0.087674304176850404,0,0,0.22451320751308848
1,U2_L1,False,biphasic_common,single_trial_operator,none,,20,0.97311984710898392,8.0092599219483418e-12,0.00020016774023866107,0.94081921341501573,0.059180786584984268,0,0,0.12756551083489198
1,U2_L1,False,biphasic_common,weighted_ERP_pipeline,blink_like,0.12032812187339337,18.039821779758004,0.97311984710898392,,,0.94081921341499541,0.059180786585004586,0,0,0.12756551083493373
1,U2_L1,False,biphasic_common,weighted_ERP_pipeline,muscle_like,0.53397961646309144,14.980165419992666,0.97311984710898392,,,0.9717685467335746,0.073729207647084016,0,0,0.12134867606696383
1,U2_L1,False,biphasic_common,weighted_ERP_pipeline,step_like,0.091217323685199525,18.039821779758004,0.97311984710898392,,,0.94081921341500707,0.059180786584992928,0,0,0.12756551083497866
1,U2_L1,False,oscillatory,single_trial_operator,none,,20,0.99999959488098589,8.4702735277109031e-12,0.0028662458227072772,0.99717358408716583,0.0028303012888161172,0,0,0.00289771643100574
1,U2_L1,False,oscillatory,weighted_ERP_pipeline,blink_like,0.12032812187340791,18.039821779758004,0.99999959488098589,,,0.99717358408687018,0.0028303012889628887,0,0,0.0028977164310060111
1,U2_L1,False,oscillatory,weighted_ERP_pipeline,muscle_like,0.5100688330300378,15.11954190436634,0.99999959488098589,,,1.0222512328630269,0.046866990943639997,0,0,0.093797880325738756
1,U2_L1,False,oscillatory,weighted_ERP_pipeline,step_like,0.091217323685114038,18.039821779758004,0.99999959488098589,,,0.99717358408714218,0.0028303012886685686,0,0,0.0028977164310054235
1,U2_L1,False,slow_common,single_trial_operator,none,,20,0.76651195327095367,5.1387782917799996e-12,1.4998056245977717e-05,0.72680758693728309,0.27319254387627301,-1,1,0.32123523937530107
1,U2_L1,False,slow_common,weighted_ERP_pipeline,blink_like,0.12032812187331332,18.039821779758004,0.76651195327095367,,,0.7268075869371794,0.27319254387639402,-1,1,0.3212352393753819
1,U2_L1,False,slow_common,weighted_ERP_pipeline,muscle_like,0.56110871926715467,15.277211191928835,0.76651195327095367,,,0.75600920877576383,0.27238406555678774,1,1,0.31107271831957756
1,U2_L1,False,slow_common,weighted_ERP_pipeline,step_like,0.091221080756316963,18.039821878934291,0.76651195327095367,,,0.7267994524129876,0.2732005475870124,-1,1,0.32123840017001426
1,U2_L1,False,outside_subspace_stress,single_trial_operator,none,,20,0.99999999999999978,7.3567818503761373e-12,0.0043124899763147843,0.94318467691651753,2.039557967207033,0,54,0.078523552477390512
1,U2_L1,False,outside_subspace_stress,weighted_ERP_pipeline,blink_like,0.12032812187340192,18.039821779758004,0.99999999999999978,,,0.94318467691615127,2.0395579672070427,0,54,0.078523552477675521
1,U2_L1,False,outside_subspace_stress,weighted_ERP_pipeline,muscle_like,0.50851642279771858,14.928981744770322,0.99999999999999978,,,0.98822548614453076,2.077349474950192,0,54,0.10610176871219294
1,U2_L1,False,outside_subspace_stress,weighted_ERP_pipeline,step_like,0.091217323685115814,18.039821779758004,0.99999999999999978,,,0.94318467691662056,2.0395579672071751,0,54,0.078523552477496053
1,U2_L1,False,mixed_subspace_stress,single_trial_operator,none,,20,0.96671484575967848,5.0868198542275422e-12,0.0019711903001363492,0.9282748130315005,0.071725186968499499,0,0,0.10655110651626847
1,U2_L1,False,mixed_subspace_stress,weighted_ERP_pipeline,blink_like,0.12032812187328568,18.039821779758004,0.96671484575967848,,,0.92827481303132442,0.071725186968675581,0,0,0.10655110651655435
1,U2_L1,False,mixed_subspace_stress,weighted_ERP_pipeline,muscle_like,0.52157689170530142,15.050088771058686,0.96671484575967848,,,0.96081749518790471,0.069401605050036674,1,1,0.095230845751295007
1,U2_L1,False,mixed_subspace_stress,weighted_ERP_pipeline,step_like,0.091217323685138907,18.039821779758004,0.96671484575967848,,,0.92827481303138226,0.071725186968617738,0,0,0.10655110651648778
1,U2_L10,False,broad_common,single_trial_operator,none,,20,0.91882010793344904,9.5546903722265597e-12,0.00016185568950554619,0.9188853454888406,0.081114654511159401,0,0,0.14493482868505994
1,U2_L10,False,broad_common,weighted_ERP_pipeline,blink_like,0.12036554934995158,18.039821779758004,0.91882010793344904,,,0.91888534548862011,0.081114654511379891,0,0,0.14493482868502655
1,U2_L10,False,broad_common,weighted_ERP_pipeline,muscle_like,0.54186936524184381,15.233307981926737,0.91882010793344904,,,0.94720912297175619,0.089247614896171168,0,0,0.12997387857466006
1,U2_L10,False,broad_common,weighted_ERP_pipeline,step_like,0.099888906607889516,18.039822111211681,0.91882010793344904,,,0.91885882261031815,0.081141177389681851,0,0,0.14494777720095828
1,U2_L10,False,narrow_antisym,single_trial_operator,none,,20,0.99721518281093768,7.5668573512079063e-12,0.013704249713442494,0.96421144363204192,0.03578855636795808,0,0,0.065045084747036311
1,U2_L10,False,narrow_antisym,weighted_ERP_pipeline,blink_like,0.12036554935010801,18.039821779758004,0.99721518281093768,,,0.96421144363179123,0.035788556368208768,0,0,0.065045084747449383
1,U2_L10,False,narrow_antisym,weighted_ERP_pipeline,muscle_like,0.59552172457748798,15.161282242325404,0.99721518281093768,,,0.95520167188958949,0.044798328110410512,0,0,0.089559962831572137
1,U2_L10,False,narrow_antisym,weighted_ERP_pipeline,step_like,0.099875696638699329,18.039821779758004,0.99721518281093768,,,0.96421144363196554,0.035788556368034463,0,0,0.06504508474696441
1,U2_L10,False,shifted_antisym,single_trial_operator,none,,20,0.99559008813662453,7.7666761910677451e-12,0.0015904609065974585,0.91086589942848117,0.089134100571518826,0,0,0.22448333879562152
1,U2_L10,False,shifted_antisym,weighted_ERP_pipeline,blink_like,0.12036484791518909,18.039821779758004,0.99559008813662453,,,0.91086589942847118,0.089134100571528818,0,0,0.22448333879572194
1,U2_L10,False,shifted_antisym,weighted_ERP_pipeline,muscle_like,0.56920328447385815,15.144468521627214,0.99559008813662453,,,0.92929825784335396,0.12886530535344876,0,0,0.22026647801050736
1,U2_L10,False,shifted_antisym,weighted_ERP_pipeline,step_like,0.099895420428557147,18.039822261777704,0.99559008813662453,,,0.91084310995825446,0.089158156250023546,0,0,0.22451909842398221
1,U2_L10,False,biphasic_common,single_trial_operator,none,,20,0.97311984710898392,7.9563022836737218e-12,0.0019459292280557595,0.94009824529126806,0.059901754708731936,0,0,0.12756411268769491
1,U2_L10,False,biphasic_common,weighted_ERP_pipeline,blink_like,0.12036554935028521,18.039821779758004,0.97311984710898392,,,0.94009824529124997,0.059901754708750032,0,0,0.12756411268773671
1,U2_L10,False,biphasic_common,weighted_ERP_pipeline,muscle_like,0.5365281949912617,14.980165419992666,0.97311984710898392,,,0.97184413369738487,0.073703046314309684,0,0,0.12117200312833308
1,U2_L10,False,biphasic_common,weighted_ERP_pipeline,step_like,0.099875696638788702,18.039821779758004,0.97311984710898392,,,0.94009824529125918,0.059901754708740818,0,0,0.12756411268778164
1,U2_L10,False,oscillatory,single_trial_operator,none,,20,0.99999959488098589,8.4824508528313913e-12,0.027712705005512196,0.97304217702408358,0.026994159959905728,0,0,0.027743261063138173
1,U2_L10,False,oscillatory,weighted_ERP_pipeline,blink_like,0.12036554935030019,18.039821779758004,0.99999959488098589,,,0.97304217702378792,0.026994159960051722,0,0,0.027743261063138361
1,U2_L10,False,oscillatory,weighted_ERP_pipeline,muscle_like,0.51246831148840799,15.11954190436634,0.99999959488098589,,,0.99795726088246772,0.070635926983135922,0,0,0.097759701455293918
1,U2_L10,False,oscillatory,weighted_ERP_pipeline,step_like,0.099875696638703548,18.039821779758004,0.99999959488098589,,,0.97304217702405993,0.026994159959755626,0,0,0.027743261063137774
1,U2_L10,False,slow_common,single_trial_operator,none,,20,0.76651195327095367,5.1580961724084773e-12,6.7229687704918161e-05,0.72680585082766747,0.2731955682536803,-1,1,0.32123545575647861
1,U2_L10,False,slow_common,weighted_ERP_pipeline,blink_like,0.12036554935020516,18.039821779758004,0.76651195327095367,,,0.72680585082756388,0.2731955682538012,-1,1,0.32123545575655932
1,U2_L10,False,slow_common,weighted_ERP_pipeline,muscle_like,0.56334355405532999,15.277211191928835,0.76651195327095367,,,0.7551447931068388,0.27314647418750104,1,1,0.31106331493013234
1,U2_L10,False,slow_common,weighted_ERP_pipeline,step_like,0.099879448648057978,18.039821878934291,0.76651195327095367,,,0.72679780942781624,0.27320219057218376,-1,1,0.32123862032818923
1,U2_L10,False,outside_subspace_stress,single_trial_operator,none,,20,0.99999999999999978,7.3301364977851335e-12,0.022019787430310696,0.94130780634178779,2.0398657424338786,-1,54,0.081315085136809018
1,U2_L10,False,outside_subspace_stress,weighted_ERP_pipeline,blink_like,0.1203655493502942,18.039821779758004,0.99999999999999978,,,0.94130780634142408,2.0398657424338875,-1,54,0.081315085137082604
1,U2_L10,False,outside_subspace_stress,weighted_ERP_pipeline,muscle_like,0.51107692538481109,14.928981744770322,0.99999999999999978,,,0.98833342696046533,2.0769990569816459,-1,54,0.10783713635275258
1,U2_L10,False,outside_subspace_stress,weighted_ERP_pipeline,step_like,0.099875696638705214,18.039821779758004,0.99999999999999978,,,0.94130780634189515,2.0398657424340207,-1,54,0.081315085136910062
1,U2_L10,False,mixed_subspace_stress,single_trial_operator,none,,20,0.96671484575967848,5.0983661736836439e-12,0.010066503047980731,0.92626434417640924,0.073735655823590762,0,0,0.10680480326956056
1,U2_L10,False,mixed_subspace_stress,weighted_ERP_pipeline,blink_like,0.12036554935017785,18.039821779758004,0.96671484575967848,,,0.9262643441762326,0.073735655823767399,0,0,0.1068048032698454
1,U2_L10,False,mixed_subspace_stress,weighted_ERP_pipeline,muscle_like,0.52404418337758019,15.050088771058686,0.96671484575967848,,,0.95910440932992191,0.069350977268498482,0,0,0.095305339142492659
1,U2_L10,False,mixed_subspace_stress,weighted_ERP_pipeline,step_like,0.099875696638728417,18.039821779758004,0.96671484575967848,,,0.92626434417628956,0.073735655823710444,0,0,0.10680480326977899
1,U2_L100,False,broad_common,single_trial_operator,none,,20,0.91882010793344904,9.5455865434246334e-12,0.001598577767464087,0.91737010614401571,0.082629893855984293,0,0,0.14491454547210753
1,U2_L100,False,broad_common,weighted_ERP_pipeline,blink_like,0.12073866687310109,18.039821779758004,0.91882010793344904,,,0.91737010614379566,0.082629893856204339,0,0,0.14491454547207414
1,U2_L100,False,broad_common,weighted_ERP_pipeline,muscle_like,0.54699063700907202,15.233307981926737,0.91882010793344904,,,0.94694284433712017,0.08928111182533216,0,0,0.1297665017001495
1,U2_L100,False,broad_common,weighted_ERP_pipeline,step_like,0.12088220716183207,18.039822111211681,0.91882010793344904,,,0.9173436697151609,0.082656330284839097,0,0,0.14492763821197116
1,U2_L100,False,narrow_antisym,single_trial_operator,none,,20,0.99721518281093768,7.4862789578578059e-12,0.084749752869021824,0.89190840823402429,0.10809159176597571,0,0,0.10421972528824222
1,U2_L100,False,narrow_antisym,weighted_ERP_pipeline,blink_like,0.12073866687325752,18.039821779758004,0.99721518281093768,,,0.89190840823377204,0.10809159176622796,0,0,0.10421972528849807
1,U2_L100,False,narrow_antisym,weighted_ERP_pipeline,muscle_like,0.60035746795196243,15.161282242325404,0.99721518281093768,,,0.88301958574674211,0.11698041425325789,0,0,0.12130230766942005
1,U2_L100,False,narrow_antisym,weighted_ERP_pipeline,step_like,0.1208690906715566,18.039821779758004,0.99721518281093768,,,0.89190840823394724,0.10809159176605276,0,0,0.10421972528819519
1,U2_L100,False,shifted_antisym,single_trial_operator,none,,20,0.99559008813662453,7.7069461923429117e-12,0.014389160802371733,0.89791694814211698,0.10208305185788302,0,0,0.22486129355678397
1,U2_L100,False,shifted_antisym,weighted_ERP_pipeline,blink_like,0.12073785866212627,18.039821779758004,0.99559008813662453,,,0.89791694814210543,0.10208305185789457,0,0,0.22486129355688417
1,U2_L100,False,shifted_antisym,weighted_ERP_pipeline,muscle_like,0.574020708870144,15.144468521627214,0.99559008813662453,,,0.91651401767915619,0.14050896588142681,0,0,0.2205749007885569
1,U2_L100,False,shifted_antisym,weighted_ERP_pipeline,step_like,0.12088846435289768,18.039822261777704,0.99559008813662453,,,0.89789628933447485,0.10210371066552515,0,0,0.22489719732288149
1,U2_L100,False,biphasic_common,single_trial_operator,none,,20,0.97311984710898392,7.8740347575489977e-12,0.016064058923524072,0.93345549799006589,0.066544502009934114,0,0,0.12836438892131591
1,U2_L100,False,biphasic_common,weighted_ERP_pipeline,blink_like,0.12073866687343482,18.039821779758004,0.97311984710898392,,,0.93345549799004779,0.066544502009952211,0,0,0.12836438892135785
1,U2_L100,False,biphasic_common,weighted_ERP_pipeline,muscle_like,0.54179660381240724,14.980165419992666,0.97311984710898392,,,0.96632676084342339,0.078858731367535184,0,0,0.12150869311529647
1,U2_L100,False,biphasic_common,weighted_ERP_pipeline,step_like,0.12086909067164642,18.039821779758004,0.97311984710898392,,,0.93345549799005545,0.066544502009944551,0,0,0.12836438892140173
1,U2_L100,False,oscillatory,single_trial_operator,none,,20,0.99999959488098589,8.4972003391858841e-12,0.21149618227852252,0.79635675839980469,0.2038580753006447,0,0,0.21152068754034489
1,U2_L100,False,oscillatory,weighted_ERP_pipeline,blink_like,0.12073866687344981,18.039821779758004,0.99999959488098589,,,0.79635675839950892,0.20385807530079281,0,0,0.21152068754034545
1,U2_L100,False,oscillatory,weighted_ERP_pipeline,muscle_like,0.51789130620876045,15.11954190436634,0.99999959488098589,,,0.822010283212399,1.7519588541894748,0,14,0.23168378169361389
1,U2_L100,False,oscillatory,weighted_ERP_pipeline,step_like,0.12086909067156082,18.039821779758004,0.99999959488098589,,,0.79635675839978071,0.20385807530049704,0,0,0.21152068754034448
1,U2_L100,False,slow_common,single_trial_operator,none,,20,0.76651195327095367,5.1665338673956285e-12,0.00029195897960193834,0.7267891247143986,0.27322616498347729,-1,1,0.32123809002612214
1,U2_L100,False,slow_common,weighted_ERP_pipeline,blink_like,0.12073866687335499,18.039821779758004,0.76651195327095367,,,0.72678912471429546,0.27322616498359864,-1,1,0.32123809002620285
1,U2_L100,False,slow_common,weighted_ERP_pipeline,muscle_like,0.56823224314591736,15.277211191928835,0.76651195327095367,,,0.7543525595849615,0.27396861146123919,1,1,0.31103452513997198
1,U2_L100,False,slow_common,weighted_ERP_pipeline,step_like,0.12087281612943912,18.039821878934291,0.76651195327095367,,,0.72678119281449238,0.27322905461369507,-1,1,0.32124127339149527
1,U2_L100,False,outside_subspace_stress,single_trial_operator,none,,20,0.99999999999999978,7.2950534502069786e-12,0.051981879759835356,0.93576680608026375,2.0198660392415451,-2,54,0.093259512658368099
1,U2_L100,False,outside_subspace_stress,weighted_ERP_pipeline,blink_like,0.12073866687344359,18.039821779758004,0.99999999999999978,,,0.9357668060799017,2.0198660392415571,-2,54,0.093259512658605867
1,U2_L100,False,outside_subspace_stress,weighted_ERP_pipeline,muscle_like,0.51676424425825285,14.928981744770322,0.99999999999999978,,,0.98543653905353401,2.0565003394169805,-2,54,0.11596479924582601
1,U2_L100,False,outside_subspace_stress,weighted_ERP_pipeline,step_like,0.12086909067156237,18.039821779758004,0.99999999999999978,,,0.93576680608037199,2.0198660392416903,-2,54,0.093259512658455779
1,U2_L100,False,mixed_subspace_stress,single_trial_operator,none,,20,0.96671484575967848,5.0790482930551661e-12,0.023830880788288596,0.92221636248752581,0.077783637512474191,0,0,0.10866531875544864
1,U2_L100,False,mixed_subspace_stress,weighted_ERP_pipeline,blink_like,0.12073866687332713,18.039821779758004,0.96671484575967848,,,0.92221636248735006,0.077783637512649939,0,0,0.10866531875572821
1,U2_L100,False,mixed_subspace_stress,weighted_ERP_pipeline,muscle_like,0.52950428693770735,15.050088771058686,0.96671484575967848,,,0.9579278489822628,0.071199617998487286,0,0,0.096693321710620422
1,U2_L100,False,mixed_subspace_stress,weighted_ERP_pipeline,step_like,0.1208690906715858,18.039821779758004,0.96671484575967848,,,0.9222163624874089,0.077783637512591097,0,0,0.10866531875566354
1,U4_L1,False,broad_common,single_trial_operator,none,,20,0.67811692143408298,9.574341319762425e-12,1.6165316745221653e-05,0.9190392663939333,0.080960733606066704,0,0,0.14493815578017111
1,U4_L1,False,broad_common,weighted_ERP_pipeline,blink_like,0.12032788828961916,18.039821779758004,0.67811692143408298,,,0.91903926639371381,0.080960733606286195,0,0,0.14493815578013761
1,U4_L1,False,broad_common,weighted_ERP_pipeline,muscle_like,0.53958249638214051,15.233307981926737,0.67811692143408298,,,0.94707959967615019,0.089432373102178664,0,0,0.13002967271735677
1,U4_L1,False,broad_common,weighted_ERP_pipeline,step_like,0.091268257305235689,18.039822111211681,0.67811692143408298,,,0.91901308437476881,0.080986915625231193,0,0,0.14495107774742275
1,U4_L1,False,narrow_antisym,single_trial_operator,none,,20,0.93436076959264047,7.5245573660787102e-12,0.0015162519511644887,0.97750191846315748,0.022499312768827995,0,0,0.063651999014187485
1,U4_L1,False,narrow_antisym,weighted_ERP_pipeline,blink_like,0.12032788828977559,18.039821779758004,0.93436076959264047,,,0.97750191846290668,0.022499312769258317,0,0,0.063651999014609884
1,U4_L1,False,narrow_antisym,weighted_ERP_pipeline,muscle_like,0.59312850289908292,15.161282242325404,0.93436076959264047,,,0.96824272988198523,0.031757270118014769,0,0,0.0885846038391115
1,U4_L1,False,narrow_antisym,weighted_ERP_pipeline,step_like,0.091255030166516704,18.039821779758004,0.93436076959264047,,,0.97750191846308088,0.022499312769128754,0,0,0.06365199901411453
1,U4_L1,False,shifted_antisym,single_trial_operator,none,,20,0.88617498069831202,7.7720052615859458e-12,0.00016097916963743968,0.91235757294181952,0.087644019434707343,0,0,0.22447874832031497
1,U4_L1,False,shifted_antisym,weighted_ERP_pipeline,blink_like,0.12032721055190165,18.039821779758004,0.88617498069831202,,,0.91235757294180952,0.087644019434454545,0,0,0.22447874832041531
1,U4_L1,False,shifted_antisym,weighted_ERP_pipeline,muscle_like,0.56685661841770107,15.144468521627214,0.88617498069831202,,,0.9307492916528034,0.12779332698160895,0,0,0.22029899011781534
1,U4_L1,False,shifted_antisym,weighted_ERP_pipeline,step_like,0.091274886858993209,18.039822261777704,0.88617498069831202,,,0.91233455364477878,0.087677398119366923,0,0,0.22451449107872035
1,U4_L1,False,biphasic_common,single_trial_operator,none,,20,0.90132336392010826,8.0100370780655794e-12,0.00020004780835470551,0.94081756082144197,0.059182439178558033,0,0,0.1275692647972462
1,U4_L1,False,biphasic_common,weighted_ERP_pipeline,blink_like,0.12032788828995322,18.039821779758004,0.90132336392010826,,,0.94081756082142187,0.059182439178578128,0,0,0.12756926479728795
1,U4_L1,False,biphasic_common,weighted_ERP_pipeline,muscle_like,0.5339862463894649,14.980165419992666,0.90132336392010826,,,0.97176199509803152,0.073739131565344396,0,0,0.12136110507841459
1,U4_L1,False,biphasic_common,weighted_ERP_pipeline,step_like,0.09125503016660641,18.039821779758004,0.90132336392010826,,,0.94081756082143331,0.059182439178566693,0,0,0.12756926479733291
1,U4_L1,False,oscillatory,single_trial_operator,none,,20,0.99998494768432666,8.4708746093953291e-12,0.0028660157970106228,0.99717489604960474,0.002854040920919565,0,0,0.0028974823742424858
1,U4_L1,False,oscillatory,weighted_ERP_pipeline,blink_like,0.1203278882899681,18.039821779758004,0.99998494768432666,,,0.99717489604930942,0.0028540409207213902,0,0,0.0028974823742434022
1,U4_L1,False,oscillatory,weighted_ERP_pipeline,muscle_like,0.51007529790045203,15.11954190436634,0.99998494768432666,,,1.0222529373959448,0.046901349928426206,0,0,0.093807437664833571
1,U4_L1,False,oscillatory,weighted_ERP_pipeline,step_like,0.091255030166521034,18.039821779758004,0.99998494768432666,,,0.99717489604958087,0.0028540409206374573,0,0,0.0028974823742405099
1,U4_L1,False,slow_common,single_trial_operator,none,,20,0.28517847147891023,5.1334492212617988e-12,1.4995877328790204e-05,0.72680765831031535,0.27319239246665517,-1,1,0.32123513743212284
1,U4_L1,False,slow_common,weighted_ERP_pipeline,blink_like,0.12032788828987306,18.039821779758004,0.28517847147891023,,,0.72680765831021188,0.27319239246677618,-1,1,0.32123513743220355
1,U4_L1,False,slow_common,weighted_ERP_pipeline,muscle_like,0.56111481718241696,15.277211191928835,0.28517847147891023,,,0.7560091749029817,0.27238344696186623,1,1,0.31107227464794068
1,U4_L1,False,slow_common,weighted_ERP_pipeline,step_like,0.091258787052981072,18.039821878934291,0.28517847147891023,,,0.72679952358491451,0.27320047641508549,-1,1,0.32123829821940675
1,U4_L1,False,outside_subspace_stress,single_trial_operator,none,,20,1,7.3603345640549378e-12,0.0042996553294458867,0.94315141644523759,2.0393017402680913,0,54,0.078443295064649157
1,U4_L1,False,outside_subspace_stress,weighted_ERP_pipeline,blink_like,0.12032788828996177,18.039821779758004,1,,,0.9431514164448711,2.0393017402681006,0,54,0.078443295064933818
1,U4_L1,False,outside_subspace_stress,weighted_ERP_pipeline,muscle_like,0.50852652425139178,14.928981744770322,1,,,0.98818451109815963,2.0770967891921668,0,54,0.10600731275705144
1,U4_L1,False,outside_subspace_stress,weighted_ERP_pipeline,step_like,0.091255030166522588,18.039821779758004,1,,,0.94315141644534106,2.0393017402682339,0,54,0.078443295064754559
1,U4_L1,False,mixed_subspace_stress,single_trial_operator,none,,20,0.8792030723497839,5.0857096312029171e-12,0.0019653046118912579,0.92826164925831078,0.071738350741689216,0,0,0.1066229904381254
1,U4_L1,False,mixed_subspace_stress,weighted_ERP_pipeline,blink_like,0.12032788828984542,18.039821779758004,0.8792030723497839,,,0.92826164925813492,0.071738350741865076,0,0,0.10662299043841117
1,U4_L1,False,mixed_subspace_stress,weighted_ERP_pipeline,muscle_like,0.52158526006487027,15.050088771058686,0.8792030723497839,,,0.96079804206691799,0.069460146570017756,1,1,0.095309550752927033
1,U4_L1,False,mixed_subspace_stress,weighted_ERP_pipeline,step_like,0.091255030166546014,18.039821779758004,0.8792030723497839,,,0.92826164925819243,0.071738350741807566,0,0,0.10662299043834488
1,U4_L10,False,broad_common,single_trial_operator,none,,20,0.67811692143408298,9.5594643312324479e-12,0.00016135906354086056,0.91888138137409991,0.081118618625900085,0,0,0.1449411690273871
1,U4_L10,False,broad_common,weighted_ERP_pipeline,blink_like,0.1203632806083712,18.039821779758004,0.67811692143408298,,,0.91888138137387965,0.081118618626120353,0,0,0.14494116902735363
1,U4_L10,False,broad_common,weighted_ERP_pipeline,muscle_like,0.5418988179260491,15.233307981926737,0.67811692143408298,,,0.9471963771649905,0.089256643081136122,0,0,0.12998868998556246
1,U4_L10,False,broad_common,weighted_ERP_pipeline,step_like,0.099937205037032628,18.039822111211681,0.67811692143408298,,,0.91885485931119926,0.081145140688800743,0,0,0.14495411160025612
1,U4_L10,False,narrow_antisym,single_trial_operator,none,,20,0.93436076959264047,7.5764834944064274e-12,0.013704070581539969,0.96421325666175617,0.03579818113913702,0,0,0.065014780293345717
1,U4_L10,False,narrow_antisym,weighted_ERP_pipeline,blink_like,0.12036328060852752,18.039821779758004,0.93436076959264047,,,0.96421325666150548,0.035798181139566676,0,0,0.065014780293758692
1,U4_L10,False,narrow_antisym,weighted_ERP_pipeline,muscle_like,0.59552921359038535,15.161282242325404,0.93436076959264047,,,0.95520686665380483,0.044793133346195169,0,0,0.089541147962242273
1,U4_L10,False,narrow_antisym,weighted_ERP_pipeline,step_like,0.099924001858448963,18.039821779758004,0.93436076959264047,,,0.96421325666167956,0.035798181139437557,0,0,0.065014780293273997
1,U4_L10,False,shifted_antisym,single_trial_operator,none,,20,0.88617498069831202,7.7615691651544694e-12,0.001590339222957596,0.91085870418610082,0.089157184630182074,0,0,0.22449597931457049
1,U4_L10,False,shifted_antisym,weighted_ERP_pipeline,blink_like,0.1203625858054016,18.039821779758004,0.88617498069831202,,,0.91085870418609094,0.08915718462992972,0,0,0.22449597931467094
1,U4_L10,False,shifted_antisym,weighted_ERP_pipeline,muscle_like,0.56921352367010203,15.144468521627214,0.88617498069831202,,,0.92929594381289771,0.12896443621921705,0,0,0.22026706826484474
1,U4_L10,False,shifted_antisym,weighted_ERP_pipeline,step_like,0.099943721475374225,18.039822261777704,0.88617498069831202,,,0.91083591100426509,0.089188772979825193,0,0,0.22453174731566927
1,U4_L10,False,biphasic_common,single_trial_operator,none,,20,0.90132336392010826,7.9609652203771475e-12,0.0019447616655300876,0.94008232499465039,0.059917675005349613,0,0,0.12760046860718138
1,U4_L10,False,biphasic_common,weighted_ERP_pipeline,blink_like,0.12036328060870494,18.039821779758004,0.90132336392010826,,,0.94008232499463162,0.059917675005368376,0,0,0.12760046860722321
1,U4_L10,False,biphasic_common,weighted_ERP_pipeline,muscle_like,0.53654590826519866,14.980165419992666,0.90132336392010826,,,0.97180088724195157,0.073782583604552587,0,0,0.12126801371007041
1,U4_L10,False,biphasic_common,weighted_ERP_pipeline,step_like,0.099924001858538558,18.039821779758004,0.90132336392010826,,,0.94008232499464128,0.059917675005358717,0,0,0.12760046860726804
1,U4_L10,False,oscillatory,single_trial_operator,none,,20,0.99998494768432666,8.4819391094059782e-12,0.027710520546548347,0.97305486948310393,0.027222013318729976,0,0,0.027741072555449744
1,U4_L10,False,oscillatory,weighted_ERP_pipeline,blink_like,0.12036328060871981,18.039821779758004,0.99998494768432666,,,0.97305486948280784,0.027222013318531579,0,0,0.027741072555450597
1,U4_L10,False,oscillatory,weighted_ERP_pipeline,muscle_like,0.51249523665853625,15.11954190436634,0.99998494768432666,,,0.99796995821324497,0.070936089537921299,0,0,0.097836567456652729
1,U4_L10,False,oscillatory,weighted_ERP_pipeline,step_like,0.099924001858453182,18.039821779758004,0.99998494768432666,,,0.9730548694830804,0.02722201331844587,0,0,0.027741072555447627
1,U4_L10,False,slow_common,single_trial_operator,none,,20,0.28517847147891023,5.1554316371493769e-12,6.7197166649212049e-05,0.72680659024297434,0.27319420402420069,-1,1,0.32123455599051903
1,U4_L10,False,slow_common,weighted_ERP_pipeline,blink_like,0.12036328060862489,18.039821779758004,0.28517847147891023,,,0.72680659024287131,0.27319420402432237,-1,1,0.32123455599059969
1,U4_L10,False,slow_common,weighted_ERP_pipeline,muscle_like,0.56336789087487449,15.277211191928835,0.28517847147891023,,,0.75514029022853102,0.27314753214054643,1,1,0.31106360771785052
1,U4_L10,False,slow_common,weighted_ERP_pipeline,step_like,0.099927751939110854,18.039821878934291,0.28517847147891023,,,0.72679854936007426,0.27320145063992574,-1,1,0.32123771963562564
1,U4_L10,False,outside_subspace_stress,single_trial_operator,none,,20,1,7.3283601409457333e-12,0.02192206974449714,0.94116475764291685,2.0381737288430681,-1,54,0.080715271381957471
1,U4_L10,False,outside_subspace_stress,weighted_ERP_pipeline,blink_like,0.12036328060871371,18.039821779758004,1,,,0.94116475764255292,2.038173728843077,-1,54,0.080715271382229489
1,U4_L10,False,outside_subspace_stress,weighted_ERP_pipeline,muscle_like,0.51112331817366718,14.928981744770322,1,,,0.98814421544320707,2.0753120729632579,-1,54,0.10716686293726421
1,U4_L10,False,outside_subspace_stress,weighted_ERP_pipeline,step_like,0.099924001858454847,18.039821779758004,1,,,0.94116475764302443,2.0381737288432111,-1,54,0.080715271382057821
1,U4_L10,False,mixed_subspace_stress,single_trial_operator,none,,20,0.8792030723497839,5.1041393334116947e-12,0.010021647251094848,0.92619999560078659,0.073800004399213415,0,0,0.10721856667406708
1,U4_L10,False,mixed_subspace_stress,weighted_ERP_pipeline,blink_like,0.12036328060859758,18.039821779758004,0.8792030723497839,,,0.92619999560061028,0.073800004399389718,0,0,0.1072185666743514
1,U4_L10,False,mixed_subspace_stress,weighted_ERP_pipeline,muscle_like,0.52407814331278901,15.050088771058686,0.8792030723497839,,,0.95901321174814125,0.069704752308873186,0,0,0.095765517585328128
1,U4_L10,False,mixed_subspace_stress,weighted_ERP_pipeline,step_like,0.099924001858478273,18.039821779758004,0.8792030723497839,,,0.92619999560066779,0.073800004399332209,0,0,0.10721856667428657
1,U4_L100,False,broad_common,single_trial_operator,none,,20,0.67811692143408298,9.5431440527704581e-12,0.0015936283397693088,0.91733079492831771,0.082669205071682295,0,0,0.14497699862639354
1,U4_L100,False,broad_common,weighted_ERP_pipeline,blink_like,0.12071623258411146,18.039821779758004,0.67811692143408298,,,0.91733079492809777,0.08266920507190223,0,0,0.14497699862636029
1,U4_L100,False,broad_common,weighted_ERP_pipeline,muscle_like,0.54701435054715475,15.233307981926737,0.67811692143408298,,,0.94686040053089271,0.089364008550830043,0,0,0.1298948440625656
1,U4_L100,False,broad_common,weighted_ERP_pipeline,step_like,0.12094191992473269,18.039822111211681,0.67811692143408298,,,0.91730440348181352,0.082695596518186476,0,0,0.14499001879276663
1,U4_L100,False,narrow_antisym,single_trial_operator,none,,20,0.93436076959264047,7.496069737156219e-12,0.084749315913978732,0.89189645288547126,0.10814566209463572,0,0,0.10419443359394076
1,U4_L100,False,narrow_antisym,weighted_ERP_pipeline,blink_like,0.12071623258426789,18.039821779758004,0.93436076959264047,,,0.89189645288521935,0.1081456620950626,0,0,0.10419443359419667
1,U4_L100,False,narrow_antisym,weighted_ERP_pipeline,muscle_like,0.60029408132022644,15.161282242325404,0.93436076959264047,,,0.88301477539521878,0.11698522460478122,0,0,0.12129559463777279
1,U4_L100,False,narrow_antisym,weighted_ERP_pipeline,step_like,0.12092884383979119,18.039821779758004,0.93436076959264047,,,0.8918964528853941,0.10814566209493648,0,0,0.10419443359389415
1,U4_L100,False,shifted_antisym,single_trial_operator,none,,20,0.88617498069831202,7.7069461923429117e-12,0.014388059176585094,0.89785304096880081,0.10230597305397837,0,0,0.22497239903911265
1,U4_L100,False,shifted_antisym,weighted_ERP_pipeline,blink_like,0.12071548656657816,18.039821779758004,0.88617498069831202,,,0.89785304096878937,0.10230597305372902,0,0,0.22497239903921287
1,U4_L100,False,shifted_antisym,weighted_ERP_pipeline,muscle_like,0.57397487073372111,15.144468521627214,0.88617498069831202,,,0.91645259512535215,0.1410278037521665,0,0,0.22067545557344939
1,U4_L100,False,shifted_antisym,weighted_ERP_pipeline,step_like,0.1209481959690768,18.039822261777704,0.88617498069831202,,,0.89783248510198155,0.10232459909531566,0,0,0.225008118701085
1,U4_L100,False,biphasic_common,single_trial_operator,none,,20,0.90132336392010826,7.8791417834622735e-12,0.016054809082996412,0.93333384090966542,0.066682274972408195,0,0,0.12864858957635178
1,U4_L100,False,biphasic_common,weighted_ERP_pipeline,blink_like,0.1207162325844453,18.039821779758004,0.90132336392010826,,,0.93333384090964711,0.066682274972455602,0,0,0.12864858957639411
1,U4_L100,False,biphasic_common,weighted_ERP_pipeline,muscle_like,0.54175741707079439,14.980165419992666,0.90132336392010826,,,0.96611962467230605,0.07930526284640127,0,0,0.12202923156533116
1,U4_L100,False,biphasic_common,weighted_ERP_pipeline,step_like,0.12092884383988045,18.039821779758004,0.90132336392010826,,,0.93333384090965443,0.066682274972361677,0,0,0.12864858957643768
1,U4_L100,False,oscillatory,single_trial_operator,none,,20,0.99998494768432666,8.4945314671180938e-12,0.21148212684273049,0.79645698733438519,0.20545953207214973,0,0,0.21150662829109718
1,U4_L100,False,oscillatory,weighted_ERP_pipeline,blink_like,0.12071623258446018,18.039821779758004,0.99998494768432666,,,0.79645698733408965,0.20545953207195022,0,0,0.2115066282910982
1,U4_L100,False,oscillatory,weighted_ERP_pipeline,muscle_like,0.51790447315047661,15.11954190436634,0.99998494768432666,,,0.82210063608456896,1.7537044159783197,0,14,0.23188044270027866
1,U4_L100,False,oscillatory,weighted_ERP_pipeline,step_like,0.1209288438397953,18.039821779758004,0.99998494768432666,,,0.79645698733436121,0.20545953207186529,0,0,0.21150662829109521
1,U4_L100,False,slow_common,single_trial_operator,none,,20,0.28517847147891023,5.1609827522725027e-12,0.00029119862583226269,0.72679592702136941,0.27321292033311739,-1,1,0.32122928099193371
1,U4_L100,False,slow_common,weighted_ERP_pipeline,blink_like,0.12071623258436537,18.039821779758004,0.28517847147891023,,,0.72679592702126616,0.27321292033323874,-1,1,0.32122928099201448
1,U4_L100,False,slow_common,weighted_ERP_pipeline,muscle_like,0.56824193409694979,15.277211191928835,0.28517847147891023,,,0.75431589234208085,0.27399802124022576,1,1,0.31104961755191662
1,U4_L100,False,slow_common,weighted_ERP_pipeline,step_like,0.12093255782151557,18.039821878934291,0.28517847147891023,,,0.72678801413525629,0.27321578931601642,-1,1,0.32123245238662845
1,U4_L100,False,outside_subspace_stress,single_trial_operator,none,,20,1,7.3017147883547295e-12,0.051659294141927554,0.93571931650577234,2.0145738671677869,-2,54,0.091144662090658649
1,U4_L100,False,outside_subspace_stress,weighted_ERP_pipeline,blink_like,0.12071623258445396,18.039821779758004,1,,,0.93571931650540996,2.0145738671677988,-2,54,0.091144662090891532
1,U4_L100,False,outside_subspace_stress,weighted_ERP_pipeline,muscle_like,0.51683611203950852,14.928981744770322,1,,,0.98523239362370796,2.0511650504332435,-2,54,0.1137289553260703
1,U4_L100,False,outside_subspace_stress,weighted_ERP_pipeline,step_like,0.12092884383979696,18.039821779758004,1,,,0.93571931650587958,2.0145738671679303,-2,54,0.091144662090744177
1,U4_L100,False,mixed_subspace_stress,single_trial_operator,none,,20,0.8792030723497839,5.0879300772521674e-12,0.023682682313551029,0.92214515343517822,0.077854846564821778,0,0,0.10959454770688279
1,U4_L100,False,mixed_subspace_stress,weighted_ERP_pipeline,blink_like,0.12071623258433783,18.039821779758004,0.8792030723497839,,,0.92214515343500281,0.077854846564997193,0,0,0.10959454770716145
1,U4_L100,False,mixed_subspace_stress,weighted_ERP_pipeline,muscle_like,0.52953045657239772,15.050088771058686,0.8792030723497839,,,0.95775697334243748,0.072132446953812823,0,0,0.097814085071700224
1,U4_L100,False,mixed_subspace_stress,weighted_ERP_pipeline,step_like,0.12092884383982039,18.039821779758004,0.8792030723497839,,,0.92214515343506132,0.077854846564938684,0,0,0.10959454770710098
2,P0,False,broad_common,single_trial_operator,none,,20,1,6.3522520576952957e-11,0,0.91905684302127655,0.080943156978736885,0,0,0.14493782830339161
2,P0,False,broad_common,weighted_ERP_pipeline,blink_like,0.28587811215063386,20,1,,,0.91905684302155111,0.080943156978737996,0,0,0.14493782830302188
2,P0,False,broad_common,weighted_ERP_pipeline,muscle_like,0.99948464518190372,20,1,,,0.91905684302137758,0.080943156978872666,0,0,0.14493782830316282
2,P0,False,broad_common,weighted_ERP_pipeline,step_like,0.26067546480605075,20,1,,,0.91905684302123136,0.080943156978768638,0,0,0.14493782830318838
2,P0,False,narrow_antisym,single_trial_operator,none,,20,1,3.6503022826650522e-11,0,0.97920495178161349,0.020795048218386514,0,0,0.063634699733543076
2,P0,False,narrow_antisym,weighted_ERP_pipeline,blink_like,0.28587811215068848,20,1,,,0.97920495178148648,0.020795048218836376,0,0,0.063634699733919206
2,P0,False,narrow_antisym,weighted_ERP_pipeline,muscle_like,0.99948464518190372,20,1,,,0.97920495178155997,0.020795048218450018,0,0,0.063634699733750869
2,P0,False,narrow_antisym,weighted_ERP_pipeline,step_like,0.26067546480595949,20,1,,,0.97920495178133449,0.020795048218665513,0,0,0.063634699734148176
2,P0,False,shifted_antisym,single_trial_operator,none,,20,1,5.1118220767421008e-11,0,0.91252725086090214,0.087472749139097861,0,0,0.22447726699095114
2,P0,False,shifted_antisym,weighted_ERP_pipeline,blink_like,0.28587811215061953,20,1,,,0.91252725086100228,0.087472749139160033,0,0,0.224477266990812
2,P0,False,shifted_antisym,weighted_ERP_pipeline,muscle_like,0.99948464518190372,20,1,,,0.91252725086110276,0.08747274913908365,0,0,0.22447726699068701
2,P0,False,shifted_antisym,weighted_ERP_pipeline,step_like,0.26067546480600612,20,1,,,0.9125272508609622,0.087472749139114403,0,0,0.22447726699087206
2,P0,False,biphasic_common,single_trial_operator,none,,20,1,3.5647929053084226e-11,0,0.94090013037138776,0.059099869628612245,0,0,0.12756709843055447
2,P0,False,biphasic_common,weighted_ERP_pipeline,blink_like,0.2858781121506625,20,1,,,0.94090013037118403,0.059099869628815971,0,0,0.12756709843063388
2,P0,False,biphasic_common,weighted_ERP_pipeline,muscle_like,0.99948464518190372,20,1,,,0.94090013037126663,0.05909986962873337,0,0,0.12756709843065137
2,P0,False,biphasic_common,weighted_ERP_pipeline,step_like,0.26067546480594683,20,1,,,0.94090013037092857,0.059099869629071433,0,0,0.12756709843047534
2,P0,False,oscillatory,single_trial_operator,none,,20,1,4.3496643786777867e-11,0,0.99996373204406541,3.6267955934587981e-05,0,0,3.8976750167415445e-05
2,P0,False,oscillatory,weighted_ERP_pipeline,blink_like,0.28587811215068315,20,1,,,0.99996373204404343,3.6267956110114241e-05,0,0,3.8976750168586573e-05
2,P0,False,oscillatory,weighted_ERP_pipeline,muscle_like,0.99948464518190372,20,1,,,0.99996373204414923,3.6267956322166839e-05,0,0,3.8976750168265757e-05
2,P0,False,oscillatory,weighted_ERP_pipeline,step_like,0.26067546480596149,20,1,,,0.99996373204386013,3.6267956231905707e-05,0,0,3.8976750168821275e-05
2,P0,False,slow_common,single_trial_operator,none,,20,1,3.5704772471945034e-11,0,0.72680778881343411,0.27319221118656589,-1,1,0.32123521545868872
2,P0,False,slow_common,weighted_ERP_pipeline,blink_like,0.28587811215074643,20,1,,,0.72680778881375629,0.27319221118652826,-1,1,0.32123521545842126
2,P0,False,slow_common,weighted_ERP_pipeline,muscle_like,0.99948464518190372,20,1,,,0.72680778881391628,0.27319221118647097,-1,1,0.32123521545834743
2,P0,False,slow_common,weighted_ERP_pipeline,step_like,0.26067546480599391,20,1,,,0.72680778881357877,0.27319221118642123,-1,1,0.32123521545832501
2,P0,False,outside_subspace_stress,single_trial_operator,none,,20,1,3.9191316858477876e-11,0,1.0079354028227032,0.08742630822520403,0,0,0.13888596722490323
2,P0,False,outside_subspace_stress,weighted_ERP_pipeline,blink_like,0.28587811215069958,20,1,,,1.0079354028231517,0.087426308225318272,0,0,0.13888596722498664
2,P0,False,outside_subspace_stress,weighted_ERP_pipeline,muscle_like,0.99948464518190372,20,1,,,1.0079354028230063,0.087426308225376004,0,0,0.1388859672249862
2,P0,False,outside_subspace_stress,weighted_ERP_pipeline,step_like,0.26067546480609738,20,1,,,1.0079354028226482,0.087426308225151184,0,0,0.13888596722469757
2,P0,False,mixed_subspace_stress,single_trial_operator,none,,20,1,4.2801318045349035e-11,0,0.9493845402335177,0.083782541035339664,0,0,0.14146054584256623
2,P0,False,mixed_subspace_stress,weighted_ERP_pipeline,blink_like,0.28587811215076731,20,1,,,0.94938454023376673,0.083782541035450575,0,0,0.14146054584257817
2,P0,False,mixed_subspace_stress,weighted_ERP_pipeline,muscle_like,0.99948464518190372,20,1,,,0.94938454023369023,0.083782541035544167,0,0,0.14146054584251072
2,P0,False,mixed_subspace_stress,weighted_ERP_pipeline,step_like,0.2606754648060029,20,1,,,0.94938454023329533,0.083782541035188673,0,0,0.14146054584225776
2,W0,False,broad_common,single_trial_operator,none,,20,1,6.3522520576952957e-11,0,0.91905684302127655,0.080943156978736885,0,0,0.14493782830339161
2,W0,False,broad_common,weighted_ERP_pipeline,blink_like,0.1472491234122284,17.865958333428338,1,,,0.91751858878068215,0.085334975664129509,0,0,0.15106478166925036
2,W0,False,broad_common,weighted_ERP_pipeline,muscle_like,-3.1327072339208311,11.073732816714658,1,,,0.90481093129425127,0.095189068705748725,-1,1,0.16758630178346678
2,W0,False,broad_common,weighted_ERP_pipeline,step_like,0.10983501703885457,17.875996252174684,1,,,0.90963276019652439,0.090367239803475607,0,0,0.1671614186259866
2,W0,False,narrow_antisym,single_trial_operator,none,,20,1,3.6503022826650522e-11,0,0.97920495178161349,0.020795048218386514,0,0,0.063634699733543076
2,W0,False,narrow_antisym,weighted_ERP_pipeline,blink_like,0.12848209917201692,17.707793332532496,1,,,0.96870304359824355,0.11783792883277733,0,0,0.11125259708527638
2,W0,False,narrow_antisym,weighted_ERP_pipeline,muscle_like,-3.2267835525023267,11.0069017841047,1,,,0.96908217221318982,0.2387399421131392,0,0,0.19941363438091261
2,W0,False,narrow_antisym,weighted_ERP_pipeline,step_like,0.089316301178506419,17.624767681342572,1,,,0.98082556331083204,0.071646531344646491,0,0,0.10906649315553707
2,W0,False,shifted_antisym,single_trial_operator,none,,20,1,5.1118220767421008e-11,0,0.91252725086090214,0.087472749139097861,0,0,0.22447726699095114
2,W0,False,shifted_antisym,weighted_ERP_pipeline,blink_like,0.15211091055202042,17.735881500676911,1,,,0.91831577272238463,0.20062067876120027,0,1,0.21970052974723764
2,W0,False,shifted_antisym,weighted_ERP_pipeline,muscle_like,-2.745414257857349,11.131092008024892,1,,,0.83984546988844699,0.45229865926179658,0,1,0.27587197371299238
2,W0,False,shifted_antisym,weighted_ERP_pipeline,step_like,0.11647070306432439,17.677823562764907,1,,,0.90611814023599413,0.22021346538033715,0,0,0.21952446284536398
2,W0,False,biphasic_common,single_trial_operator,none,,20,1,3.5647929053084226e-11,0,0.94090013037138776,0.059099869628612245,0,0,0.12756709843055447
2,W0,False,biphasic_common,weighted_ERP_pipeline,blink_like,0.13233094890646446,17.757629551873684,1,,,0.9637912398633276,0.039226840595438905,0,0,0.084348253082661404
2,W0,False,biphasic_common,weighted_ERP_pipeline,muscle_like,-3.6862067430338907,10.878284529379615,1,,,1.0244411895201997,0.039177726307313643,-1,1,0.061309493506047988
2,W0,False,biphasic_common,weighted_ERP_pipeline,step_like,0.097205412261331503,17.744920600064962,1,,,0.96043793587836634,0.039562064121633655,0,0,0.10091895793781785
2,W0,False,oscillatory,single_trial_operator,none,,20,1,4.3496643786777867e-11,0,0.99996373204406541,3.6267955934587981e-05,0,0,3.8976750167415445e-05
2,W0,False,oscillatory,weighted_ERP_pipeline,blink_like,0.067562901449958801,17.488466455030423,1,,,1.0151874735418174,0.074757772957962265,0,0,0.16490312212492303
2,W0,False,oscillatory,weighted_ERP_pipeline,muscle_like,-3.6823809055367223,10.750908766086029,1,,,1.0451510863365125,1.9690050594852679,0,14,0.37718243154153414
2,W0,False,oscillatory,weighted_ERP_pipeline,step_like,0.029001643228696028,17.472522985324076,1,,,1.0391209550282858,0.039120955028285831,0,0,0.1728870136245049
2,W0,False,slow_common,single_trial_operator,none,,20,1,3.5704772471945034e-11,0,0.72680778881343411,0.27319221118656589,-1,1,0.32123521545868872
2,W0,False,slow_common,weighted_ERP_pipeline,blink_like,0.14538464037819609,17.903696600410317,1,,,0.92583097039878148,0.19577792862627552,0,3,0.19595938710501029
2,W0,False,slow_common,weighted_ERP_pipeline,muscle_like,-4.0323268474928637,11.133565129916935,1,,,1.0561371224775735,0.14010582457418086,0,5,0.21826031383269853
2,W0,False,slow_common,weighted_ERP_pipeline,step_like,0.10550568447995423,17.836903436937039,1,,,0.92773492251299361,0.19419215376817212,0,3,0.19419633390556154
2,W0,False,outside_subspace_stress,single_trial_operator,none,,20,1,3.9191316858477876e-11,0,1.0079354028227032,0.08742630822520403,0,0,0.13888596722490323
2,W0,False,outside_subspace_stress,weighted_ERP_pipeline,blink_like,0.16875011299134435,18.110621116455782,1,,,1.4475166445705039,0.44751664457050389,0,0,0.5206710645104532
2,W0,False,outside_subspace_stress,weighted_ERP_pipeline,muscle_like,-5.0577804558231207,11.222099794938943,1,,,1.823292763391748,0.82329276339174795,1,1,0.99090862298121052
2,W0,False,outside_subspace_stress,weighted_ERP_pipeline,step_like,0.13336654303497664,18.032273240866903,1,,,1.4216159379400806,0.42161593794008057,1,1,0.50220833905590434
2,W0,False,mixed_subspace_stress,single_trial_operator,none,,20,1,4.2801318045349035e-11,0,0.9493845402335177,0.083782541035339664,0,0,0.14146054584256623
2,W0,False,mixed_subspace_stress,weighted_ERP_pipeline,blink_like,0.15864180740456146,18.075463890172038,1,,,1.2877717888998335,0.28777178889983346,1,1,0.48102091765577043
2,W0,False,mixed_subspace_stress,weighted_ERP_pipeline,muscle_like,-5.0723197543062506,11.228626507209182,1,,,1.5712016776380799,0.57120167763807994,2,2,0.94096065183293121
2,W0,False,mixed_subspace_stress,weighted_ERP_pipeline,step_like,0.12358551975139243,18.065723822818462,1,,,1.2724516201026943,0.2724516201026943,1,1,0.45785254758573657
2,U0_L1,False,broad_common,single_trial_operator,none,,20,1,6.3591354404479716e-11,1.6253868514791185e-05,0.91903985484422779,0.080960145155785868,0,0,0.1449378126613485
2,U0_L1,False,broad_common,weighted_ERP_pipeline,blink_like,0.14725125176941867,17.865958333428338,1,,,0.91751547646702158,0.085343822275086412,0,0,0.15106413312701508
2,U0_L1,False,broad_common,weighted_ERP_pipeline,muscle_like,-3.1315992436115661,11.073732816714658,1,,,0.90488702928772158,0.095112970712278422,0,0,0.16758219832010429
2,U0_L1,False,broad_common,weighted_ERP_pipeline,step_like,0.1117651115000895,17.875996252174684,1,,,0.90958698185167108,0.090413018148328916,0,0,0.16714935038687109
2,U0_L1,False,narrow_antisym,single_trial_operator,none,,20,1,3.6509406609042117e-11,0.0015162795262854275,0.97750275733347991,0.02249724266652009,0,0,0.063654733048718534
2,U0_L1,False,narrow_antisym,weighted_ERP_pipeline,blink_like,0.12848240527543342,17.707793332532496,1,,,0.96689722551015067,0.11972306499100571,0,0,0.11124680004606982
2,U0_L1,False,narrow_antisym,weighted_ERP_pipeline,muscle_like,-3.2256191464005912,11.0069017841047,1,,,0.96733842199938069,0.24063541425715496,0,0,0.199383352303799
2,U0_L1,False,narrow_antisym,weighted_ERP_pipeline,step_like,0.09127221985570777,17.624767681342572,1,,,0.97911320080132136,0.073043345864145848,0,0,0.10901878162020907
2,U0_L1,False,shifted_antisym,single_trial_operator,none,,20,1,5.113598433581501e-11,0.00016099425245720377,0.9123584192069254,0.087641580793074603,0,0,0.22447731456095307
2,U0_L1,False,shifted_antisym,weighted_ERP_pipeline,blink_like,0.1521141219522032,17.735881500676911,1,,,0.91810475787471957,0.20141178328126585,0,1,0.21969343930628785
2,U0_L1,False,shifted_antisym,weighted_ERP_pipeline,muscle_like,-2.7443025020420428,11.131092008024892,1,,,0.83967289088457464,0.45247790228221552,0,1,0.27587044710239367
2,U0_L1,False,shifted_antisym,weighted_ERP_pipeline,step_like,0.11836415118603028,17.677823562764907,1,,,0.90602194373142197,0.22007767645363274,0,0,0.21952049935223295
2,U0_L1,False,biphasic_common,single_trial_operator,none,,20,1,3.5637270912047825e-11,0.00020046274558716408,0.94082421453416909,0.05917578546583091,0,0,0.12756733164286393
2,U0_L1,False,biphasic_common,weighted_ERP_pipeline,blink_like,0.13233379858230565,17.757629551873684,1,,,0.96352879270572778,0.039305403604024902,0,0,0.084342604728717199
2,U0_L1,False,biphasic_common,weighted_ERP_pipeline,muscle_like,-3.6850163907363935,10.878284529379615,1,,,1.0239803212190883,0.039064058336592655,0,0,0.061250741964014387
2,U0_L1,False,biphasic_common,weighted_ERP_pipeline,step_like,0.099147658592382615,17.744920600064962,1,,,0.96025929899072027,0.039740701009279733,0,0,0.10090060013610906
2,U0_L1,False,oscillatory,single_trial_operator,none,,20,1,4.3392626731392214e-11,0.002866255678943946,0.99717256095640971,0.0028274390435902852,0,0,0.0028977267517954399
2,U0_L1,False,oscillatory,weighted_ERP_pipeline,blink_like,0.067566553194553514,17.488466455030423,1,,,1.0121260301112485,0.072170966999727693,0,0,0.16484071809548828
2,U0_L1,False,oscillatory,weighted_ERP_pipeline,muscle_like,-3.6808841708139095,10.750908766086029,1,,,1.0417184111891777,1.9666356671747942,0,14,0.37701848169752278
2,U0_L1,False,oscillatory,weighted_ERP_pipeline,step_like,0.031082592078449323,17.472522985324076,1,,,1.0360368570529266,0.036036857052926585,0,0,0.17275680860297243
2,U0_L1,False,slow_common,single_trial_operator,none,,20,1,3.5900171724279062e-11,1.4999601347696732e-05,0.72680750380089543,0.27319249619910457,-1,1,0.32123518530516459
2,U0_L1,False,slow_common,weighted_ERP_pipeline,blink_like,0.14538676323895405,17.903696600410317,1,,,0.92574933394218684,0.19578895842680111,0,3,0.19590921336339678
2,U0_L1,False,slow_common,weighted_ERP_pipeline,muscle_like,-4.0308423491914827,11.133565129916935,1,,,1.0561067327014606,0.14007058827443342,0,5,0.21809509887127165
2,U0_L1,False,slow_common,weighted_ERP_pipeline,step_like,0.10741298682513545,17.836903436937039,1,,,0.92757037035680689,0.19424815900955095,0,3,0.19414420656960471
2,U0_L1,False,outside_subspace_stress,single_trial_operator,none,,20,1,3.9158898346158821e-11,0.0031473627945563659,1.0078982555646547,0.087568719161701614,0,0,0.13862784645397133
2,U0_L1,False,outside_subspace_stress,weighted_ERP_pipeline,blink_like,0.16875133718723456,18.110621116455782,1,,,1.4474586549459998,0.44745865494599979,0,0,0.52044799173886025
2,U0_L1,False,outside_subspace_stress,weighted_ERP_pipeline,muscle_like,-5.0561113775814972,11.222099794938943,1,,,1.8236586949863602,0.82365869498636024,1,1,0.9906022339859275
2,U0_L1,False,outside_subspace_stress,weighted_ERP_pipeline,step_like,0.13522875479177199,18.032273240866903,1,,,1.4216120341844527,0.4216120341844527,1,1,0.50197719773572003
2,U0_L1,False,mixed_subspace_stress,single_trial_operator,none,,20,1,4.2830627933199139e-11,0.0014248985679940446,0.94936068215407943,0.083854321849498925,0,0,0.14140905053139063
2,U0_L1,False,mixed_subspace_stress,weighted_ERP_pipeline,blink_like,0.15864526721539685,18.075463890172038,1,,,1.2877501226004604,0.2877501226004604,1,1,0.48084110627221149
2,U0_L1,False,mixed_subspace_stress,weighted_ERP_pipeline,muscle_like,-5.0706200454818759,11.228626507209182,1,,,1.5713323501158072,0.57133235011580719,2,2,0.94066772262304599
2,U0_L1,False,mixed_subspace_stress,weighted_ERP_pipeline,step_like,0.12546214937319367,18.065723822818462,1,,,1.2723766999672927,0.27237669996729275,1,1,0.45766814938855971
2,U0_L10,False,broad_common,single_trial_operator,none,,20,1,6.3492988644497927e-11,0.00016224458980122544,0.91888726170117618,0.081112738298835807,0,0,0.14493773828331133
2,U0_L10,False,broad_common,weighted_ERP_pipeline,blink_like,0.14728117608547331,17.865958333428338,1,,,0.91736279551192379,0.085498968246884854,0,0,0.1510587917853036
2,U0_L10,False,broad_common,weighted_ERP_pipeline,muscle_like,-3.1261500360389132,11.073732816714658,1,,,0.90491492639442439,0.09508507360557561,0,0,0.16755855943872058
2,U0_L10,False,broad_common,weighted_ERP_pipeline,step_like,0.12033471815877606,17.875996252174684,1,,,0.909156133738939,0.090843866261061001,0,1,0.16710245486175726
2,U0_L10,False,narrow_antisym,single_trial_operator,none,,20,1,3.6509295586739654e-11,0.01370431222367505,0.96422039238224122,0.035779607617759002,0,0,0.065039081016066716
2,U0_L10,False,narrow_antisym,weighted_ERP_pipeline,blink_like,0.12850986885406424,17.707793332532496,1,,,0.95330453089139178,0.13369386210993472,0,0,0.11198753939660727
2,U0_L10,False,narrow_antisym,weighted_ERP_pipeline,muscle_like,-3.2198807003792398,11.0069017841047,1,,,0.95378649573500773,0.25480049086061329,0,0,0.19968933178394602
2,U0_L10,False,narrow_antisym,weighted_ERP_pipeline,step_like,0.099956217361867994,17.624767681342572,1,,,0.96523182010634678,0.088499787853390743,0,0,0.10955408605376686
2,U0_L10,False,shifted_antisym,single_trial_operator,none,,20,1,5.1043613780166197e-11,0.0015904885224837112,0.91086705184771166,0.089132948152288338,0,0,0.22448181332220637
2,U0_L10,False,shifted_antisym,weighted_ERP_pipeline,blink_like,0.15214676924832959,17.735881500676911,1,,,0.9163757271085331,0.20520377317406124,0,0,0.21966805653623903
2,U0_L10,False,shifted_antisym,weighted_ERP_pipeline,muscle_like,-2.7388017761608054,11.131092008024892,1,,,0.83816364742231042,0.45517551381253851,0,1,0.2758568138810788
2,U0_L10,False,shifted_antisym,weighted_ERP_pipeline,step_like,0.12676910069426395,17.677823562764907,1,,,0.90475190682999351,0.22097882939944125,0,0,0.21950565402721739
2,U0_L10,False,biphasic_common,single_trial_operator,none,,20,1,3.54614115849472e-11,0.0019487788556828047,0.94014689290994768,0.059853107090052315,0,0,0.12758152577901527
2,U0_L10,False,biphasic_common,weighted_ERP_pipeline,blink_like,0.13236687777902156,17.757629551873684,1,,,0.96222891157467261,0.040006216374939618,0,0,0.084325709214393224
2,U0_L10,False,biphasic_common,weighted_ERP_pipeline,muscle_like,-3.6791266714905868,10.878284529379615,1,,,1.0222368013385263,0.038256630135335534,0,0,0.06098755413482667
2,U0_L10,False,biphasic_common,weighted_ERP_pipeline,step_like,0.1077709451335469,17.744920600064962,1,,,0.95915544373572315,0.040844556264276854,0,0,0.10084247155638104
2,U0_L10,False,oscillatory,single_trial_operator,none,,20,1,4.3265221266741705e-11,0.027712794176488548,0.97303260920606049,0.026967390793939505,0,0,0.027743350690983201
2,U0_L10,False,oscillatory,weighted_ERP_pipeline,blink_like,0.067602966531048914,17.488466455030423,1,,,0.98638148931188907,0.049181988224402451,0,0,0.16657152689313859
2,U0_L10,False,oscillatory,weighted_ERP_pipeline,muscle_like,-3.6736639622521965,10.750908766086029,1,,,1.0145395017762917,1.9468601309949851,0,14,0.37701247213848993
2,U0_L10,False,oscillatory,weighted_ERP_pipeline,step_like,0.040320778896596798,17.472522985324076,1,,,1.0102232291479158,0.019194040546951396,0,0,0.17445624935686824
2,U0_L10,False,slow_common,single_trial_operator,none,,20,1,3.5782932172878645e-11,6.7267014319024934e-05,0.72680493877316432,0.27319506122683568,-1,1,0.32123491711343038
2,U0_L10,False,slow_common,weighted_ERP_pipeline,blink_like,0.1454175845814899,17.903696600410317,1,,,0.92577463231435875,0.19569562993357559,0,3,0.19564299608058666
2,U0_L10,False,slow_common,weighted_ERP_pipeline,muscle_like,-4.0233511998987135,11.133565129916935,1,,,1.0566962699266447,0.13988451548851399,2,5,0.2172294303107018
2,U0_L10,False,slow_common,weighted_ERP_pipeline,step_like,0.11588149008904303,17.836903436937039,1,,,0.92740566385058032,0.19429653187130635,0,3,0.19386990167863002
2,U0_L10,False,outside_subspace_stress,single_trial_operator,none,,20,1,3.9131364815148117e-11,0.011634049699815768,1.0083741926514298,0.088002464596592,0,0,0.13807956507131305
2,U0_L10,False,outside_subspace_stress,weighted_ERP_pipeline,blink_like,0.16878075313053686,18.110621116455782,1,,,1.4477152027243603,0.44771520272436027,0,0,0.51952980465886311
2,U0_L10,False,outside_subspace_stress,weighted_ERP_pipeline,muscle_like,-5.0474608893448538,11.222099794938943,1,,,1.8241453903206266,0.82414539032062661,1,1,0.98915084781714979
2,U0_L10,False,outside_subspace_stress,weighted_ERP_pipeline,step_like,0.14349724938002018,18.032273240866903,1,,,1.4216907963173202,0.4216907963173202,1,1,0.50102515711679807
2,U0_L10,False,mixed_subspace_stress,single_trial_operator,none,,20,1,4.2914116704650951e-11,0.0052700143894352505,0.94942271078885965,0.084129678858473222,0,0,0.14127873014836054
2,U0_L10,False,mixed_subspace_stress,weighted_ERP_pipeline,blink_like,0.15867905615055733,18.075463890172038,1,,,1.2875604359825188,0.28756043598251879,1,1,0.47995949391397102
2,U0_L10,False,mixed_subspace_stress,weighted_ERP_pipeline,muscle_like,-5.0618550605783623,11.228626507209182,1,,,1.5707963439878383,0.57079634398783829,1,1,0.9391767038399621
2,U0_L10,False,mixed_subspace_stress,weighted_ERP_pipeline,step_like,0.13379469780802233,18.065723822818462,1,,,1.2718836776918996,0.27188367769189958,1,1,0.45675743302677851
2,U0_L100,False,broad_common,single_trial_operator,none,,20,1,6.3365312996666034e-11,0.0016025021294566316,0.9173895753054998,0.082610424694513851,0,0,0.14494339133821232
2,U0_L100,False,broad_common,weighted_ERP_pipeline,blink_like,0.14767165070456023,17.865958333428338,1,,,0.91572713950346951,0.087095293740342306,0,0,0.15103531071629134
2,U0_L100,False,broad_common,weighted_ERP_pipeline,muscle_like,-3.1139959526652934,11.073732816714658,1,,,0.90326526142371633,0.096734738576283674,0,0,0.16747960080057259
2,U0_L100,False,broad_common,weighted_ERP_pipeline,step_like,0.1407210670842487,17.875996252174684,1,,,0.90748286376207998,0.092517136237920017,0,1,0.16701150972326056
2,U0_L100,False,narrow_antisym,single_trial_operator,none,,20,1,3.6485092724802826e-11,0.084750082921602354,0.89195543261078736,0.10804456738921264,0,0,0.10419814664232413
2,U0_L100,False,narrow_antisym,weighted_ERP_pipeline,blink_like,0.12890839424420542,17.707793332532496,1,,,0.88083447728022346,0.20699593831367746,0,0,0.1384317678679543
2,U0_L100,False,narrow_antisym,weighted_ERP_pipeline,muscle_like,-3.2072786211998858,11.0069017841047,1,,,0.88178741168448871,0.32676367529282135,0,0,0.21545754028249148
2,U0_L100,False,narrow_antisym,weighted_ERP_pipeline,step_like,0.12060262703223834,17.624767681342572,1,,,0.89044112794886554,0.17362821073582912,0,0,0.13598249494006573
2,U0_L100,False,shifted_antisym,single_trial_operator,none,,20,1,5.0906834303532378e-11,0.01438938844779167,0.89792562019747058,0.10207437980252942,0,0,0.22484828446428221
2,U0_L100,False,shifted_antisym,weighted_ERP_pipeline,blink_like,0.15252616141585129,17.735881500676911,1,,,0.90273818943231476,0.22287378818505121,0,0,0.21999187731916894
2,U0_L100,False,shifted_antisym,weighted_ERP_pipeline,muscle_like,-2.726529892639832,11.131092008024892,1,,,0.82502951565509519,0.47186575620527571,0,1,0.27599905146524079
2,U0_L100,False,shifted_antisym,weighted_ERP_pipeline,step_like,0.14674179818517052,17.677823562764907,1,,,0.89189740804773143,0.23455390114440056,0,0,0.21983242554153021
2,U0_L100,False,biphasic_common,single_trial_operator,none,,20,1,3.531752668095578e-11,0.016085788046542492,0.93385513626309391,0.06614486373690609,0,0,0.12848371469755016
2,U0_L100,False,biphasic_common,weighted_ERP_pipeline,blink_like,0.13275203943523362,17.757629551873684,1,,,0.95500700310489006,0.046632299191794901,0,0,0.085529670226542037
2,U0_L100,False,biphasic_common,weighted_ERP_pipeline,muscle_like,-3.6660815721945657,10.878284529379615,1,,,1.0145742007772318,0.031395682715587903,0,0,0.06194611468043925
2,U0_L100,False,biphasic_common,weighted_ERP_pipeline,step_like,0.12827493845025406,17.744920600064962,1,,,0.95175980988888709,0.048240190111112913,0,0,0.10195279112458105
2,U0_L100,False,oscillatory,single_trial_operator,none,,20,1,4.3108253078294467e-11,0.21149657682058001,0.79629875207441803,0.20370124792558197,0,0,0.2115210824466823
2,U0_L100,False,oscillatory,weighted_ERP_pipeline,blink_like,0.068017120219843519,17.488466455030423,1,,,0.80728723467874219,0.21831410626623049,0,0,0.26636736125482863
2,U0_L100,False,oscillatory,weighted_ERP_pipeline,muscle_like,-3.6584585920634849,10.750908766086029,1,,,0.83295283400738751,1.7918541026934742,0,14,0.42836731560735347
2,U0_L100,False,oscillatory,weighted_ERP_pipeline,step_like,0.062277389670490901,17.472522985324076,1,,,0.83141049411284973,0.19931168147029754,0,0,0.27328364126529375
2,U0_L100,False,slow_common,single_trial_operator,none,,20,1,3.5722536040339037e-11,0.00029295429330239409,0.72677929651820639,0.27322070348179428,-1,1,0.32123229341926657
2,U0_L100,False,slow_common,weighted_ERP_pipeline,blink_like,0.14580213121588004,17.903696600410317,1,,,0.92589807611618502,0.19577210394144695,1,3,0.19502702580351342
2,U0_L100,False,slow_common,weighted_ERP_pipeline,muscle_like,-4.00687557006622,11.133565129916935,1,,,1.0573501909838052,0.14040432054310159,2,4,0.21534226686796859
2,U0_L100,False,slow_common,weighted_ERP_pipeline,step_like,0.13600954699869527,17.836903436937039,1,,,0.92738194235578641,0.1944779643593173,1,2,0.19323774201259891
2,U0_L100,False,outside_subspace_stress,single_trial_operator,none,,20,1,3.9070968682608509e-11,0.020891189512923371,1.0090427356596974,0.088854390685580986,0,0,0.13752748079308835
2,U0_L100,False,outside_subspace_stress,weighted_ERP_pipeline,blink_like,0.16915172649023835,18.110621116455782,1,,,1.4472228229844948,0.44722282298449478,0,1,0.51844763901431645
2,U0_L100,False,outside_subspace_stress,weighted_ERP_pipeline,muscle_like,-5.028257428330936,11.222099794938943,1,,,1.8227656472409406,0.82276564724094059,1,1,0.98688442989058234
2,U0_L100,False,outside_subspace_stress,weighted_ERP_pipeline,step_like,0.16315889062668187,18.032273240866903,1,,,1.4209489109241142,0.42094891092411424,0,1,0.49986575675450046
2,U0_L100,False,mixed_subspace_stress,single_trial_operator,none,,20,1,4.2923886667267652e-11,0.0096344519470484662,0.94866531077600791,0.085344420815709809,0,0,0.14098889804022796
2,U0_L100,False,mixed_subspace_stress,weighted_ERP_pipeline,blink_like,0.15904993047461791,18.075463890172038,1,,,1.2857180008271332,0.28571800082713317,1,1,0.47844448513376253
2,U0_L100,False,mixed_subspace_stress,weighted_ERP_pipeline,muscle_like,-5.0424930040916989,11.228626507209182,1,,,1.5686320833380878,0.56863208333808779,1,1,0.93640295039915233
2,U0_L100,False,mixed_subspace_stress,weighted_ERP_pipeline,step_like,0.15360551058698135,18.065723822818462,1,,,1.2697945835103992,0.2697945835103992,1,1,0.45516200739831408
2,U2_L1,False,broad_common,single_trial_operator,none,,20,0.69470780026755907,6.3604232991565368e-11,1.6207174102731478e-05,0.91903970597014262,0.080960632477054095,0,0,0.14493812725177277
2,U2_L1,False,broad_common,weighted_ERP_pipeline,blink_like,0.14725297127703396,17.865958333428338,0.69470780026755907,,,0.91751519665427339,0.085344193439702454,0,0,0.15106465767169233
2,U2_L1,False,broad_common,weighted_ERP_pipeline,muscle_like,-3.1316129643908042,11.073732816714658,0.69470780026755907,,,0.90488552610917716,0.095114473890822837,0,0,0.16758423285161111
2,U2_L1,False,broad_common,weighted_ERP_pipeline,step_like,0.11176482929555687,17.875996252174684,0.69470780026755907,,,0.90958305713909349,0.090416942860906513,0,0,0.16715442664524743
2,U2_L1,False,narrow_antisym,single_trial_operator,none,,20,0.99865705850909414,3.6529168578880444e-11,0.0015162783066841065,0.97750257538905638,0.022497424610943617,0,0,0.063654942347588672
2,U2_L1,False,narrow_antisym,weighted_ERP_pipeline,blink_like,0.12848518926117469,17.707793332532496,0.99865705850909414,,,0.96689805759662928,0.11972195270115327,0,0,0.11124549991569459
2,U2_L1,False,narrow_antisym,weighted_ERP_pipeline,muscle_like,-3.2256541947043855,11.0069017841047,0.99865705850909414,,,0.96734212780197582,0.24063253588931277,0,0,0.19938244293230806
2,U2_L1,False,narrow_antisym,weighted_ERP_pipeline,step_like,0.091270578874097952,17.624767681342572,0.99865705850909414,,,0.97911388617213424,0.073042320469289157,0,0,0.10901782016124942
2,U2_L1,False,shifted_antisym,single_trial_operator,none,,20,0.99331357342390114,5.1119108945840708e-11,0.00016099397665992349,0.9123583446396788,0.087641690800710603,0,0,0.2244772953052499
2,U2_L1,False,shifted_antisym,weighted_ERP_pipeline,blink_like,0.15211478548051893,17.735881500676911,0.99331357342390114,,,0.91810784791735001,0.2014088249617686,0,1,0.21969432094691974
2,U2_L1,False,shifted_antisym,weighted_ERP_pipeline,muscle_like,-2.7443217596322333,11.131092008024892,0.99331357342390114,,,0.83967534065630878,0.45247574865945794,0,1,0.27586706437288872
2,U2_L1,False,shifted_antisym,weighted_ERP_pipeline,step_like,0.11836212111666744,17.677823562764907,0.99331357342390114,,,0.90602369951176986,0.22007598964115382,0,0,0.21952052067430089
2,U2_L1,False,biphasic_common,single_trial_operator,none,,20,0.91784333813150965,3.5624836414172023e-11,0.00020043032486963071,0.94082250739790219,0.059178402873298119,0,0,0.12756912599279358
2,U2_L1,False,biphasic_common,weighted_ERP_pipeline,blink_like,0.13233458000800824,17.757629551873684,0.91784333813150965,,,0.96353034160524209,0.039306038444719582,0,0,0.08434011060451313
2,U2_L1,False,biphasic_common,weighted_ERP_pipeline,muscle_like,-3.685061407154028,10.878284529379615,0.91784333813150965,,,1.0239849915802886,0.039067926620721005,0,0,0.061256816772272397
2,U2_L1,False,biphasic_common,weighted_ERP_pipeline,step_like,0.099146267413869116,17.744920600064962,0.91784333813150965,,,0.96025809543011698,0.039741904569883024,0,0,0.10090114815641425
2,U2_L1,False,oscillatory,single_trial_operator,none,,20,0.99999658679626424,4.3400053949954609e-11,0.0028662508754593217,0.99717435624392636,0.0028304636462920252,0,0,0.0028977219601542072
2,U2_L1,False,oscillatory,weighted_ERP_pipeline,blink_like,0.067567086011442234,17.488466455030423,0.99999658679626424,,,1.012139416297515,0.072148256811602751,0,0,0.16483187894301835
2,U2_L1,False,oscillatory,weighted_ERP_pipeline,muscle_like,-3.681026241396288,10.750908766086029,0.99999658679626424,,,1.0417472478234933,1.9666278692890251,0,14,0.37702675822078197
2,U2_L1,False,oscillatory,weighted_ERP_pipeline,step_like,0.031080406434171981,17.472522985324076,0.99999658679626424,,,1.0360485833080366,0.036048583308036619,0,0,0.17275133577412102
2,U2_L1,False,slow_common,single_trial_operator,none,,20,0.57471317153152413,3.5907277151636663e-11,1.4998019274430604e-05,0.72680752161168749,0.27319247838831251,-1,1,0.3212351946603999
2,U2_L1,False,slow_common,weighted_ERP_pipeline,blink_like,0.14538812917517407,17.903696600410317,0.57471317153152413,,,0.92575173064835858,0.1957892228937409,0,3,0.19590851223635658
2,U2_L1,False,slow_common,weighted_ERP_pipeline,muscle_like,-4.030888040196821,11.133565129916935,0.57471317153152413,,,1.0561123012023415,0.1400712087268311,0,5,0.21809706707056797
2,U2_L1,False,slow_common,weighted_ERP_pipeline,step_like,0.10741047939861847,17.836903436937039,0.57471317153152413,,,0.92757246356629064,0.19424842433603495,0,3,0.19414361242419895
2,U2_L1,False,outside_subspace_stress,single_trial_operator,none,,20,1,3.9131808904357968e-11,0.003147333188306717,1.0078873036603873,0.087571185864839918,0,0,0.13863053679650728
2,U2_L1,False,outside_subspace_stress,weighted_ERP_pipeline,blink_like,0.16875301106529117,18.110621116455782,1,,,1.4474502354431775,0.44745023544317752,0,0,0.52044322515202968
2,U2_L1,False,outside_subspace_stress,weighted_ERP_pipeline,muscle_like,-5.0561434493139208,11.222099794938943,1,,,1.8236511328054792,0.82365113280547919,1,1,0.99059947433877571
2,U2_L1,False,outside_subspace_stress,weighted_ERP_pipeline,step_like,0.13522730395483462,18.032273240866903,1,,,1.421601514234665,0.42160151423466496,1,1,0.50197066685794589
2,U2_L1,False,mixed_subspace_stress,single_trial_operator,none,,20,0.88476020393252919,4.2830627933199139e-11,0.0014248834482412341,0.94935684541493859,0.083855581559373338,0,0,0.141412843692446
2,U2_L1,False,mixed_subspace_stress,weighted_ERP_pipeline,blink_like,0.158645492413933,18.075463890172038,0.88476020393252919,,,1.2877481593563065,0.28774815935630649,1,1,0.48084207903394099
2,U2_L1,False,mixed_subspace_stress,weighted_ERP_pipeline,muscle_like,-5.0706655179901077,11.228626507209182,0.88476020393252919,,,1.5713313635891537,0.57133136358915371,2,2,0.94067087277277761
2,U2_L1,False,mixed_subspace_stress,weighted_ERP_pipeline,step_like,0.12546027271495397,18.065723822818462,0.88476020393252919,,,1.272371897857687,0.27237189785768701,1,1,0.45766558584516381
2,U2_L10,False,broad_common,single_trial_operator,none,,20,0.69470780026755907,6.3497429536596428e-11,0.00016177752205054187,0.91888577840117347,0.081117603256169901,0,0,0.14494087617392812
2,U2_L10,False,broad_common,weighted_ERP_pipeline,blink_like,0.14728788812958526,17.865958333428338,0.69470780026755907,,,0.91735955108802492,0.085502655343196676,0,0,0.15106451050107481
2,U2_L10,False,broad_common,weighted_ERP_pipeline,muscle_like,-3.1263524637349063,11.073732816714658,0.69470780026755907,,,0.90490384396675305,0.095096156033246948,0,0,0.16757413710555594
2,U2_L10,False,broad_common,weighted_ERP_pipeline,step_like,0.12033313513143984,17.875996252174684,0.69470780026755907,,,0.90913848549438669,0.090861514505613306,0,1,0.16712547951622411
2,U2_L10,False,narrow_antisym,single_trial_operator,none,,20,0.99865705850909414,3.6502356692835747e-11,0.013704299277994589,0.96421819801190056,0.035781801988099438,0,0,0.065040935305317349
2,U2_L10,False,narrow_antisym,weighted_ERP_pipeline,blink_like,0.12851823310698041,17.707793332532496,0.99865705850909414,,,0.9533036480603263,0.13368992961254444,0,0,0.11198529359715652
2,U2_L10,False,narrow_antisym,weighted_ERP_pipeline,muscle_like,-3.2201979204993183,11.0069017841047,0.99865705850909414,,,0.95379623475173458,0.25479260499042766,0,0,0.1996865571469145
2,U2_L10,False,narrow_antisym,weighted_ERP_pipeline,step_like,0.099948388248191966,17.624767681342572,0.99865705850909414,,,0.96522950714962241,0.088497143754596719,0,0,0.10955332116208653
2,U2_L10,False,shifted_antisym,single_trial_operator,none,,20,0.99331357342390114,5.10613773485602e-11,0.001590485759536671,0.91086632595755823,0.089134047624363721,0,0,0.22448161292613666
2,U2_L10,False,shifted_antisym,weighted_ERP_pipeline,blink_like,0.15214904396388029,17.735881500676911,0.99331357342390114,,,0.91638549706407857,0.20519491971452475,0,0,0.21967089474735849
2,U2_L10,False,shifted_antisym,weighted_ERP_pipeline,muscle_like,-2.7390418354263599,11.131092008024892,0.99331357342390114,,,0.83817307128312857,0.45516881410484922,0,1,0.27584558841384466
2,U2_L10,False,shifted_antisym,weighted_ERP_pipeline,step_like,0.12676015553169862,17.677823562764907,0.99331357342390114,,,0.90475681050225221,0.22097481641449812,0,0,0.21950577485949246
2,U2_L10,False,biphasic_common,single_trial_operator,none,,20,0.91784333813150965,3.5436542589195597e-11,0.0019484562991731332,0.94013007394975201,0.05987886497312056,0,0,0.12759921493989346
2,U2_L10,False,biphasic_common,weighted_ERP_pipeline,blink_like,0.13236845110349804,17.757629551873684,0.91784333813150965,,,0.96222721816040058,0.040013875387729825,0,0,0.084322039713810637
2,U2_L10,False,biphasic_common,weighted_ERP_pipeline,muscle_like,-3.6795235801812511,10.878284529379615,0.91784333813150965,,,1.0222535694037405,0.038265599454488708,0,0,0.061010722254583309
2,U2_L10,False,biphasic_common,weighted_ERP_pipeline,step_like,0.10776429224323736,17.744920600064962,0.91784333813150965,,,0.95914258330181634,0.040857416698183657,0,0,0.1008498844667168
2,U2_L10,False,oscillatory,single_trial_operator,none,,20,0.99999658679626424,4.3252328801868245e-11,0.027712746179048564,0.97305010121820634,0.026996449900203112,0,0,0.027743302710591531
2,U2_L10,False,oscillatory,weighted_ERP_pipeline,blink_like,0.067604332845344506,17.488466455030423,0.99999658679626424,,,0.98644846270098452,0.049069413840237663,0,0,0.16653001569754472
2,U2_L10,False,oscillatory,weighted_ERP_pipeline,muscle_like,-3.6744601269137078,10.750908766086029,0.99999658679626424,,,1.0146729441263902,1.9468285793028834,0,14,0.37706201328450306
2,U2_L10,False,oscillatory,weighted_ERP_pipeline,step_like,0.040310765652879943,17.472522985324076,0.99999658679626424,,,1.010284128762402,0.019175077269100949,0,0,0.17442976235500565
2,U2_L10,False,slow_common,single_trial_operator,none,,20,0.57471317153152413,3.5782932172878645e-11,6.7228743148876354e-05,0.72680519465155735,0.27319480534844265,-1,1,0.32123496455492301
2,U2_L10,False,slow_common,weighted_ERP_pipeline,blink_like,0.1454215434103806,17.903696600410317,0.57471317153152413,,,0.92578464092482893,0.19569735123731979,0,3,0.19564040294112925
2,U2_L10,False,slow_common,weighted_ERP_pipeline,muscle_like,-4.0237096138852859,11.133565129916935,0.57471317153152413,,,1.0567134718043512,0.1398905127131933,2,5,0.21724047859259388
2,U2_L10,False,slow_common,weighted_ERP_pipeline,step_like,0.11586942121188493,17.836903436937039,0.57471317153152413,,,0.92741594186650445,0.19429790671572611,0,3,0.19386701836446732
2,U2_L10,False,outside_subspace_stress,single_trial_operator,none,,20,1,3.9137582064086018e-11,0.011633333763021886,1.0082702067554865,0.08802539104709195,0,0,0.13810528808915157
2,U2_L10,False,outside_subspace_stress,weighted_ERP_pipeline,blink_like,0.16878379541973765,18.110621116455782,1,,,1.4476306286759737,0.4476306286759737,0,0,0.51947326048431108
2,U2_L10,False,outside_subspace_stress,weighted_ERP_pipeline,muscle_like,-5.0478329724395694,11.222099794938943,1,,,1.8240659476060335,0.82406594760603347,1,1,0.98910513022765945
2,U2_L10,False,outside_subspace_stress,weighted_ERP_pipeline,step_like,0.14349008865016377,18.032273240866903,1,,,1.4215953095164462,0.42159530951644619,1,1,0.50096023340570028
2,U2_L10,False,mixed_subspace_stress,single_trial_operator,none,,20,0.88476020393252919,4.2912340347811551e-11,0.0052696476373006998,0.94938623556277568,0.084141513616283858,0,0,0.1413147776513731
2,U2_L10,False,mixed_subspace_stress,weighted_ERP_pipeline,blink_like,0.15867866452253421,18.075463890172038,0.88476020393252919,,,1.2875363180134929,0.28753631801349289,1,1,0.47995430424108426
2,U2_L10,False,mixed_subspace_stress,weighted_ERP_pipeline,muscle_like,-5.0622763167739802,11.228626507209182,0.88476020393252919,,,1.570779170905261,0.57077917090526098,1,1,0.93918420143722736
2,U2_L10,False,mixed_subspace_stress,weighted_ERP_pipeline,step_like,0.13378550726091754,18.065723822818462,0.88476020393252919,,,1.2718494142800025,0.27184941428000253,1,1,0.45673983891310888
2,U2_L100,True,broad_common,single_trial_operator,none,,20,0.69470780026755907,6.3386185189528987e-11,0.001597816083585933,0.9173750444091725,0.082658607719592547,0,0,0.1449743030519442
2,U2_L100,True,broad_common,weighted_ERP_pipeline,blink_like,0.14763662817792456,17.865958333428338,0.69470780026755907,,,0.91570252659817564,0.087130399412593595,0,0,0.15108285608455518
2,U2_L100,True,broad_common,weighted_ERP_pipeline,muscle_like,-3.1146004352255598,11.073732816714658,0.69470780026755907,,,0.90321107309391724,0.096788926906082762,0,0,0.16756627699565152
2,U2_L100,True,broad_common,weighted_ERP_pipeline,step_like,0.14049079640895978,17.875996252174684,0.69470780026755907,,,0.90745335682601691,0.09254664317398309,0,1,0.16705278027012671
2,U2_L100,True,narrow_antisym,single_trial_operator,none,,20,0.99865705850909414,3.6502745270894366e-11,0.084749910312326981,0.89193067726116304,0.10806932273883696,0,0,0.10420724226063087
2,U2_L100,True,narrow_antisym,weighted_ERP_pipeline,blink_like,0.12887000529992243,17.707793332532496,0.99865705850909414,,,0.88079268776141117,0.20698965780364398,0,0,0.13844855396803538
2,U2_L100,True,narrow_antisym,weighted_ERP_pipeline,muscle_like,-3.208027019284212,11.0069017841047,0.99865705850909414,,,0.88173962421713958,0.32678602807232271,0,0,0.2154518535748039
2,U2_L100,True,narrow_antisym,weighted_ERP_pipeline,step_like,0.12036668134129058,17.624767681342572,0.99865705850909414,,,0.89039929600291423,0.17361558771429353,0,0,0.13598976538135096
2,U2_L100,True,shifted_antisym,single_trial_operator,none,,20,0.99331357342390114,5.0913051552470279e-11,0.014389360699968047,0.89792020845058662,0.10208500922565245,0,0,0.22484569226362766
2,U2_L100,True,shifted_antisym,weighted_ERP_pipeline,blink_like,0.15248868493515133,17.735881500676911,0.99331357342390114,,,0.90271916280674602,0.22290152630767468,0,0,0.21998716351630446
2,U2_L100,True,shifted_antisym,weighted_ERP_pipeline,muscle_like,-2.7272454729355076,11.131092008024892,0.99331357342390114,,,0.82501751919843447,0.47189664090226069,0,1,0.27603853351153301
2,U2_L100,True,shifted_antisym,weighted_ERP_pipeline,step_like,0.14651393933691614,17.677823562764907,0.99331357342390114,,,0.89187725851693667,0.23458427773065638,0,0,0.21983313806441679
2,U2_L100,True,biphasic_common,single_trial_operator,none,,20,0.91784333813150965,3.5337066606189182e-11,0.016082565579628835,0.93369931899315495,0.066380437318357299,0,0,0.12864790154742414
2,U2_L100,True,biphasic_common,weighted_ERP_pipeline,blink_like,0.13271207320003153,17.757629551873684,0.91784333813150965,,,0.95488982488745899,0.046710497214243918,0,0,0.085620029334076572
2,U2_L100,True,biphasic_common,weighted_ERP_pipeline,muscle_like,-3.6671252157133356,10.878284529379615,0.91784333813150965,,,1.0144970129486652,0.03124912835179261,0,0,0.061867540383903109
2,U2_L100,True,biphasic_common,weighted_ERP_pipeline,step_like,0.128041157185384,17.744920600064962,0.91784333813150965,,,0.95163914320759135,0.048360856792408646,0,0,0.10202993089838498
2,U2_L100,True,oscillatory,single_trial_operator,none,,20,0.99999658679626424,4.3126363591383665e-11,0.21149610133082183,0.79643734705671565,0.20390558364473965,0,0,0.21152060702086414
2,U2_L100,True,oscillatory,weighted_ERP_pipeline,blink_like,0.067975047358935892,17.488466455030423,0.99999658679626424,,,0.80748056056336948,0.21830289208463849,0,0,0.26633711195318149
2,U2_L100,True,oscillatory,weighted_ERP_pipeline,muscle_like,-3.6599227232357174,10.750908766086029,0.99999658679626424,,,0.83322358446556577,1.7918418055463399,0,14,0.42856977795794982
2,U2_L100,True,oscillatory,weighted_ERP_pipeline,step_like,0.062026190792280445,17.472522985324076,0.99999658679626424,,,0.8316031572635938,0.19928245420646507,0,0,0.27325006774832161
2,U2_L100,True,slow_common,single_trial_operator,none,,20,0.57471317153152413,3.5733194181375438e-11,0.00029198157459175132,0.72678283541264554,0.27321716458735446,-1,1,0.32123218462966646
2,U2_L100,True,slow_common,weighted_ERP_pipeline,blink_like,0.14576380966319114,17.903696600410317,0.57471317153152413,,,0.92588607822716174,0.19577653475377355,1,3,0.19503364182878563
2,U2_L100,True,slow_common,weighted_ERP_pipeline,muscle_like,-4.0076061200333388,11.133565129916935,0.57471317153152413,,,1.0572976815331889,0.14043392332911186,2,4,0.21536645880975105
2,U2_L100,True,slow_common,weighted_ERP_pipeline,step_like,0.13577738286694607,17.836903436937039,0.57471317153152413,,,0.92736985719737941,0.19448081888464552,1,2,0.19324354465603463
2,U2_L100,True,outside_subspace_stress,single_trial_operator,none,,20,1,3.907807410996611e-11,0.020871725553110638,1.0083206807408256,0.089018355533314275,0,0,0.13770318774293466
2,U2_L100,True,outside_subspace_stress,weighted_ERP_pipeline,blink_like,0.16911134248170745,18.110621116455782,1,,,1.4465119004151177,0.44651190041511768,0,1,0.51789356500632944
2,U2_L100,True,outside_subspace_stress,weighted_ERP_pipeline,muscle_like,-5.0292434716828982,11.222099794938943,1,,,1.8220518330903281,0.82205183309032814,1,1,0.9863350772194347
2,U2_L100,True,outside_subspace_stress,weighted_ERP_pipeline,step_like,0.16293399805125008,18.032273240866903,1,,,1.420233813956892,0.42023381395689197,0,1,0.4993284796847629
2,U2_L100,True,mixed_subspace_stress,single_trial_operator,none,,20,0.88476020393252919,4.2915448972280501e-11,0.0096240228562889645,0.94840922913968473,0.085434134200571998,0,0,0.14124328897434182
2,U2_L100,True,mixed_subspace_stress,weighted_ERP_pipeline,blink_like,0.1590102920822829,18.075463890172038,0.88476020393252919,,,1.2854701198950078,0.28547011989500781,1,1,0.4782717467596041
2,U2_L100,True,mixed_subspace_stress,weighted_ERP_pipeline,muscle_like,-5.0434972752440652,11.228626507209182,0.88476020393252919,,,1.5683817766116406,0.56838177661164058,1,1,0.93621967430505326
2,U2_L100,True,mixed_subspace_stress,weighted_ERP_pipeline,step_like,0.15337801870912049,18.065723822818462,0.88476020393252919,,,1.2695425145171959,0.26954251451719591,1,1,0.45499078698598244
2,U4_L1,False,broad_common,single_trial_operator,none,,20,0.67873802465190758,6.3573590836085714e-11,1.617042436243546e-05,0.91903917798016888,0.080960822019831125,0,0,0.14493814907255884
2,U4_L1,False,broad_common,weighted_ERP_pipeline,blink_like,0.14725397989848266,17.865958333428338,0.67873802465190758,,,0.91751503377887345,0.085344587550627904,0,0,0.15106506594168453
2,U4_L1,False,broad_common,weighted_ERP_pipeline,muscle_like,-3.1315814591748161,11.073732816714658,0.67873802465190758,,,0.90488579649702483,0.09511420350297517,0,0,0.16758522920453359
2,U4_L1,False,broad_common,weighted_ERP_pipeline,step_like,0.11177969338351146,17.875996252174684,0.67873802465190758,,,0.90958361906767127,0.090416380932328733,0,0,0.16715581903262525
2,U4_L1,False,narrow_antisym,single_trial_operator,none,,20,0.95916349361324049,3.6466552000291586e-11,0.0015162676861412584,0.97750351686037307,0.022498881640140689,0,0,0.063652714480806144
2,U4_L1,False,narrow_antisym,weighted_ERP_pipeline,blink_like,0.12848652938572513,17.707793332532496,0.95916349361324049,,,0.96690030112288272,0.11973087470708543,0,0,0.11124783332364241
2,U4_L1,False,narrow_antisym,weighted_ERP_pipeline,muscle_like,-3.2256227263341417,11.0069017841047,0.95916349361324049,,,0.9673450831329663,0.24064470848359143,0,0,0.19938785883810684
2,U4_L1,False,narrow_antisym,weighted_ERP_pipeline,step_like,0.091285524462670464,17.624767681342572,0.95916349361324049,,,0.97911633082803295,0.073053356795631075,0,0,0.10902130024367845
2,U4_L1,False,shifted_antisym,single_trial_operator,none,,20,0.85741841263112506,5.1138648871074111e-11,0.0001609917986946455,0.9123585984384579,0.087641705027850847,0,0,0.22447707879618686
2,U4_L1,False,shifted_antisym,weighted_ERP_pipeline,blink_like,0.15211557043488144,17.735881500676911,0.85741841263112506,,,0.91810822652524049,0.20139893998704694,0,1,0.21969449796284887
2,U4_L1,False,shifted_antisym,weighted_ERP_pipeline,muscle_like,-2.7442932250426537,11.131092008024892,0.85741841263112506,,,0.83967593732176615,0.45247930316942353,0,1,0.27586586123653972
2,U4_L1,False,shifted_antisym,weighted_ERP_pipeline,step_like,0.11837649137097017,17.677823562764907,0.85741841263112506,,,0.90602380371825209,0.22007051478677964,0,0,0.21952086348912048
2,U4_L1,False,biphasic_common,single_trial_operator,none,,20,0.90822317762750004,3.5615954629975022e-11,0.00020039289014883539,0.94082045698281991,0.059179543017180092,0,0,0.12756882897443983
2,U4_L1,False,biphasic_common,weighted_ERP_pipeline,blink_like,0.13233544625987625,17.757629551873684,0.90822317762750004,,,0.96352970497071921,0.039305794614903578,0,0,0.084339846951991329
2,U4_L1,False,biphasic_common,weighted_ERP_pipeline,muscle_like,-3.6850308873954205,10.878284529379615,0.90822317762750004,,,1.0239850519863516,0.039067295217832809,0,0,0.061256618824729783
2,U4_L1,False,biphasic_common,weighted_ERP_pipeline,step_like,0.099161126408126132,17.744920600064962,0.90822317762750004,,,0.96025815258010272,0.03974184741989728,0,0,0.10090170906594269
2,U4_L1,False,oscillatory,single_trial_operator,none,,20,0.99999290975607136,4.3446371500444059e-11,0.0028662169047075151,0.9971767846067402,0.0028244658646965348,0,0,0.0028976877080923637
2,U4_L1,False,oscillatory,weighted_ERP_pipeline,blink_like,0.067567917056329141,17.488466455030423,0.99999290975607136,,,1.0121426712817292,0.072156282612078071,0,0,0.16483667891112358
2,U4_L1,False,oscillatory,weighted_ERP_pipeline,muscle_like,-3.6810060043017607,10.750908766086029,0.99999290975607136,,,1.0417525354828041,1.9666187228449168,0,14,0.37703380047009977
2,U4_L1,False,oscillatory,weighted_ERP_pipeline,step_like,0.031096239038699514,17.472522985324076,0.99999290975607136,,,1.0360517376371454,0.03605173763714542,0,0,0.17275719470935391
2,U4_L1,False,slow_common,single_trial_operator,none,,20,0.38117670667634401,3.5868197301169857e-11,1.4997528467902525e-05,0.72680760672197575,0.2731924533243395,-1,1,0.32123517963721404
2,U4_L1,False,slow_common,weighted_ERP_pipeline,blink_like,0.14538910608691702,17.903696600410317,0.38117670667634401,,,0.92575648932998522,0.19579004565525704,0,3,0.19591051728980496
2,U4_L1,False,slow_common,weighted_ERP_pipeline,muscle_like,-4.0308563569361926,11.133565129916935,0.38117670667634401,,,1.056122974578106,0.1400722667023474,0,5,0.21810144680233007
2,U4_L1,False,slow_common,weighted_ERP_pipeline,step_like,0.10742501003424765,17.836903436937039,0.38117670667634401,,,0.92757671368570505,0.19424931105750487,0,3,0.19414551807774846
2,U4_L1,False,outside_subspace_stress,single_trial_operator,none,,20,1,3.9172665111664173e-11,0.0031471648776698505,1.0078785971653557,0.087580030313558876,0,0,0.13864187127041736
2,U4_L1,False,outside_subspace_stress,weighted_ERP_pipeline,blink_like,0.16875411679374341,18.110621116455782,1,,,1.4474454432721378,0.44744544327213776,0,0,0.52043685684312213
2,U4_L1,False,outside_subspace_stress,weighted_ERP_pipeline,muscle_like,-5.0561081604513163,11.222099794938943,1,,,1.8236521215771362,0.82365212157713619,1,1,0.9905930931118041
2,U4_L1,False,outside_subspace_stress,weighted_ERP_pipeline,step_like,0.13524156312510316,18.032273240866903,1,,,1.4215978605983226,0.4215978605983226,1,1,0.50196479865566712
2,U4_L1,False,mixed_subspace_stress,single_trial_operator,none,,20,0.87954122420754,4.2813308454014987e-11,0.0014248029710524561,0.94935353233039455,0.083859485573085535,0,0,0.14141775140444035
2,U4_L1,False,mixed_subspace_stress,weighted_ERP_pipeline,blink_like,0.15864621318678473,18.075463890172038,0.87954122420754,,,1.2877487980946869,0.2877487980946869,1,1,0.48083961885983706
2,U4_L1,False,mixed_subspace_stress,weighted_ERP_pipeline,muscle_like,-5.0706316150475024,11.228626507209182,0.87954122420754,,,1.5713361360905775,0.57133613609057754,2,2,0.94066855635046909
2,U4_L1,False,mixed_subspace_stress,weighted_ERP_pipeline,step_like,0.12547461926130221,18.065723822818462,0.87954122420754,,,1.2723729053618591,0.2723729053618591,1,1,0.45766288074762845
2,U4_L10,False,broad_common,single_trial_operator,none,,20,0.67873802465190758,6.3454796972450822e-11,0.00016141010699611644,0.91888050617247519,0.081119493827524813,0,0,0.14494110160830603
2,U4_L10,False,broad_common,weighted_ERP_pipeline,blink_like,0.14729543017265623,17.865958333428338,0.67873802465190758,,,0.91735607253612927,0.085505546528592213,0,0,0.15106729234597877
2,U4_L10,False,broad_common,weighted_ERP_pipeline,muscle_like,-3.1261589298524513,11.073732816714658,0.67873802465190758,,,0.90490344857508842,0.09509655142491158,0,0,0.16758122947905638
2,U4_L10,False,broad_common,weighted_ERP_pipeline,step_like,0.12040334253717111,17.875996252174684,0.67873802465190758,,,0.90913903941119434,0.090860960588805662,0,1,0.16713216753489271
2,U4_L10,False,narrow_antisym,single_trial_operator,none,,20,0.95916349361324049,3.6468605912887142e-11,0.013704206823519222,0.96422627317822351,0.035796862446831001,0,0,0.065023061490395856
2,U4_L10,False,narrow_antisym,weighted_ERP_pipeline,blink_like,0.12852717948267167,17.707793332532496,0.95916349361324049,,,0.95331876789858527,0.13375826051446593,0,0,0.11200571931901476
2,U4_L10,False,narrow_antisym,weighted_ERP_pipeline,muscle_like,-3.2200059157686258,11.0069017841047,0.95916349361324049,,,0.95381598262589873,0.25489107458626081,0,0,0.19973184342751069
2,U4_L10,False,narrow_antisym,weighted_ERP_pipeline,step_like,0.10001941033916795,17.624767681342572,0.95916349361324049,,,0.96524543434991095,0.088574633252082147,0,0,0.10957914002474146
2,U4_L10,False,shifted_antisym,single_trial_operator,none,,20,0.85741841263112506,5.1019632962834294e-11,0.001590463864992034,0.9108688360393874,0.089134219156568051,0,0,0.22447950732283758
2,U4_L10,False,shifted_antisym,weighted_ERP_pipeline,blink_like,0.15215578074438474,17.735881500676911,0.85741841263112506,,,0.91638460434411906,0.20516253673579743,0,0,0.21967614066278071
2,U4_L10,False,shifted_antisym,weighted_ERP_pipeline,muscle_like,-2.7388752362565363,11.131092008024892,0.85741841263112506,,,0.83817520584774763,0.45520709240009649,0,1,0.27584038973829611
2,U4_L10,False,shifted_antisym,weighted_ERP_pipeline,step_like,0.12682857398432557,17.677823562764907,0.85741841263112506,,,0.90475538437524639,0.22096203587380125,0,0,0.21951035484597806
2,U4_L10,False,biphasic_common,single_trial_operator,none,,20,0.90822317762750004,3.5466740655465401e-11,0.0019480835637559195,0.94010991494892204,0.059890085051077957,0,0,0.12759653504617671
2,U4_L10,False,biphasic_common,weighted_ERP_pipeline,blink_like,0.13237565462625733,17.757629551873684,0.90822317762750004,,,0.96221398743918007,0.040012711391572475,0,0,0.084320913309889389
2,U4_L10,False,biphasic_common,weighted_ERP_pipeline,muscle_like,-3.6793334963847126,10.878284529379615,0.90822317762750004,,,1.0222460425946664,0.038267228438886081,0,0,0.061011939203262935
2,U4_L10,False,biphasic_common,weighted_ERP_pipeline,step_like,0.1078348275040375,17.744920600064962,0.90822317762750004,,,0.95913300595978879,0.040866994040211213,0,0,0.10085262656887325
2,U4_L10,False,oscillatory,single_trial_operator,none,,20,0.99999290975607136,4.3280403566603454e-11,0.027712412745928873,0.97307387672331602,0.026937955632469479,0,0,0.027742968995580874
2,U4_L10,False,oscillatory,weighted_ERP_pipeline,blink_like,0.067611653443734432,17.488466455030423,0.99999290975607136,,,0.98647914618430044,0.049136351931260203,0,0,0.16657715994969824
2,U4_L10,False,oscillatory,weighted_ERP_pipeline,muscle_like,-3.6743419297296276,10.750908766086029,0.99999290975607136,,,1.0147233381683176,1.9467797790039003,0,14,0.3771356752542947
2,U4_L10,False,oscillatory,weighted_ERP_pipeline,step_like,0.040386135446727756,17.472522985324076,0.99999290975607136,,,1.0103133287035517,0.019133754720076945,0,0,0.17448345580306401
2,U4_L10,False,slow_common,single_trial_operator,none,,20,0.38117670667634401,3.5768721318163443e-11,6.7220489808531283e-05,0.72680604333743448,0.27319439509657362,-1,1,0.32123490011271111
2,U4_L10,False,slow_common,weighted_ERP_pipeline,blink_like,0.14542904811470803,17.903696600410317,0.38117670667634401,,,0.92581461497492301,0.19570608127418154,0,3,0.19565580151822137
2,U4_L10,False,slow_common,weighted_ERP_pipeline,muscle_like,-4.0235164034843383,11.133565129916935,0.38117670667634401,,,1.0567802171289216,0.13990634780875821,2,5,0.21727175387566469
2,U4_L10,False,slow_common,weighted_ERP_pipeline,step_like,0.11593876956463112,17.836903436937039,0.38117670667634401,,,0.927443306135043,0.19430718021918436,0,3,0.19388186443058872
2,U4_L10,False,outside_subspace_stress,single_trial_operator,none,,20,1,3.914824020512242e-11,0.011631320473440848,1.0082166296949626,0.08808499111298429,0,0,0.13818395120969534
2,U4_L10,False,outside_subspace_stress,weighted_ERP_pipeline,blink_like,0.16879178943519813,18.110621116455782,1,,,1.4476051656816469,0.44760516568164688,0,0,0.51943029884089309
2,U4_L10,False,outside_subspace_stress,weighted_ERP_pipeline,muscle_like,-5.0476240645518233,11.222099794938943,1,,,1.8240753790008699,0.82407537900086991,1,1,0.98905838451012851
2,U4_L10,False,outside_subspace_stress,weighted_ERP_pipeline,step_like,0.14355781627068276,18.032273240866903,1,,,1.4215761646479261,0.42157616464792613,1,1,0.5009204774175694
2,U4_L10,False,mixed_subspace_stress,single_trial_operator,none,,20,0.87954122420754,4.2889247708899347e-11,0.0052686615452228478,0.94936453974066559,0.084167954709103543,0,0,0.14134822889903978
2,U4_L10,False,mixed_subspace_stress,weighted_ERP_pipeline,blink_like,0.15868520264980013,18.075463890172038,0.87954122420754,,,1.2875411180506573,0.2875411180506573,1,1,0.47993557818519461
2,U4_L10,False,mixed_subspace_stress,weighted_ERP_pipeline,muscle_like,-5.0620720514527502,11.228626507209182,0.87954122420754,,,1.5708102130099006,0.57081021300990065,1,1,0.93916300622638405
2,U4_L10,False,mixed_subspace_stress,weighted_ERP_pipeline,step_like,0.13385378564664241,18.065723822818462,0.87954122420754,,,1.2718568204062399,0.27185682040623993,1,1,0.45672003064653333
2,U4_L100,False,broad_common,single_trial_operator,none,,20,0.67873802465190758,6.3344440803803082e-11,0.0015942027490078773,0.91732325195798037,0.082676748042019632,0,0,0.1449770423882408
2,U4_L100,False,broad_common,weighted_ERP_pipeline,blink_like,0.1476956512353601,17.865958333428338,0.67873802465190758,,,0.91565510865816568,0.087145395781798807,0,0,0.15109451735845966
2,U4_L100,False,broad_common,weighted_ERP_pipeline,muscle_like,-3.1135263381302449,11.073732816714658,0.67873802465190758,,,0.90317361818310615,0.096826381816893847,0,0,0.16759494126668315
2,U4_L100,False,broad_common,weighted_ERP_pipeline,step_like,0.14059143997847123,17.875996252174684,0.67873802465190758,,,0.90741018281380292,0.092589817186197076,0,1,0.16706370006494062
2,U4_L100,False,narrow_antisym,single_trial_operator,none,,20,0.95916349361324049,3.6416258897276066e-11,0.084749638215907905,0.89196379841972773,0.10810875650990992,0,0,0.10416367537591879
2,U4_L100,False,narrow_antisym,weighted_ERP_pipeline,blink_like,0.12893328124546244,17.707793332532496,0.95916349361324049,,,0.88083966335416541,0.20724393110318817,0,0,0.13851959591850949
2,U4_L100,False,narrow_antisym,weighted_ERP_pipeline,muscle_like,-3.2069450793639813,11.0069017841047,0.95916349361324049,,,0.88179884438021927,0.32718186077422451,0,0,0.2156272417152629
2,U4_L100,False,narrow_antisym,weighted_ERP_pipeline,step_like,0.12047234551473884,17.624767681342572,0.95916349361324049,,,0.89044577333350827,0.17386882102928292,0,0,0.13606306374367327
2,U4_L100,False,shifted_antisym,single_trial_operator,none,,20,0.85741841263112506,5.0901505233014177e-11,0.014389137981410699,0.89794267993819599,0.10208936285172487,0,0,0.22482976843364386
2,U4_L100,False,shifted_antisym,weighted_ERP_pipeline,blink_like,0.15254835095495511,17.735881500676911,0.85741841263112506,,,0.90271247687356782,0.22290605082172865,0,0,0.22000156194152964
2,U4_L100,False,shifted_antisym,weighted_ERP_pipeline,muscle_like,-2.7262955530077222,11.131092008024892,0.85741841263112506,,,0.82502951644348743,0.47210214318653243,0,1,0.27600965940704536
2,U4_L100,False,shifted_antisym,weighted_ERP_pipeline,step_like,0.14661638717101988,17.677823562764907,0.85741841263112506,,,0.89187349925030746,0.23459133775294316,0,0,0.21984089151181946
2,U4_L100,False,biphasic_common,single_trial_operator,none,,20,0.90822317762750004,3.5338842963028583e-11,0.016079039715140082,0.93352394185256948,0.066476058147430517,0,0,0.1286411482834886
2,U4_L100,False,biphasic_common,weighted_ERP_pipeline,blink_like,0.13277488009803362,17.757629551873684,0.90822317762750004,,,0.95471830953050318,0.046720436511335395,0,0,0.085632638626377697
2,U4_L100,False,biphasic_common,weighted_ERP_pipeline,muscle_like,-3.6659977421095276,10.878284529379615,0.90822317762750004,,,1.0143385665196605,0.031358492089565537,0,0,0.061914786769827562
2,U4_L100,False,biphasic_common,weighted_ERP_pipeline,step_like,0.12814540690413589,17.744920600064962,0.90822317762750004,,,0.95147049073483703,0.048529509265162973,0,0,0.10204841882775738
2,U4_L100,False,oscillatory,single_trial_operator,none,,20,0.99999290975607136,4.3164014029706266e-11,0.2114932767593084,0.79663682531350877,0.20343089102916667,0,0,0.2115177821959425
2,U4_L100,False,oscillatory,weighted_ERP_pipeline,blink_like,0.068041350473607043,17.488466455030423,0.99999290975607136,,,0.80768601659078598,0.21793451736780167,0,0,0.26653213224604416
2,U4_L100,False,oscillatory,weighted_ERP_pipeline,muscle_like,-3.6589603684808321,10.750908766086029,0.99999290975607136,,,0.83349310698945267,1.7915964653183947,0,14,0.42891756788612312
2,U4_L100,False,oscillatory,weighted_ERP_pipeline,step_like,0.062139248302009231,17.472522985324076,0.99999290975607136,,,0.83179530167541971,0.19891517188961561,0,0,0.27347515224354141
2,U4_L100,False,slow_common,single_trial_operator,none,,20,0.38117670667634401,3.5718983326660236e-11,0.00029166500092707898,0.72679462835918252,0.27321191315906146,-1,1,0.3212330478549964
2,U4_L100,False,slow_common,weighted_ERP_pipeline,blink_like,0.14582506662826467,17.903696600410317,0.38117670667634401,,,0.92600259559021136,0.1958139824598748,1,3,0.19509614048781404
2,U4_L100,False,slow_common,weighted_ERP_pipeline,muscle_like,-4.0064671878461189,11.133565129916935,0.38117670667634401,,,1.0575483311839267,0.14050683744551173,2,4,0.21549140885628978
2,U4_L100,False,slow_common,weighted_ERP_pipeline,step_like,0.13588336903086584,17.836903436937039,0.38117670667634401,,,0.92748054091895005,0.19452090509416653,1,2,0.19330558409509652
2,U4_L100,False,outside_subspace_stress,single_trial_operator,none,,20,1,3.9062086898411508e-11,0.020856285922987234,1.0080707579293169,0.089229032507767592,0,0,0.13795480925648737
2,U4_L100,False,outside_subspace_stress,weighted_ERP_pipeline,blink_like,0.1691739888470446,18.110621116455782,1,,,1.4463935133914867,0.4463935133914867,0,0,0.51772518019090064
2,U4_L100,False,outside_subspace_stress,weighted_ERP_pipeline,muscle_like,-5.0280267570296315,11.222099794938943,1,,,1.8220656851311325,0.82206568513113254,1,1,0.98615428164063279
2,U4_L100,False,outside_subspace_stress,weighted_ERP_pipeline,step_like,0.16303463891669734,18.032273240866903,1,,,1.4201377058242395,0.42013770582423948,0,1,0.49917078459394842
2,U4_L100,False,mixed_subspace_stress,single_trial_operator,none,,20,0.87954122420754,4.2899461760725899e-11,0.009615267067832528,0.94829044690828845,0.085530424294852914,0,0,0.14135300544358073
2,U4_L100,False,mixed_subspace_stress,weighted_ERP_pipeline,blink_like,0.15907115267502103,18.075463890172038,0.87954122420754,,,1.2854613586713464,0.28546135867134637,1,1,0.47818922813591175
2,U4_L100,False,mixed_subspace_stress,weighted_ERP_pipeline,muscle_like,-5.0422736281063738,11.228626507209182,0.87954122420754,,,1.5684776153826256,0.56847761538262565,1,1,0.93612821796954815
2,U4_L100,False,mixed_subspace_stress,weighted_ERP_pipeline,step_like,0.15348071503876004,18.065723822818462,0.87954122420754,,,1.2695397945183335,0.26953979451833354,1,1,0.45490605580666504
