record_id,group,task,trial_id,trial_key,trial_start_idx,trial_end_idx,cue_start_idx,cue_end_idx,cue_sign,state1_start_idx,state1_end_idx,state1_sign,click_idx,click_end_idx,click_sign,response_candidate_idx,cue_time_s,state1_start_time_s,state1_end_time_s,click_time_s,response_candidate_time_s,cue_to_state1_s,state1_duration_s,cue_to_response_candidate_s,target_to_response_candidate_s,cue_state1_same_sign,state1_click_same_sign,hypothesis_id,evidence_source,event_sequence,event_conflict,correctness,scenario_correctness_H2,missing_response,quality_flag,Fz_epoch_available,Fz_p2p,Fz_rms,Fz_clip_fraction,F3_epoch_available,F3_p2p,F3_rms,F3_clip_fraction,F4_epoch_available,F4_p2p,F4_rms,F4_clip_fraction,split_role,cv_fold,row_id
A_Task-1,A,1,1,A_Task-1_trial-001,5162,7538,5162,5214,-1,5758,6256,-1,,,,6256,20.1640625,22.4921875,24.4375,,24.4375,2.328125,1.9453125,4.2734375,1.9453125,True,,H1,MAT_state_transition+problem_timeline,-1,,,,,pending_signal_quality,True,63.874265700000002,68.491791500000005,0,True,111.48241400000001,143.13387499999999,0,True,169.71084200000001,352.50982199999999,0,development,0,0
A_Task-1,A,1,2,A_Task-1_trial-002,7538,9690,7538,7590,1,8105,8407,1,,,,8407,29.4453125,31.660156199999999,32.839843799999997,,32.839843799999997,2.21484375,1.1796875,3.39453125,1.1796875,True,,H1,MAT_state_transition+problem_timeline,1,,,,,pending_signal_quality,True,46.936751399999999,48.872745799999997,0,True,82.490272399999981,99.610170800000006,0,True,56.763561500000002,309.97641900000002,0,development,0,1
A_Task-1,A,1,3,A_Task-1_trial-003,9690,11851,9690,9743,-1,10258,10567,-1,,,,10567,37.8515625,40.0703125,41.277343799999997,,41.277343799999997,2.21875,1.20703125,3.42578125,1.20703125,True,,H1,MAT_state_transition+problem_timeline,-1,,,,,pending_signal_quality,True,113.71023099999999,170.070336,0,True,790.41733399999998,418.31839200000002,0,True,743.66369099999986,793.20385699999986,0.36328125,development,0,2
A_Task-1,A,1,4,A_Task-1_trial-004,11851,14055,11851,11903,-1,12418,12771,-1,,,,12771,46.292968799999997,48.5078125,49.886718799999997,,49.886718799999997,2.21484375,1.37890625,3.59375,1.37890625,True,,H1,MAT_state_transition+problem_timeline,-1,,,,,pending_signal_quality,True,48.279545300000002,56.902664999999999,0,True,207.888914,114.426799,0,True,189.425498,976.62891300000001,0.6796875,development,0,3
A_Task-1,A,1,5,A_Task-1_trial-005,14055,16216,14055,14107,1,14623,14932,1,,,,14932,54.902343799999997,57.121093799999997,58.328125,,58.328125,2.21875,1.20703125,3.42578125,1.20703125,True,,H1,MAT_state_transition+problem_timeline,1,,,,,pending_signal_quality,True,49.8054475,31.7967248,0,True,166.353857,102.57727800000001,0,True,192.56885600000001,207.28686400000001,0,development,0,4
A_Task-1,A,1,6,A_Task-1_trial-006,16216,18368,16216,16268,-1,16783,17086,-1,,,,17086,63.34375,65.558593799999997,66.7421875,,66.7421875,2.21484375,1.18359375,3.3984375,1.18359375,True,,H1,MAT_state_transition+problem_timeline,-1,,,,,pending_signal_quality,True,40.985732800000001,20.108502600000001,0,True,65.674830200000002,198.22492099999999,0,True,96.742198799999997,350.479916,0,development,0,5
A_Task-1,A,1,7,A_Task-1_trial-007,18368,20589,18368,18420,-1,18936,19306,-1,,,,19306,71.75,73.96875,75.4140625,,75.4140625,2.21875,1.4453125,3.6640625,1.4453125,True,,H1,MAT_state_transition+problem_timeline,-1,,,,,pending_signal_quality,True,66.071564800000004,39.745195600000002,0,True,70.0389105,17.097485299999999,0,True,216.25085799999999,243.52532299999999,0,development,0,6
A_Task-1,A,1,8,A_Task-1_trial-008,20589,22705,20589,20641,-1,21156,21421,-1,,,,21421,80.425781200000003,82.640625,83.675781200000003,,83.675781200000003,2.21484375,1.03515625,3.25,1.03515625,True,,H1,MAT_state_transition+problem_timeline,-1,,,,,pending_signal_quality,True,61.554894300000001,70.121236400000001,0,True,315.03776599999998,177.03911299999999,0,True,358.31235199999998,129.33863199999999,0,development,0,7
A_Task-1,A,1,9,A_Task-1_trial-009,22705,24854,22705,22757,1,23272,23572,1,,,,23572,88.691406200000003,90.90625,92.078125,,92.078125,2.21484375,1.171875,3.38671875,1.171875,True,,H1,MAT_state_transition+problem_timeline,1,,,,,pending_signal_quality,True,45.0446326,17.166672599999998,0,True,231.50988000000001,229.100371,0,True,88.593881100000004,37.250441700000003,0,development,0,8
A_Task-1,A,1,10,A_Task-1_trial-010,24854,27102,24854,24906,1,25421,25817,1,,,,25817,97.0859375,99.300781200000003,100.847656,,100.847656,2.21484375,1.546875,3.76171875,1.546875,True,,H1,MAT_state_transition+problem_timeline,1,,,,,pending_signal_quality,True,52.155336800000001,37.495575600000002,0,True,62.470435600000002,56.104172900000002,0,True,68.665598500000002,100.78916700000001,0,development,0,9
A_Task-1,A,1,11,A_Task-1_trial-011,27102,29254,27102,27154,1,27669,27970,1,,,,27970,105.867188,108.082031,109.257812,,109.257812,2.21484375,1.17578125,3.390625,1.17578125,True,,H1,MAT_state_transition+problem_timeline,1,,,,,pending_signal_quality,True,50.507362499999999,11.9772248,0,True,102.571145,169.430938,0,True,168.21545699999999,93.319851400000005,0,development,0,10
A_Task-1,A,1,12,A_Task-1_trial-012,29254,31379,29254,29307,1,29822,30096,1,,,,30096,114.273438,116.492188,117.5625,,117.5625,2.21875,1.0703125,3.2890625,1.0703125,True,,H1,MAT_state_transition+problem_timeline,1,,,,,pending_signal_quality,True,47.760738500000002,41.603086500000003,0,True,159.36522500000001,37.153653599999998,0,True,131.71587700000001,93.748187099999996,0,development,0,11
A_Task-1,A,1,13,A_Task-1_trial-013,31379,33520,31379,31431,-1,31946,32238,-1,,,,32238,122.574219,124.789062,125.929688,,125.929688,2.21484375,1.140625,3.35546875,1.140625,True,,H1,MAT_state_transition+problem_timeline,-1,,,,,pending_signal_quality,True,47.821774599999998,33.684601100000002,0,True,52.857251900000001,43.980310199999998,0,True,54.352635999999997,18.503216699999999,0,development,0,12
A_Task-1,A,1,14,A_Task-1_trial-014,33520,35676,33520,33572,-1,34087,34391,-1,,,,34391,130.9375,133.152344,134.339844,,134.339844,2.21484375,1.1875,3.40234375,1.1875,True,,H1,MAT_state_transition+problem_timeline,-1,,,,,pending_signal_quality,True,55.756466000000003,10.329060999999999,0,True,99.671931000000001,164.52349000000001,0,True,264.316777,257.81343500000003,0,development,0,13
A_Task-1,A,1,15,A_Task-1_trial-015,35676,37789,35676,35728,1,36243,36507,1,,,,36507,139.359375,141.574219,142.605469,,142.605469,2.21484375,1.03125,3.24609375,1.03125,True,,H1,MAT_state_transition+problem_timeline,1,,,,,pending_signal_quality,True,60.028992100000004,23.309549799999999,0,True,623.60570700000005,384.54722400000003,0,True,857.618067,681.84306500000002,0.09375,development,0,14
A_Task-1,A,1,16,A_Task-1_trial-016,37789,39897,37789,37841,-1,38356,38614,-1,,,,38614,147.613281,149.828125,150.835938,,150.835938,2.21484375,1.0078125,3.22265625,1.0078125,True,,H1,MAT_state_transition+problem_timeline,-1,,,,,pending_signal_quality,True,49.683375300000002,20.024170699999999,0,True,106.08072,255.30656400000001,0,True,108.03387499999999,325.65998300000001,0,development,0,15
A_Task-1,A,1,17,A_Task-1_trial-017,39897,42110,39897,39949,1,40465,40824,1,,,,40824,155.847656,158.066406,159.46875,,159.46875,2.21875,1.40234375,3.62109375,1.40234375,True,,H1,MAT_state_transition+problem_timeline,1,,,,,pending_signal_quality,True,57.373922299999997,17.7177243,0,True,72.480354000000005,128.433752,0,True,85.32845039999998,201.83216100000001,0,development,0,16
A_Task-1,A,1,18,A_Task-1_trial-018,42110,44282,42110,42162,-1,42677,42997,-1,,,,42997,164.492188,166.707031,167.957031,,167.957031,2.21484375,1.25,3.46484375,1.25,True,,H1,MAT_state_transition+problem_timeline,-1,,,,,pending_signal_quality,True,75.867856900000007,36.964930899999999,0,True,60.4562448,12.287868,0,True,68.360418100000004,15.4151484,0,development,0,17
A_Task-1,A,1,19,A_Task-1_trial-019,44282,46443,44282,44334,-1,44849,45160,-1,,,,45160,172.976562,175.191406,176.40625,,176.40625,2.21484375,1.21484375,3.4296875,1.21484375,True,,H1,MAT_state_transition+problem_timeline,-1,,,,,pending_signal_quality,True,64.606698699999995,33.6713819,0,True,82.032501699999983,53.749833299999999,0,True,64.5456626,54.1903401,0,development,0,18
A_Task-1,A,1,20,A_Task-1_trial-020,46443,48579,46443,46495,1,47010,47295,1,,,,47295,181.417969,183.632812,184.746094,,184.746094,2.21484375,1.11328125,3.328125,1.11328125,True,,H1,MAT_state_transition+problem_timeline,1,,,,,pending_signal_quality,True,99.610894900000005,61.800172000000003,0,True,93.293659899999994,280.52121799999998,0,True,82.551308500000005,419.45662800000002,0,development,0,19
A_Task-1,A,1,21,A_Task-1_trial-021,48579,50676,48579,48631,-1,49147,49392,-1,,,,49392,189.761719,191.980469,192.9375,,192.9375,2.21875,0.95703125,3.17578125,0.95703125,True,,H1,MAT_state_transition+problem_timeline,-1,,,,,pending_signal_quality,True,51.728084199999998,20.8372013,0,True,54.261081900000001,130.29333800000001,0,True,108.064393,165.72502,0,development,1,20
A_Task-1,A,1,22,A_Task-1_trial-022,50676,52856,50676,50728,-1,51243,51571,-1,,,,51571,197.953125,200.167969,201.449219,,201.449219,2.21484375,1.28125,3.49609375,1.28125,True,,H1,MAT_state_transition+problem_timeline,-1,,,,,pending_signal_quality,True,89.112687899999983,31.782680200000001,0,True,846.41794500000003,287.42123600000002,0,True,1185.38186,391.57761599999998,0,development,1,21
A_Task-1,A,1,23,A_Task-1_trial-023,52856,55001,52856,52908,1,53423,53716,1,,,,53716,206.46875,208.683594,209.828125,,209.828125,2.21484375,1.14453125,3.359375,1.14453125,True,,H1,MAT_state_transition+problem_timeline,1,,,,,pending_signal_quality,True,65.2475776,27.647264799999999,0,True,548.958572,160.58542499999999,0,True,710.09384299999999,213.46893800000001,0,development,1,22
A_Task-1,A,1,24,A_Task-1_trial-024,55001,57133,55001,55053,-1,55568,55850,-1,,,,55850,214.847656,217.0625,218.164062,,218.164062,2.21484375,1.1015625,3.31640625,1.1015625,True,,H1,MAT_state_transition+problem_timeline,-1,,,,,pending_signal_quality,True,41.535057600000002,14.6845213,0,True,49.897001600000003,250.154404,0,True,62.561989799999999,250.02775399999999,0,development,1,23
A_Task-1,A,1,25,A_Task-1_trial-025,57133,59314,57133,57185,-1,57700,58029,-1,,,,58029,223.175781,225.390625,226.675781,,226.675781,2.21484375,1.28515625,3.5,1.28515625,True,,H1,MAT_state_transition+problem_timeline,-1,,,,,pending_signal_quality,True,51.728084199999998,13.031450100000001,0,True,71.717402899999996,163.305116,0,True,66.315709200000001,255.54932500000001,0,development,1,24
A_Task-1,A,1,26,A_Task-1_trial-026,59314,61410,59314,59366,1,59881,60125,1,,,,60125,231.695312,233.910156,234.863281,,234.863281,2.21484375,0.953125,3.16796875,0.953125,True,,H1,MAT_state_transition+problem_timeline,1,,,,,pending_signal_quality,True,47.302967899999999,19.717271,0,True,91.493095299999993,33.700304099999997,0,True,434.607462,196.75254100000001,0,development,1,25
A_Task-1,A,1,27,A_Task-1_trial-027,61410,63575,61410,61462,1,61978,62292,1,,,,62292,239.882812,242.101562,243.328125,,243.328125,2.21875,1.2265625,3.4453125,1.2265625,True,,H1,MAT_state_transition+problem_timeline,1,,,,,pending_signal_quality,True,105.77554000000001,120.865886,0,True,810.162509,713.14145199999996,0.19921875,True,868.54352600000004,721.28033200000004,0.27734375,development,1,26
A_Task-1,A,1,28,A_Task-1_trial-028,63575,65663,63575,63627,-1,64142,64381,-1,,,,64381,248.339844,250.554688,251.488281,,251.488281,2.21484375,0.93359375,3.1484375,0.93359375,True,,H1,MAT_state_transition+problem_timeline,-1,,,,,pending_signal_quality,True,65.827420500000002,39.963458699999997,0,True,540.04730300000006,241.335206,0,True,612.10040400000003,267.357663,0,development,1,27
A_Task-1,A,1,29,A_Task-1_trial-029,65663,67860,65663,65715,-1,66231,66575,-1,,,,66575,256.49609400000003,258.71484400000003,260.05859400000003,,260.05859400000003,2.21875,1.34375,3.5625,1.34375,True,,H1,MAT_state_transition+problem_timeline,-1,,,,,pending_signal_quality,True,57.740138899999998,19.996775199999998,0,True,254.276341,172.38563300000001,0,True,532.814527,178.16168400000001,0,development,1,28
A_Task-1,A,1,30,A_Task-1_trial-030,67860,69976,67860,67912,-1,68427,68692,-1,,,,68692,265.078125,267.29296900000003,268.328125,,268.328125,2.21484375,1.03515625,3.25,1.03515625,True,,H1,MAT_state_transition+problem_timeline,-1,,,,,pending_signal_quality,True,52.674143600000001,23.613413300000001,0,True,66.468299400000006,130.93758700000001,0,True,66.529335500000002,121.008889,0,development,1,29
A_Task-1,A,1,31,A_Task-1_trial-031,69976,72081,69976,70028,-1,70544,70795,-1,,,,70795,273.34375,275.5625,276.54296900000003,,276.54296900000003,2.21875,0.98046875,3.19921875,0.98046875,True,,H1,MAT_state_transition+problem_timeline,-1,,,,,pending_signal_quality,True,64.820324999999997,19.852911599999999,0,True,71.992065299999993,99.053392000000002,0,True,85.267414400000007,188.567879,0,development,1,30
A_Task-1,A,1,32,A_Task-1_trial-032,72081,74269,72081,72133,1,72648,72986,1,,,,72986,281.56640599999997,283.78125,285.101562,,285.101562,2.21484375,1.3203125,3.53515625,1.3203125,True,,H1,MAT_state_transition+problem_timeline,1,,,,,pending_signal_quality,True,60.151064300000002,23.4944436,0,True,138.490883,35.293998000000002,0,True,62.806134100000001,42.4345821,0,development,1,31
A_Task-1,A,1,33,A_Task-1_trial-033,74269,76422,74269,74321,1,74837,75138,1,,,,75138,290.11328099999997,292.33203099999997,293.507812,,293.507812,2.21875,1.17578125,3.39453125,1.17578125,True,,H1,MAT_state_transition+problem_timeline,1,,,,,pending_signal_quality,True,72.602426199999982,32.223344400000002,0,True,61.1581598,22.085814299999999,0,True,75.562676400000001,39.114386099999997,0,development,1,32
A_Task-1,A,1,34,A_Task-1_trial-034,76422,78674,76422,76474,-1,76989,77391,-1,,,,77391,298.523438,300.73828099999997,302.30859400000003,,302.30859400000003,2.21484375,1.5703125,3.78515625,1.5703125,True,,H1,MAT_state_transition+problem_timeline,-1,,,,,pending_signal_quality,True,54.627298400000001,25.144132200000001,0,True,67.963683500000002,41.009867200000002,0,True,58.594644099999996,27.646172199999999,0,development,1,33
A_Task-1,A,1,35,A_Task-1_trial-035,78674,80791,78674,78726,1,79241,79509,1,,,,79509,307.320312,309.53515599999997,310.58203099999997,,310.58203099999997,2.21484375,1.046875,3.26171875,1.046875,True,,H1,MAT_state_transition+problem_timeline,1,,,,,pending_signal_quality,True,58.655680199999999,19.242443999999999,0,True,63.599603299999998,15.786459300000001,0,True,102.81529,56.8570493,0,development,1,34
A_Task-1,A,1,36,A_Task-1_trial-036,80791,82931,80791,80843,-1,81358,81646,-1,,,,81646,315.58984400000003,317.804688,318.929688,,318.929688,2.21484375,1.125,3.33984375,1.125,True,,H1,MAT_state_transition+problem_timeline,-1,,,,,pending_signal_quality,True,193.362325,66.796632099999997,0,True,587.28923499999996,179.57296199999999,0,True,648.172732,197.776274,0,development,1,35
A_Task-1,A,1,37,A_Task-1_trial-037,82931,85076,82931,82983,-1,83499,83790,-1,,,,83790,323.94921900000003,326.16796900000003,327.304688,,327.304688,2.21875,1.13671875,3.35546875,1.13671875,True,,H1,MAT_state_transition+problem_timeline,-1,,,,,pending_signal_quality,True,42.664225199999997,15.322264199999999,0,True,100.923171,163.77569399999999,0,True,150.118257,171.34274400000001,0,development,1,36
A_Task-1,A,1,38,A_Task-1_trial-038,85076,87204,85076,85128,-1,85643,85922,-1,,,,85922,332.328125,334.54296900000003,335.632812,,335.632812,2.21484375,1.08984375,3.3046875,1.08984375,True,,H1,MAT_state_transition+problem_timeline,-1,,,,,pending_signal_quality,True,52.979323999999998,24.353867000000001,0,True,72.663462300000006,111.335443,0,True,56.9161517,84.018430800000004,0,development,1,37
A_Task-1,A,1,39,A_Task-1_trial-039,87204,89353,87204,87256,-1,87772,88067,-1,,,,88067,340.640625,342.859375,344.01171900000003,,344.01171900000003,2.21875,1.15234375,3.37109375,1.15234375,True,,H1,MAT_state_transition+problem_timeline,-1,,,,,pending_signal_quality,True,142.39719199999999,88.628312100000002,0,True,717.29610100000002,371.187861,0,True,875.68474900000001,399.15909699999997,0,development,1,38
A_Task-1,A,1,40,A_Task-1_trial-040,89353,91453,89353,89405,-1,89920,90170,-1,,,,90170,349.03515599999997,351.25,352.226562,,352.226562,2.21484375,0.9765625,3.19140625,0.9765625,True,,H1,MAT_state_transition+problem_timeline,-1,,,,,pending_signal_quality,True,109.620813,50.734875299999999,0,True,194.03372200000001,364.04530399999999,0,True,98.634317499999995,543.26266299999997,0,development,1,39
A_Task-1,A,1,41,A_Task-1_trial-041,91453,93554,91453,91505,-1,92021,92268,-1,,,,92268,357.23828099999997,359.45703099999997,360.421875,,360.421875,2.21875,0.96484375,3.18359375,0.96484375,True,,H1,MAT_state_transition+problem_timeline,-1,,,,,pending_signal_quality,True,70.405126999999993,25.739393499999998,0,True,70.344090899999998,366.75722500000001,0,True,81.940947600000001,439.487528,0,development,2,40
A_Task-1,A,1,42,A_Task-1_trial-042,93554,95698,93554,93606,1,94122,94412,1,,,,94412,365.445312,367.664062,368.796875,,368.796875,2.21875,1.1328125,3.3515625,1.1328125,True,,H1,MAT_state_transition+problem_timeline,1,,,,,pending_signal_quality,True,54.169527700000003,20.565903500000001,0,True,51.850156400000003,194.684505,0,True,57.160296000000002,200.66970499999999,0,development,2,41
A_Task-1,A,1,43,A_Task-1_trial-043,95698,97879,95698,95751,-1,96266,96596,-1,,,,96596,373.820312,376.039062,377.328125,,377.328125,2.21875,1.2890625,3.5078125,1.2890625,True,,H1,MAT_state_transition+problem_timeline,-1,,,,,pending_signal_quality,True,53.467612699999997,11.8105612,0,True,59.082932800000002,50.325203000000002,0,True,81.391622799999979,47.2682079,0,development,2,42
A_Task-1,A,1,44,A_Task-1_trial-044,97879,99995,97879,97931,1,98446,98713,1,,,,98713,382.33984400000003,384.554688,385.59765599999997,,385.59765599999997,2.21484375,1.04296875,3.2578125,1.04296875,True,,H1,MAT_state_transition+problem_timeline,1,,,,,pending_signal_quality,True,47.8828107,10.2918257,0,True,63.508049100000001,12.7688892,0,True,57.038223799999997,26.659653599999999,0,development,2,43
A_Task-1,A,1,45,A_Task-1_trial-045,99995,102096,99995,100048,-1,100563,100811,-1,,,,100811,390.60546900000003,392.82421900000003,393.79296900000003,,393.79296900000003,2.21875,0.96875,3.1875,0.96875,True,,H1,MAT_state_transition+problem_timeline,-1,,,,,pending_signal_quality,True,57.007705799999997,11.142327099999999,0,True,65.522239999999996,45.8363455,0,True,61.280231899999997,48.226984100000003,0,development,2,44
A_Task-1,A,1,46,A_Task-1_trial-046,102096,104233,102096,102148,-1,102663,102949,-1,,,,102949,398.8125,401.02734400000003,402.14453099999997,,402.14453099999997,2.21484375,1.1171875,3.33203125,1.1171875,True,,H1,MAT_state_transition+problem_timeline,-1,,,,,pending_signal_quality,True,90.852216400000003,20.428937399999999,0,True,166.231785,148.352508,0,True,282.59708599999999,241.58523099999999,0,development,2,45
A_Task-1,A,1,47,A_Task-1_trial-047,104233,106421,104233,104285,-1,104800,105138,-1,,,,105138,407.16015599999997,409.375,410.695312,,410.695312,2.21484375,1.3203125,3.53515625,1.3203125,True,,H1,MAT_state_transition+problem_timeline,-1,,,,,pending_signal_quality,True,54.047455599999999,29.1996717,0,True,57.007705799999997,87.650201999999979,0,True,54.016937499999997,131.77719300000001,0,development,2,46
A_Task-1,A,1,48,A_Task-1_trial-048,106421,108593,106421,106473,1,106988,107311,1,,,,107311,415.70703099999997,417.921875,419.18359400000003,,419.18359400000003,2.21484375,1.26171875,3.4765625,1.26171875,True,,H1,MAT_state_transition+problem_timeline,1,,,,,pending_signal_quality,True,45.685511599999998,29.607643199999998,0,True,65.400167800000006,13.0875257,0,True,57.526512599999997,20.3037241,0,development,2,47
A_Task-1,A,1,49,A_Task-1_trial-049,108593,110726,108593,108646,-1,109161,109441,-1,,,,109441,424.19140599999997,426.41015599999997,427.50390599999997,,427.50390599999997,2.21875,1.09375,3.3125,1.09375,True,,H1,MAT_state_transition+problem_timeline,-1,,,,,pending_signal_quality,True,54.871442700000003,12.761369999999999,0,True,58.258945599999997,45.900642099999999,0,True,59.845883899999997,91.852689900000001,0,development,2,48
A_Task-1,A,1,50,A_Task-1_trial-050,110726,112835,110726,110778,-1,111293,111553,-1,,,,111553,432.523438,434.73828099999997,435.75390599999997,,435.75390599999997,2.21484375,1.015625,3.23046875,1.015625,True,,H1,MAT_state_transition+problem_timeline,-1,,,,,pending_signal_quality,True,61.402304100000002,17.3185365,0,True,125.917449,38.244075299999999,0,True,240.23804100000001,93.824101900000002,0,development,2,49
A_Task-1,A,1,51,A_Task-1_trial-051,112835,114983,112835,112887,1,113402,113700,1,,,,113700,440.76171900000003,442.976562,444.140625,,444.140625,2.21484375,1.1640625,3.37890625,1.1640625,True,,H1,MAT_state_transition+problem_timeline,1,,,,,pending_signal_quality,True,65.308613699999995,12.1574767,0,True,665.629053,187.17955699999999,0,True,649.66811600000005,211.83065400000001,0,development,2,50
A_Task-1,A,1,52,A_Task-1_trial-052,114983,117148,114983,115035,1,115551,115865,1,,,,115865,449.15234400000003,451.37109400000003,452.59765599999997,,452.59765599999997,2.21875,1.2265625,3.4453125,1.2265625,True,,H1,MAT_state_transition+problem_timeline,1,,,,,pending_signal_quality,True,107.728695,55.424054599999998,0,True,450.99565100000001,230.989037,0,True,345.006485,304.59156899999999,0,development,2,51
A_Task-1,A,1,53,A_Task-1_trial-053,117148,119264,117148,117200,1,117715,117979,1,,,,117979,457.609375,459.82421900000003,460.85546900000003,,460.85546900000003,2.21484375,1.03125,3.24609375,1.03125,True,,H1,MAT_state_transition+problem_timeline,1,,,,,pending_signal_quality,True,150.75913600000001,61.654162300000003,0,True,454.871443,254.49951899999999,0,True,244.87678299999999,295.61323099999998,0,development,2,52
A_Task-1,A,1,54,A_Task-1_trial-054,119264,121417,119264,119316,-1,119832,120130,-1,,,,120130,465.875,468.09375,469.257812,,469.257812,2.21875,1.1640625,3.3828125,1.1640625,True,,H1,MAT_state_transition+problem_timeline,-1,,,,,pending_signal_quality,True,54.352635999999997,86.477969000000002,0,True,69.275959400000005,423.49047400000001,0,True,214.08407700000001,432.41558900000001,0,development,2,53
A_Task-1,A,1,55,A_Task-1_trial-055,121417,123541,121417,121469,1,121984,122259,1,,,,122259,474.28515599999997,476.5,477.57421900000003,,477.57421900000003,2.21484375,1.07421875,3.2890625,1.07421875,True,,H1,MAT_state_transition+problem_timeline,1,,,,,pending_signal_quality,True,80.659189699999999,29.1809817,0,True,82.368200200000004,197.41693000000001,0,True,81.910429500000006,183.45384799999999,0,development,2,54
A_Task-1,A,1,56,A_Task-1_trial-056,123541,125702,123541,123593,-1,124109,124416,-1,,,,124416,482.58203099999997,484.80078099999997,486,,486,2.21875,1.19921875,3.41796875,1.19921875,True,,H1,MAT_state_transition+problem_timeline,-1,,,,,pending_signal_quality,True,50.659952699999998,10.2882435,0,True,66.956588100000005,54.246649699999999,0,True,57.160296000000002,81.891964099999981,0,development,2,55
A_Task-1,A,1,57,A_Task-1_trial-057,125702,127862,125702,125754,-1,126269,126579,-1,,,,126579,491.023438,493.23828099999997,494.44921900000003,,494.44921900000003,2.21484375,1.2109375,3.42578125,1.2109375,True,,H1,MAT_state_transition+problem_timeline,-1,,,,,pending_signal_quality,True,62.287327400000002,12.839468699999999,0,True,70.710307499999999,36.5938509,0,True,65.2475776,24.412527399999998,0,development,2,56
A_Task-1,A,1,58,A_Task-1_trial-058,127862,130027,127862,127914,1,128429,128743,1,,,,128743,499.460938,501.67578099999997,502.90234400000003,,502.90234400000003,2.21484375,1.2265625,3.44140625,1.2265625,True,,H1,MAT_state_transition+problem_timeline,1,,,,,pending_signal_quality,True,68.390936100000005,18.568983599999999,0,True,56.061646400000001,15.598852300000001,0,True,62.989242400000002,50.465512799999999,0,development,2,57
A_Task-1,A,1,59,A_Task-1_trial-059,130027,132175,130027,130079,1,130594,130890,1,,,,130890,507.91796900000003,510.132812,511.289062,,511.289062,2.21484375,1.15625,3.37109375,1.15625,True,,H1,MAT_state_transition+problem_timeline,1,,,,,pending_signal_quality,True,55.939574299999997,10.6679216,0,True,75.257496000000003,47.811621500000001,0,True,64.820324999999997,17.196291299999999,0,development,2,58
A_Task-1,A,1,60,A_Task-1_trial-060,132175,134336,132175,132227,-1,132742,133052,-1,,,,133052,516.30859399999997,518.52343800000006,519.734375,,519.734375,2.21484375,1.2109375,3.42578125,1.2109375,True,,H1,MAT_state_transition+problem_timeline,-1,,,,,pending_signal_quality,True,50.965133100000003,22.011028199999998,0,True,61.493858199999998,19.381122300000001,0,True,58.3504997,33.026516100000002,0,development,2,59
A_Task-1,A,1,61,A_Task-1_trial-061,134336,136656,134336,134388,1,134903,135373,1,,,,135373,524.75,526.96484399999997,528.80078100000003,,528.80078100000003,2.21484375,1.8359375,4.05078125,1.8359375,True,,H1,MAT_state_transition+problem_timeline,1,,,,,pending_signal_quality,True,58.3199817,12.652304900000001,0,True,240.17700500000001,58.337623700000002,0,True,71.107042000000007,129.17576500000001,0,development,3,60
A_Task-1,A,1,62,A_Task-1_trial-062,136656,138788,136656,136708,-1,137223,137503,-1,,,,137503,533.8125,536.02734399999997,537.12109399999997,,537.12109399999997,2.21484375,1.09375,3.30859375,1.09375,True,,H1,MAT_state_transition+problem_timeline,-1,,,,,pending_signal_quality,True,67.872129400000006,24.3764912,0,True,73.426413400000001,113.813541,0,True,77.607385399999998,73.238244899999998,0,development,3,61
A_Task-1,A,1,63,A_Task-1_trial-063,138788,140941,138788,138841,1,139356,139658,1,,,,139658,542.140625,544.359375,545.53906199999994,,545.53906199999994,2.21875,1.1796875,3.3984375,1.1796875,True,,H1,MAT_state_transition+problem_timeline,1,,,,,pending_signal_quality,True,58.075837300000003,18.275971500000001,0,True,106.721599,145.066732,0,True,106.50797300000001,182.545188,0,development,3,62
A_Task-1,A,1,64,A_Task-1_trial-064,140941,143037,140941,140993,1,141508,141755,1,,,,141755,550.55078100000003,552.765625,553.73046899999997,,553.73046899999997,2.21484375,0.96484375,3.1796875,0.96484375,True,,H1,MAT_state_transition+problem_timeline,1,,,,,pending_signal_quality,True,67.383840699999993,19.874744799999998,0,True,60.090028199999999,193.920624,0,True,93.995574899999994,258.75712900000002,0,development,3,63
A_Task-1,A,1,65,A_Task-1_trial-065,143037,145214,143037,143090,-1,143605,143927,-1,,,,143927,558.73828100000003,560.95703100000003,562.21484399999997,,562.21484399999997,2.21875,1.2578125,3.4765625,1.2578125,True,,H1,MAT_state_transition+problem_timeline,-1,,,,,pending_signal_quality,True,44.8615244,18.265211900000001,0,True,49.713893300000002,83.300113400000001,0,True,53.406576600000001,107.026889,0,development,3,64
A_Task-1,A,1,66,A_Task-1_trial-066,145214,147338,145214,145266,1,145781,146056,1,,,,146056,567.24218800000006,569.45703100000003,570.53125,,570.53125,2.21484375,1.07421875,3.2890625,1.07421875,True,,H1,MAT_state_transition+problem_timeline,1,,,,,pending_signal_quality,True,71.351186400000003,21.363573800000001,0,True,64.850843100000006,101.324943,0,True,60.181582400000003,173.95308900000001,0,development,3,65
A_Task-1,A,1,67,A_Task-1_trial-067,147338,149495,147338,147391,-1,147906,148211,-1,,,,148211,575.53906199999994,577.75781199999994,578.94921899999997,,578.94921899999997,2.21875,1.19140625,3.41015625,1.19140625,True,,H1,MAT_state_transition+problem_timeline,-1,,,,,pending_signal_quality,True,47.119859599999998,24.012111000000001,0,True,75.013351599999979,89.509991299999982,0,True,55.451285599999999,142.58942400000001,0,development,3,66
A_Task-1,A,1,68,A_Task-1_trial-068,149495,151611,149495,149547,-1,150062,150326,-1,,,,150326,583.96484399999997,586.17968800000006,587.21093800000006,,587.21093800000006,2.21484375,1.03125,3.24609375,1.03125,True,,H1,MAT_state_transition+problem_timeline,-1,,,,,pending_signal_quality,True,89.784084800000002,17.079459700000001,0,True,91.981384000000006,31.996245299999998,0,True,77.8515297,54.2111862,0,development,3,67
A_Task-1,A,1,69,A_Task-1_trial-069,151611,153760,151611,151664,1,152179,152477,1,,,,152477,592.23046899999997,594.44921899999997,595.61328100000003,,595.61328100000003,2.21875,1.1640625,3.3828125,1.1640625,True,,H1,MAT_state_transition+problem_timeline,1,,,,,pending_signal_quality,True,63.050278499999997,12.3951549,0,True,64.759288900000001,11.386055300000001,0,True,62.928206299999999,13.3456204,0,development,3,68
A_Task-1,A,1,70,A_Task-1_trial-070,153760,155889,153760,153812,1,154327,154607,1,,,,154607,600.625,602.83984399999997,603.93359399999997,,603.93359399999997,2.21484375,1.09375,3.30859375,1.09375,True,,H1,MAT_state_transition+problem_timeline,1,,,,,pending_signal_quality,True,64.179446100000007,21.3918103,0,True,135.896849,104.63333900000001,0,True,117.891203,29.152388800000001,0,development,3,69
A_Task-1,A,1,71,A_Task-1_trial-071,155889,158017,155889,155941,-1,156456,156733,-1,,,,156733,608.94140600000003,611.15625,612.23828100000003,,612.23828100000003,2.21484375,1.08203125,3.296875,1.08203125,True,,H1,MAT_state_transition+problem_timeline,-1,,,,,pending_signal_quality,True,61.249713900000003,13.4411343,0,True,68.787670700000007,55.037272899999998,0,True,79.865720600000003,41.499169899999998,0,development,3,70
A_Task-1,A,1,72,A_Task-1_trial-072,158017,160090,158017,158069,1,158584,158806,1,,,,158806,617.25390600000003,619.46875,620.33593800000006,,620.33593800000006,2.21484375,0.8671875,3.08203125,0.8671875,True,,H1,MAT_state_transition+problem_timeline,1,,,,,pending_signal_quality,True,59.632257600000003,19.340767700000001,0,True,74.372472700000003,43.107270399999997,0,True,63.2944228,46.816950499999997,0,development,3,71
A_Task-1,A,1,73,A_Task-1_trial-073,160090,162254,160090,160142,-1,160657,160971,-1,,,,160971,625.35156199999994,627.56640600000003,628.79296899999997,,628.79296899999997,2.21484375,1.2265625,3.44140625,1.2265625,True,,H1,MAT_state_transition+problem_timeline,-1,,,,,pending_signal_quality,True,53.772793200000002,70.012714799999998,0,True,69.642175899999998,202.02958599999999,0,True,59.021896699999999,256.03602799999999,0,development,3,72
A_Task-1,A,1,74,A_Task-1_trial-074,162254,164367,162254,162306,1,162821,163082,1,,,,163082,633.80468800000006,636.01953100000003,637.03906199999994,,637.03906199999994,2.21484375,1.01953125,3.234375,1.01953125,True,,H1,MAT_state_transition+problem_timeline,1,,,,,pending_signal_quality,True,73.304341199999982,15.4832652,0,True,68.329900100000003,186.602994,0,True,67.627984999999995,256.63844999999998,0,development,3,73
A_Task-1,A,1,75,A_Task-1_trial-075,164367,166495,164367,164419,-1,164934,165210,-1,,,,165210,642.05859399999997,644.27343800000006,645.35156199999994,,645.35156199999994,2.21484375,1.078125,3.29296875,1.078125,True,,H1,MAT_state_transition+problem_timeline,-1,,,,,pending_signal_quality,True,60.090028199999999,87.114923700000006,0,True,359.04478499999999,104.637593,0,True,447.21141399999999,163.30743000000001,0,development,3,74
A_Task-1,A,1,76,A_Task-1_trial-076,166495,168596,166495,166547,1,167063,167313,1,,,,167313,650.37109399999997,652.58984399999997,653.56640600000003,,653.56640600000003,2.21875,0.9765625,3.1953125,0.9765625,True,,H1,MAT_state_transition+problem_timeline,1,,,,,pending_signal_quality,True,75.898374899999979,16.3515534,0,True,74.311436599999979,237.19794999999999,0,True,100.434882,253.60186899999999,0,development,3,75
A_Task-1,A,1,77,A_Task-1_trial-077,168596,170736,168596,168648,-1,169163,169453,-1,,,,169453,658.578125,660.79296899999997,661.92578100000003,,661.92578100000003,2.21484375,1.1328125,3.34765625,1.1328125,True,,H1,MAT_state_transition+problem_timeline,-1,,,,,pending_signal_quality,True,215.243763,54.222104100000003,0,True,722.57572300000004,285.07762500000001,0,True,640.20752300000004,261.067769,0,development,3,76
A_Task-1,A,1,78,A_Task-1_trial-078,170736,172861,170736,170789,-1,171304,171576,-1,,,,171576,666.9375,669.15625,670.21875,,670.21875,2.21875,1.0625,3.28125,1.0625,True,,H1,MAT_state_transition+problem_timeline,-1,,,,,pending_signal_quality,True,150.270848,131.13544400000001,0,True,778.97306800000001,415.22592600000002,0,True,816.57129799999984,492.24386099999998,0,development,3,77
A_Task-1,A,1,79,A_Task-1_trial-079,172861,175002,172861,172913,-1,173429,173717,-1,,,,173717,675.23828100000003,677.45703100000003,678.58203100000003,,678.58203100000003,2.21875,1.125,3.34375,1.125,True,,H1,MAT_state_transition+problem_timeline,-1,,,,,pending_signal_quality,True,60.517280800000002,33.130499399999998,0,True,58.930342600000003,216.37430699999999,0,True,55.1461051,212.384479,0,development,3,78
A_Task-1,A,1,80,A_Task-1_trial-080,175002,177170,175002,175054,-1,175569,175883,-1,,,,175883,683.60156199999994,685.81640600000003,687.04296899999997,,687.04296899999997,2.21484375,1.2265625,3.44140625,1.2265625,True,,H1,MAT_state_transition+problem_timeline,-1,,,,,pending_signal_quality,True,58.014801300000002,17.125591100000001,0,True,108.339055,49.9320375,0,True,85.32845039999998,88.722466299999979,0,development,3,79
A_Task-1,A,1,81,A_Task-1_trial-081,177170,179318,177170,177222,-1,177737,178035,-1,,,,178035,692.07031199999994,694.28515600000003,695.44921899999997,,695.44921899999997,2.21484375,1.1640625,3.37890625,1.1640625,True,,H1,MAT_state_transition+problem_timeline,-1,,,,,pending_signal_quality,True,132.875563,67.180336800000006,0,True,634.68375700000001,346.122299,0,True,84.382391100000007,78.236184199999983,0,test,,80
A_Task-1,A,1,82,A_Task-1_trial-082,179318,181459,179318,179371,1,179886,180176,1,,,,180176,700.46093800000006,702.67968800000006,703.8125,,703.8125,2.21875,1.1328125,3.3515625,1.1328125,True,,H1,MAT_state_transition+problem_timeline,1,,,,,pending_signal_quality,True,58.899824500000001,18.0597283,0,True,61.768520600000002,50.461920999999997,0,True,81.208514500000007,22.658325999999999,0,test,,81
A_Task-1,A,1,83,A_Task-1_trial-083,181459,183556,181459,181511,-1,182026,182274,-1,,,,182274,708.82421899999997,711.03906199999994,712.00781199999994,,712.00781199999994,2.21484375,0.96875,3.18359375,0.96875,True,,H1,MAT_state_transition+problem_timeline,-1,,,,,pending_signal_quality,True,70.069428500000001,12.852888099999999,0,True,103.12047,22.5433761,0,True,56.214236700000001,10.263997099999999,0,test,,82
A_Task-1,A,1,84,A_Task-1_trial-084,183556,185672,183556,183608,1,184123,184388,1,,,,184388,717.015625,719.23046899999997,720.265625,,720.265625,2.21484375,1.03515625,3.25,1.03515625,True,,H1,MAT_state_transition+problem_timeline,1,,,,,pending_signal_quality,True,56.122682500000003,13.255367400000001,0,True,54.535744299999998,106.220427,0,True,86.030365500000002,147.15349699999999,0,test,,83
A_Task-1,A,1,85,A_Task-1_trial-085,185672,187789,185672,185724,-1,186239,186504,-1,,,,186504,725.28125,727.49609399999986,728.53125,,728.53125,2.21484375,1.03515625,3.25,1.03515625,True,,H1,MAT_state_transition+problem_timeline,-1,,,,,pending_signal_quality,True,79.40795,33.369250899999997,0,True,81.361104800000007,125.805792,0,True,64.5456626,96.624252100000007,0,test,,84
A_Task-1,A,1,86,A_Task-1_trial-086,187789,189909,187789,187841,1,188356,188625,1,,,,188625,733.55078100000003,735.765625,736.81640600000003,,736.81640600000003,2.21484375,1.05078125,3.265625,1.05078125,True,,H1,MAT_state_transition+problem_timeline,1,,,,,pending_signal_quality,True,56.000610399999999,13.417507000000001,0,True,82.30716409999998,19.921766900000001,0,True,345.49477400000001,750.88641199999984,0,test,,85
A_Task-1,A,1,87,A_Task-1_trial-087,189909,192086,189909,189961,1,190477,190801,1,,,,190801,741.83203100000003,744.05078100000003,745.31640600000003,,745.31640600000003,2.21875,1.265625,3.484375,1.265625,True,,H1,MAT_state_transition+problem_timeline,1,,,,,pending_signal_quality,True,52.979323999999998,9.8264757900000017,0,True,57.221332099999998,19.318926600000001,0,True,64.362554399999993,119.168779,0,test,,86
A_Task-1,A,1,88,A_Task-1_trial-088,192086,194210,192086,192138,1,192653,192927,1,,,,192927,750.33593800000006,752.55078100000003,753.62109399999986,,753.62109399999986,2.21484375,1.0703125,3.28515625,1.0703125,True,,H1,MAT_state_transition+problem_timeline,1,,,,,pending_signal_quality,True,96.833753000000002,37.3686626,0,True,460.21210000000002,161.708741,0,True,393.68276500000002,108.568245,0,test,,87
A_Task-1,A,1,89,A_Task-1_trial-089,194210,196339,194210,194262,1,194778,195055,1,,,,195055,758.63281199999983,760.85156199999983,761.93359399999986,,761.93359399999986,2.21875,1.08203125,3.30078125,1.08203125,True,,H1,MAT_state_transition+problem_timeline,1,,,,,pending_signal_quality,True,72.816052499999998,105.33476400000001,0,True,69.459067700000006,315.34952399999997,0,True,74.280918600000007,266.86442599999998,0,test,,88
A_Task-1,A,1,90,A_Task-1_trial-090,196339,198451,196339,196391,1,196906,197165,1,,,,197165,766.94921899999986,769.16406199999983,770.17578100000003,,770.17578100000003,2.21484375,1.01171875,3.2265625,1.01171875,True,,H1,MAT_state_transition+problem_timeline,1,,,,,pending_signal_quality,True,52.307927100000001,20.5683325,0,True,65.308613699999995,179.91501500000001,0,True,56.977187800000003,130.52615599999999,0,test,,89
A_Task-1,A,1,91,A_Task-1_trial-091,198451,200656,198451,198504,-1,199019,199371,-1,,,,199371,775.19921899999986,777.41796899999986,778.79296899999986,,778.79296899999986,2.21875,1.375,3.59375,1.375,True,,H1,MAT_state_transition+problem_timeline,-1,,,,,pending_signal_quality,True,63.2944228,33.272560900000002,0,True,51.636530100000002,215.49882099999999,0,True,51.880674399999997,179.205366,0,test,,90
A_Task-1,A,1,92,A_Task-1_trial-092,200656,202756,200656,200708,1,201223,201475,1,,,,201475,783.8125,786.02734399999986,787.01171899999986,,787.01171899999986,2.21484375,0.984375,3.19921875,0.984375,True,,H1,MAT_state_transition+problem_timeline,1,,,,,pending_signal_quality,True,54.993514900000001,32.211027000000001,0,True,71.290150299999993,186.80302599999999,0,True,76.295109499999981,175.515389,0,test,,91
A_Task-1,A,1,93,A_Task-1_trial-093,202756,204941,202756,202808,1,203324,203657,1,,,,203657,792.015625,794.234375,795.53515600000003,,795.53515600000003,2.21875,1.30078125,3.51953125,1.30078125,True,,H1,MAT_state_transition+problem_timeline,1,,,,,pending_signal_quality,True,77.241168799999983,14.717479600000001,0,True,77.271686900000006,55.512324499999998,0,True,83.19218739999998,37.650565800000003,0,test,,92
A_Task-1,A,1,94,A_Task-1_trial-094,204941,207113,204941,204993,1,205508,205829,1,,,,205829,800.55078100000003,802.765625,804.01953100000003,,804.01953100000003,2.21484375,1.25390625,3.46875,1.25390625,True,,H1,MAT_state_transition+problem_timeline,1,,,,,pending_signal_quality,True,48.279545300000002,11.2371508,0,True,63.782711499999998,49.130503400000002,0,True,62.165255199999997,11.589017699999999,0,test,,93
A_Task-1,A,1,95,A_Task-1_trial-095,207113,209286,207113,207165,-1,207681,208003,-1,,,,208003,809.03515600000003,811.25390600000003,812.51171899999986,,812.51171899999986,2.21875,1.2578125,3.4765625,1.2578125,True,,H1,MAT_state_transition+problem_timeline,-1,,,,,pending_signal_quality,True,57.343404300000003,13.525302,0,True,62.043182999999999,19.810392100000001,0,True,110.658427,45.6955612,0,test,,94
A_Task-1,A,1,96,A_Task-1_trial-096,209286,211382,209286,209338,1,209853,210099,1,,,,210099,817.52343800000006,819.73828100000003,820.69921899999986,,820.69921899999986,2.21484375,0.9609375,3.17578125,0.9609375,True,,H1,MAT_state_transition+problem_timeline,1,,,,,pending_signal_quality,True,70.344090899999998,12.229432900000001,0,True,55.115587099999999,29.256584400000001,0,True,63.660639400000001,12.057815099999999,0,test,,95
A_Task-1,A,1,97,A_Task-1_trial-097,211382,213467,211382,211434,1,211950,212182,1,,,,212182,825.71093800000006,827.92968800000006,828.83593800000006,,828.83593800000006,2.21875,0.90625,3.125,0.90625,True,,H1,MAT_state_transition+problem_timeline,1,,,,,pending_signal_quality,True,111.116197,39.406800400000002,0,True,435.70611100000002,141.53104099999999,0,True,474.55558100000002,166.63593800000001,0,test,,96
A_Task-1,A,1,98,A_Task-1_trial-098,213467,215619,213467,213519,-1,214034,214334,-1,,,,214334,833.85546899999986,836.07031199999983,837.24218800000006,,837.24218800000006,2.21484375,1.171875,3.38671875,1.171875,True,,H1,MAT_state_transition+problem_timeline,-1,,,,,pending_signal_quality,True,50.5378805,151.17059499999999,0,True,62.928206299999999,398.269181,0,True,92.927443400000001,343.65145200000001,0,test,,97
A_Task-1,A,1,99,A_Task-1_trial-099,215619,217816,215619,215672,-1,216187,216530,-1,,,,216530,842.26171899999986,844.48046899999986,845.82031199999983,,845.82031199999983,2.21875,1.33984375,3.55859375,1.33984375,True,,H1,MAT_state_transition+problem_timeline,-1,,,,,pending_signal_quality,True,59.510185399999997,15.4859574,0,True,58.655680199999999,235.70438300000001,0,True,59.723811699999999,151.42101199999999,0,test,,98
A_Task-1,A,1,100,A_Task-1_trial-100,217816,223845,217816,217868,1,218383,218710,1,,,,218710,850.84375,853.05859399999986,854.33593800000006,,854.33593800000006,2.21484375,1.27734375,3.4921875,1.27734375,True,,H1,MAT_state_transition+problem_timeline,1,,,,,pending_signal_quality,True,66.956588100000005,20.356941899999999,0,True,61.341267999999999,82.132071499999981,0,True,87.403677400000007,43.597956699999997,0,test,,99
A_Task-2,A,2,1,A_Task-2_trial-001,5133,7418,5133,5185,1,5701,6134,-1,6134,6135,-1,6134,20.050781199999999,22.269531199999999,23.9609375,23.9609375,23.9609375,2.21875,1.69140625,3.91015625,1.69140625,False,True,H1,MAT_state_transition+problem_timeline,-1 -> -2,,,True,False,pending_signal_quality,True,190.707256,143.91808599999999,0,True,297.672999,214.33852899999999,0,True,331.09025700000001,224.34943200000001,0,development,0,100
A_Task-2,A,2,2,A_Task-2_trial-002,7418,9778,7418,7470,-1,7985,8490,-1,8490,8491,-1,8490,28.9765625,31.191406199999999,33.1640625,33.1640625,33.1640625,2.21484375,1.97265625,4.1875,1.97265625,True,True,H1,MAT_state_transition+problem_timeline,-1 -> -2,,,True,False,pending_signal_quality,True,109.620813,113.51558300000001,0,True,144.96070800000001,102.265992,0,True,163.57671500000001,151.25169399999999,0,development,0,101
A_Task-2,A,2,3,A_Task-2_trial-003,9778,12014,9778,9830,-1,10345,10730,-1,10730,10731,-1,10730,38.1953125,40.410156200000003,41.9140625,41.9140625,41.9140625,2.21484375,1.50390625,3.71875,1.50390625,True,True,H1,MAT_state_transition+problem_timeline,-1 -> -2,,,True,False,pending_signal_quality,True,145.60158699999999,193.657127,0,True,235.62981600000001,404.76057300000002,0,True,234.95841899999999,373.38357999999999,0,development,0,102
A_Task-2,A,2,4,A_Task-2_trial-004,12014,14255,12014,12066,-1,12581,12969,-1,12969,12970,-1,12969,46.9296875,49.144531200000003,50.660156200000003,50.660156200000003,50.660156200000003,2.21484375,1.515625,3.73046875,1.515625,True,True,H1,MAT_state_transition+problem_timeline,-1 -> -2,,,True,False,pending_signal_quality,True,40.588998199999999,86.374209100000002,0,True,54.627298400000001,40.338980100000001,0,True,47.180895700000001,124.901635,0,development,0,103
A_Task-2,A,2,5,A_Task-2_trial-005,14255,16479,14255,14307,1,14822,15193,-1,15193,15194,-1,15193,55.683593799999997,57.8984375,59.347656200000003,59.347656200000003,59.347656200000003,2.21484375,1.44921875,3.6640625,1.44921875,False,True,H1,MAT_state_transition+problem_timeline,-1 -> -2,,,True,False,pending_signal_quality,True,184.20691199999999,142.88229799999999,0,True,194.49149299999999,78.089635900000005,0,True,192.87403699999999,197.65414999999999,0,development,0,104
A_Task-2,A,2,6,A_Task-2_trial-006,16479,18675,16479,16531,-1,17046,17389,1,17389,17390,1,17389,64.371093799999997,66.5859375,67.925781200000003,67.925781200000003,67.925781200000003,2.21484375,1.33984375,3.5546875,1.33984375,False,True,H1,MAT_state_transition+problem_timeline,1 -> 2,,,True,False,pending_signal_quality,True,163.271534,95.599870900000013,0,True,195.19340800000001,304.20048700000001,0,True,243.50347099999999,191.50798399999999,0,development,0,105
A_Task-2,A,2,7,A_Task-2_trial-007,18675,20864,18675,18727,1,19243,19580,-1,19580,19581,-1,19580,72.949218799999983,75.167968799999983,76.484375,76.484375,76.484375,2.21875,1.31640625,3.53515625,1.31640625,False,True,H1,MAT_state_transition+problem_timeline,-1 -> -2,,,True,False,pending_signal_quality,True,168.978408,90.670699099999993,0,True,280.64393100000001,319.21298200000001,0,True,307.74395399999997,224.92624900000001,0,development,0,106
A_Task-2,A,2,8,A_Task-2_trial-008,20864,23056,20864,20916,1,21431,21772,-1,21772,21773,-1,21772,81.5,83.714843799999983,85.046875,85.046875,85.046875,2.21484375,1.33203125,3.546875,1.33203125,False,True,H1,MAT_state_transition+problem_timeline,-1 -> -2,,,True,False,pending_signal_quality,True,53.223468400000002,60.202446000000002,0,True,62.043182999999999,32.751192600000003,0,True,49.378194899999997,90.846308300000004,0,development,0,107
A_Task-2,A,2,9,A_Task-2_trial-009,23056,25337,23056,23108,-1,23624,24050,1,24050,24051,1,24050,90.0625,92.28125,93.9453125,93.9453125,93.9453125,2.21875,1.6640625,3.8828125,1.6640625,False,True,H1,MAT_state_transition+problem_timeline,1 -> 2,,,True,False,pending_signal_quality,True,81.544212999999999,56.155114900000001,0,True,117.799649,34.589267200000002,0,True,96.925307099999998,82.494201099999998,0,development,0,108
A_Task-2,A,2,10,A_Task-2_trial-010,25337,27533,25337,25389,-1,25904,26248,-1,26248,26249,-1,26248,98.972656200000003,101.1875,102.53125,102.53125,102.53125,2.21484375,1.34375,3.55859375,1.34375,True,True,H1,MAT_state_transition+problem_timeline,-1 -> -2,,,True,False,pending_signal_quality,True,98.664835600000004,311.94787100000002,0,True,305.24147399999998,375.02986800000002,0,True,151.522087,456.80267700000002,0,development,0,109
A_Task-2,A,2,11,A_Task-2_trial-011,27533,29761,27533,27585,1,28100,28478,1,28478,28479,1,28478,107.550781,109.765625,111.242188,111.242188,111.242188,2.21484375,1.4765625,3.69140625,1.4765625,True,True,H1,MAT_state_transition+problem_timeline,1 -> 2,,,True,False,pending_signal_quality,True,121.156634,31.173304699999999,0,True,284.97749299999998,161.04103699999999,0,True,255.405509,83.449830000000006,0,development,0,110
A_Task-2,A,2,12,A_Task-2_trial-012,29761,31970,29761,29814,1,30329,30687,-1,30687,30688,-1,30687,116.253906,118.472656,119.871094,119.871094,119.871094,2.21875,1.3984375,3.6171875,1.3984375,False,True,H1,MAT_state_transition+problem_timeline,-1 -> -2,,,True,False,pending_signal_quality,True,185.24452600000001,101.826196,0,True,259.86114300000003,82.82519929999998,0,True,209.68947900000001,88.329789000000005,0,development,0,111
A_Task-2,A,2,13,A_Task-2_trial-013,31970,34166,31970,32022,1,32537,32883,-1,32883,32884,-1,32883,124.882812,127.097656,128.449219,128.449219,128.449219,2.21484375,1.3515625,3.56640625,1.3515625,False,True,H1,MAT_state_transition+problem_timeline,-1 -> -2,,,True,False,pending_signal_quality,True,91.584649400000004,25.134486599999999,0,True,61.5243763,102.47512399999999,0,True,250.79728399999999,116.496449,0,development,0,112
A_Task-2,A,2,14,A_Task-2_trial-014,34166,36415,34166,34218,-1,34734,35127,-1,35127,35128,-1,35127,133.460938,135.679688,137.214844,137.214844,137.214844,2.21875,1.53515625,3.75390625,1.53515625,True,True,H1,MAT_state_transition+problem_timeline,-1 -> -2,,,True,False,pending_signal_quality,True,105.470359,236.43236899999999,0,True,208.59082900000001,181.03713500000001,0,True,150.057221,157.66121699999999,0,development,0,113
A_Task-2,A,2,15,A_Task-2_trial-015,36415,38699,36415,36467,-1,36982,37415,1,37415,37416,1,37415,142.246094,144.460938,146.152344,146.152344,146.152344,2.21484375,1.69140625,3.90625,1.69140625,False,True,H1,MAT_state_transition+problem_timeline,1 -> 2,,,True,False,pending_signal_quality,True,73.731593799999999,51.7659576,0,True,88.53284499999998,85.791503500000005,0,True,72.90760659999998,26.286558100000001,0,development,0,114
A_Task-2,A,2,16,A_Task-2_trial-016,38699,40943,38699,38751,-1,39267,39657,1,39657,39658,1,39657,151.167969,153.386719,154.910156,154.910156,154.910156,2.21875,1.5234375,3.7421875,1.5234375,False,True,H1,MAT_state_transition+problem_timeline,1 -> 2,,,True,False,pending_signal_quality,True,198.76401899999999,228.293137,0,True,450.08010999999999,400.41321799999997,0,True,315.06828400000001,301.279607,0,development,0,115
A_Task-2,A,2,17,A_Task-2_trial-017,40943,43164,40943,40996,1,41511,41874,-1,41874,41875,-1,41874,159.933594,162.152344,163.570312,163.570312,163.570312,2.21875,1.41796875,3.63671875,1.41796875,False,True,H1,MAT_state_transition+problem_timeline,-1 -> -2,,,True,False,pending_signal_quality,True,52.399481199999997,200.468751,0,True,61.097123699999997,280.51670200000001,0,True,54.901960799999998,198.76644899999999,0,development,0,116
A_Task-2,A,2,18,A_Task-2_trial-018,43164,45420,43164,43216,1,43731,44133,1,44133,44134,1,44133,168.609375,170.824219,172.394531,172.394531,172.394531,2.21484375,1.5703125,3.78515625,1.5703125,True,True,H1,MAT_state_transition+problem_timeline,1 -> 2,,,True,False,pending_signal_quality,True,63.050278499999997,270.87874799999997,0,True,145.60158699999999,307.05550899999997,0,True,69.062333100000004,258.091566,0,development,0,117
A_Task-2,A,2,19,A_Task-2_trial-019,45420,47593,45420,45472,-1,45988,46306,1,46306,46307,1,46306,177.421875,179.640625,180.882812,180.882812,180.882812,2.21875,1.2421875,3.4609375,1.2421875,False,True,H1,MAT_state_transition+problem_timeline,1 -> 2,,,True,False,pending_signal_quality,True,210.02517700000001,254.990207,0,True,494.23971899999998,407.618582,0,True,303.01365700000002,374.505224,0,development,0,118
A_Task-2,A,2,20,A_Task-2_trial-020,47593,49821,47593,47645,-1,48160,48538,1,48538,48539,1,48538,185.910156,188.125,189.601562,189.601562,189.601562,2.21484375,1.4765625,3.69140625,1.4765625,False,True,H1,MAT_state_transition+problem_timeline,1 -> 2,,,True,False,pending_signal_quality,True,39.703975,109.487634,0,True,55.359731400000001,188.422223,0,True,41.596093699999997,105.163381,0,development,0,119
A_Task-2,A,2,21,A_Task-2_trial-021,49821,52005,49821,49873,1,50388,50719,-1,50719,50720,-1,50719,194.613281,196.828125,198.121094,198.121094,198.121094,2.21484375,1.29296875,3.5078125,1.29296875,False,True,H1,MAT_state_transition+problem_timeline,-1 -> -2,,,True,False,pending_signal_quality,True,105.653468,49.611711300000003,0,True,164.797436,91.017872999999994,0,True,129.732204,88.201063000000005,0,development,1,120
A_Task-2,A,2,22,A_Task-2_trial-022,52005,54226,52005,52058,-1,52573,52939,-1,52939,52940,-1,52939,203.144531,205.363281,206.792969,206.792969,206.792969,2.21875,1.4296875,3.6484375,1.4296875,True,True,H1,MAT_state_transition+problem_timeline,-1 -> -2,,,True,False,pending_signal_quality,True,171.847105,84.475255899999979,0,True,321.96536200000003,259.47423199999997,0,True,273.92996099999999,146.015762,0,development,1,121
A_Task-2,A,2,23,A_Task-2_trial-023,54226,56418,54226,54278,1,54793,55131,1,55131,55132,1,55131,211.820312,214.035156,215.355469,215.355469,215.355469,2.21484375,1.3203125,3.53515625,1.3203125,True,True,H1,MAT_state_transition+problem_timeline,1 -> 2,,,True,False,pending_signal_quality,True,76.142519300000004,244.29271299999999,0,True,125.856413,58.207752599999999,0,True,189.181353,232.048452,0,development,1,122
A_Task-2,A,2,24,A_Task-2_trial-024,56418,58631,56418,56470,1,56986,57344,-1,57344,57345,-1,57344,220.382812,222.601562,224,224,224,2.21875,1.3984375,3.6171875,1.3984375,False,True,H1,MAT_state_transition+problem_timeline,-1 -> -2,,,True,False,pending_signal_quality,True,67.566948999999994,79.917884999999998,0,True,127.199207,163.10798800000001,0,True,82.948042999999998,112.78354400000001,0,development,1,123
A_Task-2,A,2,25,A_Task-2_trial-025,58631,60795,58631,58683,-1,59198,59512,1,59512,59513,1,59512,229.027344,231.242188,232.46875,232.46875,232.46875,2.21484375,1.2265625,3.44140625,1.2265625,False,True,H1,MAT_state_transition+problem_timeline,1 -> 2,,,True,False,pending_signal_quality,True,39.642938899999997,53.705046600000003,0,True,53.162432299999999,179.15554399999999,0,True,47.241931800000003,96.392005999999995,0,development,1,124
A_Task-2,A,2,26,A_Task-2_trial-026,60795,62972,60795,60847,-1,61363,61688,1,61688,61689,1,61688,237.480469,239.699219,240.96875,240.96875,240.96875,2.21875,1.26953125,3.48828125,1.26953125,False,True,H1,MAT_state_transition+problem_timeline,1 -> 2,,,True,False,pending_signal_quality,True,58.258945599999997,16.465718500000001,0,True,139.31487000000001,132.87903600000001,0,True,78.797589099999982,76.289192299999982,0,development,1,125
A_Task-2,A,2,27,A_Task-2_trial-027,62972,65181,62972,63024,1,63539,63895,1,63895,63896,1,63895,245.984375,248.199219,249.589844,249.589844,249.589844,2.21484375,1.390625,3.60546875,1.390625,True,True,H1,MAT_state_transition+problem_timeline,1 -> 2,,,True,False,pending_signal_quality,True,74.006256199999982,29.678148799999999,0,True,106.904707,213.138554,0,True,70.588235299999994,153.666864,0,development,1,126
A_Task-2,A,2,28,A_Task-2_trial-028,65181,67405,65181,65233,1,65748,66119,1,66119,66120,1,66119,254.613281,256.828125,258.27734400000003,258.27734400000003,258.27734400000003,2.21484375,1.44921875,3.6640625,1.44921875,True,True,H1,MAT_state_transition+problem_timeline,1 -> 2,,,True,False,pending_signal_quality,True,58.960860599999997,19.986376199999999,0,True,96.162356000000003,183.27582799999999,0,True,82.551308500000005,130.75573499999999,0,development,1,127
A_Task-2,A,2,29,A_Task-2_trial-029,67405,69685,67405,67457,1,67972,68399,1,68399,68400,1,68399,263.30078099999997,265.515625,267.18359400000003,267.18359400000003,267.18359400000003,2.21484375,1.66796875,3.8828125,1.66796875,True,True,H1,MAT_state_transition+problem_timeline,1 -> 2,,,True,False,pending_signal_quality,True,89.295796100000004,59.410351900000002,0,True,145.32692499999999,233.496038,0,True,41.168841100000002,196.80168800000001,0,development,1,128
A_Task-2,A,2,30,A_Task-2_trial-030,69685,71941,69685,69737,-1,70252,70656,-1,70656,70657,-1,70656,272.20703099999997,274.421875,276,276,276,2.21484375,1.578125,3.79296875,1.578125,True,True,H1,MAT_state_transition+problem_timeline,-1 -> -2,,,True,False,pending_signal_quality,True,293.125811,120.78451699999999,0,True,357.70199100000002,176.293442,0,True,338.17044299999998,158.56797299999999,0,development,1,129
A_Task-2,A,2,31,A_Task-2_trial-031,71941,74110,71941,71993,-1,72509,72819,1,72819,72820,1,72819,281.01953099999997,283.23828099999997,284.44921900000003,284.44921900000003,284.44921900000003,2.21875,1.2109375,3.4296875,1.2109375,False,True,H1,MAT_state_transition+problem_timeline,1 -> 2,,,True,False,pending_signal_quality,True,181.52132399999999,604.257385,0,True,2000,956.54994599999998,0.671875,True,330.63248599999997,751.36195399999986,0,development,1,130
A_Task-2,A,2,32,A_Task-2_trial-032,74110,76262,74110,74162,-1,74677,74976,1,74976,74977,1,74976,289.492188,291.70703099999997,292.875,292.875,292.875,2.21484375,1.16796875,3.3828125,1.16796875,False,True,H1,MAT_state_transition+problem_timeline,1 -> 2,,,True,False,pending_signal_quality,True,70.405126999999993,41.632079699999998,0,True,174.776837,122.31932,0,True,77.363241000000002,23.454802600000001,0,development,1,131
A_Task-2,A,2,33,A_Task-2_trial-033,76262,78455,76262,76314,1,76830,77164,1,77164,77165,1,77164,297.898438,300.117188,301.421875,301.421875,301.421875,2.21875,1.3046875,3.5234375,1.3046875,True,True,H1,MAT_state_transition+problem_timeline,1 -> 2,,,True,False,pending_signal_quality,True,555.70305900000005,276.840103,0,True,603.03654500000005,425.179464,0,True,549.96566700000005,285.92893099999998,0,development,1,132
A_Task-2,A,2,34,A_Task-2_trial-034,78455,80691,78455,78507,-1,79022,79406,-1,79406,79407,-1,79406,306.46484400000003,308.679688,310.179688,310.179688,310.179688,2.21484375,1.5,3.71484375,1.5,True,True,H1,MAT_state_transition+problem_timeline,-1 -> -2,,,True,False,pending_signal_quality,True,421.30159500000002,597.031026,0,True,2000,834.66841799999986,0.38671875,True,2000,820.972803,0.12109375,development,1,133
A_Task-2,A,2,35,A_Task-2_trial-035,80691,82915,80691,80743,-1,81258,81632,-1,81632,81633,-1,81632,315.19921900000003,317.414062,318.875,318.875,318.875,2.21484375,1.4609375,3.67578125,1.4609375,True,True,H1,MAT_state_transition+problem_timeline,-1 -> -2,,,True,False,pending_signal_quality,True,476.29510900000002,221.70740900000001,0,True,1160.4486199999999,659.35500000000002,0.0390625,True,647.34874500000001,339.28409299999998,0,development,1,134
A_Task-2,A,2,36,A_Task-2_trial-036,82915,85072,82915,82968,1,83483,83785,1,83785,83786,1,83785,323.88671900000003,326.10546900000003,327.28515599999997,327.28515599999997,327.28515599999997,2.21875,1.1796875,3.3984375,1.1796875,True,True,H1,MAT_state_transition+problem_timeline,1 -> 2,,,True,False,pending_signal_quality,True,52.735179700000003,89.133298199999999,0,True,52.552071400000003,197.468875,0,True,51.148241400000003,91.529947300000003,0,development,1,135
A_Task-2,A,2,37,A_Task-2_trial-037,85072,87272,85072,85124,1,85639,85983,1,85983,85984,1,85983,332.3125,334.52734400000003,335.87109400000003,335.87109400000003,335.87109400000003,2.21484375,1.34375,3.55859375,1.34375,True,True,H1,MAT_state_transition+problem_timeline,1 -> 2,,,True,False,pending_signal_quality,True,103.761349,81.0356168,0,True,152.01037600000001,147.872524,0,True,127.718013,116.103019,0,development,1,136
A_Task-2,A,2,38,A_Task-2_trial-038,87272,89489,87272,87325,-1,87840,88205,1,88205,88206,1,88205,340.90625,343.125,344.55078099999997,344.55078099999997,344.55078099999997,2.21875,1.42578125,3.64453125,1.42578125,False,True,H1,MAT_state_transition+problem_timeline,1 -> 2,,,True,False,pending_signal_quality,True,43.6102846,28.672275800000001,0,True,56.610971200000002,170.45093399999999,0,True,51.636530100000002,72.84354759999998,0,development,1,137
A_Task-2,A,2,39,A_Task-2_trial-039,89489,91757,89489,89541,1,90057,90473,1,90473,90474,1,90473,349.56640599999997,351.78515599999997,353.41015599999997,353.41015599999997,353.41015599999997,2.21875,1.625,3.84375,1.625,True,True,H1,MAT_state_transition+problem_timeline,1 -> 2,,,True,False,pending_signal_quality,True,122.37735600000001,98.886043599999994,0,True,388.73884199999998,383.85379699999999,0,True,146.059358,175.41743600000001,0,development,1,138
A_Task-2,A,2,40,A_Task-2_trial-040,91757,93938,91757,91810,-1,92325,92650,1,92650,92651,1,92650,358.42578099999997,360.64453099999997,361.914062,361.914062,361.914062,2.21875,1.26953125,3.48828125,1.26953125,False,True,H1,MAT_state_transition+problem_timeline,1 -> 2,,,True,False,pending_signal_quality,True,59.815365800000002,140.847114,0,True,119.874876,67.915994400000002,0,True,92.286564400000003,133.77602899999999,0,development,1,139
A_Task-2,A,2,41,A_Task-2_trial-041,93938,96182,93938,93990,-1,94505,94897,-1,94897,94898,-1,94897,366.945312,369.16015599999997,370.69140599999997,370.69140599999997,370.69140599999997,2.21484375,1.53125,3.74609375,1.53125,True,True,H1,MAT_state_transition+problem_timeline,-1 -> -2,,,True,False,pending_signal_quality,True,433.72243800000001,203.90451300000001,0,True,514.44266400000004,262.73601400000001,0,True,513.71023100000002,315.104131,0,development,2,140
A_Task-2,A,2,42,A_Task-2_trial-042,96182,98375,96182,96235,-1,96750,97091,-1,97091,97092,-1,97091,375.710938,377.929688,379.26171900000003,379.26171900000003,379.26171900000003,2.21875,1.33203125,3.55078125,1.33203125,True,True,H1,MAT_state_transition+problem_timeline,-1 -> -2,,,True,False,pending_signal_quality,True,119.233997,127.98952,0,True,348.08880799999997,447.20382899999998,0,True,173.220417,250.53678600000001,0,development,2,141
A_Task-2,A,2,43,A_Task-2_trial-043,98375,100571,98375,98427,-1,98942,99283,-1,99283,99284,-1,99283,384.27734400000003,386.492188,387.82421900000003,387.82421900000003,387.82421900000003,2.21484375,1.33203125,3.546875,1.33203125,True,True,H1,MAT_state_transition+problem_timeline,-1 -> -2,,,True,False,pending_signal_quality,True,257.96902399999999,71.667470699999996,0,True,473.67055800000003,497.98870399999998,0,True,301.51827300000002,132.45496399999999,0,development,2,142
A_Task-2,A,2,44,A_Task-2_trial-044,100571,102843,100571,100623,-1,101139,101557,1,101557,101558,1,101557,392.85546900000003,395.07421900000003,396.70703099999997,396.70703099999997,396.70703099999997,2.21875,1.6328125,3.8515625,1.6328125,False,True,H1,MAT_state_transition+problem_timeline,1 -> 2,,,True,False,pending_signal_quality,True,47.089341599999997,175.04914299999999,0,True,70.679789400000004,175.63146399999999,0,True,48.310063300000003,246.79488699999999,0,development,2,143
A_Task-2,A,2,45,A_Task-2_trial-045,102843,105004,102843,102896,-1,103411,103719,1,103719,103720,1,103719,401.73046900000003,403.94921900000003,405.15234400000003,405.15234400000003,405.15234400000003,2.21875,1.203125,3.421875,1.203125,False,True,H1,MAT_state_transition+problem_timeline,1 -> 2,,,True,False,pending_signal_quality,True,191.71435099999999,199.61254700000001,0,True,69.1538872,13.322237899999999,0,True,306.98100299999999,90.124309499999995,0,development,2,144
A_Task-2,A,2,46,A_Task-2_trial-046,105004,107201,105004,105056,-1,105572,105915,-1,105915,105916,-1,105915,410.171875,412.390625,413.73046900000003,413.73046900000003,413.73046900000003,2.21875,1.33984375,3.55859375,1.33984375,True,True,H1,MAT_state_transition+problem_timeline,-1 -> -2,,,True,False,pending_signal_quality,True,51.728084199999998,105.093453,0,True,54.688334500000003,145.00645700000001,0,True,67.627984999999995,140.38332700000001,0,development,2,145
A_Task-2,A,2,47,A_Task-2_trial-047,107201,109365,107201,107253,-1,107768,108081,1,108081,108082,1,108081,418.75390599999997,420.96875,422.19140599999997,422.19140599999997,422.19140599999997,2.21484375,1.22265625,3.4375,1.22265625,False,True,H1,MAT_state_transition+problem_timeline,1 -> 2,,,True,False,pending_signal_quality,True,131.01396199999999,37.936176000000003,0,True,405.09651300000002,170.42018300000001,0,True,278.32455900000002,140.619426,0,development,2,146
A_Task-2,A,2,48,A_Task-2_trial-048,109365,111601,109365,109417,-1,109933,110317,-1,110317,110318,-1,110317,427.20703099999997,429.42578099999997,430.92578099999997,430.92578099999997,430.92578099999997,2.21875,1.5,3.71875,1.5,True,True,H1,MAT_state_transition+problem_timeline,-1 -> -2,,,True,False,pending_signal_quality,True,63.8437476,43.370527299999999,0,True,63.050278499999997,169.97864100000001,0,True,85.206378299999983,139.17799400000001,0,development,2,147
A_Task-2,A,2,49,A_Task-2_trial-049,111601,113838,111601,111654,1,112169,112551,-1,112551,112552,-1,112551,435.94140599999997,438.16015599999997,439.65234400000003,439.65234400000003,439.65234400000003,2.21875,1.4921875,3.7109375,1.4921875,False,True,H1,MAT_state_transition+problem_timeline,-1 -> -2,,,True,False,pending_signal_quality,True,91.493095299999993,278.59241200000002,0,True,164.24811199999999,40.964509900000003,0,True,170.656901,174.51722599999999,0,development,2,148
A_Task-2,A,2,50,A_Task-2_trial-050,113838,116071,113838,113890,1,114406,114785,-1,114785,114786,-1,114785,444.679688,446.898438,448.37890599999997,448.37890599999997,448.37890599999997,2.21875,1.48046875,3.69921875,1.48046875,False,True,H1,MAT_state_transition+problem_timeline,-1 -> -2,,,True,False,pending_signal_quality,True,225.61989800000001,67.556286700000001,0,True,300.75532199999998,153.44548800000001,0,True,346.562905,108.79163800000001,0,development,2,149
A_Task-2,A,2,51,A_Task-2_trial-051,116071,118295,116071,116123,-1,116638,117011,1,117011,117012,1,117011,453.40234400000003,455.617188,457.07421900000003,457.07421900000003,457.07421900000003,2.21484375,1.45703125,3.671875,1.45703125,False,True,H1,MAT_state_transition+problem_timeline,1 -> 2,,,True,False,pending_signal_quality,True,103.57824100000001,178.38951900000001,0,True,347.997253,262.843278,0,True,127.53490499999999,202.73781299999999,0,development,2,150
A_Task-2,A,2,52,A_Task-2_trial-052,118295,120443,118295,118347,1,118862,119158,1,119158,119159,1,119158,462.08984400000003,464.304688,465.460938,465.460938,465.460938,2.21484375,1.15625,3.37109375,1.15625,True,True,H1,MAT_state_transition+problem_timeline,1 -> 2,,,True,False,pending_signal_quality,True,58.594644099999996,197.014206,0,True,57.312886200000001,32.651131499999998,0,True,94.422827499999997,232.95488800000001,0,development,2,151
A_Task-2,A,2,53,A_Task-2_trial-053,120443,122664,120443,120495,1,121011,121380,-1,121380,121381,-1,121380,470.48046900000003,472.69921900000003,474.140625,474.140625,474.140625,2.21875,1.44140625,3.66015625,1.44140625,False,True,H1,MAT_state_transition+problem_timeline,-1 -> -2,,,True,False,pending_signal_quality,True,86.701762400000007,55.546732900000002,0,True,252.38422199999999,80.758291600000007,0,True,115.60235,56.765128699999998,0,development,2,152
A_Task-2,A,2,54,A_Task-2_trial-054,122664,124876,122664,122716,-1,123231,123590,1,123590,123591,1,123590,479.15625,481.37109400000003,482.773438,482.773438,482.773438,2.21484375,1.40234375,3.6171875,1.40234375,False,True,H1,MAT_state_transition+problem_timeline,1 -> 2,,,True,False,pending_signal_quality,True,78.431372499999981,121.503137,0,True,76.325627499999982,197.900295,0,True,160.86060900000001,197.408986,0,development,2,153
A_Task-2,A,2,55,A_Task-2_trial-055,124876,127057,124876,124928,-1,125444,125768,1,125768,125769,1,125768,487.796875,490.015625,491.28125,491.28125,491.28125,2.21875,1.265625,3.484375,1.265625,False,True,H1,MAT_state_transition+problem_timeline,1 -> 2,,,True,False,pending_signal_quality,True,108.73578999999999,261.932635,0,True,186.67887400000001,158.937127,0,True,139.34538800000001,163.02747099999999,0,development,2,154
A_Task-2,A,2,56,A_Task-2_trial-056,127057,129277,127057,127109,1,127624,127994,1,127994,127995,1,127994,496.31640599999997,498.53125,499.976562,499.976562,499.976562,2.21484375,1.4453125,3.66015625,1.4453125,True,True,H1,MAT_state_transition+problem_timeline,1 -> 2,,,True,False,pending_signal_quality,True,54.108491600000001,92.687791899999993,0,True,53.437094700000003,162.22882100000001,0,True,125.856413,143.62364500000001,0,development,2,155
A_Task-2,A,2,57,A_Task-2_trial-057,129277,131502,129277,129329,1,129845,130217,-1,130217,130218,-1,130217,504.98828099999997,507.20703099999997,508.66015599999997,508.66015599999997,508.66015599999997,2.21875,1.453125,3.671875,1.453125,False,True,H1,MAT_state_transition+problem_timeline,-1 -> -2,,,True,False,pending_signal_quality,True,55.603875799999997,20.718367499999999,0,True,77.210650799999982,141.860758,0,True,81.147478399999983,122.75175900000001,0,development,2,156
A_Task-2,A,2,58,A_Task-2_trial-058,131502,133738,131502,131554,1,132069,132454,1,132454,132455,1,132454,513.67968800000006,515.89453100000003,517.39843800000006,517.39843800000006,517.39843800000006,2.21484375,1.50390625,3.71875,1.50390625,True,True,H1,MAT_state_transition+problem_timeline,1 -> 2,,,True,False,pending_signal_quality,True,41.718165900000002,29.787149299999999,0,True,49.622339199999999,171.87370999999999,0,True,40.833142600000002,160.851,0,development,2,157
A_Task-2,A,2,59,A_Task-2_trial-059,133738,135966,133738,133790,1,134306,134681,-1,134681,134682,-1,134681,522.41406199999994,524.63281199999994,526.09765600000003,526.09765600000003,526.09765600000003,2.21875,1.46484375,3.68359375,1.46484375,False,True,H1,MAT_state_transition+problem_timeline,-1 -> -2,,,True,False,pending_signal_quality,True,180.453193,192.54772399999999,0,True,472.84657099999998,207.86232200000001,0,True,329.80849899999998,199.89811800000001,0,development,2,158
A_Task-2,A,2,60,A_Task-2_trial-060,135966,138203,135966,136019,1,136534,136916,-1,136916,136917,-1,136916,531.11718800000006,533.33593800000006,534.828125,534.828125,534.828125,2.21875,1.4921875,3.7109375,1.4921875,False,True,H1,MAT_state_transition+problem_timeline,-1 -> -2,,,True,False,pending_signal_quality,True,87.129014999999981,25.767815500000001,0,True,104.066529,221.81276399999999,0,True,78.095674099999982,181.72994499999999,0,development,2,159
A_Task-2,A,2,61,A_Task-2_trial-061,138203,140443,138203,138255,-1,138770,139159,1,139159,139160,1,139159,539.85546899999997,542.07031199999994,543.58984399999997,543.58984399999997,543.58984399999997,2.21484375,1.51953125,3.734375,1.51953125,False,True,H1,MAT_state_transition+problem_timeline,1 -> 2,,,True,False,pending_signal_quality,True,85.450522599999999,62.6950042,0,True,75.013351599999979,262.84207600000002,0,True,140.199893,163.75629000000001,0,development,3,160
A_Task-2,A,2,62,A_Task-2_trial-062,140443,142628,140443,140495,1,141011,141339,-1,141339,141340,-1,141339,548.60546899999997,550.82421899999997,552.10546899999997,552.10546899999997,552.10546899999997,2.21875,1.28125,3.5,1.28125,False,True,H1,MAT_state_transition+problem_timeline,-1 -> -2,,,True,False,pending_signal_quality,True,95.460441000000003,240.73844500000001,0,True,118.226902,225.94460699999999,0,True,172.27435700000001,300.18158399999999,0,development,3,161
A_Task-2,A,2,63,A_Task-2_trial-063,142628,144828,142628,142680,-1,143195,143542,1,143542,143543,1,143542,557.140625,559.35546899999997,560.71093800000006,560.71093800000006,560.71093800000006,2.21484375,1.35546875,3.5703125,1.35546875,False,True,H1,MAT_state_transition+problem_timeline,1 -> 2,,,True,False,pending_signal_quality,True,182.89463599999999,203.734218,0,True,95.155260499999997,303.11447800000002,0,True,247.013046,241.45545200000001,0,development,3,162
A_Task-2,A,2,64,A_Task-2_trial-064,144828,147025,144828,144880,-1,145396,145740,-1,145740,145741,-1,145740,565.734375,567.953125,569.296875,569.296875,569.296875,2.21875,1.34375,3.5625,1.34375,True,True,H1,MAT_state_transition+problem_timeline,-1 -> -2,,,True,False,pending_signal_quality,True,241.48928100000001,104.982952,0,True,183.04722699999999,251.097992,0,True,341.00862100000001,113.54529100000001,0,development,3,163
A_Task-2,A,2,65,A_Task-2_trial-065,147025,149201,147025,147077,1,147592,147915,1,147915,147916,1,147915,574.31640600000003,576.53125,577.79296899999997,577.79296899999997,577.79296899999997,2.21484375,1.26171875,3.4765625,1.26171875,True,True,H1,MAT_state_transition+problem_timeline,1 -> 2,,,True,False,pending_signal_quality,True,91.279469000000006,48.026912299999999,0,True,69.825284199999999,129.53484700000001,0,True,107.392996,75.080501999999981,0,development,3,164
A_Task-2,A,2,66,A_Task-2_trial-066,149201,151386,149201,149253,-1,149769,150099,-1,150099,150100,-1,150099,582.81640600000003,585.03515600000003,586.32421899999997,586.32421899999997,586.32421899999997,2.21875,1.2890625,3.5078125,1.2890625,True,True,H1,MAT_state_transition+problem_timeline,-1 -> -2,,,True,False,pending_signal_quality,True,50.904097,140.243742,0,True,57.679102800000003,87.368030099999999,0,True,44.129091299999999,181.783432,0,development,3,165
A_Task-2,A,2,67,A_Task-2_trial-067,151386,153562,151386,151438,1,151953,152275,1,152275,152276,1,152275,591.35156199999994,593.56640600000003,594.82421899999997,594.82421899999997,594.82421899999997,2.21484375,1.2578125,3.47265625,1.2578125,True,True,H1,MAT_state_transition+problem_timeline,1 -> 2,,,True,False,pending_signal_quality,True,547.524224,199.71219600000001,0,True,866.89555199999984,571.22729600000002,0,True,918.19638399999997,440.22261800000001,0,development,3,166
A_Task-2,A,2,68,A_Task-2_trial-068,153562,155802,153562,153614,1,154129,154519,-1,154519,154520,-1,154519,599.85156199999994,602.06640600000003,603.58984399999997,603.58984399999997,603.58984399999997,2.21484375,1.5234375,3.73828125,1.5234375,False,True,H1,MAT_state_transition+problem_timeline,-1 -> -2,,,True,False,pending_signal_quality,True,438.42221699999999,381.168316,0,True,641.15358200000003,260.95920699999999,0,True,584.51209300000005,607.87116400000002,0,development,3,167
A_Task-2,A,2,69,A_Task-2_trial-069,155802,158051,155802,155855,-1,156370,156765,-1,156765,156766,-1,156765,608.60156199999994,610.82031199999994,612.36328100000003,612.36328100000003,612.36328100000003,2.21875,1.54296875,3.76171875,1.54296875,True,True,H1,MAT_state_transition+problem_timeline,-1 -> -2,,,True,False,pending_signal_quality,True,76.9665064,45.768797399999997,0,True,115.20561499999999,29.065822199999999,0,True,93.476768100000001,41.8771062,0,development,3,168
A_Task-2,A,2,70,A_Task-2_trial-070,158051,160243,158051,158103,-1,158618,158959,-1,158959,158960,-1,158959,617.38671899999997,619.60156199999994,620.93359399999997,620.93359399999997,620.93359399999997,2.21484375,1.33203125,3.546875,1.33203125,True,True,H1,MAT_state_transition+problem_timeline,-1 -> -2,,,True,False,pending_signal_quality,True,240.60425699999999,121.414491,0,True,470.649271,178.33509799999999,0,True,455.32921299999998,244.18468200000001,0,development,3,169
A_Task-2,A,2,71,A_Task-2_trial-071,160243,162412,160243,160295,1,160811,161126,-1,161126,161127,-1,161126,625.94921899999997,628.16796899999997,629.39843800000006,629.39843800000006,629.39843800000006,2.21875,1.23046875,3.44921875,1.23046875,False,True,H1,MAT_state_transition+problem_timeline,-1 -> -2,,,True,False,pending_signal_quality,True,149.965667,104.947772,0,True,155.794614,123.232282,0,True,273.92996099999999,89.032201900000004,0,development,3,170
A_Task-2,A,2,72,A_Task-2_trial-072,162412,164560,162412,162464,1,162979,163276,-1,163276,163277,-1,163276,634.421875,636.63671899999997,637.796875,637.796875,637.796875,2.21484375,1.16015625,3.375,1.16015625,False,True,H1,MAT_state_transition+problem_timeline,-1 -> -2,,,True,False,pending_signal_quality,True,42.298008699999997,153.689897,0,True,93.354696000000004,187.03114600000001,0,True,90.852216400000003,194.16923499999999,0,development,3,171
A_Task-2,A,2,73,A_Task-2_trial-073,164560,166789,164560,164612,1,165127,165503,1,165503,165504,1,165503,642.8125,645.02734399999997,646.49609399999997,646.49609399999997,646.49609399999997,2.21484375,1.46875,3.68359375,1.46875,True,True,H1,MAT_state_transition+problem_timeline,1 -> 2,,,True,False,pending_signal_quality,True,90.791180299999994,27.123740399999999,0,True,107.14885200000001,132.360344,0,True,111.54345000000001,96.5506046,0,development,3,172
A_Task-2,A,2,74,A_Task-2_trial-074,166789,169005,166789,166841,1,167356,167721,-1,167721,167722,-1,167721,651.51953100000003,653.734375,655.16015600000003,655.16015600000003,655.16015600000003,2.21484375,1.42578125,3.640625,1.42578125,False,True,H1,MAT_state_transition+problem_timeline,-1 -> -2,,,True,False,pending_signal_quality,True,85.32845039999998,28.943124999999998,0,True,71.961547300000007,150.34712200000001,0,True,93.690394400000002,118.68854,0,development,3,173
A_Task-2,A,2,75,A_Task-2_trial-075,169005,171185,169005,169057,-1,169572,169899,1,169899,169900,1,169899,660.17578100000003,662.390625,663.66796899999997,663.66796899999997,663.66796899999997,2.21484375,1.27734375,3.4921875,1.27734375,False,True,H1,MAT_state_transition+problem_timeline,1 -> 2,,,True,False,pending_signal_quality,True,174.624247,179.949119,0,True,467.68902100000003,180.74312499999999,0,True,261.29549100000003,315.327179,0,development,3,174
A_Task-2,A,2,76,A_Task-2_trial-076,171185,173442,171185,171238,-1,171753,172158,-1,172158,172159,-1,172158,668.69140600000003,670.91015600000003,672.49218800000006,672.49218800000006,672.49218800000006,2.21875,1.58203125,3.80078125,1.58203125,True,True,H1,MAT_state_transition+problem_timeline,-1 -> -2,,,True,False,pending_signal_quality,True,55.634393799999998,93.358453499999996,0,True,76.386663600000006,148.24660900000001,0,True,44.586862000000004,176.62967599999999,0,development,3,175
A_Task-2,A,2,77,A_Task-2_trial-077,173442,175618,173442,173494,-1,174009,174333,1,174333,174334,1,174333,677.50781199999994,679.72265600000003,680.98828100000003,680.98828100000003,680.98828100000003,2.21484375,1.265625,3.48046875,1.265625,False,True,H1,MAT_state_transition+problem_timeline,1 -> 2,,,True,False,pending_signal_quality,True,65.705348299999997,104.005832,0,True,111.177234,204.866534,0,True,78.858625200000006,173.328799,0,development,3,176
A_Task-2,A,2,78,A_Task-2_trial-078,175618,177883,175618,175670,1,176186,176596,1,176596,176597,1,176596,686.00781199999994,688.22656199999994,689.828125,689.828125,689.828125,2.21875,1.6015625,3.8203125,1.6015625,True,True,H1,MAT_state_transition+problem_timeline,1 -> 2,,,True,False,pending_signal_quality,True,60.334172600000002,46.439302400000003,0,True,51.972228600000001,212.74798100000001,0,True,53.833829299999998,175.58076399999999,0,development,3,177
A_Task-2,A,2,79,A_Task-2_trial-079,177883,180047,177883,177935,-1,178450,178761,1,178761,178762,1,178761,694.85546899999997,697.07031199999994,698.28515600000003,698.28515600000003,698.28515600000003,2.21484375,1.21484375,3.4296875,1.21484375,False,True,H1,MAT_state_transition+problem_timeline,1 -> 2,,,True,False,pending_signal_quality,True,64.423590399999995,115.08097600000001,0,True,60.212100399999997,221.293318,0,True,53.559166900000001,196.293342,0,development,3,178
A_Task-2,A,2,80,A_Task-2_trial-080,180047,182295,180047,180099,1,180614,181009,-1,181009,181010,-1,181009,703.30859399999997,705.52343800000006,707.06640600000003,707.06640600000003,707.06640600000003,2.21484375,1.54296875,3.7578125,1.54296875,False,True,H1,MAT_state_transition+problem_timeline,-1 -> -2,,,True,False,pending_signal_quality,True,68.604562400000006,209.75568899999999,0,True,68.787670700000007,296.16662700000001,0,True,96.864271000000002,310.95753300000001,0,development,3,179
A_Task-2,A,2,81,A_Task-2_trial-081,182295,184492,182295,182348,-1,182863,183207,1,183207,183208,1,183207,712.08984399999997,714.30859399999997,715.65234399999997,715.65234399999997,715.65234399999997,2.21875,1.34375,3.5625,1.34375,False,True,H1,MAT_state_transition+problem_timeline,1 -> 2,,,True,False,pending_signal_quality,True,246.09750500000001,68.904275100000007,0,True,201.63271499999999,202.68325400000001,0,True,348.02777099999997,134.16470100000001,0,test,,180
A_Task-2,A,2,82,A_Task-2_trial-082,184492,186720,184492,184544,1,185059,185433,-1,185433,185434,-1,185433,720.671875,722.88671899999986,724.34765600000003,724.34765600000003,724.34765600000003,2.21484375,1.4609375,3.67578125,1.4609375,False,True,H1,MAT_state_transition+problem_timeline,-1 -> -2,,,True,False,pending_signal_quality,True,57.831693000000001,27.151328299999999,0,True,68.513008299999996,96.541837099999995,0,True,69.398031599999996,40.862885400000003,0,test,,181
A_Task-2,A,2,83,A_Task-2_trial-083,186720,188925,186720,186773,1,187288,187639,1,187639,187640,1,187639,729.375,731.59375,732.96484399999986,732.96484399999986,732.96484399999986,2.21875,1.37109375,3.58984375,1.37109375,True,True,H1,MAT_state_transition+problem_timeline,1 -> 2,,,True,False,pending_signal_quality,True,56.763561500000002,72.121203300000005,0,True,69.520103800000001,180.569018,0,True,72.114137499999998,138.36116699999999,0,test,,182
A_Task-2,A,2,84,A_Task-2_trial-084,188925,191109,188925,188977,-1,189492,189824,1,189824,189825,1,189824,737.98828100000003,740.203125,741.5,741.5,741.5,2.21484375,1.296875,3.51171875,1.296875,False,True,H1,MAT_state_transition+problem_timeline,1 -> 2,,,True,False,pending_signal_quality,True,54.352635999999997,41.091703699999997,0,True,62.165255199999997,161.401453,0,True,66.102082899999999,128.08846600000001,0,test,,183
A_Task-2,A,2,85,A_Task-2_trial-085,191109,193322,191109,191161,1,191677,192034,1,192034,192035,1,192034,746.51953100000003,748.73828100000003,750.13281199999983,750.13281199999983,750.13281199999983,2.21875,1.39453125,3.61328125,1.39453125,True,True,H1,MAT_state_transition+problem_timeline,1 -> 2,,,True,False,pending_signal_quality,True,264.438849,132.07562100000001,0,True,671.54955399999994,208.913005,0,True,438.30014499999999,164.286699,0,test,,184
A_Task-2,A,2,86,A_Task-2_trial-086,193322,195470,193322,193374,-1,193889,194185,-1,194185,194186,-1,194185,755.16406199999983,757.37890600000003,758.53515600000003,758.53515600000003,758.53515600000003,2.21484375,1.15625,3.37109375,1.15625,True,True,H1,MAT_state_transition+problem_timeline,-1 -> -2,,,True,False,pending_signal_quality,True,200.839246,265.77322800000002,0,True,183.535515,133.29671099999999,0,True,276.12725999999998,181.697181,0,test,,185
A_Task-2,A,2,87,A_Task-2_trial-087,195470,197671,195470,195522,-1,196038,196380,-1,196380,196381,-1,196380,763.55468800000006,765.77343800000006,767.109375,767.109375,767.109375,2.21875,1.3359375,3.5546875,1.3359375,True,True,H1,MAT_state_transition+problem_timeline,-1 -> -2,,,True,False,pending_signal_quality,True,157.41207,274.01976100000002,0,True,306.55374999999998,142.07950199999999,0,True,200.900282,188.015736,0,test,,186
A_Task-2,A,2,88,A_Task-2_trial-088,197671,199803,197671,197723,1,198238,198519,1,198519,198520,1,198519,772.15234399999986,774.36718800000006,775.46484399999986,775.46484399999986,775.46484399999986,2.21484375,1.09765625,3.3125,1.09765625,True,True,H1,MAT_state_transition+problem_timeline,1 -> 2,,,True,False,pending_signal_quality,True,65.125505500000003,164.65111999999999,0,True,108.67475399999999,112.699567,0,True,79.377431900000005,105.23527199999999,0,test,,187
A_Task-2,A,2,89,A_Task-2_trial-089,199803,202000,199803,199855,-1,200371,200714,1,200714,200715,1,200714,780.48046899999986,782.69921899999986,784.03906199999983,784.03906199999983,784.03906199999983,2.21875,1.33984375,3.55859375,1.33984375,False,True,H1,MAT_state_transition+problem_timeline,1 -> 2,,,True,False,pending_signal_quality,True,54.596780299999999,44.775916899999999,0,True,67.994201599999997,73.894442699999999,0,True,49.8054475,83.857547400000001,0,test,,188
A_Task-2,A,2,90,A_Task-2_trial-090,202000,204304,202000,202052,-1,202567,203019,-1,203019,203020,-1,203019,789.0625,791.27734399999986,793.04296899999986,793.04296899999986,793.04296899999986,2.21484375,1.765625,3.98046875,1.765625,True,True,H1,MAT_state_transition+problem_timeline,-1 -> -2,,,True,False,pending_signal_quality,True,149.38582400000001,192.04393200000001,0,True,146.27298400000001,255.483349,0,True,169.64980499999999,211.397254,0,test,,189
A_Task-2,A,2,91,A_Task-2_trial-091,204304,206500,204304,204356,-1,204871,205214,1,205214,205215,1,205214,798.0625,800.27734399999986,801.61718800000006,801.61718800000006,801.61718800000006,2.21484375,1.33984375,3.5546875,1.33984375,False,True,H1,MAT_state_transition+problem_timeline,1 -> 2,,,True,False,pending_signal_quality,True,59.082932800000002,37.501244300000003,0,True,76.2645914,117.84892000000001,0,True,73.884184000000005,99.5718763,0,test,,190
A_Task-2,A,2,92,A_Task-2_trial-092,206500,208749,206500,206553,-1,207068,207463,-1,207463,207464,-1,207463,806.640625,808.859375,810.40234399999986,810.40234399999986,810.40234399999986,2.21875,1.54296875,3.76171875,1.54296875,True,True,H1,MAT_state_transition+problem_timeline,-1 -> -2,,,True,False,pending_signal_quality,True,509.19356099999999,313.89242100000001,0,True,690.65384900000004,217.744508,0,True,710.85679400000004,424.08341799999999,0,test,,191
A_Task-2,A,2,93,A_Task-2_trial-093,208749,210925,208749,208801,1,209316,209641,1,209641,209642,1,209641,815.42578100000003,817.640625,818.91015600000003,818.91015600000003,818.91015600000003,2.21484375,1.26953125,3.484375,1.26953125,True,True,H1,MAT_state_transition+problem_timeline,1 -> 2,,,True,False,pending_signal_quality,True,50.659952699999998,58.682140400000002,0,True,48.5847257,132.44546700000001,0,True,51.636530100000002,143.53570199999999,0,test,,192
A_Task-2,A,2,94,A_Task-2_trial-094,210925,213150,210925,210977,-1,211493,211864,1,211864,211865,1,211864,823.92578100000003,826.14453100000003,827.59375,827.59375,827.59375,2.21875,1.44921875,3.66796875,1.44921875,False,True,H1,MAT_state_transition+problem_timeline,1 -> 2,,,True,False,pending_signal_quality,True,243.32036299999999,81.325515100000004,0,True,267.33806399999997,159.59412900000001,0,True,358.25131599999997,100.782766,0,test,,193
A_Task-2,A,2,95,A_Task-2_trial-095,213150,215326,213150,213202,-1,213717,214040,1,214040,214041,1,214040,832.61718800000006,834.83203100000003,836.09375,836.09375,836.09375,2.21484375,1.26171875,3.4765625,1.26171875,False,True,H1,MAT_state_transition+problem_timeline,1 -> 2,,,True,False,pending_signal_quality,True,114.839399,62.837621300000002,0,True,170.260166,77.489729100000005,0,True,194.00320400000001,87.640892300000004,0,test,,194
A_Task-2,A,2,96,A_Task-2_trial-096,215326,217535,215326,215378,-1,215894,216247,1,216247,216248,1,216247,841.11718800000006,843.33593800000006,844.71484399999986,844.71484399999986,844.71484399999986,2.21875,1.37890625,3.59765625,1.37890625,False,True,H1,MAT_state_transition+problem_timeline,1 -> 2,,,True,False,pending_signal_quality,True,177.737087,432.76514900000001,0,True,430.304417,648.44372099999998,0,True,272.800793,675.28105200000005,0,test,,195
A_Task-2,A,2,97,A_Task-2_trial-097,217535,219715,217535,217587,-1,218102,218429,-1,218429,218430,-1,218429,849.74609399999986,851.96093800000006,853.23828100000003,853.23828100000003,853.23828100000003,2.21484375,1.27734375,3.4921875,1.27734375,True,True,H1,MAT_state_transition+problem_timeline,-1 -> -2,,,True,False,pending_signal_quality,True,59.235523000000001,85.780898199999982,0,True,66.987106100000005,209.72509299999999,0,True,55.542839700000002,152.519881,0,test,,196
A_Task-2,A,2,98,A_Task-2_trial-098,219715,221904,219715,219767,-1,220282,220617,-1,220617,220618,-1,220617,858.26171899999986,860.47656199999983,861.78515600000003,861.78515600000003,861.78515600000003,2.21484375,1.30859375,3.5234375,1.30859375,True,True,H1,MAT_state_transition+problem_timeline,-1 -> -2,,,True,False,pending_signal_quality,True,58.258945599999997,17.6915081,0,True,69.275959400000005,196.762485,0,True,74.219882499999983,90.268594800000002,0,test,,197
A_Task-2,A,2,99,A_Task-2_trial-099,221904,224096,221904,221956,-1,222471,222810,1,222810,222811,1,222810,866.8125,869.02734399999986,870.35156199999983,870.35156199999983,870.35156199999983,2.21484375,1.32421875,3.5390625,1.32421875,False,True,H1,MAT_state_transition+problem_timeline,1 -> 2,,,True,False,pending_signal_quality,True,53.7117571,213.19436899999999,0,True,65.674830200000002,275.72918299999998,0,True,100.892653,280.07504699999998,0,test,,198
A_Task-2,A,2,100,A_Task-2_trial-100,224096,230157,224096,224148,-1,224663,225022,-1,225022,225023,-1,225022,875.375,877.58984399999986,878.99218800000006,878.99218800000006,878.99218800000006,2.21484375,1.40234375,3.6171875,1.40234375,True,True,H1,MAT_state_transition+problem_timeline,-1 -> -2,,,True,False,pending_signal_quality,True,83.00907909999998,40.841428399999998,0,True,92.805371199999996,164.39901699999999,0,True,92.683299000000005,113.48413499999999,0,test,,199
B_Task-1,B,1,1,B_Task-1_trial-001,5154,7486,5154,5207,-1,5726,6204,-1,,,,6204,20.1328125,22.3671875,24.234375,,24.234375,2.234375,1.8671875,4.1015625,1.8671875,True,,H1,MAT_state_transition+problem_timeline,-1,,,,,pending_signal_quality,True,72.846570499999999,14.930807700000001,0,True,182.22323900000001,102.89447699999999,0,True,189.181353,50.386394199999998,0,development,0,200
B_Task-1,B,1,2,B_Task-1_trial-002,7486,9647,7486,7539,-1,8054,8363,-1,,,,8363,29.2421875,31.4609375,32.667968799999997,,32.667968799999997,2.21875,1.20703125,3.42578125,1.20703125,True,,H1,MAT_state_transition+problem_timeline,-1,,,,,pending_signal_quality,True,83.985656500000005,106.803865,0,True,118.80674399999999,146.73516599999999,0,True,125.42916,141.381135,0,development,0,201
B_Task-1,B,1,3,B_Task-1_trial-003,9647,11776,9647,9699,1,10214,10493,1,,,,10493,37.683593799999997,39.8984375,40.988281200000003,,40.988281200000003,2.21484375,1.08984375,3.3046875,1.08984375,True,,H1,MAT_state_transition+problem_timeline,1,,,,,pending_signal_quality,True,130.189975,130.53141600000001,0,True,373.54085600000002,134.40121300000001,0,True,189.089799,141.426602,0,development,0,202
B_Task-1,B,1,4,B_Task-1_trial-004,11776,13888,11776,11828,-1,12343,12604,-1,,,,12604,46,48.214843799999997,49.234375,,49.234375,2.21484375,1.01953125,3.234375,1.01953125,True,,H1,MAT_state_transition+problem_timeline,-1,,,,,pending_signal_quality,True,65.2475776,271.49943000000002,0,True,62.317845400000003,161.51016899999999,0,True,72.968642700000004,144.813377,0,development,0,203
B_Task-1,B,1,5,B_Task-1_trial-005,13888,16049,13888,13940,1,14455,14763,1,,,,14763,54.25,56.464843799999997,57.667968799999997,,57.667968799999997,2.21484375,1.203125,3.41796875,1.203125,True,,H1,MAT_state_transition+problem_timeline,1,,,,,pending_signal_quality,True,163.454643,277.73672099999999,0,True,117.494469,198.056029,0,True,121.156634,210.691001,0,development,0,204
B_Task-1,B,1,6,B_Task-1_trial-006,16049,18233,16049,16101,1,16616,16950,1,,,,16950,62.691406200000003,64.90625,66.2109375,,66.2109375,2.21484375,1.3046875,3.51953125,1.3046875,True,,H1,MAT_state_transition+problem_timeline,1,,,,,pending_signal_quality,True,2000,883.08309099999985,0.32421875,True,712.96253899999999,811.19550300000003,0.39453125,True,715.06828399999995,738.79554700000006,0.1015625,development,0,205
B_Task-1,B,1,7,B_Task-1_trial-007,18233,20378,18233,18285,1,18800,19092,1,,,,19092,71.222656200000003,73.4375,74.578125,,74.578125,2.21484375,1.140625,3.35546875,1.140625,True,,H1,MAT_state_transition+problem_timeline,1,,,,,pending_signal_quality,True,60.486762800000001,171.93295599999999,0,True,158.57175599999999,161.15163200000001,0,True,71.717402899999996,128.95649499999999,0,development,0,206
B_Task-1,B,1,8,B_Task-1_trial-008,20378,22478,20378,20430,-1,20945,21193,-1,,,,21193,79.6015625,81.816406200000003,82.785156200000003,,82.785156200000003,2.21484375,0.96875,3.18359375,0.96875,True,,H1,MAT_state_transition+problem_timeline,-1,,,,,pending_signal_quality,True,57.2518502,18.617446399999999,0,True,75.013351599999979,119.81560500000001,0,True,52.063782699999997,133.445042,0,development,0,207
B_Task-1,B,1,9,B_Task-1_trial-009,22478,24782,22478,22530,-1,23046,23499,-1,,,,23499,87.8046875,90.0234375,91.792968799999997,,91.792968799999997,2.21875,1.76953125,3.98828125,1.76953125,True,,H1,MAT_state_transition+problem_timeline,-1,,,,,pending_signal_quality,True,54.291599900000001,9.4577055300000001,0,True,61.707484600000001,41.989683399999997,0,True,68.329900100000003,45.094388299999999,0,development,0,208
B_Task-1,B,1,10,B_Task-1_trial-010,24782,26963,24782,24835,-1,25350,25681,-1,,,,25681,96.8046875,99.0234375,100.316406,,100.316406,2.21875,1.29296875,3.51171875,1.29296875,True,,H1,MAT_state_transition+problem_timeline,-1,,,,,pending_signal_quality,True,74.311436599999979,146.01861700000001,0,True,213.35164399999999,302.67189400000001,0,True,400.57984299999998,461.93278500000002,0,development,0,209
B_Task-1,B,1,11,B_Task-1_trial-011,26963,29103,26963,27015,1,27530,27820,1,,,,27820,105.324219,107.539062,108.671875,,108.671875,2.21484375,1.1328125,3.34765625,1.1328125,True,,H1,MAT_state_transition+problem_timeline,1,,,,,pending_signal_quality,True,85.877775200000002,91.0929091,0,True,72.755016400000002,83.906406000000004,0,True,67.780575299999995,101.53719,0,development,0,210
B_Task-1,B,1,12,B_Task-1_trial-012,29103,31236,29103,29156,-1,29671,29954,-1,,,,29954,113.683594,115.902344,117.007812,,117.007812,2.21875,1.10546875,3.32421875,1.10546875,True,,H1,MAT_state_transition+problem_timeline,-1,,,,,pending_signal_quality,True,63.996337799999999,12.699774700000001,0,True,65.888456500000004,52.194435200000001,0,True,59.266041000000001,44.413724600000002,0,development,0,211
B_Task-1,B,1,13,B_Task-1_trial-013,31236,33360,31236,31288,1,31804,32074,1,,,,32074,122.015625,124.234375,125.289062,,125.289062,2.21875,1.0546875,3.2734375,1.0546875,True,,H1,MAT_state_transition+problem_timeline,1,,,,,pending_signal_quality,True,62.500953699999997,28.5201596,0,True,60.975051499999999,82.925183799999999,0,True,54.016937499999997,39.792440800000001,0,development,0,212
B_Task-1,B,1,14,B_Task-1_trial-014,33360,35553,33360,33413,1,33928,34269,1,,,,34269,130.3125,132.53125,133.863281,,133.863281,2.21875,1.33203125,3.55078125,1.33203125,True,,H1,MAT_state_transition+problem_timeline,1,,,,,pending_signal_quality,True,213.10749999999999,95.275190300000006,0,True,216.830701,114.68091099999999,0,True,616.92225499999995,197.542621,0,development,0,213
B_Task-1,B,1,15,B_Task-1_trial-015,35553,37666,35553,35605,-1,36120,36384,-1,,,,36384,138.878906,141.09375,142.125,,142.125,2.21484375,1.03125,3.24609375,1.03125,True,,H1,MAT_state_transition+problem_timeline,-1,,,,,pending_signal_quality,True,67.811093299999996,28.172837699999999,0,True,63.660639400000001,76.854057400000002,0,True,81.940947600000001,134.444682,0,development,0,214
B_Task-1,B,1,16,B_Task-1_trial-016,37666,39798,37666,37718,1,38233,38513,1,,,,38513,147.132812,149.347656,150.441406,,150.441406,2.21484375,1.09375,3.30859375,1.09375,True,,H1,MAT_state_transition+problem_timeline,1,,,,,pending_signal_quality,True,63.4775311,11.1183262,0,True,64.118409999999997,57.693066199999997,0,True,80.445563399999998,91.509939300000013,0,development,0,215
B_Task-1,B,1,17,B_Task-1_trial-017,39798,41899,39798,39850,-1,40365,40614,-1,,,,40614,155.460938,157.675781,158.648438,,158.648438,2.21484375,0.97265625,3.1875,0.97265625,True,,H1,MAT_state_transition+problem_timeline,-1,,,,,pending_signal_quality,True,78.522926699999999,259.58175699999998,0,True,115.14457899999999,839.033367,0,True,115.17509699999999,141.32773700000001,0,development,0,216
B_Task-1,B,1,18,B_Task-1_trial-018,41899,44055,41899,41951,-1,42466,42769,-1,,,,42769,163.667969,165.882812,167.066406,,167.066406,2.21484375,1.18359375,3.3984375,1.18359375,True,,H1,MAT_state_transition+problem_timeline,-1,,,,,pending_signal_quality,True,93.995574899999994,65.8105367,0,True,240.48218499999999,208.44859,0,True,89.38735029999998,144.19601900000001,0,development,0,217
B_Task-1,B,1,19,B_Task-1_trial-019,44055,46168,44055,44107,1,44623,44883,1,,,,44883,172.089844,174.308594,175.324219,,175.324219,2.21875,1.015625,3.234375,1.015625,True,,H1,MAT_state_transition+problem_timeline,1,,,,,pending_signal_quality,True,507.24040600000001,231.10361499999999,0,True,907.8202490000001,319.68203599999998,0,True,433.90554700000001,140.33965599999999,0,development,0,218
B_Task-1,B,1,20,B_Task-1_trial-020,46168,48304,46168,46220,-1,46735,47021,-1,,,,47021,180.34375,182.558594,183.675781,,183.675781,2.21484375,1.1171875,3.33203125,1.1171875,True,,H1,MAT_state_transition+problem_timeline,-1,,,,,pending_signal_quality,True,249.27138199999999,76.680131299999999,0,True,573.89181399999995,174.56747899999999,0,True,394.140536,117.691739,0,development,0,219
B_Task-1,B,1,21,B_Task-1_trial-021,48304,50461,48304,48356,1,48872,49176,1,,,,49176,188.6875,190.90625,192.09375,,192.09375,2.21875,1.1875,3.40625,1.1875,True,,H1,MAT_state_transition+problem_timeline,1,,,,,pending_signal_quality,True,73.548485499999998,222.49073000000001,0,True,53.406576600000001,306.64144099999999,0,True,72.449836000000005,194.70181299999999,0,development,1,220
B_Task-1,B,1,22,B_Task-1_trial-022,50461,52617,50461,50513,1,51028,51335,1,,,,51335,197.113281,199.328125,200.527344,,200.527344,2.21484375,1.19921875,3.4140625,1.19921875,True,,H1,MAT_state_transition+problem_timeline,1,,,,,pending_signal_quality,True,90.913252500000013,65.816305600000007,0,True,120.24109300000001,224.20413300000001,0,True,150.118257,176.33739499999999,0,development,1,221
B_Task-1,B,1,23,B_Task-1_trial-023,52617,54762,52617,52669,1,53185,53477,1,,,,53477,205.535156,207.753906,208.894531,,208.894531,2.21875,1.140625,3.359375,1.140625,True,,H1,MAT_state_transition+problem_timeline,1,,,,,pending_signal_quality,True,96.650644700000001,281.50972100000001,0,True,57.709620800000003,290.60222199999998,0,True,113.984894,249.18288799999999,0,development,1,222
B_Task-1,B,1,24,B_Task-1_trial-024,54762,56882,54762,54814,1,55329,55597,1,,,,55597,213.914062,216.128906,217.175781,,217.175781,2.21484375,1.046875,3.26171875,1.046875,True,,H1,MAT_state_transition+problem_timeline,1,,,,,pending_signal_quality,True,381.536584,121.55412099999999,0,True,337.68215500000002,155.92364000000001,0,True,147.493706,252.351,0,development,1,223
B_Task-1,B,1,25,B_Task-1_trial-025,56882,58975,56882,56935,1,57450,57691,1,,,,57691,222.195312,224.414062,225.355469,,225.355469,2.21875,0.94140625,3.16015625,0.94140625,True,,H1,MAT_state_transition+problem_timeline,1,,,,,pending_signal_quality,True,644.60212100000001,302.639275,0,True,281.07118300000002,246.10261499999999,0,True,291.56939,405.51783999999998,0,development,1,224
B_Task-1,B,1,26,B_Task-1_trial-026,58975,61072,58975,59027,1,59543,59788,1,,,,59788,230.371094,232.589844,233.546875,,233.546875,2.21875,0.95703125,3.17578125,0.95703125,True,,H1,MAT_state_transition+problem_timeline,1,,,,,pending_signal_quality,True,119.081407,90.044715600000004,0,True,327.82482599999997,105.898229,0,True,620.24872200000004,302.48150299999998,0,development,1,225
B_Task-1,B,1,27,B_Task-1_trial-027,61072,63176,61072,61124,1,61639,61892,1,,,,61892,238.5625,240.777344,241.765625,,241.765625,2.21484375,0.98828125,3.203125,0.98828125,True,,H1,MAT_state_transition+problem_timeline,1,,,,,pending_signal_quality,True,60.364690600000003,57.858412199999997,0,True,70.832379599999996,61.1289388,0,True,60.608834999999999,183.557615,0,development,1,226
B_Task-1,B,1,28,B_Task-1_trial-028,63176,65365,63176,63228,1,63744,64081,1,,,,64081,246.78125,249,250.316406,,250.316406,2.21875,1.31640625,3.53515625,1.31640625,True,,H1,MAT_state_transition+problem_timeline,1,,,,,pending_signal_quality,True,135.10337999999999,35.5745735,0,True,115.266651,117.80917599999999,0,True,78.980697300000003,277.63802900000002,0,development,1,227
B_Task-1,B,1,29,B_Task-1_trial-029,65365,67489,65365,65417,1,65932,66207,1,,,,66207,255.332031,257.546875,258.62109400000003,,258.62109400000003,2.21484375,1.07421875,3.2890625,1.07421875,True,,H1,MAT_state_transition+problem_timeline,1,,,,,pending_signal_quality,True,60.730907100000003,29.189292099999999,0,True,70.893415700000006,73.979247799999982,0,True,69.886320299999994,116.94861299999999,0,development,1,228
B_Task-1,B,1,30,B_Task-1_trial-030,67489,69694,67489,67541,-1,68057,68411,-1,,,,68411,263.62890599999997,265.84765599999997,267.23046900000003,,267.23046900000003,2.21875,1.3828125,3.6015625,1.3828125,True,,H1,MAT_state_transition+problem_timeline,-1,,,,,pending_signal_quality,True,127.290761,77.344378599999999,0,True,68.818188800000001,197.25504900000001,0,True,87.2205692,73.2412992,0,development,1,229
B_Task-1,B,1,31,B_Task-1_trial-031,69694,71822,69694,69746,1,70261,70537,1,,,,70537,272.242188,274.45703099999997,275.53515599999997,,275.53515599999997,2.21484375,1.078125,3.29296875,1.078125,True,,H1,MAT_state_transition+problem_timeline,1,,,,,pending_signal_quality,True,60.028992100000004,30.938230799999999,0,True,127.47386899999999,142.41709499999999,0,True,114.839399,46.323951700000002,0,development,1,230
B_Task-1,B,1,32,B_Task-1_trial-032,71822,73895,71822,71874,-1,72389,72609,-1,,,,72609,280.554688,282.76953099999997,283.62890599999997,,283.62890599999997,2.21484375,0.859375,3.07421875,0.859375,True,,H1,MAT_state_transition+problem_timeline,-1,,,,,pending_signal_quality,True,101.075761,374.64220999999998,0,True,138.612955,66.595647099999994,0,True,181.948577,36.932104600000002,0,development,1,231
B_Task-1,B,1,33,B_Task-1_trial-033,73895,76035,73895,73947,-1,74462,74750,-1,,,,74750,288.65234400000003,290.867188,291.992188,,291.992188,2.21484375,1.125,3.33984375,1.125,True,,H1,MAT_state_transition+problem_timeline,-1,,,,,pending_signal_quality,True,61.615930400000003,220.517864,0,True,67.261768500000002,214.573274,0,True,70.283054899999996,232.01292000000001,0,development,1,232
B_Task-1,B,1,34,B_Task-1_trial-034,76035,78188,76035,76087,1,76603,76904,1,,,,76904,297.01171900000003,299.23046900000003,300.40625,,300.40625,2.21875,1.17578125,3.39453125,1.17578125,True,,H1,MAT_state_transition+problem_timeline,1,,,,,pending_signal_quality,True,66.620889599999998,271.38705499999998,0,True,136.14099300000001,59.560105700000001,0,True,86.762798500000002,47.758648100000002,0,development,1,233
B_Task-1,B,1,35,B_Task-1_trial-035,78188,80340,78188,78240,-1,78755,79057,-1,,,,79057,305.421875,307.63671900000003,308.81640599999997,,308.81640599999997,2.21484375,1.1796875,3.39453125,1.1796875,True,,H1,MAT_state_transition+problem_timeline,-1,,,,,pending_signal_quality,True,136.84290799999999,151.456311,0,True,93.354696000000004,288.42992299999997,0,True,71.564812700000004,264.26026000000002,0,development,1,234
B_Task-1,B,1,36,B_Task-1_trial-036,80340,82429,80340,80392,-1,80908,81147,-1,,,,81147,313.828125,316.046875,316.98046900000003,,316.98046900000003,2.21875,0.93359375,3.15234375,0.93359375,True,,H1,MAT_state_transition+problem_timeline,-1,,,,,pending_signal_quality,True,356.51178800000002,262.39108099999999,0,True,132.631418,213.70292599999999,0,True,140.230411,243.52214599999999,0,development,1,235
B_Task-1,B,1,37,B_Task-1_trial-037,82429,84649,82429,82481,-1,82996,83365,-1,,,,83365,321.98828099999997,324.203125,325.64453099999997,,325.64453099999997,2.21484375,1.44140625,3.65625,1.44140625,True,,H1,MAT_state_transition+problem_timeline,-1,,,,,pending_signal_quality,True,157.503624,51.457298799999997,0,True,222.659648,107.021961,0,True,90.547035899999997,440.15040699999997,0,development,1,236
B_Task-1,B,1,38,B_Task-1_trial-038,84649,86790,84649,84702,-1,85217,85508,-1,,,,85508,330.66015599999997,332.87890599999997,334.015625,,334.015625,2.21875,1.13671875,3.35546875,1.13671875,True,,H1,MAT_state_transition+problem_timeline,-1,,,,,pending_signal_quality,True,58.594644099999996,409.43978199999998,0,True,136.01892100000001,69.875986699999999,0,True,153.96353099999999,96.1237809,0,development,1,237
B_Task-1,B,1,39,B_Task-1_trial-039,86790,88926,86790,86842,1,87357,87644,1,,,,87644,339.023438,341.23828099999997,342.359375,,342.359375,2.21484375,1.12109375,3.3359375,1.12109375,True,,H1,MAT_state_transition+problem_timeline,1,,,,,pending_signal_quality,True,1077.62264,499.17381499999999,0,True,585.39711599999998,386.56902100000002,0,True,662.72983899999997,433.914019,0,development,1,238
B_Task-1,B,1,40,B_Task-1_trial-040,88926,91091,88926,88979,1,89494,89809,1,,,,89809,347.367188,349.585938,350.81640599999997,,350.81640599999997,2.21875,1.23046875,3.44921875,1.23046875,True,,H1,MAT_state_transition+problem_timeline,1,,,,,pending_signal_quality,True,195.86480499999999,275.10205300000001,0,True,191.13450800000001,112.144974,0,True,195.89532299999999,121.99880400000001,0,development,1,239
B_Task-1,B,1,41,B_Task-1_trial-041,91091,93191,91091,91143,-1,91658,91909,-1,,,,91909,355.82421900000003,358.039062,359.01953099999997,,359.01953099999997,2.21484375,0.98046875,3.1953125,0.98046875,True,,H1,MAT_state_transition+problem_timeline,-1,,,,,pending_signal_quality,True,61.738002600000002,68.204449100000005,0,True,73.670557700000003,25.4071763,0,True,66.041046800000004,71.421779900000004,0,development,2,240
B_Task-1,B,1,42,B_Task-1_trial-042,93191,95340,93191,93244,1,93759,94055,1,,,,94055,364.02734400000003,366.24609400000003,367.40234400000003,,367.40234400000003,2.21875,1.15625,3.375,1.15625,True,,H1,MAT_state_transition+problem_timeline,1,,,,,pending_signal_quality,True,420.17242700000003,280.206208,0,True,374.120699,157.70565199999999,0,True,108.64423600000001,204.604209,0,development,2,241
B_Task-1,B,1,43,B_Task-1_trial-043,95340,97457,95340,95392,1,95908,96171,1,,,,96171,372.421875,374.640625,375.66796900000003,,375.66796900000003,2.21875,1.02734375,3.24609375,1.02734375,True,,H1,MAT_state_transition+problem_timeline,1,,,,,pending_signal_quality,True,75.043869700000002,196.62147200000001,0,True,99.732967099999996,127.47231600000001,0,True,104.34119200000001,73.828830199999999,0,development,2,242
B_Task-1,B,1,44,B_Task-1_trial-044,97457,99705,97457,97509,1,98024,98419,1,,,,98419,380.69140599999997,382.90625,384.44921900000003,,384.44921900000003,2.21484375,1.54296875,3.7578125,1.54296875,True,,H1,MAT_state_transition+problem_timeline,1,,,,,pending_signal_quality,True,58.014801300000002,83.943888000000001,0,True,66.407263299999997,91.207581100000013,0,True,69.214923299999995,77.32453719999998,0,development,2,243
B_Task-1,B,1,45,B_Task-1_trial-045,99705,101998,99705,99757,1,100273,100711,1,,,,100711,389.47265599999997,391.69140599999997,393.40234400000003,,393.40234400000003,2.21875,1.7109375,3.9296875,1.7109375,True,,H1,MAT_state_transition+problem_timeline,1,,,,,pending_signal_quality,True,81.177996500000006,16.243536299999999,0,True,99.977111500000007,76.403100499999979,0,True,81.177996500000006,68.180090100000001,0,development,2,244
B_Task-1,B,1,46,B_Task-1_trial-046,101998,104198,101998,102050,-1,102565,102913,-1,,,,102913,398.429688,400.64453099999997,402.00390599999997,,402.00390599999997,2.21484375,1.359375,3.57421875,1.359375,True,,H1,MAT_state_transition+problem_timeline,-1,,,,,pending_signal_quality,True,475.77630299999998,353.92414000000002,0,True,733.89791700000001,235.92624799999999,0,True,611.52056200000004,212.14298299999999,0,development,2,245
B_Task-1,B,1,47,B_Task-1_trial-047,104198,106294,104198,104250,-1,104765,105010,-1,,,,105010,407.023438,409.23828099999997,410.195312,,410.195312,2.21484375,0.95703125,3.171875,0.95703125,True,,H1,MAT_state_transition+problem_timeline,-1,,,,,pending_signal_quality,True,112.30640099999999,256.03405700000002,0,True,397.16182199999997,275.29950000000002,0,True,220.64545699999999,178.15932699999999,0,development,2,246
B_Task-1,B,1,48,B_Task-1_trial-048,106294,108395,106294,106347,1,106862,107112,1,,,,107112,415.210938,417.429688,418.40625,,418.40625,2.21875,0.9765625,3.1953125,0.9765625,True,,H1,MAT_state_transition+problem_timeline,1,,,,,pending_signal_quality,True,504.49378200000001,131.03959800000001,0,True,678.11093300000005,233.851224,0,True,497.53566799999999,215.05013,0,development,2,247
B_Task-1,B,1,49,B_Task-1_trial-049,108395,110568,108395,108447,1,108962,109285,-1,,,,109285,423.41796900000003,425.632812,426.89453099999997,,426.89453099999997,2.21484375,1.26171875,3.4765625,1.26171875,False,,H1,MAT_state_transition+problem_timeline,-1,,,,,pending_signal_quality,True,88.6549172,301.29948999999999,0,True,66.376745299999996,76.586065099999999,0,True,62.653543900000003,66.323981000000003,0,development,2,248
B_Task-1,B,1,50,B_Task-1_trial-050,110568,112656,110568,110620,-1,111135,111374,-1,,,,111374,431.90625,434.12109400000003,435.054688,,435.054688,2.21484375,0.93359375,3.1484375,0.93359375,True,,H1,MAT_state_transition+problem_timeline,-1,,,,,pending_signal_quality,True,498.90897999999999,152.45129,0,True,266.33096799999998,156.646693,0,True,333.95895300000001,154.500472,0,development,2,249
B_Task-1,B,1,51,B_Task-1_trial-051,112656,114757,112656,112708,1,113224,113475,1,,,,113475,440.0625,442.28125,443.26171900000003,,443.26171900000003,2.21875,0.98046875,3.19921875,0.98046875,True,,H1,MAT_state_transition+problem_timeline,1,,,,,pending_signal_quality,True,80.842298,399.06296200000003,0,True,109.681849,41.555979800000003,0,True,104.28015600000001,133.044003,0,development,2,250
B_Task-1,B,1,52,B_Task-1_trial-052,114757,116897,114757,114809,-1,115324,115614,-1,,,,115614,448.26953099999997,450.484375,451.617188,,451.617188,2.21484375,1.1328125,3.34765625,1.1328125,True,,H1,MAT_state_transition+problem_timeline,-1,,,,,pending_signal_quality,True,63.660639400000001,85.776222899999979,0,True,128.297856,81.518952900000002,0,True,85.694666999999981,118.440016,0,development,2,251
B_Task-1,B,1,53,B_Task-1_trial-053,116897,118978,116897,116949,1,117465,117692,1,,,,117692,456.62890599999997,458.84765599999997,459.734375,,459.734375,2.21875,0.88671875,3.10546875,0.88671875,True,,H1,MAT_state_transition+problem_timeline,1,,,,,pending_signal_quality,True,65.644312200000002,36.647113400000002,0,True,74.708171199999981,57.846769899999998,0,True,83.89410239999998,62.743256799999997,0,development,2,252
B_Task-1,B,1,54,B_Task-1_trial-054,118978,121067,118978,119030,-1,119545,119783,-1,,,,119783,464.757812,466.97265599999997,467.90234400000003,,467.90234400000003,2.21484375,0.9296875,3.14453125,0.9296875,True,,H1,MAT_state_transition+problem_timeline,-1,,,,,pending_signal_quality,True,200.656138,222.97652199999999,0,True,139.13176200000001,161.36971500000001,0,True,165.65194199999999,172.46341000000001,0,development,2,253
B_Task-1,B,1,55,B_Task-1_trial-055,121067,123211,121067,121119,1,121634,121926,1,,,,121926,472.91796900000003,475.132812,476.273438,,476.273438,2.21484375,1.140625,3.35546875,1.140625,True,,H1,MAT_state_transition+problem_timeline,1,,,,,pending_signal_quality,True,336.43091500000003,245.05176299999999,0,True,191.43968899999999,137.875867,0,True,266.39200399999999,198.54544000000001,0,development,2,254
B_Task-1,B,1,56,B_Task-1_trial-056,123211,125304,123211,123263,-1,123778,124018,-1,,,,124018,481.29296900000003,483.507812,484.445312,,484.445312,2.21484375,0.9375,3.15234375,0.9375,True,,H1,MAT_state_transition+problem_timeline,-1,,,,,pending_signal_quality,True,934.98130800000001,377.059279,0,True,401.67849200000001,307.984557,0,True,664.04211499999997,390.77192700000001,0,development,2,255
B_Task-1,B,1,57,B_Task-1_trial-057,125304,127412,125304,125356,1,125871,126127,1,,,,126127,489.46875,491.68359400000003,492.68359400000003,,492.68359400000003,2.21484375,1,3.21484375,1,True,,H1,MAT_state_transition+problem_timeline,1,,,,,pending_signal_quality,True,239.902342,97.428979799999993,0,True,368.200198,113.82306699999999,0,True,512.611582,318.09098499999999,0,development,2,256
B_Task-1,B,1,58,B_Task-1_trial-058,127412,129525,127412,127464,1,127980,128239,1,,,,128239,497.703125,499.921875,500.93359400000003,,500.93359400000003,2.21875,1.01171875,3.23046875,1.01171875,True,,H1,MAT_state_transition+problem_timeline,1,,,,,pending_signal_quality,True,310.88731200000001,196.78580199999999,0,True,230.28915799999999,238.329916,0,True,146.30350200000001,170.88370399999999,0,development,2,257
B_Task-1,B,1,59,B_Task-1_trial-059,129525,131677,129525,129577,1,130092,130392,1,,,,130392,505.95703099999997,508.171875,509.34375,,509.34375,2.21484375,1.171875,3.38671875,1.171875,True,,H1,MAT_state_transition+problem_timeline,1,,,,,pending_signal_quality,True,110.04806600000001,323.54807899999997,0,True,139.55901399999999,145.191552,0,True,154.20767499999999,215.92597499999999,0,development,2,258
B_Task-1,B,1,60,B_Task-1_trial-060,131677,133810,131677,131729,1,132245,132527,1,,,,132527,514.36328100000003,516.58203100000003,517.68359399999997,,517.68359399999997,2.21875,1.1015625,3.3203125,1.1015625,True,,H1,MAT_state_transition+problem_timeline,1,,,,,pending_signal_quality,True,58.197909500000002,103.29297,0,True,66.742961800000003,12.3569964,0,True,79.316395799999981,75.653393800000003,0,development,2,259
B_Task-1,B,1,61,B_Task-1_trial-061,133810,136034,133810,133862,-1,134377,134750,-1,,,,134750,522.69531199999994,524.91015600000003,526.36718800000006,,526.36718800000006,2.21484375,1.45703125,3.671875,1.45703125,True,,H1,MAT_state_transition+problem_timeline,-1,,,,,pending_signal_quality,True,141.695277,174.1764,0,True,100.4654,67.766103200000003,0,True,142.42770999999999,192.86905300000001,0,development,3,260
B_Task-1,B,1,62,B_Task-1_trial-062,136034,138195,136034,136087,-1,136602,136911,-1,,,,136911,531.38281199999994,533.60156199999994,534.80859399999997,,534.80859399999997,2.21875,1.20703125,3.42578125,1.20703125,True,,H1,MAT_state_transition+problem_timeline,-1,,,,,pending_signal_quality,True,213.10749999999999,92.042126400000001,0,True,143.28221600000001,180.90622300000001,0,True,398.53513400000003,150.40889100000001,0,development,3,261
B_Task-1,B,1,63,B_Task-1_trial-063,138195,140335,138195,138247,1,138762,139052,1,,,,139052,539.82421899999997,542.03906199999994,543.171875,,543.171875,2.21484375,1.1328125,3.34765625,1.1328125,True,,H1,MAT_state_transition+problem_timeline,1,,,,,pending_signal_quality,True,94.331273400000001,411.24240600000002,0,True,103.486687,147.77625,0,True,71.595330700000005,72.229411400000004,0,development,3,262
B_Task-1,B,1,64,B_Task-1_trial-064,140335,142448,140335,140388,-1,140903,141164,-1,,,,141164,548.18359399999997,550.40234399999997,551.421875,,551.421875,2.21875,1.01953125,3.23828125,1.01953125,True,,H1,MAT_state_transition+problem_timeline,-1,,,,,pending_signal_quality,True,217.868315,166.23273399999999,0,True,140.56611000000001,58.597063200000001,0,True,487.49523199999999,188.72529800000001,0,development,3,263
B_Task-1,B,1,65,B_Task-1_trial-065,142448,144604,142448,142500,-1,143015,143320,-1,,,,143320,556.4375,558.65234399999997,559.84375,,559.84375,2.21484375,1.19140625,3.40625,1.19140625,True,,H1,MAT_state_transition+problem_timeline,-1,,,,,pending_signal_quality,True,74.372472700000003,70.163141499999995,0,True,189.333944,121.040539,0,True,275.30327299999999,76.595973900000004,0,development,3,264
B_Task-1,B,1,66,B_Task-1_trial-066,144604,146681,144604,144657,-1,145172,145398,-1,,,,145398,564.859375,567.078125,567.96093800000006,,567.96093800000006,2.21875,0.8828125,3.1015625,0.8828125,True,,H1,MAT_state_transition+problem_timeline,-1,,,,,pending_signal_quality,True,399.35912100000002,165.43692799999999,0,True,382.42160699999999,336.35519299999999,0,True,157.595178,364.83515999999997,0,development,3,265
B_Task-1,B,1,67,B_Task-1_trial-067,146681,148774,146681,146733,1,147248,147492,1,,,,147492,572.97265600000003,575.1875,576.140625,,576.140625,2.21484375,0.953125,3.16796875,0.953125,True,,H1,MAT_state_transition+problem_timeline,1,,,,,pending_signal_quality,True,61.982146899999996,327.16570300000001,0,True,99.122606200000007,31.668943599999999,0,True,119.63073199999999,73.506941699999999,0,development,3,266
B_Task-1,B,1,68,B_Task-1_trial-068,148774,150958,148774,148826,1,149341,149672,1,,,,149672,581.14843800000006,583.36328100000003,584.65625,,584.65625,2.21484375,1.29296875,3.5078125,1.29296875,True,,H1,MAT_state_transition+problem_timeline,1,,,,,pending_signal_quality,True,66.071564800000004,93.518437800000001,0,True,72.17517359999998,24.874809899999999,0,True,71.290150299999993,68.517498000000003,0,development,3,267
B_Task-1,B,1,69,B_Task-1_trial-069,150958,153079,150958,151010,-1,151525,151795,-1,,,,151795,589.67968800000006,591.89453100000003,592.94921899999997,,592.94921899999997,2.21484375,1.0546875,3.26953125,1.0546875,True,,H1,MAT_state_transition+problem_timeline,-1,,,,,pending_signal_quality,True,330.02212600000001,135.90871200000001,0,True,133.91317599999999,291.859666,0,True,87.403677400000007,243.48408900000001,0,development,3,268
B_Task-1,B,1,70,B_Task-1_trial-070,153079,155199,153079,153131,-1,153646,153917,-1,,,,153917,597.96484399999997,600.17968800000006,601.23828100000003,,601.23828100000003,2.21484375,1.05859375,3.2734375,1.05859375,True,,H1,MAT_state_transition+problem_timeline,-1,,,,,pending_signal_quality,True,86.121919599999998,105.192916,0,True,67.627984999999995,78.729258900000005,0,True,46.9977874,138.72653800000001,0,development,3,269
B_Task-1,B,1,71,B_Task-1_trial-071,155199,157292,155199,155251,1,155767,156007,1,,,,156007,606.24609399999997,608.46484399999997,609.40234399999997,,609.40234399999997,2.21875,0.9375,3.15625,0.9375,True,,H1,MAT_state_transition+problem_timeline,1,,,,,pending_signal_quality,True,70.984969899999996,363.54786799999999,0,True,156.16083,46.711159000000002,0,True,166.44541100000001,54.418809699999997,0,development,3,270
B_Task-1,B,1,72,B_Task-1_trial-072,157292,159392,157292,157344,1,157859,158110,1,,,,158110,614.421875,616.63671899999997,617.61718800000006,,617.61718800000006,2.21484375,0.98046875,3.1953125,0.98046875,True,,H1,MAT_state_transition+problem_timeline,1,,,,,pending_signal_quality,True,146.97489899999999,102.81741700000001,0,True,120.82093500000001,137.60238699999999,0,True,70.344090899999998,166.44712699999999,0,development,3,271
B_Task-1,B,1,73,B_Task-1_trial-073,159392,161513,159392,159445,-1,159960,160229,-1,,,,160229,622.625,624.84375,625.89453100000003,,625.89453100000003,2.21875,1.05078125,3.26953125,1.05078125,True,,H1,MAT_state_transition+problem_timeline,-1,,,,,pending_signal_quality,True,58.3199817,71.320121999999998,0,True,74.372472700000003,47.781154000000001,0,True,49.439230899999998,93.102392899999998,0,development,3,272
B_Task-1,B,1,74,B_Task-1_trial-074,161513,163678,161513,161565,-1,162080,162392,-1,,,,162392,630.91015600000003,633.125,634.34375,,634.34375,2.21484375,1.21875,3.43359375,1.21875,True,,H1,MAT_state_transition+problem_timeline,-1,,,,,pending_signal_quality,True,53.406576600000001,61.153685400000001,0,True,48.889906199999999,118.52467,0,True,71.015487899999997,90.757981999999998,0,development,3,273
B_Task-1,B,1,75,B_Task-1_trial-075,163678,165814,163678,163730,1,164245,164528,1,,,,164528,639.36718800000006,641.58203100000003,642.6875,,642.6875,2.21484375,1.10546875,3.3203125,1.10546875,True,,H1,MAT_state_transition+problem_timeline,1,,,,,pending_signal_quality,True,140.32196500000001,36.083233999999997,0,True,302.28122400000001,177.45218800000001,0,True,110.566873,83.715288999999999,0,development,3,274
B_Task-1,B,1,76,B_Task-1_trial-076,165814,167982,165814,165866,-1,166381,166697,-1,,,,166697,647.71093800000006,649.92578100000003,651.16015600000003,,651.16015600000003,2.21484375,1.234375,3.44921875,1.234375,True,,H1,MAT_state_transition+problem_timeline,-1,,,,,pending_signal_quality,True,370.36697900000001,230.196031,0,True,443.76287500000001,178.478534,0,True,683.54314499999998,342.36301300000002,0,development,3,275
B_Task-1,B,1,77,B_Task-1_trial-077,167982,170139,167982,168035,-1,168550,168854,-1,,,,168854,656.17968800000006,658.39843800000006,659.58593800000006,,659.58593800000006,2.21875,1.1875,3.40625,1.1875,True,,H1,MAT_state_transition+problem_timeline,-1,,,,,pending_signal_quality,True,58.136873399999999,58.909297600000002,0,True,82.673380600000002,156.77836400000001,0,True,91.798275700000005,113.896191,0,development,3,276
B_Task-1,B,1,78,B_Task-1_trial-078,170139,172279,170139,170191,-1,170706,170998,-1,,,,170998,664.60546899999997,666.82031199999994,667.96093800000006,,667.96093800000006,2.21484375,1.140625,3.35546875,1.140625,True,,H1,MAT_state_transition+problem_timeline,-1,,,,,pending_signal_quality,True,287.66308099999998,94.912587000000002,0,True,209.292744,273.83041900000001,0,True,215.152209,257.56590499999999,0,development,3,277
B_Task-1,B,1,79,B_Task-1_trial-079,172279,174416,172279,172332,1,172847,173132,1,,,,173132,672.96484399999997,675.18359399999997,676.296875,,676.296875,2.21875,1.11328125,3.33203125,1.11328125,True,,H1,MAT_state_transition+problem_timeline,1,,,,,pending_signal_quality,True,77.241168799999983,111.078716,0,True,208.31616700000001,166.73329699999999,0,True,170.77897300000001,148.707325,0,development,3,278
B_Task-1,B,1,80,B_Task-1_trial-080,174416,176533,174416,174468,-1,174983,175248,-1,,,,175248,681.3125,683.52734399999997,684.5625,,684.5625,2.21484375,1.03515625,3.25,1.03515625,True,,H1,MAT_state_transition+problem_timeline,-1,,,,,pending_signal_quality,True,80.231937099999982,314.04614500000002,0,True,66.315709200000001,126.484934,0,True,60.395208699999998,114.99942299999999,0,development,3,279
B_Task-1,B,1,81,B_Task-1_trial-081,176533,178705,176533,176585,-1,177100,177419,-1,,,,177419,689.58203100000003,691.796875,693.04296899999997,,693.04296899999997,2.21484375,1.24609375,3.4609375,1.24609375,True,,H1,MAT_state_transition+problem_timeline,-1,,,,,pending_signal_quality,True,103.63927700000001,50.385531499999999,0,True,69.855802199999999,159.976204,0,True,51.880674399999997,96.195507199999994,0,test,,280
B_Task-1,B,1,82,B_Task-1_trial-082,178705,180846,178705,178757,1,179273,179563,1,,,,179563,698.06640600000003,700.28515600000003,701.41796899999997,,701.41796899999997,2.21875,1.1328125,3.3515625,1.1328125,True,,H1,MAT_state_transition+problem_timeline,1,,,,,pending_signal_quality,True,58.960860599999997,98.896631900000003,0,True,56.3668269,159.00343100000001,0,True,66.651407599999999,96.758391500000002,0,test,,281
B_Task-1,B,1,83,B_Task-1_trial-083,180846,183022,180846,180898,-1,181413,181736,-1,,,,181736,706.42968800000006,708.64453100000003,709.90625,,709.90625,2.21484375,1.26171875,3.4765625,1.26171875,True,,H1,MAT_state_transition+problem_timeline,-1,,,,,pending_signal_quality,True,151.06431699999999,55.946439400000003,0,True,433.50881199999998,130.512967,0,True,121.614405,170.209373,0,test,,282
B_Task-1,B,1,84,B_Task-1_trial-084,183022,185123,183022,183074,-1,183590,183839,-1,,,,183839,714.92968800000006,717.14843800000006,718.12109399999997,,718.12109399999997,2.21875,0.97265625,3.19140625,0.97265625,True,,H1,MAT_state_transition+problem_timeline,-1,,,,,pending_signal_quality,True,57.6180667,266.21668,0,True,79.713130399999983,100.790504,0,True,80.750743900000003,130.199984,0,test,,283
B_Task-1,B,1,85,B_Task-1_trial-085,185123,187267,185123,185175,1,185690,185983,1,,,,185983,723.13671899999986,725.35156199999983,726.49609399999986,,726.49609399999986,2.21484375,1.14453125,3.359375,1.14453125,True,,H1,MAT_state_transition+problem_timeline,1,,,,,pending_signal_quality,True,185.21400800000001,53.9754656,0,True,314.885176,105.72665000000001,0,True,439.64293900000001,919.18690400000003,0.58203125,test,,284
B_Task-1,B,1,86,B_Task-1_trial-086,187267,189368,187267,187319,-1,187835,188082,-1,,,,188082,731.51171899999986,733.73046899999986,734.69531199999983,,734.69531199999983,2.21875,0.96484375,3.18359375,0.96484375,True,,H1,MAT_state_transition+problem_timeline,-1,,,,,pending_signal_quality,True,66.071564800000004,97.420917900000006,0,True,53.681238999999998,137.01625200000001,0,True,66.559853500000003,168.104994,0,test,,285
B_Task-1,B,1,87,B_Task-1_trial-087,189368,191616,189368,189420,-1,189935,190332,1,,,,190332,739.71875,741.93359399999986,743.484375,,743.484375,2.21484375,1.55078125,3.765625,1.55078125,False,,H1,MAT_state_transition+problem_timeline,1,,,,,pending_signal_quality,True,59.266041000000001,36.441193300000002,0,True,93.598840300000006,61.5500963,0,True,54.596780299999999,86.723903399999998,0,test,,286
B_Task-1,B,1,88,B_Task-1_trial-088,191616,193777,191616,191668,1,192183,192494,1,,,,192494,748.5,750.71484399999986,751.92968800000006,,751.92968800000006,2.21484375,1.21484375,3.4296875,1.21484375,True,,H1,MAT_state_transition+problem_timeline,1,,,,,pending_signal_quality,True,334.05050699999998,262.67793599999999,0,True,244.296941,123.69878,0,True,130.25101100000001,29.6946212,0,test,,287
B_Task-1,B,1,89,B_Task-1_trial-089,193777,195873,193777,193829,-1,194344,194589,-1,,,,194589,756.94140600000003,759.15625,760.11328100000003,,760.11328100000003,2.21484375,0.95703125,3.171875,0.95703125,True,,H1,MAT_state_transition+problem_timeline,-1,,,,,pending_signal_quality,True,561.44045200000005,293.10898200000003,0,True,674.93705699999998,228.03976900000001,0,True,528.45044600000006,155.54196400000001,0,test,,288
B_Task-1,B,1,90,B_Task-1_trial-090,195873,198018,195873,195925,-1,196441,196732,-1,,,,196732,765.12890600000003,767.34765600000003,768.484375,,768.484375,2.21875,1.13671875,3.35546875,1.13671875,True,,H1,MAT_state_transition+problem_timeline,-1,,,,,pending_signal_quality,True,99.916075399999997,379.20689399999998,0,True,60.090028199999999,156.85028399999999,0,True,72.083619400000003,90.197994600000001,0,test,,289
B_Task-1,B,1,91,B_Task-1_trial-091,198018,200134,198018,198070,1,198585,198850,1,,,,198850,773.50781199999983,775.72265600000003,776.75781199999983,,776.75781199999983,2.21484375,1.03515625,3.25,1.03515625,True,,H1,MAT_state_transition+problem_timeline,1,,,,,pending_signal_quality,True,76.203555399999999,57.819665200000003,0,True,60.791943199999999,135.82905299999999,0,True,82.185091900000003,131.73654099999999,0,test,,290
B_Task-1,B,1,92,B_Task-1_trial-092,200134,202259,200134,200187,1,200702,200973,1,,,,200973,781.77343800000006,783.99218800000006,785.05078100000003,,785.05078100000003,2.21875,1.05859375,3.27734375,1.05859375,True,,H1,MAT_state_transition+problem_timeline,1,,,,,pending_signal_quality,True,713.87807999999995,312.79736700000001,0,True,159.94506799999999,45.639608699999997,0,True,156.64911900000001,77.089494000000002,0,test,,291
B_Task-1,B,1,93,B_Task-1_trial-093,202259,204367,202259,202311,-1,202826,203086,-1,,,,203086,790.07421899999986,792.28906199999983,793.30468800000006,,793.30468800000006,2.21484375,1.015625,3.23046875,1.015625,True,,H1,MAT_state_transition+problem_timeline,-1,,,,,pending_signal_quality,True,133.82162199999999,165.660225,0,True,137.60585900000001,34.424497199999998,0,True,83.19218739999998,44.739915400000001,0,test,,292
B_Task-1,B,1,94,B_Task-1_trial-094,204367,206496,204367,204420,1,204935,205214,1,,,,205214,798.30859399999986,800.52734399999986,801.61718800000006,,801.61718800000006,2.21875,1.08984375,3.30859375,1.08984375,True,,H1,MAT_state_transition+problem_timeline,1,,,,,pending_signal_quality,True,50.690470699999999,46.157137300000002,0,True,57.648584700000001,79.090924000000001,0,True,61.982146899999996,85.602998400000004,0,test,,293
B_Task-1,B,1,95,B_Task-1_trial-095,206496,208557,206496,206548,-1,207063,207274,-1,,,,207274,806.625,808.83984399999986,809.66406199999983,,809.66406199999983,2.21484375,0.82421875,3.0390625,0.82421875,True,,H1,MAT_state_transition+problem_timeline,-1,,,,,pending_signal_quality,True,75.623712499999982,22.582247899999999,0,True,89.417868299999981,61.296501399999997,0,True,123.476005,63.126731800000002,0,test,,294
B_Task-1,B,1,96,B_Task-1_trial-096,208557,210653,208557,208609,1,209124,209369,1,,,,209369,814.67578100000003,816.890625,817.84765600000003,,817.84765600000003,2.21484375,0.95703125,3.171875,0.95703125,True,,H1,MAT_state_transition+problem_timeline,1,,,,,pending_signal_quality,True,372.808423,226.29305099999999,0,True,669.19966399999998,376.994575,0,True,707.25566500000002,488.71096399999999,0,test,,295
B_Task-1,B,1,97,B_Task-1_trial-097,210653,212806,210653,210705,-1,211221,211520,-1,,,,211520,822.86328100000003,825.08203100000003,826.25,,826.25,2.21875,1.16796875,3.38671875,1.16796875,True,,H1,MAT_state_transition+problem_timeline,-1,,,,,pending_signal_quality,True,2000,932.10703900000021,0.484375,True,753.94827199999986,664.23990800000001,0,True,700.26703299999997,715.31749000000002,0,test,,296
B_Task-1,B,1,98,B_Task-1_trial-098,212806,214962,212806,212858,1,213373,213679,1,,,,213679,831.27343800000006,833.48828100000003,834.68359399999986,,834.68359399999986,2.21484375,1.1953125,3.41015625,1.1953125,True,,H1,MAT_state_transition+problem_timeline,1,,,,,pending_signal_quality,True,68.848706800000002,169.57654700000001,0,True,55.420767499999997,169.43240499999999,0,True,77.66842149999998,116.217553,0,test,,297
B_Task-1,B,1,99,B_Task-1_trial-099,214962,217063,214962,215014,1,215530,215781,1,,,,215781,839.69531199999983,841.91406199999983,842.89453100000003,,842.89453100000003,2.21875,0.98046875,3.19921875,0.98046875,True,,H1,MAT_state_transition+problem_timeline,1,,,,,pending_signal_quality,True,76.325627499999982,356.32382799999999,0,True,55.817502099999999,129.820875,0,True,63.904783700000003,23.285468999999999,0,test,,298
B_Task-1,B,1,100,B_Task-1_trial-100,217063,223005,217063,217115,1,217630,217866,1,,,,217866,847.90234399999986,850.11718800000006,851.03906199999983,,851.03906199999983,2.21484375,0.921875,3.13671875,0.921875,True,,H1,MAT_state_transition+problem_timeline,1,,,,,pending_signal_quality,True,79.530022099999982,142.752758,0,True,72.999160799999999,206.946913,0,True,108.491646,198.779901,0,test,,299
B_Task-2,B,2,1,B_Task-2_trial-001,5134,7347,5134,5187,-1,5702,6062,1,6062,6063,1,6062,20.0546875,22.2734375,23.6796875,23.6796875,23.6796875,2.21875,1.40625,3.625,1.40625,False,True,H1,MAT_state_transition+problem_timeline,1 -> 2,,,True,False,pending_signal_quality,True,113.130388,76.973603499999982,0,True,127.565423,179.647504,0,True,164.553292,134.74716100000001,0,development,0,300
B_Task-2,B,2,2,B_Task-2_trial-002,7347,9611,7347,7399,-1,7914,8324,-1,8324,8325,-1,8324,28.699218800000001,30.9140625,32.515625,32.515625,32.515625,2.21484375,1.6015625,3.81640625,1.6015625,True,True,H1,MAT_state_transition+problem_timeline,-1 -> -2,,,True,False,pending_signal_quality,True,60.151064300000002,323.072519,0,True,77.51583119999998,413.07802400000003,0,True,74.036774199999982,466.61009300000001,0,development,0,301
B_Task-2,B,2,3,B_Task-2_trial-003,9611,11871,9611,9663,-1,10179,10588,-1,10588,10589,-1,10588,37.542968799999997,39.761718799999997,41.359375,41.359375,41.359375,2.21875,1.59765625,3.81640625,1.59765625,True,True,H1,MAT_state_transition+problem_timeline,-1 -> -2,,,True,False,pending_signal_quality,True,200.35095799999999,161.669422,0,True,403.29594900000001,210.14649800000001,0,True,275.76104400000003,188.752647,0,development,0,302
B_Task-2,B,2,4,B_Task-2_trial-004,11871,13996,11871,11924,1,12439,12712,1,12712,12713,1,12712,46.371093799999997,48.589843799999997,49.65625,49.65625,49.65625,2.21875,1.06640625,3.28515625,1.06640625,True,True,H1,MAT_state_transition+problem_timeline,1 -> 2,,,True,False,pending_signal_quality,True,418.55497100000002,398.88923,0,True,715.34294699999998,502.466026,0,True,710.215915,492.67009400000001,0,development,0,303
B_Task-2,B,2,5,B_Task-2_trial-005,13996,16161,13996,14048,-1,14564,14874,-1,14874,14875,-1,14874,54.671875,56.890625,58.1015625,58.1015625,58.1015625,2.21875,1.2109375,3.4296875,1.2109375,True,True,H1,MAT_state_transition+problem_timeline,-1 -> -2,,,True,False,pending_signal_quality,True,82.368200200000004,289.37739599999998,0,True,51.667048100000002,178.61902900000001,0,True,85.725184999999982,307.14965100000001,0,development,0,304
B_Task-2,B,2,6,B_Task-2_trial-006,16161,18321,16161,16213,1,16728,17037,-1,17037,17038,-1,17037,63.128906200000003,65.34375,66.550781200000003,66.550781200000003,66.550781200000003,2.21484375,1.20703125,3.421875,1.20703125,False,True,H1,MAT_state_transition+problem_timeline,-1 -> -2,,,True,False,pending_signal_quality,True,52.033264699999997,261.19619699999998,0,True,49.347676800000002,175.35481100000001,0,True,60.608834999999999,289.61724800000002,0,development,0,305
B_Task-2,B,2,7,B_Task-2_trial-007,18321,20498,18321,18373,1,18889,19211,1,19211,19212,1,19211,71.566406200000003,73.785156200000003,75.042968799999983,75.042968799999983,75.042968799999983,2.21875,1.2578125,3.4765625,1.2578125,True,True,H1,MAT_state_transition+problem_timeline,1 -> 2,,,True,False,pending_signal_quality,True,46.356908500000003,274.080603,0,True,38.391699099999997,244.637945,0,True,42.603189100000002,339.88619999999997,0,development,0,306
B_Task-2,B,2,8,B_Task-2_trial-008,20498,22630,20498,20550,1,21065,21347,1,21347,21348,1,21347,80.0703125,82.285156200000003,83.386718799999983,83.386718799999983,83.386718799999983,2.21484375,1.1015625,3.31640625,1.1015625,True,True,H1,MAT_state_transition+problem_timeline,1 -> 2,,,True,False,pending_signal_quality,True,113.374533,35.905931799999998,0,True,200.41199399999999,83.532489100000006,0,True,168.03234900000001,47.263200500000004,0,development,0,307
B_Task-2,B,2,9,B_Task-2_trial-009,22630,24759,22630,22682,1,23197,23474,1,23474,23475,1,23474,88.3984375,90.613281200000003,91.6953125,91.6953125,91.6953125,2.21484375,1.08203125,3.296875,1.08203125,True,True,H1,MAT_state_transition+problem_timeline,1 -> 2,,,True,False,pending_signal_quality,True,171.32829799999999,80.514979299999979,0,True,315.15983799999998,102.455293,0,True,255.466545,80.220239800000002,0,development,0,308
B_Task-2,B,2,10,B_Task-2_trial-010,24759,26927,24759,24811,-1,25326,25641,1,25641,25642,1,25641,96.714843799999997,98.9296875,100.160156,100.160156,100.160156,2.21484375,1.23046875,3.4453125,1.23046875,False,True,H1,MAT_state_transition+problem_timeline,1 -> 2,,,True,False,pending_signal_quality,True,72.724498400000002,304.48961500000001,0,True,57.557030599999997,170.83929900000001,0,True,70.588235299999994,344.62357100000003,0,development,0,309
B_Task-2,B,2,11,B_Task-2_trial-011,26927,29131,26927,26979,1,27494,27849,1,27849,27850,1,27849,105.183594,107.398438,108.785156,108.785156,108.785156,2.21484375,1.38671875,3.6015625,1.38671875,True,True,H1,MAT_state_transition+problem_timeline,1 -> 2,,,True,False,pending_signal_quality,True,79.163805600000003,289.13358899999997,0,True,122.163729,147.535417,0,True,85.755703100000005,327.77160300000003,0,development,0,310
B_Task-2,B,2,12,B_Task-2_trial-012,29131,31372,29131,29184,1,29699,30089,-1,30089,30090,-1,30089,113.792969,116.011719,117.535156,117.535156,117.535156,2.21875,1.5234375,3.7421875,1.5234375,False,True,H1,MAT_state_transition+problem_timeline,-1 -> -2,,,True,False,pending_signal_quality,True,87.525749599999983,145.87515500000001,0,True,112.6421,66.452801199999996,0,True,129.18287900000001,169.20478600000001,0,development,0,311
B_Task-2,B,2,13,B_Task-2_trial-013,31372,33576,31372,31424,1,31939,32293,1,32293,32294,1,32293,122.546875,124.761719,126.144531,126.144531,126.144531,2.21484375,1.3828125,3.59765625,1.3828125,True,True,H1,MAT_state_transition+problem_timeline,1 -> 2,,,True,False,pending_signal_quality,True,301.76241700000003,331.293205,0,True,499.94659300000001,233.19161600000001,0,True,556.19134799999995,379.83255100000002,0,development,0,312
B_Task-2,B,2,14,B_Task-2_trial-014,33576,35809,33576,33629,1,34144,34523,-1,34523,34524,-1,34523,131.15625,133.375,134.855469,134.855469,134.855469,2.21875,1.48046875,3.69921875,1.48046875,False,True,H1,MAT_state_transition+problem_timeline,-1 -> -2,,,True,False,pending_signal_quality,True,387.090867,114.051249,0,True,204.68451999999999,262.99940700000002,0,True,385.01564000000002,191.126993,0,development,0,313
B_Task-2,B,2,15,B_Task-2_trial-015,35809,38033,35809,35861,1,36376,36748,-1,36748,36749,-1,36748,139.878906,142.09375,143.546875,143.546875,143.546875,2.21484375,1.453125,3.66796875,1.453125,False,True,H1,MAT_state_transition+problem_timeline,-1 -> -2,,,True,False,pending_signal_quality,True,112.94728000000001,328.31694900000002,0,True,192.96559099999999,248.20916600000001,0,True,106.843671,359.13995599999998,0,development,0,314
B_Task-2,B,2,16,B_Task-2_trial-016,38033,40198,38033,38085,1,38601,38910,1,38910,38911,1,38910,148.566406,150.785156,151.992188,151.992188,151.992188,2.21875,1.20703125,3.42578125,1.20703125,True,True,H1,MAT_state_transition+problem_timeline,1 -> 2,,,True,False,pending_signal_quality,True,259.46440799999999,171.94767300000001,0,True,166.41489300000001,338.89179999999999,0,True,237.003128,273.76302900000002,0,development,0,315
B_Task-2,B,2,17,B_Task-2_trial-017,40198,42378,40198,40250,-1,40765,41094,-1,41094,41095,-1,41094,157.023438,159.238281,160.523438,160.523438,160.523438,2.21484375,1.28515625,3.5,1.28515625,True,True,H1,MAT_state_transition+problem_timeline,-1 -> -2,,,True,False,pending_signal_quality,True,209.71999700000001,78.770326800000007,0,True,241.306172,115.022218,0,True,251.407645,82.160522299999982,0,development,0,316
B_Task-2,B,2,18,B_Task-2_trial-018,42378,44603,42378,42430,1,42946,43318,-1,43318,43319,-1,43318,165.539062,167.757812,169.210938,169.210938,169.210938,2.21875,1.453125,3.671875,1.453125,False,True,H1,MAT_state_transition+problem_timeline,-1 -> -2,,,True,False,pending_signal_quality,True,200.38147599999999,129.68723600000001,0,True,378.45426099999997,155.54283899999999,0,True,225.43679,142.22650100000001,0,development,0,317
B_Task-2,B,2,19,B_Task-2_trial-019,44603,46811,44603,44655,1,45170,45526,1,45526,45527,1,45526,174.230469,176.445312,177.835938,177.835938,177.835938,2.21484375,1.390625,3.60546875,1.390625,True,True,H1,MAT_state_transition+problem_timeline,1 -> 2,,,True,False,pending_signal_quality,True,165.10261700000001,462.26399800000002,0,True,499.39726899999999,598.86452199999997,0,True,321.59914500000002,639.62240799999995,0,development,0,318
B_Task-2,B,2,20,B_Task-2_trial-020,46811,49003,46811,46863,-1,47378,47716,1,47716,47717,1,47716,182.855469,185.070312,186.390625,186.390625,186.390625,2.21484375,1.3203125,3.53515625,1.3203125,False,True,H1,MAT_state_transition+problem_timeline,1 -> 2,,,True,False,pending_signal_quality,True,120.79041700000001,239.92163600000001,0,True,69.703211999999994,261.27197799999999,0,True,101.899748,278.38431600000001,0,development,0,319
B_Task-2,B,2,21,B_Task-2_trial-021,49003,51140,49003,49056,1,49571,49854,1,49854,49855,1,49854,191.417969,193.636719,194.742188,194.742188,194.742188,2.21875,1.10546875,3.32421875,1.10546875,True,True,H1,MAT_state_transition+problem_timeline,1 -> 2,,,True,False,pending_signal_quality,True,162.20340300000001,46.331935700000002,0,True,232.82215600000001,118.96862400000001,0,True,464.20996400000001,143.74302,0,development,1,320
B_Task-2,B,2,22,B_Task-2_trial-022,51140,53340,51140,51192,1,51707,52054,-1,52054,52055,-1,52054,199.765625,201.980469,203.335938,203.335938,203.335938,2.21484375,1.35546875,3.5703125,1.35546875,False,True,H1,MAT_state_transition+problem_timeline,-1 -> -2,,,True,False,pending_signal_quality,True,138.612955,41.5866629,0,True,182.28427600000001,81.72803279999998,0,True,747.84466299999985,249.12982400000001,0,development,1,321
B_Task-2,B,2,23,B_Task-2_trial-023,53340,55493,53340,53393,-1,53908,54210,-1,54210,54211,-1,54210,208.359375,210.578125,211.757812,211.757812,211.757812,2.21875,1.1796875,3.3984375,1.1796875,True,True,H1,MAT_state_transition+problem_timeline,-1 -> -2,,,True,False,pending_signal_quality,True,144.167239,223.48550499999999,0,True,274.50980399999997,303.26649200000003,0,True,85.572594800000005,343.357731,0,development,1,322
B_Task-2,B,2,24,B_Task-2_trial-024,55493,57693,55493,55545,-1,56060,56409,1,56409,56410,1,56409,216.769531,218.984375,220.347656,220.347656,220.347656,2.21484375,1.36328125,3.578125,1.36328125,False,True,H1,MAT_state_transition+problem_timeline,1 -> 2,,,True,False,pending_signal_quality,True,48.767834000000001,47.286230000000003,0,True,73.701075799999998,103.105879,0,True,61.8600748,11.6029483,0,development,1,323
B_Task-2,B,2,25,B_Task-2_trial-025,57693,59878,57693,57745,-1,58261,58595,-1,58595,58596,-1,58595,225.363281,227.582031,228.886719,228.886719,228.886719,2.21875,1.3046875,3.5234375,1.3046875,True,True,H1,MAT_state_transition+problem_timeline,-1 -> -2,,,True,False,pending_signal_quality,True,90.516517899999997,176.13422600000001,0,True,209.90310500000001,78.338115400000007,0,True,127.321279,158.39328599999999,0,development,1,324
B_Task-2,B,2,26,B_Task-2_trial-026,59878,62070,59878,59930,1,60445,60785,1,60785,60786,1,60785,233.898438,236.113281,237.441406,237.441406,237.441406,2.21484375,1.328125,3.54296875,1.328125,True,True,H1,MAT_state_transition+problem_timeline,1 -> 2,,,True,False,pending_signal_quality,True,40.161745600000003,158.26370299999999,0,True,207.64476999999999,109.867733,0,True,61.219195800000001,200.32328100000001,0,development,1,325
B_Task-2,B,2,27,B_Task-2_trial-027,62070,64295,62070,62122,-1,62638,63010,1,63010,63011,1,63010,242.460938,244.679688,246.132812,246.132812,246.132812,2.21875,1.453125,3.671875,1.453125,False,True,H1,MAT_state_transition+problem_timeline,1 -> 2,,,True,False,pending_signal_quality,True,180.94148200000001,57.495259099999998,0,True,83.802548299999998,162.69683599999999,0,True,137.81948600000001,240.552468,0,development,1,326
B_Task-2,B,2,28,B_Task-2_trial-028,64295,66447,64295,64347,-1,64862,65160,1,65160,65161,1,65160,251.152344,253.367188,254.53125,254.53125,254.53125,2.21484375,1.1640625,3.37890625,1.1640625,False,True,H1,MAT_state_transition+problem_timeline,1 -> 2,,,True,False,pending_signal_quality,True,45.685511599999998,8.8164078900000007,0,True,58.442053899999998,72.843836400000001,0,True,46.509498700000002,66.984710699999994,0,development,1,327
B_Task-2,B,2,29,B_Task-2_trial-029,66447,68632,66447,66499,-1,67015,67343,-1,67343,67344,-1,67343,259.55859400000003,261.77734400000003,263.05859400000003,263.05859400000003,263.05859400000003,2.21875,1.28125,3.5,1.28125,True,True,H1,MAT_state_transition+problem_timeline,-1 -> -2,,,True,False,pending_signal_quality,True,54.108491600000001,250.437715,0,True,104.951553,192.535079,0,True,82.001983699999982,311.490499,0,development,1,328
B_Task-2,B,2,30,B_Task-2_trial-030,68632,70844,68632,68684,1,69199,69559,-1,69559,69560,-1,69559,268.09375,270.30859400000003,271.71484400000003,271.71484400000003,271.71484400000003,2.21484375,1.40625,3.62109375,1.40625,False,True,H1,MAT_state_transition+problem_timeline,-1 -> -2,,,True,False,pending_signal_quality,True,48.889906199999999,164.26793599999999,0,True,132.753491,170.63987800000001,0,True,107.48455,289.04356999999999,0,development,1,329
B_Task-2,B,2,31,B_Task-2_trial-031,70844,73045,70844,70896,1,71412,71758,1,71758,71759,1,71758,276.734375,278.953125,280.304688,280.304688,280.304688,2.21875,1.3515625,3.5703125,1.3515625,True,True,H1,MAT_state_transition+problem_timeline,1 -> 2,,,True,False,pending_signal_quality,True,86.701762400000007,136.964992,0,True,74.250400499999998,166.320187,0,True,71.137560100000002,202.62386000000001,0,development,1,330
B_Task-2,B,2,32,B_Task-2_trial-032,73045,75189,73045,73097,1,73612,73902,1,73902,73903,1,73902,285.33203099999997,287.546875,288.679688,288.679688,288.679688,2.21484375,1.1328125,3.34765625,1.1328125,True,True,H1,MAT_state_transition+problem_timeline,1 -> 2,,,True,False,pending_signal_quality,True,591.19554400000004,208.37808200000001,0,True,909.620813,454.704341,0,True,1056.9314099999999,438.65559300000001,0,development,1,331
B_Task-2,B,2,33,B_Task-2_trial-033,75189,77369,75189,75241,1,75757,76087,-1,76087,76088,-1,76087,293.70703099999997,295.92578099999997,297.21484400000003,297.21484400000003,297.21484400000003,2.21875,1.2890625,3.5078125,1.2890625,False,True,H1,MAT_state_transition+problem_timeline,-1 -> -2,,,True,False,pending_signal_quality,True,65.796902399999993,201.03489200000001,0,True,134.64560900000001,214.95627899999999,0,True,87.373159400000006,320.28464600000001,0,development,1,332
B_Task-2,B,2,34,B_Task-2_trial-034,77369,79566,77369,77422,1,77937,78280,-1,78280,78281,-1,78280,302.22265599999997,304.44140599999997,305.78125,305.78125,305.78125,2.21875,1.33984375,3.55859375,1.33984375,False,True,H1,MAT_state_transition+problem_timeline,-1 -> -2,,,True,False,pending_signal_quality,True,69.214923299999995,251.763994,0,True,161.50148799999999,170.16660200000001,0,True,48.310063300000003,318.30388299999998,0,development,1,333
B_Task-2,B,2,35,B_Task-2_trial-035,79566,81783,79566,79618,-1,80134,80496,1,80496,80497,1,80496,310.804688,313.023438,314.4375,314.4375,314.4375,2.21875,1.4140625,3.6328125,1.4140625,False,True,H1,MAT_state_transition+problem_timeline,1 -> 2,,,True,False,pending_signal_quality,True,57.068741899999999,158.44537600000001,0,True,116.914626,95.682397699999996,0,True,48.310063300000003,185.39727199999999,0,development,1,334
B_Task-2,B,2,36,B_Task-2_trial-036,81783,83959,81783,81835,1,82350,82675,1,82675,82676,1,82675,319.46484400000003,321.679688,322.94921900000003,322.94921900000003,322.94921900000003,2.21484375,1.26953125,3.484375,1.26953125,True,True,H1,MAT_state_transition+problem_timeline,1 -> 2,,,True,False,pending_signal_quality,True,69.214923299999995,84.12879839999998,0,True,74.555581000000004,168.87197499999999,0,True,40.222781699999999,202.463314,0,development,1,335
B_Task-2,B,2,37,B_Task-2_trial-037,83959,86167,83959,84011,-1,84527,84881,-1,84881,84882,-1,84881,327.96484400000003,330.18359400000003,331.56640599999997,331.56640599999997,331.56640599999997,2.21875,1.3828125,3.6015625,1.3828125,True,True,H1,MAT_state_transition+problem_timeline,-1 -> -2,,,True,False,pending_signal_quality,True,556.86274500000002,316.67720600000001,0,True,771.95391800000004,656.69142199999999,0,True,979.81231400000001,593.02326100000005,0,development,1,336
B_Task-2,B,2,38,B_Task-2_trial-038,86167,88412,86167,86220,-1,86735,87125,1,87125,87126,1,87125,336.58984400000003,338.80859400000003,340.33203099999997,340.33203099999997,340.33203099999997,2.21875,1.5234375,3.7421875,1.5234375,False,True,H1,MAT_state_transition+problem_timeline,1 -> 2,,,True,False,pending_signal_quality,True,39.581902800000002,122.40318600000001,0,True,114.137484,102.09715799999999,0,True,47.821774599999998,150.490633,0,development,1,337
B_Task-2,B,2,39,B_Task-2_trial-039,88412,90640,88412,88464,1,88979,89356,-1,89356,89357,-1,89356,345.359375,347.57421900000003,349.046875,349.046875,349.046875,2.21484375,1.47265625,3.6875,1.47265625,False,True,H1,MAT_state_transition+problem_timeline,-1 -> -2,,,True,False,pending_signal_quality,True,160.00610399999999,230.60658799999999,0,True,333.16548399999999,143.505245,0,True,243.68657999999999,290.56640399999998,0,development,1,338
B_Task-2,B,2,40,B_Task-2_trial-040,90640,92817,90640,90692,1,91208,91529,-1,91529,91530,-1,91529,354.0625,356.28125,357.53515599999997,357.53515599999997,357.53515599999997,2.21875,1.25390625,3.47265625,1.25390625,False,True,H1,MAT_state_transition+problem_timeline,-1 -> -2,,,True,False,pending_signal_quality,True,71.686884899999995,78.483732000000003,0,True,109.529259,105.425348,0,True,57.160296000000002,120.63556800000001,0,development,1,339
B_Task-2,B,2,41,B_Task-2_trial-041,92817,94977,92817,92869,1,93384,93692,1,93692,93693,1,93692,362.56640599999997,364.78125,365.984375,365.984375,365.984375,2.21484375,1.203125,3.41796875,1.203125,True,True,H1,MAT_state_transition+problem_timeline,1 -> 2,,,True,False,pending_signal_quality,True,89.234760100000003,187.37076300000001,0,True,80.048828900000004,274.535842,0,True,58.533608000000001,318.75552800000003,0,development,2,340
B_Task-2,B,2,42,B_Task-2_trial-042,94977,97142,94977,95029,-1,95545,95858,-1,95858,95859,-1,95858,371.00390599999997,373.22265599999997,374.445312,374.445312,374.445312,2.21875,1.22265625,3.44140625,1.22265625,True,True,H1,MAT_state_transition+problem_timeline,-1 -> -2,,,True,False,pending_signal_quality,True,136.20202900000001,131.66858099999999,0,True,286.22873299999998,296.51795199999998,0,True,132.50934599999999,182.75599600000001,0,development,2,341
B_Task-2,B,2,43,B_Task-2_trial-043,97142,99262,97142,97194,-1,97709,97976,-1,97976,97977,-1,97976,379.460938,381.67578099999997,382.71875,382.71875,382.71875,2.21484375,1.04296875,3.2578125,1.04296875,True,True,H1,MAT_state_transition+problem_timeline,-1 -> -2,,,True,False,pending_signal_quality,True,126.161593,261.25858899999997,0,True,128.542,386.84364599999998,0,True,63.569085200000004,425.22517199999999,0,development,2,342
B_Task-2,B,2,44,B_Task-2_trial-044,99262,101498,99262,99314,1,99830,100213,-1,100213,100214,-1,100213,387.742188,389.960938,391.45703099999997,391.45703099999997,391.45703099999997,2.21875,1.49609375,3.71484375,1.49609375,False,True,H1,MAT_state_transition+problem_timeline,-1 -> -2,,,True,False,pending_signal_quality,True,60.212100399999997,121.273814,0,True,55.878538200000001,25.510672599999999,0,True,60.975051499999999,78.917276299999983,0,development,2,343
B_Task-2,B,2,45,B_Task-2_trial-045,101498,103675,101498,101551,-1,102066,102392,1,102392,102393,1,102392,396.476562,398.695312,399.96875,399.96875,399.96875,2.21875,1.2734375,3.4921875,1.2734375,False,True,H1,MAT_state_transition+problem_timeline,1 -> 2,,,True,False,pending_signal_quality,True,77.027542499999981,234.98450099999999,0,True,147.92095800000001,185.027908,0,True,122.835126,274.567905,0,development,2,344
B_Task-2,B,2,46,B_Task-2_trial-046,103675,105831,103675,103727,-1,104242,104547,1,104547,104548,1,104547,404.98046900000003,407.195312,408.38671900000003,408.38671900000003,408.38671900000003,2.21484375,1.19140625,3.40625,1.19140625,False,True,H1,MAT_state_transition+problem_timeline,1 -> 2,,,True,False,pending_signal_quality,True,57.190814099999997,77.549130300000002,0,True,122.011139,45.103420200000002,0,True,88.014038299999982,48.052071499999997,0,development,2,345
B_Task-2,B,2,47,B_Task-2_trial-047,105831,108040,105831,105884,1,106399,106752,-1,106752,106753,-1,106752,413.40234400000003,415.62109400000003,417,417,417,2.21875,1.37890625,3.59765625,1.37890625,False,True,H1,MAT_state_transition+problem_timeline,-1 -> -2,,,True,False,pending_signal_quality,True,49.317158800000001,10.459547499999999,0,True,41.138323,26.012691400000001,0,True,58.777752300000003,12.8324479,0,development,2,346
B_Task-2,B,2,48,B_Task-2_trial-048,108040,110293,108040,108092,-1,108607,109005,-1,109005,109006,-1,109005,422.03125,424.24609400000003,425.80078099999997,425.80078099999997,425.80078099999997,2.21484375,1.5546875,3.76953125,1.5546875,True,True,H1,MAT_state_transition+problem_timeline,-1 -> -2,,,True,False,pending_signal_quality,True,126.00900300000001,50.789027099999998,0,True,48.187991099999998,188.52543600000001,0,True,79.621576300000001,128.38834299999999,0,development,2,347
B_Task-2,B,2,49,B_Task-2_trial-049,110293,112485,110293,110345,1,110860,111198,1,111198,111199,1,111198,430.83203099999997,433.046875,434.367188,434.367188,434.367188,2.21484375,1.3203125,3.53515625,1.3203125,True,True,H1,MAT_state_transition+problem_timeline,1 -> 2,,,True,False,pending_signal_quality,True,57.434958399999999,238.33461800000001,0,True,100.03814800000001,224.30997500000001,0,True,63.8132296,285.88916399999999,0,development,2,348
B_Task-2,B,2,50,B_Task-2_trial-050,112485,114689,112485,112537,-1,113053,113404,-1,113404,113405,-1,113404,439.39453099999997,441.61328099999997,442.984375,442.984375,442.984375,2.21875,1.37109375,3.58984375,1.37109375,True,True,H1,MAT_state_transition+problem_timeline,-1 -> -2,,,True,False,pending_signal_quality,True,462.77561600000001,311.19196899999997,0,True,1167.1015500000001,385.99653599999999,0,True,997.57381599999997,544.63527999999997,0,development,2,349
B_Task-2,B,2,51,B_Task-2_trial-051,114689,116898,114689,114742,-1,115257,115612,1,115612,115613,1,115612,448.00390599999997,450.22265599999997,451.609375,451.609375,451.609375,2.21875,1.38671875,3.60546875,1.38671875,False,True,H1,MAT_state_transition+problem_timeline,1 -> 2,,,True,False,pending_signal_quality,True,64.606698699999995,270.500699,0,True,114.961471,120.61832099999999,0,True,101.960784,243.929225,0,development,2,350
B_Task-2,B,2,52,B_Task-2_trial-052,116898,119098,116898,116950,-1,117465,117813,-1,117813,117814,-1,117813,456.632812,458.84765599999997,460.20703099999997,460.20703099999997,460.20703099999997,2.21484375,1.359375,3.57421875,1.359375,True,True,H1,MAT_state_transition+problem_timeline,-1 -> -2,,,True,False,pending_signal_quality,True,141.451133,91.950905800000001,0,True,239.35301699999999,99.392886700000005,0,True,182.31479400000001,54.262578599999998,0,development,2,351
B_Task-2,B,2,53,B_Task-2_trial-053,119098,121247,119098,119151,1,119666,119961,1,119961,119962,1,119961,465.226562,467.445312,468.59765599999997,468.59765599999997,468.59765599999997,2.21875,1.15234375,3.37109375,1.15234375,True,True,H1,MAT_state_transition+problem_timeline,1 -> 2,,,True,False,pending_signal_quality,True,127.168688,82.92129079999998,0,True,126.894026,66.868615599999998,0,True,144.99122600000001,57.328924399999998,0,development,2,352
B_Task-2,B,2,54,B_Task-2_trial-054,121247,123479,121247,121299,1,121814,122191,-1,122191,122192,-1,122191,473.62109400000003,475.835938,477.30859400000003,477.30859400000003,477.30859400000003,2.21484375,1.47265625,3.6875,1.47265625,False,True,H1,MAT_state_transition+problem_timeline,-1 -> -2,,,True,False,pending_signal_quality,True,416.05249099999997,154.454364,0,True,84.809643699999981,528.46119399999998,0,True,303.71557200000001,402.341767,0,development,2,353
B_Task-2,B,2,55,B_Task-2_trial-055,123479,125612,123479,123531,1,124047,124326,1,124326,124327,1,124326,482.33984400000003,484.55859400000003,485.648438,485.648438,485.648438,2.21875,1.08984375,3.30859375,1.08984375,True,True,H1,MAT_state_transition+problem_timeline,1 -> 2,,,True,False,pending_signal_quality,True,123.994812,129.27679000000001,0,True,157.625696,46.190803600000002,0,True,255.03929199999999,117.533446,0,development,2,354
B_Task-2,B,2,56,B_Task-2_trial-056,125612,127768,125612,125664,-1,126179,126483,1,126483,126484,1,126483,490.671875,492.88671900000003,494.07421900000003,494.07421900000003,494.07421900000003,2.21484375,1.1875,3.40234375,1.1875,False,True,H1,MAT_state_transition+problem_timeline,1 -> 2,,,True,False,pending_signal_quality,True,223.51415299999999,141.69746799999999,0,True,386.05325399999998,360.80841600000002,0,True,173.495079,382.29740399999997,0,development,2,355
B_Task-2,B,2,57,B_Task-2_trial-057,127768,129941,127768,127821,-1,128336,128654,1,128654,128655,1,128654,499.09375,501.3125,502.554688,502.554688,502.554688,2.21875,1.2421875,3.4609375,1.2421875,False,True,H1,MAT_state_transition+problem_timeline,1 -> 2,,,True,False,pending_signal_quality,True,108.552682,203.42682600000001,0,True,146.73075499999999,271.33422100000001,0,True,75.288014000000004,381.85425199999997,0,development,2,356
B_Task-2,B,2,58,B_Task-2_trial-058,129941,132129,129941,129993,-1,130508,130845,1,130845,130846,1,130845,507.58203099999997,509.796875,511.11328099999997,511.11328099999997,511.11328099999997,2.21484375,1.31640625,3.53125,1.31640625,False,True,H1,MAT_state_transition+problem_timeline,1 -> 2,,,True,False,pending_signal_quality,True,78.706034900000006,86.643892100000002,0,True,112.367437,154.117773,0,True,69.214923299999995,107.97772500000001,0,development,2,357
B_Task-2,B,2,59,B_Task-2_trial-059,132129,134318,132129,132181,-1,132697,133031,1,133031,133032,1,133031,516.12890600000003,518.34765600000003,519.65234399999997,519.65234399999997,519.65234399999997,2.21875,1.3046875,3.5234375,1.3046875,False,True,H1,MAT_state_transition+problem_timeline,1 -> 2,,,True,False,pending_signal_quality,True,164.09552099999999,125.393311,0,True,298.61905899999999,69.183786900000001,0,True,200.656138,127.104602,0,development,2,358
B_Task-2,B,2,60,B_Task-2_trial-060,134318,136490,134318,134370,-1,134886,135204,1,135204,135205,1,135204,524.67968800000006,526.89843800000006,528.140625,528.140625,528.140625,2.21875,1.2421875,3.4609375,1.2421875,False,True,H1,MAT_state_transition+problem_timeline,1 -> 2,,,True,False,pending_signal_quality,True,148.867018,102.352087,0,True,207.58373399999999,76.275168199999982,0,True,189.211872,115.23527199999999,0,development,2,359
B_Task-2,B,2,61,B_Task-2_trial-061,136490,138639,136490,136542,-1,137058,137353,1,137353,137354,1,137353,533.16406199999994,535.38281199999994,536.53515600000003,536.53515600000003,536.53515600000003,2.21875,1.15234375,3.37109375,1.15234375,False,True,H1,MAT_state_transition+problem_timeline,1 -> 2,,,True,False,pending_signal_quality,True,69.398031599999996,46.843992100000001,0,True,75.318532099999999,72.482010500000001,0,True,55.909056200000002,65.671858499999999,0,development,3,360
B_Task-2,B,2,62,B_Task-2_trial-062,138639,140879,138639,138691,1,139206,139591,-1,139591,139592,-1,139591,541.55859399999997,543.77343800000006,545.27734399999997,545.27734399999997,545.27734399999997,2.21484375,1.50390625,3.71875,1.50390625,False,True,H1,MAT_state_transition+problem_timeline,-1 -> -2,,,True,False,pending_signal_quality,True,73.151751000000004,44.203447599999997,0,True,54.169527700000003,40.316516499999999,0,True,67.780575299999995,58.436637400000002,0,development,3,361
B_Task-2,B,2,63,B_Task-2_trial-063,140879,143127,140879,140931,-1,141446,141841,-1,141841,141842,-1,141841,550.30859399999997,552.52343800000006,554.06640600000003,554.06640600000003,554.06640600000003,2.21484375,1.54296875,3.7578125,1.54296875,True,True,H1,MAT_state_transition+problem_timeline,-1 -> -2,,,True,False,pending_signal_quality,True,114.320592,73.344668200000001,0,True,149.62996899999999,129.254718,0,True,128.542,152.89991800000001,0,development,3,362
B_Task-2,B,2,64,B_Task-2_trial-064,143127,145292,143127,143180,-1,143695,144008,-1,144008,144009,-1,144008,559.08984399999997,561.30859399999997,562.53125,562.53125,562.53125,2.21875,1.22265625,3.44140625,1.22265625,True,True,H1,MAT_state_transition+problem_timeline,-1 -> -2,,,True,False,pending_signal_quality,True,125.062943,91.963475500000001,0,True,171.969177,262.10016200000001,0,True,132.906081,166.639331,0,development,3,363
B_Task-2,B,2,65,B_Task-2_trial-065,145292,147452,145292,145344,1,145859,146166,-1,146166,146167,-1,146166,567.546875,569.76171899999997,570.96093800000006,570.96093800000006,570.96093800000006,2.21484375,1.19921875,3.4140625,1.19921875,False,True,H1,MAT_state_transition+problem_timeline,-1 -> -2,,,True,False,pending_signal_quality,True,416.17456299999998,118.086478,0,True,358.58701500000001,286.92536699999999,0,True,456.61097100000001,223.57215099999999,0,development,3,364
B_Task-2,B,2,66,B_Task-2_trial-066,147452,149653,147452,147505,1,148020,148368,1,148368,148369,1,148368,575.984375,578.203125,579.5625,579.5625,579.5625,2.21875,1.359375,3.578125,1.359375,True,True,H1,MAT_state_transition+problem_timeline,1 -> 2,,,True,False,pending_signal_quality,True,80.781261900000004,394.62923000000001,0,True,250.034333,479.60443299999997,0,True,170.96208100000001,571.70512199999996,0,development,3,365
B_Task-2,B,2,67,B_Task-2_trial-067,149653,151825,149653,149705,1,150220,150541,-1,150541,150542,-1,150541,584.58203100000003,586.796875,588.05078100000003,588.05078100000003,588.05078100000003,2.21484375,1.25390625,3.46875,1.25390625,False,True,H1,MAT_state_transition+problem_timeline,-1 -> -2,,,True,False,pending_signal_quality,True,65.705348299999997,229.25571400000001,0,True,88.258182700000006,234.79010299999999,0,True,59.723811699999999,320.37687699999998,0,development,3,366
B_Task-2,B,2,68,B_Task-2_trial-068,151825,154038,151825,151878,1,152393,152750,-1,152750,152751,-1,152750,593.06640600000003,595.28515600000003,596.67968800000006,596.67968800000006,596.67968800000006,2.21875,1.39453125,3.61328125,1.39453125,False,True,H1,MAT_state_transition+problem_timeline,-1 -> -2,,,True,False,pending_signal_quality,True,71.778439000000006,225.79209700000001,0,True,100.16022,289.41526199999998,0,True,54.0779736,271.33966199999998,0,development,3,367
B_Task-2,B,2,69,B_Task-2_trial-069,154038,156234,154038,154090,-1,154605,154949,1,154949,154950,1,154949,601.71093800000006,603.92578100000003,605.26953100000003,605.26953100000003,605.26953100000003,2.21484375,1.34375,3.55859375,1.34375,False,True,H1,MAT_state_transition+problem_timeline,1 -> 2,,,True,False,pending_signal_quality,True,219.72991500000001,155.22111899999999,0,True,300.45014099999997,147.31406799999999,0,True,321.78225400000002,179.793747,0,development,3,368
B_Task-2,B,2,70,B_Task-2_trial-070,156234,158383,156234,156286,-1,156802,157097,1,157097,157098,1,157097,610.28906199999994,612.50781199999994,613.66015600000003,613.66015600000003,613.66015600000003,2.21875,1.15234375,3.37109375,1.15234375,False,True,H1,MAT_state_transition+problem_timeline,1 -> 2,,,True,False,pending_signal_quality,True,57.312886200000001,95.966686600000003,0,True,55.176623200000002,114.648499,0,True,45.5634394,139.990858,0,development,3,369
B_Task-2,B,2,71,B_Task-2_trial-071,158383,160615,158383,158435,1,158951,159328,1,159328,159329,1,159328,618.68359399999997,620.90234399999997,622.375,622.375,622.375,2.21875,1.47265625,3.69140625,1.47265625,True,True,H1,MAT_state_transition+problem_timeline,1 -> 2,,,True,False,pending_signal_quality,True,45.105668700000003,97.232704100000007,0,True,76.783398199999979,122.564575,0,True,41.596093699999997,122.462698,0,development,3,370
B_Task-2,B,2,72,B_Task-2_trial-072,160615,162772,160615,160668,1,161183,161488,1,161488,161489,1,161488,627.40234399999997,629.62109399999997,630.8125,630.8125,630.8125,2.21875,1.19140625,3.41015625,1.19140625,True,True,H1,MAT_state_transition+problem_timeline,1 -> 2,,,True,False,pending_signal_quality,True,108.58320000000001,215.204714,0,True,86.243991800000003,321.23325299999999,0,True,77.8210117,315.13529599999998,0,development,3,371
B_Task-2,B,2,73,B_Task-2_trial-073,162772,164964,162772,162824,1,163339,163678,1,163678,163679,1,163678,635.828125,638.04296899999997,639.36718800000006,639.36718800000006,639.36718800000006,2.21484375,1.32421875,3.5390625,1.32421875,True,True,H1,MAT_state_transition+problem_timeline,1 -> 2,,,True,False,pending_signal_quality,True,149.29427000000001,36.999059500000001,0,True,91.676203599999994,68.601927900000007,0,True,140.77973600000001,68.255100999999996,0,development,3,372
B_Task-2,B,2,74,B_Task-2_trial-074,164964,167161,164964,165017,-1,165532,165874,1,165874,165875,1,165874,644.390625,646.609375,647.94531199999994,647.94531199999994,647.94531199999994,2.21875,1.3359375,3.5546875,1.3359375,False,True,H1,MAT_state_transition+problem_timeline,1 -> 2,,,True,False,pending_signal_quality,True,70.588235299999994,228.256226,0,True,95.124742499999996,269.262655,0,True,85.023269999999982,317.91658799999999,0,development,3,373
B_Task-2,B,2,75,B_Task-2_trial-075,167161,169398,167161,167214,-1,167729,168113,1,168113,168114,1,168113,652.97265600000003,655.19140600000003,656.69140600000003,656.69140600000003,656.69140600000003,2.21875,1.5,3.71875,1.5,False,True,H1,MAT_state_transition+problem_timeline,1 -> 2,,,True,False,pending_signal_quality,True,155.733577,120.745938,0,True,143.61791400000001,250.36140800000001,0,True,126.558328,151.08903599999999,0,development,3,374
B_Task-2,B,2,76,B_Task-2_trial-076,169398,171666,169398,169450,1,169965,170382,-1,170382,170383,-1,170382,661.71093800000006,663.92578100000003,665.55468800000006,665.55468800000006,665.55468800000006,2.21484375,1.62890625,3.84375,1.62890625,False,True,H1,MAT_state_transition+problem_timeline,-1 -> -2,,,True,False,pending_signal_quality,True,106.874189,217.08023299999999,0,True,88.044556299999982,230.87503899999999,0,True,90.913252500000013,292.143282,0,development,3,375
B_Task-2,B,2,77,B_Task-2_trial-077,171666,173803,171666,171719,1,172234,172515,-1,172515,172516,-1,172515,670.57031199999994,672.78906199999994,673.88671899999997,673.88671899999997,673.88671899999997,2.21875,1.09765625,3.31640625,1.09765625,False,True,H1,MAT_state_transition+problem_timeline,-1 -> -2,,,True,False,pending_signal_quality,True,74.158846400000002,44.210787000000003,0,True,49.897001600000003,107.04803099999999,0,True,76.783398199999979,102.405827,0,development,3,376
B_Task-2,B,2,78,B_Task-2_trial-078,173803,176015,173803,173855,-1,174370,174729,-1,174729,174730,-1,174729,678.91796899999997,681.13281199999994,682.53515600000003,682.53515600000003,682.53515600000003,2.21484375,1.40234375,3.6171875,1.40234375,True,True,H1,MAT_state_transition+problem_timeline,-1 -> -2,,,True,False,pending_signal_quality,True,290.379187,104.082094,0,True,320.25635199999999,111.482759,0,True,446.87571500000001,152.06222099999999,0,development,3,377
B_Task-2,B,2,79,B_Task-2_trial-079,176015,178336,176015,176068,-1,176583,177051,1,177051,177052,1,177051,687.55859399999997,689.77734399999997,691.60546899999997,691.60546899999997,691.60546899999997,2.21875,1.828125,4.046875,1.828125,False,True,H1,MAT_state_transition+problem_timeline,1 -> 2,,,True,False,pending_signal_quality,True,54.657816400000002,286.12282099999999,0,True,72.724498400000002,338.73888899999997,0,True,62.684061999999997,356.91609399999999,0,development,3,378
B_Task-2,B,2,80,B_Task-2_trial-080,178336,180544,178336,178388,-1,178903,179259,1,179259,179260,1,179259,696.625,698.83984399999997,700.23046899999997,700.23046899999997,700.23046899999997,2.21484375,1.390625,3.60546875,1.390625,False,True,H1,MAT_state_transition+problem_timeline,1 -> 2,,,True,False,pending_signal_quality,True,115.327687,161.133748,0,True,111.635004,154.240059,0,True,139.28435200000001,183.93012899999999,0,development,3,379
B_Task-2,B,2,81,B_Task-2_trial-081,180544,182721,180544,180596,1,181111,181434,-1,181434,181435,-1,181434,705.25,707.46484399999997,708.72656199999994,708.72656199999994,708.72656199999994,2.21484375,1.26171875,3.4765625,1.26171875,False,True,H1,MAT_state_transition+problem_timeline,-1 -> -2,,,True,False,pending_signal_quality,True,55.451285599999999,108.006109,0,True,65.796902399999993,140.62302500000001,0,True,55.573357700000003,142.583146,0,test,,380
B_Task-2,B,2,82,B_Task-2_trial-082,182721,184925,182721,182773,-1,183288,183639,-1,183639,183640,-1,183639,713.75390600000003,715.96875,717.33984399999997,717.33984399999997,717.33984399999997,2.21484375,1.37109375,3.5859375,1.37109375,True,True,H1,MAT_state_transition+problem_timeline,-1 -> -2,,,True,False,pending_signal_quality,True,73.121232899999981,369.955153,0,True,89.967193100000003,426.17675700000001,0,True,63.904783700000003,483.06248699999998,0,test,,381
B_Task-2,B,2,83,B_Task-2_trial-083,184925,187125,184925,184977,1,185492,185842,-1,185842,185843,-1,185842,722.36328100000003,724.578125,725.94531199999983,725.94531199999983,725.94531199999983,2.21484375,1.3671875,3.58203125,1.3671875,False,True,H1,MAT_state_transition+problem_timeline,-1 -> -2,,,True,False,pending_signal_quality,True,68.574044400000005,108.259856,0,True,80.537117600000002,159.07020700000001,0,True,64.5456626,154.76720900000001,0,test,,382
B_Task-2,B,2,84,B_Task-2_trial-084,187125,189338,187125,187177,-1,187693,188047,-1,188047,188048,-1,188047,730.95703100000003,733.17578100000003,734.55859399999986,734.55859399999986,734.55859399999986,2.21875,1.3828125,3.6015625,1.3828125,True,True,H1,MAT_state_transition+problem_timeline,-1 -> -2,,,True,False,pending_signal_quality,True,111.51293200000001,46.422947899999997,0,True,195.74273299999999,97.553919399999998,0,True,150.270848,72.990443299999981,0,test,,383
B_Task-2,B,2,85,B_Task-2_trial-085,189338,191590,189338,189390,-1,189905,190304,1,190304,190305,1,190304,739.60156199999983,741.81640600000003,743.375,743.375,743.375,2.21484375,1.55859375,3.7734375,1.55859375,False,True,H1,MAT_state_transition+problem_timeline,1 -> 2,,,True,False,pending_signal_quality,True,320.25635199999999,222.35930999999999,0,True,427.22209500000002,355.80329699999999,0,True,473.36537700000002,303.33210200000002,0,test,,384
B_Task-2,B,2,86,B_Task-2_trial-086,191590,193775,191590,191642,1,192158,192487,1,192487,192488,1,192487,748.39843800000006,750.61718800000006,751.90234399999986,751.90234399999986,751.90234399999986,2.21875,1.28515625,3.50390625,1.28515625,True,True,H1,MAT_state_transition+problem_timeline,1 -> 2,,,True,False,pending_signal_quality,True,89.784084800000002,153.16639900000001,0,True,84.809643699999981,65.094803099999993,0,True,85.450522599999999,140.26437200000001,0,test,,385
B_Task-2,B,2,87,B_Task-2_trial-087,193775,195927,193775,193827,-1,194342,194642,1,194642,194643,1,194642,756.93359399999986,759.14843800000006,760.32031199999983,760.32031199999983,760.32031199999983,2.21484375,1.171875,3.38671875,1.171875,False,True,H1,MAT_state_transition+problem_timeline,1 -> 2,,,True,False,pending_signal_quality,True,562.99687200000005,210.77227500000001,0,True,822.24765400000001,308.28609699999998,0,True,775.15831200000002,312.84821699999998,0,test,,386
B_Task-2,B,2,88,B_Task-2_trial-088,195927,198084,195927,195979,1,196495,196797,1,196797,196798,1,196797,765.33984399999986,767.55859399999986,768.73828100000003,768.73828100000003,768.73828100000003,2.21875,1.1796875,3.3984375,1.1796875,True,True,H1,MAT_state_transition+problem_timeline,1 -> 2,,,True,False,pending_signal_quality,True,47.180895700000001,278.55558600000001,0,True,56.061646400000001,285.18353300000001,0,True,46.8146792,267.59505100000001,0,test,,387
B_Task-2,B,2,89,B_Task-2_trial-089,198084,200264,198084,198136,-1,198651,198978,-1,198978,198979,-1,198978,773.765625,775.98046899999986,777.25781199999983,777.25781199999983,777.25781199999983,2.21484375,1.27734375,3.4921875,1.27734375,True,True,H1,MAT_state_transition+problem_timeline,-1 -> -2,,,True,False,pending_signal_quality,True,184.725719,276.01810699999999,0,True,72.053101400000003,283.85405300000002,0,True,167.788205,289.36292900000001,0,test,,388
B_Task-2,B,2,90,B_Task-2_trial-090,200264,202445,200264,200316,1,200832,201157,1,201157,201158,1,201157,782.28125,784.5,785.76953100000003,785.76953100000003,785.76953100000003,2.21875,1.26953125,3.48828125,1.26953125,True,True,H1,MAT_state_transition+problem_timeline,1 -> 2,,,True,False,pending_signal_quality,True,78.065156000000002,185.81067100000001,0,True,87.434195500000001,78.095300199999983,0,True,78.217746199999979,156.386571,0,test,,389
B_Task-2,B,2,91,B_Task-2_trial-091,202445,204593,202445,202497,-1,203012,203306,1,203306,203307,1,203306,790.80078100000003,793.015625,794.16406199999983,794.16406199999983,794.16406199999983,2.21484375,1.1484375,3.36328125,1.1484375,False,True,H1,MAT_state_transition+problem_timeline,1 -> 2,,,True,False,pending_signal_quality,True,264.65247599999998,186.360105,0,True,103.883421,380.848005,0,True,212.497139,222.155855,0,test,,390
B_Task-2,B,2,92,B_Task-2_trial-092,204593,206818,204593,204645,-1,205161,205532,-1,205532,205533,-1,205532,799.19140600000003,801.41015600000003,802.859375,802.859375,802.859375,2.21875,1.44921875,3.66796875,1.44921875,True,True,H1,MAT_state_transition+problem_timeline,-1 -> -2,,,True,False,pending_signal_quality,True,190.09689499999999,57.790234400000003,0,True,175.29564400000001,131.28661399999999,0,True,203.25017199999999,102.806302,0,test,,391
B_Task-2,B,2,93,B_Task-2_trial-093,206818,208962,206818,206870,1,207385,207681,1,207681,207682,1,207681,807.88281199999983,810.09765600000003,811.25390600000003,811.25390600000003,811.25390600000003,2.21484375,1.15625,3.37109375,1.15625,True,True,H1,MAT_state_transition+problem_timeline,1 -> 2,,,True,False,pending_signal_quality,True,68.940260899999998,68.620400799999999,0,True,108.73578999999999,80.121601699999999,0,True,55.909056200000002,82.391422899999981,0,test,,392
B_Task-2,B,2,94,B_Task-2_trial-094,208962,211219,208962,209015,-1,209530,209933,1,209933,209934,1,209933,816.25781199999983,818.47656199999983,820.05078100000003,820.05078100000003,820.05078100000003,2.21875,1.57421875,3.79296875,1.57421875,False,True,H1,MAT_state_transition+problem_timeline,1 -> 2,,,True,False,pending_signal_quality,True,60.975051499999999,82.358635699999979,0,True,73.701075799999998,148.03658200000001,0,True,49.164568600000003,112.728807,0,test,,393
B_Task-2,B,2,95,B_Task-2_trial-095,211219,213363,211219,211271,1,211786,212076,1,212076,212077,1,212076,825.07421899999986,827.28906199999983,828.421875,828.421875,828.421875,2.21484375,1.1328125,3.34765625,1.1328125,True,True,H1,MAT_state_transition+problem_timeline,1 -> 2,,,True,False,pending_signal_quality,True,195.31548000000001,658.25201600000003,0,True,432.25757199999998,685.49658299999999,0,True,374.54795100000001,743.34883500000001,0,test,,394
B_Task-2,B,2,96,B_Task-2_trial-096,213363,215651,213363,213415,1,213931,214366,-1,214366,214367,-1,214366,833.44921899999986,835.66796899999986,837.36718800000006,837.36718800000006,837.36718800000006,2.21875,1.69921875,3.91796875,1.69921875,False,True,H1,MAT_state_transition+problem_timeline,-1 -> -2,,,True,False,pending_signal_quality,True,148.622873,37.870334999999997,0,True,224.063478,199.441487,0,True,169.52773300000001,84.149192200000002,0,test,,395
B_Task-2,B,2,97,B_Task-2_trial-097,215651,217940,215651,215704,-1,216219,216654,-1,216654,216655,-1,216654,842.38671899999986,844.60546899999986,846.30468800000006,846.30468800000006,846.30468800000006,2.21875,1.69921875,3.91796875,1.69921875,True,True,H1,MAT_state_transition+problem_timeline,-1 -> -2,,,True,False,pending_signal_quality,True,488.96009800000002,325.36383999999998,0,True,564.43122000000005,395.33381300000002,0,True,547.524224,327.24471199999999,0,test,,396
B_Task-2,B,2,98,B_Task-2_trial-098,217940,220148,217940,217992,-1,218508,218860,-1,218860,218861,-1,218860,851.328125,853.546875,854.921875,854.921875,854.921875,2.21875,1.375,3.59375,1.375,True,True,H1,MAT_state_transition+problem_timeline,-1 -> -2,,,True,False,pending_signal_quality,True,123.68963100000001,97.977756299999996,0,True,131.136034,151.488485,0,True,136.56824599999999,140.99588199999999,0,test,,397
B_Task-2,B,2,99,B_Task-2_trial-099,220148,222325,220148,220200,1,220716,221040,-1,221040,221041,-1,221040,859.953125,862.171875,863.4375,863.4375,863.4375,2.21875,1.265625,3.484375,1.265625,False,True,H1,MAT_state_transition+problem_timeline,-1 -> -2,,,True,False,pending_signal_quality,True,594.85771,196.21753000000001,0,True,789.44075699999985,294.66109499999999,0,True,641.70290699999998,204.997063,0,test,,398
B_Task-2,B,2,100,B_Task-2_trial-100,222325,228330,222325,222377,-1,222892,223192,1,223192,223193,1,223192,868.45703100000003,870.671875,871.84375,871.84375,871.84375,2.21484375,1.171875,3.38671875,1.171875,False,True,H1,MAT_state_transition+problem_timeline,1 -> 2,,,True,False,pending_signal_quality,True,99.488822799999994,89.812564699999982,0,True,132.784009,126.75671,0,True,105.16517899999999,114.961755,0,test,,399
