trial_key,task,record_id,split_role,method,weight,peak_to_peak_proxy,first_difference_rms_proxy,prebaseline_abs_error,native_anomaly_fraction,retained
A_Task-1_trial-001,1,A_Task-1,development,P0,1,106.07220176312268,2.9477286562868907,5.7470368333537518e-16,0,True
A_Task-1_trial-001,1,A_Task-1,development,W0,1,106.07220176312268,2.9477286562868907,5.7470368333537518e-16,0,True
A_Task-1_trial-001,1,A_Task-1,development,SELECTED,1,106.07220176312268,2.9477286562868907,5.7470368333537518e-16,0,True
A_Task-1_trial-002,1,A_Task-1,development,P0,1,82.001108817076883,1.8949045421297868,5.4335620969890011e-15,0,True
A_Task-1_trial-002,1,A_Task-1,development,W0,1,82.001108817076883,1.8949045421297868,5.4335620969890011e-15,0,True
A_Task-1_trial-002,1,A_Task-1,development,SELECTED,1,82.001108817076883,1.8949045421297868,5.4335620969890011e-15,0,True
A_Task-1_trial-003,1,A_Task-1,development,P0,1,513.54901291858801,3.1375393879412177,1.1842378929335002e-15,0.08203125,True
A_Task-1_trial-003,1,A_Task-1,development,W0,0.1796875,513.54901291858801,3.1375393879412177,1.1842378929335002e-15,0.08203125,True
A_Task-1_trial-003,1,A_Task-1,development,SELECTED,1,513.54901291858801,3.1375393879412177,1.1842378929335002e-15,0.08203125,True
A_Task-1_trial-004,1,A_Task-1,development,P0,1,75.827056049014359,2.1583152472781091,1.1145768404080003e-15,0,True
A_Task-1_trial-004,1,A_Task-1,development,W0,1,75.827056049014359,2.1583152472781091,1.1145768404080003e-15,0,True
A_Task-1_trial-004,1,A_Task-1,development,SELECTED,1,75.827056049014359,2.1583152472781091,1.1145768404080003e-15,0,True
A_Task-1_trial-005,1,A_Task-1,development,P0,1,53.891302244978192,2.0962412391539669,8.7076315656875019e-16,0,True
A_Task-1_trial-005,1,A_Task-1,development,W0,1,53.891302244978192,2.0962412391539669,8.7076315656875019e-16,0,True
A_Task-1_trial-005,1,A_Task-1,development,SELECTED,1,53.891302244978192,2.0962412391539669,8.7076315656875019e-16,0,True
A_Task-1_trial-006,1,A_Task-1,development,P0,1,52.67037152221824,1.9626881479364937,8.0110210404325022e-16,0,True
A_Task-1_trial-006,1,A_Task-1,development,W0,1,52.67037152221824,1.9626881479364937,8.0110210404325022e-16,0,True
A_Task-1_trial-006,1,A_Task-1,development,SELECTED,1,52.67037152221824,1.9626881479364937,8.0110210404325022e-16,0,True
A_Task-1_trial-007,1,A_Task-1,development,P0,1,51.325777178936221,2.2307327614838117,4.353815782843751e-16,0,True
A_Task-1_trial-007,1,A_Task-1,development,W0,1,51.325777178936221,2.2307327614838117,4.353815782843751e-16,0,True
A_Task-1_trial-007,1,A_Task-1,development,SELECTED,1,51.325777178936221,2.2307327614838117,4.353815782843751e-16,0,True
A_Task-1_trial-008,1,A_Task-1,development,P0,1,100.01475333705777,2.1334281576487739,1.1842378929335002e-15,0,True
A_Task-1_trial-008,1,A_Task-1,development,W0,1,100.01475333705777,2.1334281576487739,1.1842378929335002e-15,0,True
A_Task-1_trial-008,1,A_Task-1,development,SELECTED,1,100.01475333705777,2.1334281576487739,1.1842378929335002e-15,0,True
A_Task-1_trial-009,1,A_Task-1,development,P0,1,40.080516307431346,1.9068402785175094,4.8762736767850017e-16,0,True
A_Task-1_trial-009,1,A_Task-1,development,W0,1,40.080516307431346,1.9068402785175094,4.8762736767850017e-16,0,True
A_Task-1_trial-009,1,A_Task-1,development,SELECTED,1,40.080516307431346,1.9068402785175094,4.8762736767850017e-16,0,True
A_Task-1_trial-010,1,A_Task-1,development,P0,1,41.678819579775706,2.0421900385092915,3.4830526262750009e-16,0,True
A_Task-1_trial-010,1,A_Task-1,development,W0,1,41.678819579775706,2.0421900385092915,3.4830526262750009e-16,0,True
A_Task-1_trial-010,1,A_Task-1,development,SELECTED,1,41.678819579775706,2.0421900385092915,3.4830526262750009e-16,0,True
A_Task-1_trial-011,1,A_Task-1,development,P0,1,55.629841601916702,1.8414527854586369,1.2887294717217503e-15,0,True
A_Task-1_trial-011,1,A_Task-1,development,W0,1,55.629841601916702,1.8414527854586369,1.2887294717217503e-15,0,True
A_Task-1_trial-011,1,A_Task-1,development,SELECTED,1,55.629841601916702,1.8414527854586369,1.2887294717217503e-15,0,True
A_Task-1_trial-012,1,A_Task-1,development,P0,1,54.374982913355765,2.1985653020421831,9.0559368283150018e-16,0,True
A_Task-1_trial-012,1,A_Task-1,development,W0,1,54.374982913355765,2.1985653020421831,9.0559368283150018e-16,0,True
A_Task-1_trial-012,1,A_Task-1,development,SELECTED,1,54.374982913355765,2.1985653020421831,9.0559368283150018e-16,0,True
A_Task-1_trial-013,1,A_Task-1,development,P0,1,47.628592584917158,2.3190575663532207,5.5728842020400014e-16,0,True
A_Task-1_trial-013,1,A_Task-1,development,W0,1,47.628592584917158,2.3190575663532207,5.5728842020400014e-16,0,True
A_Task-1_trial-013,1,A_Task-1,development,SELECTED,1,47.628592584917158,2.3190575663532207,5.5728842020400014e-16,0,True
A_Task-1_trial-014,1,A_Task-1,development,P0,1,153.29037646268051,2.0333259604381246,2.2291536808160006e-15,1,True
A_Task-1_trial-014,1,A_Task-1,development,W0,0.01,153.29037646268051,2.0333259604381246,2.2291536808160006e-15,1,True
A_Task-1_trial-014,1,A_Task-1,development,SELECTED,1,153.29037646268051,2.0333259604381246,2.2291536808160006e-15,1,True
A_Task-1_trial-015,1,A_Task-1,development,P0,1,240.54888398875647,2.2550842890821157,3.065086311122001e-15,0,True
A_Task-1_trial-015,1,A_Task-1,development,W0,1,240.54888398875647,2.2550842890821157,3.065086311122001e-15,0,True
A_Task-1_trial-015,1,A_Task-1,development,SELECTED,1,240.54888398875647,2.2550842890821157,3.065086311122001e-15,0,True
A_Task-1_trial-016,1,A_Task-1,development,P0,1,58.528039141156214,2.2389566610419713,5.5728842020400014e-16,0,True
A_Task-1_trial-016,1,A_Task-1,development,W0,1,58.528039141156214,2.2389566610419713,5.5728842020400014e-16,0,True
A_Task-1_trial-016,1,A_Task-1,development,SELECTED,1,58.528039141156214,2.2389566610419713,5.5728842020400014e-16,0,True
A_Task-1_trial-017,1,A_Task-1,development,P0,1,46.269424165079037,2.0464930697021257,3.744281573245626e-16,0,True
A_Task-1_trial-017,1,A_Task-1,development,W0,1,46.269424165079037,2.0464930697021257,3.744281573245626e-16,0,True
A_Task-1_trial-017,1,A_Task-1,development,SELECTED,1,46.269424165079037,2.0464930697021257,3.744281573245626e-16,0,True
A_Task-1_trial-018,1,A_Task-1,development,P0,1,50.918602023191461,2.3238678235163297,9.0559368283150018e-16,0,True
A_Task-1_trial-018,1,A_Task-1,development,W0,1,50.918602023191461,2.3238678235163297,9.0559368283150018e-16,0,True
A_Task-1_trial-018,1,A_Task-1,development,SELECTED,1,50.918602023191461,2.3238678235163297,9.0559368283150018e-16,0,True
A_Task-1_trial-019,1,A_Task-1,development,P0,1,134.7170291083491,3.2077091929397539,6.826783147499002e-15,0,True
A_Task-1_trial-019,1,A_Task-1,development,W0,1,134.7170291083491,3.2077091929397539,6.826783147499002e-15,0,True
A_Task-1_trial-019,1,A_Task-1,development,SELECTED,1,134.7170291083491,3.2077091929397539,6.826783147499002e-15,0,True
A_Task-1_trial-020,1,A_Task-1,development,P0,1,196.33558120668354,2.4491120475481534,2.8561031535455009e-15,0.34765625,True
A_Task-1_trial-020,1,A_Task-1,development,W0,0.01,196.33558120668354,2.4491120475481534,2.8561031535455009e-15,0.34765625,True
A_Task-1_trial-020,1,A_Task-1,development,SELECTED,1,196.33558120668354,2.4491120475481534,2.8561031535455009e-15,0.34765625,True
A_Task-1_trial-021,1,A_Task-1,development,P0,1,48.779853863951416,2.0787814654766854,2.9605947323337506e-16,0,True
A_Task-1_trial-021,1,A_Task-1,development,W0,1,48.779853863951416,2.0787814654766854,2.9605947323337506e-16,0,True
A_Task-1_trial-021,1,A_Task-1,development,SELECTED,1,48.779853863951416,2.0787814654766854,2.9605947323337506e-16,0,True
A_Task-1_trial-022,1,A_Task-1,development,P0,1,141.95840371509371,1.9951041676940713,2.6471199959690008e-15,0,True
A_Task-1_trial-022,1,A_Task-1,development,W0,1,141.95840371509371,1.9951041676940713,2.6471199959690008e-15,0,True
A_Task-1_trial-022,1,A_Task-1,development,SELECTED,1,141.95840371509371,1.9951041676940713,2.6471199959690008e-15,0,True
A_Task-1_trial-023,1,A_Task-1,development,P0,1,158.13701799165744,2.3072987881156486,2.7864421010200007e-15,0,True
A_Task-1_trial-023,1,A_Task-1,development,W0,1,158.13701799165744,2.3072987881156486,2.7864421010200007e-15,0,True
A_Task-1_trial-023,1,A_Task-1,development,SELECTED,1,158.13701799165744,2.3072987881156486,2.7864421010200007e-15,0,True
A_Task-1_trial-024,1,A_Task-1,development,P0,1,96.452203545979842,2.3776102363866629,1.3758057873786254e-15,0,True
A_Task-1_trial-024,1,A_Task-1,development,W0,1,96.452203545979842,2.3776102363866629,1.3758057873786254e-15,0,True
A_Task-1_trial-024,1,A_Task-1,development,SELECTED,1,96.452203545979842,2.3776102363866629,1.3758057873786254e-15,0,True
A_Task-1_trial-025,1,A_Task-1,development,P0,1,61.619544669202384,2.2696003586858389,1.7763568394002505e-15,0,True
A_Task-1_trial-025,1,A_Task-1,development,W0,1,61.619544669202384,2.2696003586858389,1.7763568394002505e-15,0,True
A_Task-1_trial-025,1,A_Task-1,development,SELECTED,1,61.619544669202384,2.2696003586858389,1.7763568394002505e-15,0,True
A_Task-1_trial-026,1,A_Task-1,development,P0,1,119.90171797134373,3.3156851805673049,1.7415263131375004e-15,0,True
A_Task-1_trial-026,1,A_Task-1,development,W0,1,119.90171797134373,3.3156851805673049,1.7415263131375004e-15,0,True
A_Task-1_trial-026,1,A_Task-1,development,SELECTED,1,119.90171797134373,3.3156851805673049,1.7415263131375004e-15,0,True
A_Task-1_trial-027,1,A_Task-1,development,P0,1,518.71770215041488,3.2478559432225702,5.0155957818360016e-15,0.05859375,True
A_Task-1_trial-027,1,A_Task-1,development,W0,0.4140625,518.71770215041488,3.2478559432225702,5.0155957818360016e-15,0.05859375,True
A_Task-1_trial-027,1,A_Task-1,development,SELECTED,1,518.71770215041488,3.2478559432225702,5.0155957818360016e-15,0.05859375,True
A_Task-1_trial-028,1,A_Task-1,development,P0,1,156.23454623796465,4.2318991383478393,4.7717820979967509e-15,0,True
A_Task-1_trial-028,1,A_Task-1,development,W0,0.060870193879105389,156.23454623796465,4.2318991383478393,4.7717820979967509e-15,0,True
A_Task-1_trial-028,1,A_Task-1,development,SELECTED,1,156.23454623796465,4.2318991383478393,4.7717820979967509e-15,0,True
A_Task-1_trial-029,1,A_Task-1,development,P0,1,54.489546420057465,1.7143791505537587,1.3409752611158753e-15,0,True
A_Task-1_trial-029,1,A_Task-1,development,W0,1,54.489546420057465,1.7143791505537587,1.3409752611158753e-15,0,True
A_Task-1_trial-029,1,A_Task-1,development,SELECTED,1,54.489546420057465,1.7143791505537587,1.3409752611158753e-15,0,True
A_Task-1_trial-030,1,A_Task-1,development,P0,1,52.487931708964197,2.2076787813488354,5.5728842020400014e-16,0,True
A_Task-1_trial-030,1,A_Task-1,development,W0,1,52.487931708964197,2.2076787813488354,5.5728842020400014e-16,0,True
A_Task-1_trial-030,1,A_Task-1,development,SELECTED,1,52.487931708964197,2.2076787813488354,5.5728842020400014e-16,0,True
A_Task-1_trial-031,1,A_Task-1,development,P0,1,56.60837901920214,2.1437844481978634,2.3684757858670005e-15,0,True
A_Task-1_trial-031,1,A_Task-1,development,W0,1,56.60837901920214,2.1437844481978634,2.3684757858670005e-15,0,True
A_Task-1_trial-031,1,A_Task-1,development,SELECTED,1,56.60837901920214,2.1437844481978634,2.3684757858670005e-15,0,True
A_Task-1_trial-032,1,A_Task-1,development,P0,1,63.79654231374591,2.4088095165522452,1.9156789444512504e-15,0,True
A_Task-1_trial-032,1,A_Task-1,development,W0,1,63.79654231374591,2.4088095165522452,1.9156789444512504e-15,0,True
A_Task-1_trial-032,1,A_Task-1,development,SELECTED,1,63.79654231374591,2.4088095165522452,1.9156789444512504e-15,0,True
A_Task-1_trial-033,1,A_Task-1,development,P0,1,51.176539584789694,2.4476116976666522,1.0449157878825003e-15,0,True
A_Task-1_trial-033,1,A_Task-1,development,W0,1,51.176539584789694,2.4476116976666522,1.0449157878825003e-15,0,True
A_Task-1_trial-033,1,A_Task-1,development,SELECTED,1,51.176539584789694,2.4476116976666522,1.0449157878825003e-15,0,True
A_Task-1_trial-034,1,A_Task-1,development,P0,1,61.822081713369506,2.5304552037276302,1.3235599979845004e-15,0,True
A_Task-1_trial-034,1,A_Task-1,development,W0,1,61.822081713369506,2.5304552037276302,1.3235599979845004e-15,0,True
A_Task-1_trial-034,1,A_Task-1,development,SELECTED,1,61.822081713369506,2.5304552037276302,1.3235599979845004e-15,0,True
A_Task-1_trial-035,1,A_Task-1,development,P0,1,50.872109991719284,2.1850089852210681,3.6572052575887508e-16,0,True
A_Task-1_trial-035,1,A_Task-1,development,W0,1,50.872109991719284,2.1850089852210681,3.6572052575887508e-16,0,True
A_Task-1_trial-035,1,A_Task-1,development,SELECTED,1,50.872109991719284,2.1850089852210681,3.6572052575887508e-16,0,True
A_Task-1_trial-036,1,A_Task-1,development,P0,1,423.88882207987928,3.2096638637412305,4.4583073616320011e-15,0.6171875,True
A_Task-1_trial-036,1,A_Task-1,development,W0,0.01,423.88882207987928,3.2096638637412305,4.4583073616320011e-15,0.6171875,True
A_Task-1_trial-036,1,A_Task-1,development,SELECTED,1,423.88882207987928,3.2096638637412305,4.4583073616320011e-15,0.6171875,True
A_Task-1_trial-037,1,A_Task-1,development,P0,1,114.79780454848452,7.5072198471634568,8.3593263030600021e-16,0,True
A_Task-1_trial-037,1,A_Task-1,development,W0,0.022460904841706448,114.79780454848452,7.5072198471634568,8.3593263030600021e-16,0,True
A_Task-1_trial-037,1,A_Task-1,development,SELECTED,1,114.79780454848452,7.5072198471634568,8.3593263030600021e-16,0,True
A_Task-1_trial-038,1,A_Task-1,development,P0,1,53.645970385856181,2.087800405655428,5.5728842020400014e-16,0,True
A_Task-1_trial-038,1,A_Task-1,development,W0,1,53.645970385856181,2.087800405655428,5.5728842020400014e-16,0,True
A_Task-1_trial-038,1,A_Task-1,development,SELECTED,1,53.645970385856181,2.087800405655428,5.5728842020400014e-16,0,True
A_Task-1_trial-039,1,A_Task-1,development,P0,1,511.34233292941684,3.3481918802891935,1.8390517866732006e-14,0.64453125,True
A_Task-1_trial-039,1,A_Task-1,development,W0,0.01,511.34233292941684,3.3481918802891935,1.8390517866732006e-14,0.64453125,True
A_Task-1_trial-039,1,A_Task-1,development,SELECTED,1,511.34233292941684,3.3481918802891935,1.8390517866732006e-14,0.64453125,True
A_Task-1_trial-040,1,A_Task-1,development,P0,1,166.76985471230824,1.8907548010887583,3.9010189414280014e-15,0.76171875,True
A_Task-1_trial-040,1,A_Task-1,development,W0,0.01,166.76985471230824,1.8907548010887583,3.9010189414280014e-15,0.76171875,True
A_Task-1_trial-040,1,A_Task-1,development,SELECTED,1,166.76985471230824,1.8907548010887583,3.9010189414280014e-15,0.76171875,True
A_Task-1_trial-041,1,A_Task-1,development,P0,1,96.879986443821338,2.1028426690423148,5.9211894646675018e-15,0,True
A_Task-1_trial-041,1,A_Task-1,development,W0,1,96.879986443821338,2.1028426690423148,5.9211894646675018e-15,0,True
A_Task-1_trial-041,1,A_Task-1,development,SELECTED,1,92.129987671679643,1.0008589819629217,1.9156789444512504e-15,0,True
A_Task-1_trial-042,1,A_Task-1,development,P0,1,82.080715250899573,2.2622792542791483,3.6223747313260007e-15,0,True
A_Task-1_trial-042,1,A_Task-1,development,W0,1,82.080715250899573,2.2622792542791483,3.6223747313260007e-15,0,True
A_Task-1_trial-042,1,A_Task-1,development,SELECTED,1,74.93198831640089,1.166915185917679,6.0082657803243769e-16,0,True
A_Task-1_trial-043,1,A_Task-1,development,P0,1,150.67231882735788,2.5630440849195635,9.2300894596287531e-16,0,True
A_Task-1_trial-043,1,A_Task-1,development,W0,1,150.67231882735788,2.5630440849195635,9.2300894596287531e-16,0,True
A_Task-1_trial-043,1,A_Task-1,development,SELECTED,1,139.09289164082543,1.812297156852275,2.133369733593438e-15,0,True
A_Task-1_trial-044,1,A_Task-1,development,P0,1,126.50950616128999,2.6197753688654388,5.5728842020400014e-16,0,True
A_Task-1_trial-044,1,A_Task-1,development,W0,1,126.50950616128999,2.6197753688654388,5.5728842020400014e-16,0,True
A_Task-1_trial-044,1,A_Task-1,development,SELECTED,1,124.72646870097827,1.8786751502842376,4.7021210454712513e-16,0,True
A_Task-1_trial-045,1,A_Task-1,development,P0,1,52.924376235385921,1.7002532708680729,4.8762736767850017e-16,0,True
A_Task-1_trial-045,1,A_Task-1,development,W0,1,52.924376235385921,1.7002532708680729,4.8762736767850017e-16,0,True
A_Task-1_trial-045,1,A_Task-1,development,SELECTED,1,46.397377354581117,0.66607398701400078,6.269494727295002e-16,0,True
A_Task-1_trial-046,1,A_Task-1,development,P0,1,182.468400376175,1.6129094177331815,3.065086311122001e-15,0.98046875,True
A_Task-1_trial-046,1,A_Task-1,development,W0,0.01,182.468400376175,1.6129094177331815,3.065086311122001e-15,0.98046875,True
A_Task-1_trial-046,1,A_Task-1,development,SELECTED,0.01,183.44859907121108,0.98657563958376604,3.2740694686985007e-15,0.98046875,True
A_Task-1_trial-047,1,A_Task-1,development,P0,1,48.126221826325178,1.8893058988435973,9.0559368283150018e-16,0,True
A_Task-1_trial-047,1,A_Task-1,development,W0,1,48.126221826325178,1.8893058988435973,9.0559368283150018e-16,0,True
A_Task-1_trial-047,1,A_Task-1,development,SELECTED,1,40.946394840284029,0.9863339409324825,3.134747363647501e-16,0,True
A_Task-1_trial-048,1,A_Task-1,development,P0,1,129.21560085083161,2.9214384764335763,5.5728842020400014e-16,0,True
A_Task-1_trial-048,1,A_Task-1,development,W0,1,129.21560085083161,2.9214384764335763,5.5728842020400014e-16,0,True
A_Task-1_trial-048,1,A_Task-1,development,SELECTED,1,133.27430535400765,1.8620943821603808,2.7864421010200007e-16,0,True
A_Task-1_trial-049,1,A_Task-1,development,P0,1,39.671042472834962,1.9999070464011761,5.5728842020400014e-16,0,True
A_Task-1_trial-049,1,A_Task-1,development,W0,1,39.671042472834962,1.9999070464011761,5.5728842020400014e-16,0,True
A_Task-1_trial-049,1,A_Task-1,development,SELECTED,1,28.957752505970419,0.7661661521311639,2.7864421010200007e-16,0,True
A_Task-1_trial-050,1,A_Task-1,development,P0,1,65.781866359356044,2.4520471550312481,2.2291536808160006e-15,0,True
A_Task-1_trial-050,1,A_Task-1,development,W0,1,65.781866359356044,2.4520471550312481,2.2291536808160006e-15,0,True
A_Task-1_trial-050,1,A_Task-1,development,SELECTED,1,53.107071195691461,1.21636537965839,7.6627157778050024e-16,0,True
A_Task-1_trial-051,1,A_Task-1,development,P0,1,123.07693768070463,2.3673115449442252,4.4583073616320011e-15,0,True
A_Task-1_trial-051,1,A_Task-1,development,W0,1,123.07693768070463,2.3673115449442252,4.4583073616320011e-15,0,True
A_Task-1_trial-051,1,A_Task-1,development,SELECTED,1,111.49480234464285,1.2215561023304926,2.5774589434435006e-15,0,True
A_Task-1_trial-052,1,A_Task-1,development,P0,1,231.3232450715189,2.2815389329808498,1.6718652606120005e-14,0,True
A_Task-1_trial-052,1,A_Task-1,development,W0,1,231.3232450715189,2.2815389329808498,1.6718652606120005e-14,0,True
A_Task-1_trial-052,1,A_Task-1,development,SELECTED,1,223.68956939436455,1.5385528966080029,5.5728842020400014e-16,0,True
A_Task-1_trial-053,1,A_Task-1,development,P0,1,250.40217445177473,3.1567129502770781,2.2291536808160006e-14,0.0234375,True
A_Task-1_trial-053,1,A_Task-1,development,W0,0.765625,250.40217445177473,3.1567129502770781,2.2291536808160006e-14,0.0234375,True
A_Task-1_trial-053,1,A_Task-1,development,SELECTED,0.765625,253.07049054039911,2.1550765352734671,1.3235599979845004e-15,0.0234375,True
A_Task-1_trial-054,1,A_Task-1,development,P0,1,206.46177667222645,2.3549354776583749,3.9010189414280014e-15,0,True
A_Task-1_trial-054,1,A_Task-1,development,W0,1,206.46177667222645,2.3549354776583749,3.9010189414280014e-15,0,True
A_Task-1_trial-054,1,A_Task-1,development,SELECTED,1,199.49275245290141,1.1165117280427053,1.0588479983876003e-14,0,True
A_Task-1_trial-055,1,A_Task-1,development,P0,1,75.990323108865539,2.5345608990286022,2.0898315757650006e-15,0,True
A_Task-1_trial-055,1,A_Task-1,development,W0,1,75.990323108865539,2.5345608990286022,2.0898315757650006e-15,0,True
A_Task-1_trial-055,1,A_Task-1,development,SELECTED,1,63.545340370875415,1.1939691321753816,3.8313578889025008e-15,0,True
A_Task-1_trial-056,1,A_Task-1,development,P0,1,68.150093785576843,2.3008463115453095,1.9505094707140007e-15,0,True
A_Task-1_trial-056,1,A_Task-1,development,W0,1,68.150093785576843,2.3008463115453095,1.9505094707140007e-15,0,True
A_Task-1_trial-056,1,A_Task-1,development,SELECTED,1,61.394750036044897,1.2793798525942937,6.7919526212362513e-16,0,True
A_Task-1_trial-057,1,A_Task-1,development,P0,1,156.75488526581489,3.1413981470985375,2.2291536808160006e-15,0,True
A_Task-1_trial-057,1,A_Task-1,development,W0,1,156.75488526581489,3.1413981470985375,2.2291536808160006e-15,0,True
A_Task-1_trial-057,1,A_Task-1,development,SELECTED,1,141.24291708242507,2.1217106338264315,2.2639842070787504e-15,0,True
A_Task-1_trial-058,1,A_Task-1,development,P0,1,110.72585510371263,2.3456075343776477,8.3593263030600021e-16,0,True
A_Task-1_trial-058,1,A_Task-1,development,W0,1,110.72585510371263,2.3456075343776477,8.3593263030600021e-16,0,True
A_Task-1_trial-058,1,A_Task-1,development,SELECTED,1,98.860546373239217,1.5661139151313688,6.6177999899225019e-16,0,True
A_Task-1_trial-059,1,A_Task-1,development,P0,1,152.6576029347967,2.7482544279453616,1.0100852616197502e-15,0,True
A_Task-1_trial-059,1,A_Task-1,development,W0,1,152.6576029347967,2.7482544279453616,1.0100852616197502e-15,0,True
A_Task-1_trial-059,1,A_Task-1,development,SELECTED,1,144.42782447494426,1.9726832734363116,9.2953966963714092e-16,0,True
A_Task-1_trial-060,1,A_Task-1,development,P0,1,180.6163143284893,3.6482377993307953,2.0898315757650006e-15,0,True
A_Task-1_trial-060,1,A_Task-1,development,W0,1,180.6163143284893,3.6482377993307953,2.0898315757650006e-15,0,True
A_Task-1_trial-060,1,A_Task-1,development,SELECTED,1,165.08135493582174,2.7541832539949964,1.3583905242472503e-15,0,True
A_Task-1_trial-061,1,A_Task-1,development,P0,1,76.055719828067694,2.7874122026613626,5.9211894646675012e-16,0,True
A_Task-1_trial-061,1,A_Task-1,development,W0,1,76.055719828067694,2.7874122026613626,5.9211894646675012e-16,0,True
A_Task-1_trial-061,1,A_Task-1,development,SELECTED,1,66.15413853743695,1.4425574097651004,4.8762736767850017e-16,0,True
A_Task-1_trial-062,1,A_Task-1,development,P0,1,145.81021035485179,2.9538769676871279,7.6627157778050024e-16,0,True
A_Task-1_trial-062,1,A_Task-1,development,W0,1,145.81021035485179,2.9538769676871279,7.6627157778050024e-16,0,True
A_Task-1_trial-062,1,A_Task-1,development,SELECTED,1,138.48765025732334,1.9869610580598691,1.0797463141452502e-15,0,True
A_Task-1_trial-063,1,A_Task-1,development,P0,1,133.50171559985145,2.6687456313101792,6.9661052525500015e-15,0,True
A_Task-1_trial-063,1,A_Task-1,development,W0,1,133.50171559985145,2.6687456313101792,6.9661052525500015e-15,0,True
A_Task-1_trial-063,1,A_Task-1,development,SELECTED,1,123.89813297725036,1.7460612468436247,1.3235599979845004e-15,0,True
A_Task-1_trial-064,1,A_Task-1,development,P0,1,128.31232734136719,3.5910472128292925,6.269494727295002e-16,0,True
A_Task-1_trial-064,1,A_Task-1,development,W0,0.4749869334011021,128.31232734136719,3.5910472128292925,6.269494727295002e-16,0,True
A_Task-1_trial-064,1,A_Task-1,development,SELECTED,0.4749869334011021,111.4916518604059,1.9156560612138693,9.0559368283150018e-16,0,True
A_Task-1_trial-065,1,A_Task-1,development,P0,1,40.387374337957027,2.2880907779398378,1.9505094707140007e-15,0,True
A_Task-1_trial-065,1,A_Task-1,development,W0,1,40.387374337957027,2.2880907779398378,1.9505094707140007e-15,0,True
A_Task-1_trial-065,1,A_Task-1,development,SELECTED,1,32.527036295630218,0.74138471115271976,4.0925868358731258e-16,0,True
A_Task-1_trial-066,1,A_Task-1,development,P0,1,109.43558494049537,2.8245067091330585,1.1842378929335002e-15,0,True
A_Task-1_trial-066,1,A_Task-1,development,W0,1,109.43558494049537,2.8245067091330585,1.1842378929335002e-15,0,True
A_Task-1_trial-066,1,A_Task-1,development,SELECTED,1,108.17769980089304,1.9593587242580406,5.2245789394125015e-16,0,True
A_Task-1_trial-067,1,A_Task-1,development,P0,1,43.337823719858392,2.0769305091395021,1.7415263131375004e-15,0,True
A_Task-1_trial-067,1,A_Task-1,development,W0,1,43.337823719858392,2.0769305091395021,1.7415263131375004e-15,0,True
A_Task-1_trial-067,1,A_Task-1,development,SELECTED,1,33.327031644428104,0.85561684129150828,5.398731570726251e-16,0,True
A_Task-1_trial-068,1,A_Task-1,development,P0,1,138.82368540488116,3.2090926545081429,1.0100852616197502e-15,0,True
A_Task-1_trial-068,1,A_Task-1,development,W0,1,138.82368540488116,3.2090926545081429,1.0100852616197502e-15,0,True
A_Task-1_trial-068,1,A_Task-1,development,SELECTED,1,128.12366017688282,2.3417952588372555,5.8123440700964078e-16,0,True
A_Task-1_trial-069,1,A_Task-1,development,P0,1,125.83148395725868,2.6865404829584505,8.1851736717462517e-16,0,True
A_Task-1_trial-069,1,A_Task-1,development,W0,0.99998525559967888,125.83148395725868,2.6865404829584505,8.1851736717462517e-16,0,True
A_Task-1_trial-069,1,A_Task-1,development,SELECTED,0.99998525559967888,108.67253821400048,1.6806535515125776,1.3583905242472503e-15,0,True
A_Task-1_trial-070,1,A_Task-1,development,P0,1,42.345796383734964,2.3399278223858659,1.2538989454590004e-15,0,True
A_Task-1_trial-070,1,A_Task-1,development,W0,1,42.345796383734964,2.3399278223858659,1.2538989454590004e-15,0,True
A_Task-1_trial-070,1,A_Task-1,development,SELECTED,1,35.824241566390462,0.95692597980048166,5.0504263080987511e-16,0,True
A_Task-1_trial-071,1,A_Task-1,development,P0,1,143.16697297848498,3.1340092558702008,1.4977126292982504e-15,0,True
A_Task-1_trial-071,1,A_Task-1,development,W0,0.55821923874881152,143.16697297848498,3.1340092558702008,1.4977126292982504e-15,0,True
A_Task-1_trial-071,1,A_Task-1,development,SELECTED,0.55821923874881152,126.58741652834328,1.9773599452156851,1.4802973661668755e-15,0,True
A_Task-1_trial-072,1,A_Task-1,development,P0,1,74.250153337683628,2.6614113962799881,5.9211894646675012e-16,0,True
A_Task-1_trial-072,1,A_Task-1,development,W0,1,74.250153337683628,2.6614113962799881,5.9211894646675012e-16,0,True
A_Task-1_trial-072,1,A_Task-1,development,SELECTED,1,69.93196742261874,1.1332026533032455,7.3144105151775016e-16,0,True
A_Task-1_trial-073,1,A_Task-1,development,P0,1,62.401966551480129,2.0743632729059831,1.9853399969767506e-15,0,True
A_Task-1_trial-073,1,A_Task-1,development,W0,1,62.401966551480129,2.0743632729059831,1.9853399969767506e-15,0,True
A_Task-1_trial-073,1,A_Task-1,development,SELECTED,1,55.561887441977753,0.96576387845805201,3.4482221000122509e-15,0,True
A_Task-1_trial-074,1,A_Task-1,development,P0,1,108.14506451372536,2.2299262051375179,1.3932210505100003e-15,0,True
A_Task-1_trial-074,1,A_Task-1,development,W0,1,108.14506451372536,2.2299262051375179,1.3932210505100003e-15,0,True
A_Task-1_trial-074,1,A_Task-1,development,SELECTED,1,102.74410111832513,1.0496599180960087,1.2016531560648754e-15,0,True
A_Task-1_trial-075,1,A_Task-1,development,P0,1,84.299861733798338,2.1609801715348937,2.2291536808160006e-15,0,True
A_Task-1_trial-075,1,A_Task-1,development,W0,1,84.299861733798338,2.1609801715348937,2.2291536808160006e-15,0,True
A_Task-1_trial-075,1,A_Task-1,development,SELECTED,1,81.478042454514934,1.1443380010584512,1.0100852616197502e-15,0,True
A_Task-1_trial-076,1,A_Task-1,development,P0,1,45.961587144176534,2.185944868481295,6.0953420959812516e-16,0,True
A_Task-1_trial-076,1,A_Task-1,development,W0,1,45.961587144176534,2.185944868481295,6.0953420959812516e-16,0,True
A_Task-1_trial-076,1,A_Task-1,development,SELECTED,1,38.352688526842421,1.0471881811932511,3.4830526262750009e-16,0,True
A_Task-1_trial-077,1,A_Task-1,development,P0,1,245.43381413950735,2.5095100910092274,3.3437305212240008e-15,0.7734375,True
A_Task-1_trial-077,1,A_Task-1,development,W0,0.01,245.43381413950735,2.5095100910092274,3.3437305212240008e-15,0.7734375,True
A_Task-1_trial-077,1,A_Task-1,development,SELECTED,0.01,239.10872299322187,1.6769941032670503,1.0971615772766253e-15,0.7734375,True
A_Task-1_trial-078,1,A_Task-1,development,P0,1,191.89127857737054,2.3921587885356894,6.0605115697185014e-15,0,True
A_Task-1_trial-078,1,A_Task-1,development,W0,1,191.89127857737054,2.3921587885356894,6.0605115697185014e-15,0,True
A_Task-1_trial-078,1,A_Task-1,development,SELECTED,1,187.91993199506075,1.2249761458657178,1.3235599979845004e-15,0,True
A_Task-1_trial-079,1,A_Task-1,development,P0,1,38.801646622522817,2.0631036725449658,2.6122894697062508e-16,0,True
A_Task-1_trial-079,1,A_Task-1,development,W0,1,38.801646622522817,2.0631036725449658,2.6122894697062508e-16,0,True
A_Task-1_trial-079,1,A_Task-1,development,SELECTED,1,30.961133028445659,0.92990981730836875,5.5728842020400014e-16,0,True
A_Task-1_trial-080,1,A_Task-1,development,P0,1,76.456976376031136,2.7407908480664611,4.179663151530001e-16,0,True
A_Task-1_trial-080,1,A_Task-1,development,W0,1,76.456976376031136,2.7407908480664611,4.179663151530001e-16,0,True
A_Task-1_trial-080,1,A_Task-1,development,SELECTED,1,68.074692965190195,1.3690000768248523,6.7919526212362513e-16,0,True
A_Task-1_trial-081,1,A_Task-1,test,P0,1,143.38919048986395,3.0406212504198447,2.5077978909180008e-15,0,True
A_Task-1_trial-081,1,A_Task-1,test,W0,1,143.38919048986395,3.0406212504198447,2.5077978909180008e-15,0,True
A_Task-1_trial-081,1,A_Task-1,test,SELECTED,1,131.68803355666506,1.9614090263765296,6.269494727295002e-16,0,True
A_Task-1_trial-082,1,A_Task-1,test,P0,1,81.244553111280709,2.5332059918461773,3.9706799939535011e-15,0,True
A_Task-1_trial-082,1,A_Task-1,test,W0,1,81.244553111280709,2.5332059918461773,3.9706799939535011e-15,0,True
A_Task-1_trial-082,1,A_Task-1,test,SELECTED,1,77.989882117095974,1.3340265248170275,1.6718652606120004e-15,0,True
A_Task-1_trial-083,1,A_Task-1,test,P0,1,152.53287230594592,2.8991751860366839,1.3583905242472503e-15,0,True
A_Task-1_trial-083,1,A_Task-1,test,W0,1,152.53287230594592,2.8991751860366839,1.3583905242472503e-15,0,True
A_Task-1_trial-083,1,A_Task-1,test,SELECTED,1,145.69314711982923,2.2491951940440149,6.269494727295002e-16,0,True
A_Task-1_trial-084,1,A_Task-1,test,P0,1,137.9725368593032,3.3501516241943707,4.8066126242595015e-15,0,True
A_Task-1_trial-084,1,A_Task-1,test,W0,1,137.9725368593032,3.3501516241943707,4.8066126242595015e-15,0,True
A_Task-1_trial-084,1,A_Task-1,test,SELECTED,1,119.72552754495149,1.9721452170296792,1.6022042080865004e-15,0,True
A_Task-1_trial-085,1,A_Task-1,test,P0,1,52.071205186892293,2.1290698194674564,3.065086311122001e-15,0,True
A_Task-1_trial-085,1,A_Task-1,test,W0,1,52.071205186892293,2.1290698194674564,3.065086311122001e-15,0,True
A_Task-1_trial-085,1,A_Task-1,test,SELECTED,1,47.839902985163576,0.96057913381967808,2.8212726272827506e-15,0,True
A_Task-1_trial-086,1,A_Task-1,test,P0,1,120.46154129167638,3.0032739061322999,2.0201705232395005e-15,0,True
A_Task-1_trial-086,1,A_Task-1,test,W0,1,120.46154129167638,3.0032739061322999,2.0201705232395005e-15,0,True
A_Task-1_trial-086,1,A_Task-1,test,SELECTED,1,112.61441887764758,2.0260796763976572,1.1145768404080003e-15,0,True
A_Task-1_trial-087,1,A_Task-1,test,P0,1,81.018614487419256,2.3551409614209917,6.6177999899225019e-16,0,True
A_Task-1_trial-087,1,A_Task-1,test,W0,1,81.018614487419256,2.3551409614209917,6.6177999899225019e-16,0,True
A_Task-1_trial-087,1,A_Task-1,test,SELECTED,1,68.490716563794919,1.223848537784717,1.0100852616197502e-15,0,True
A_Task-1_trial-088,1,A_Task-1,test,P0,1,244.89807717748971,2.6011511052699565,1.0309835773774002e-14,0.3359375,True
A_Task-1_trial-088,1,A_Task-1,test,W0,0.01,244.89807717748971,2.6011511052699565,1.0309835773774002e-14,0.3359375,True
A_Task-1_trial-088,1,A_Task-1,test,SELECTED,0.01,238.54291279864049,1.7196280298804996,4.0403410464790009e-15,0.3359375,True
A_Task-1_trial-089,1,A_Task-1,test,P0,1,119.86854842123731,3.3572555527098289,8.3593263030600021e-16,0,True
A_Task-1_trial-089,1,A_Task-1,test,W0,1,119.86854842123731,3.3572555527098289,8.3593263030600021e-16,0,True
A_Task-1_trial-089,1,A_Task-1,test,SELECTED,1,102.9108249932498,1.7399923639777732,5.9211894646675012e-16,0,True
A_Task-1_trial-090,1,A_Task-1,test,P0,1,130.81572085283909,2.9627534371107109,1.2887294717217503e-15,0,True
A_Task-1_trial-090,1,A_Task-1,test,W0,1,130.81572085283909,2.9627534371107109,1.2887294717217503e-15,0,True
A_Task-1_trial-090,1,A_Task-1,test,SELECTED,1,129.65430099201006,1.831647196738605,7.4450249886628146e-16,0,True
A_Task-1_trial-091,1,A_Task-1,test,P0,1,63.899123576054784,2.2514396999741515,6.6177999899225019e-16,0,True
A_Task-1_trial-091,1,A_Task-1,test,W0,1,63.899123576054784,2.2514396999741515,6.6177999899225019e-16,0,True
A_Task-1_trial-091,1,A_Task-1,test,SELECTED,1,50.417496243876286,0.93739791740084411,3.4830526262750009e-16,0,True
A_Task-1_trial-092,1,A_Task-1,test,P0,1,56.118018103888815,2.173029432609809,8.3593263030600021e-16,0,True
A_Task-1_trial-092,1,A_Task-1,test,W0,1,56.118018103888815,2.173029432609809,8.3593263030600021e-16,0,True
A_Task-1_trial-092,1,A_Task-1,test,SELECTED,1,48.272584501754807,1.0280369173503876,1.9505094707140007e-15,0,True
A_Task-1_trial-093,1,A_Task-1,test,P0,1,151.40789477824796,3.1414451834172428,1.7066957868747505e-15,0,True
A_Task-1_trial-093,1,A_Task-1,test,W0,1,151.40789477824796,3.1414451834172428,1.7066957868747505e-15,0,True
A_Task-1_trial-093,1,A_Task-1,test,SELECTED,1,146.5857322506684,1.9770680906284002,4.5279684141575009e-16,0,True
A_Task-1_trial-094,1,A_Task-1,test,P0,1,98.344225567678151,2.1459711436728859,1.4977126292982504e-15,0,True
A_Task-1_trial-094,1,A_Task-1,test,W0,1,98.344225567678151,2.1459711436728859,1.4977126292982504e-15,0,True
A_Task-1_trial-094,1,A_Task-1,test,SELECTED,1,88.063927833407874,1.3338141613574845,4.8762736767850017e-16,0,True
A_Task-1_trial-095,1,A_Task-1,test,P0,1,105.59994090787083,2.8409521803916116,1.6718652606120004e-15,0,True
A_Task-1_trial-095,1,A_Task-1,test,W0,1,105.59994090787083,2.8409521803916116,1.6718652606120004e-15,0,True
A_Task-1_trial-095,1,A_Task-1,test,SELECTED,1,94.826508969495563,1.7571869235109594,2.2639842070787504e-16,0,True
A_Task-1_trial-096,1,A_Task-1,test,P0,1,121.5915076291126,2.9174882538207885,1.1842378929335002e-15,0,True
A_Task-1_trial-096,1,A_Task-1,test,W0,1,121.5915076291126,2.9174882538207885,1.1842378929335002e-15,0,True
A_Task-1_trial-096,1,A_Task-1,test,SELECTED,1,119.66368394422017,1.7648474863622108,3.3959763106181257e-16,0,True
A_Task-1_trial-097,1,A_Task-1,test,P0,1,108.92185864607748,1.9667861478919244,1.6718652606120004e-15,0,True
A_Task-1_trial-097,1,A_Task-1,test,W0,1,108.92185864607748,1.9667861478919244,1.6718652606120004e-15,0,True
A_Task-1_trial-097,1,A_Task-1,test,SELECTED,1,103.79643355947765,0.85643347844383533,3.0912092058190632e-16,0,True
A_Task-1_trial-098,1,A_Task-1,test,P0,1,76.050009027293129,2.2811120010954986,2.9257642060710006e-15,0,True
A_Task-1_trial-098,1,A_Task-1,test,W0,1,76.050009027293129,2.2811120010954986,2.9257642060710006e-15,0,True
A_Task-1_trial-098,1,A_Task-1,test,SELECTED,1,70.954603305738445,1.0558760392099504,1.1145768404080003e-15,0,True
A_Task-1_trial-099,1,A_Task-1,test,P0,1,83.850624821400132,2.2098579951519293,1.5325431555610005e-15,0,True
A_Task-1_trial-099,1,A_Task-1,test,W0,1,83.850624821400132,2.2098579951519293,1.5325431555610005e-15,0,True
A_Task-1_trial-099,1,A_Task-1,test,SELECTED,1,82.396226471501393,1.3877711893667446,7.2273341995206269e-16,0,True
A_Task-1_trial-100,1,A_Task-1,test,P0,1,50.577237904499555,2.1327501296822913,1.6022042080865004e-15,0,True
A_Task-1_trial-100,1,A_Task-1,test,W0,1,50.577237904499555,2.1327501296822913,1.6022042080865004e-15,0,True
A_Task-1_trial-100,1,A_Task-1,test,SELECTED,1,42.811476824580964,1.0047447107447554,1.3583905242472503e-15,0,True
A_Task-2_trial-001,2,A_Task-2,development,P0,1,97.276706973287261,2.5307150482851841,1.4280515767727504e-15,0,True
A_Task-2_trial-001,2,A_Task-2,development,W0,1,97.276706973287261,2.5307150482851841,1.4280515767727504e-15,0,True
A_Task-2_trial-001,2,A_Task-2,development,SELECTED,1,97.276706973287261,2.5307150482851841,1.4280515767727504e-15,0,True
A_Task-2_trial-002,2,A_Task-2,development,P0,1,162.38014472684708,2.5084128139163675,3.065086311122001e-15,0,True
A_Task-2_trial-002,2,A_Task-2,development,W0,1,162.38014472684708,2.5084128139163675,3.065086311122001e-15,0,True
A_Task-2_trial-002,2,A_Task-2,development,SELECTED,1,162.38014472684708,2.5084128139163675,3.065086311122001e-15,0,True
A_Task-2_trial-003,2,A_Task-2,development,P0,1,121.84005364369246,2.6022996559186322,2.1246621020277505e-15,0,True
A_Task-2_trial-003,2,A_Task-2,development,W0,1,121.84005364369246,2.6022996559186322,2.1246621020277505e-15,0,True
A_Task-2_trial-003,2,A_Task-2,development,SELECTED,1,121.84005364369246,2.6022996559186322,2.1246621020277505e-15,0,True
A_Task-2_trial-004,2,A_Task-2,development,P0,1,97.943944790202465,2.4692495283138247,2.0201705232395005e-15,0,True
A_Task-2_trial-004,2,A_Task-2,development,W0,1,97.943944790202465,2.4692495283138247,2.0201705232395005e-15,0,True
A_Task-2_trial-004,2,A_Task-2,development,SELECTED,1,97.943944790202465,2.4692495283138247,2.0201705232395005e-15,0,True
A_Task-2_trial-005,2,A_Task-2,development,P0,1,89.067311366219172,2.1543384812844395,4.4583073616320011e-15,0,True
A_Task-2_trial-005,2,A_Task-2,development,W0,1,89.067311366219172,2.1543384812844395,4.4583073616320011e-15,0,True
A_Task-2_trial-005,2,A_Task-2,development,SELECTED,1,89.067311366219172,2.1543384812844395,4.4583073616320011e-15,0,True
A_Task-2_trial-006,2,A_Task-2,development,P0,1,260.57243862144287,3.0929178737717007,6.9661052525500015e-15,0,True
A_Task-2_trial-006,2,A_Task-2,development,W0,1,260.57243862144287,3.0929178737717007,6.9661052525500015e-15,0,True
A_Task-2_trial-006,2,A_Task-2,development,SELECTED,1,260.57243862144287,3.0929178737717007,6.9661052525500015e-15,0,True
A_Task-2_trial-007,2,A_Task-2,development,P0,1,132.51958854308992,2.5031028128028834,1.7763568394002505e-15,0,True
A_Task-2_trial-007,2,A_Task-2,development,W0,1,132.51958854308992,2.5031028128028834,1.7763568394002505e-15,0,True
A_Task-2_trial-007,2,A_Task-2,development,SELECTED,1,132.51958854308992,2.5031028128028834,1.7763568394002505e-15,0,True
A_Task-2_trial-008,2,A_Task-2,development,P0,1,174.87533049164131,2.899442883202163,6.6177999899225019e-16,0,True
A_Task-2_trial-008,2,A_Task-2,development,W0,0.90878645557160953,174.87533049164131,2.899442883202163,6.6177999899225019e-16,0,True
A_Task-2_trial-008,2,A_Task-2,development,SELECTED,1,174.87533049164131,2.899442883202163,6.6177999899225019e-16,0,True
A_Task-2_trial-009,2,A_Task-2,development,P0,1,152.41840729859081,2.6069920754051439,2.2291536808160006e-15,0,True
A_Task-2_trial-009,2,A_Task-2,development,W0,1,152.41840729859081,2.6069920754051439,2.2291536808160006e-15,0,True
A_Task-2_trial-009,2,A_Task-2,development,SELECTED,1,152.41840729859081,2.6069920754051439,2.2291536808160006e-15,0,True
A_Task-2_trial-010,2,A_Task-2,development,P0,1,167.62833745879487,2.5039763426541244,2.5077978909180008e-15,0,True
A_Task-2_trial-010,2,A_Task-2,development,W0,1,167.62833745879487,2.5039763426541244,2.5077978909180008e-15,0,True
A_Task-2_trial-010,2,A_Task-2,development,SELECTED,1,167.62833745879487,2.5039763426541244,2.5077978909180008e-15,0,True
A_Task-2_trial-011,2,A_Task-2,development,P0,1,224.47852357735002,3.2627040451288671,3.413391573749501e-15,0,True
A_Task-2_trial-011,2,A_Task-2,development,W0,1,224.47852357735002,3.2627040451288671,3.413391573749501e-15,0,True
A_Task-2_trial-011,2,A_Task-2,development,SELECTED,1,224.47852357735002,3.2627040451288671,3.413391573749501e-15,0,True
A_Task-2_trial-012,2,A_Task-2,development,P0,1,245.34999875910904,2.8046275123690019,8.3593263030600025e-15,0,True
A_Task-2_trial-012,2,A_Task-2,development,W0,1,245.34999875910904,2.8046275123690019,8.3593263030600025e-15,0,True
A_Task-2_trial-012,2,A_Task-2,development,SELECTED,1,245.34999875910904,2.8046275123690019,8.3593263030600025e-15,0,True
A_Task-2_trial-013,2,A_Task-2,development,P0,1,161.51645325430587,2.7462959335933905,2.7864421010200007e-15,0,True
A_Task-2_trial-013,2,A_Task-2,development,W0,1,161.51645325430587,2.7462959335933905,2.7864421010200007e-15,0,True
A_Task-2_trial-013,2,A_Task-2,development,SELECTED,1,161.51645325430587,2.7462959335933905,2.7864421010200007e-15,0,True
A_Task-2_trial-014,2,A_Task-2,development,P0,1,204.83489756158474,2.6886011770387799,6.9661052525500017e-16,0,True
A_Task-2_trial-014,2,A_Task-2,development,W0,0.90878645557160953,204.83489756158474,2.6886011770387799,6.9661052525500017e-16,0,True
A_Task-2_trial-014,2,A_Task-2,development,SELECTED,1,204.83489756158474,2.6886011770387799,6.9661052525500017e-16,0,True
A_Task-2_trial-015,2,A_Task-2,development,P0,1,224.8801349576631,2.8629158227211593,9.7525473535700034e-16,0,True
A_Task-2_trial-015,2,A_Task-2,development,W0,1,224.8801349576631,2.8629158227211593,9.7525473535700034e-16,0,True
A_Task-2_trial-015,2,A_Task-2,development,SELECTED,1,224.8801349576631,2.8629158227211593,9.7525473535700034e-16,0,True
A_Task-2_trial-016,2,A_Task-2,development,P0,1,141.11546899155752,2.6487997624531152,1.5325431555610005e-15,0,True
A_Task-2_trial-016,2,A_Task-2,development,W0,1,141.11546899155752,2.6487997624531152,1.5325431555610005e-15,0,True
A_Task-2_trial-016,2,A_Task-2,development,SELECTED,1,141.11546899155752,2.6487997624531152,1.5325431555610005e-15,0,True
A_Task-2_trial-017,2,A_Task-2,development,P0,1,124.36217270079143,2.6183809819345853,1.7415263131375004e-15,0,True
A_Task-2_trial-017,2,A_Task-2,development,W0,1,124.36217270079143,2.6183809819345853,1.7415263131375004e-15,0,True
A_Task-2_trial-017,2,A_Task-2,development,SELECTED,1,124.36217270079143,2.6183809819345853,1.7415263131375004e-15,0,True
A_Task-2_trial-018,2,A_Task-2,development,P0,1,73.713945776821987,2.0480566682960197,1.6370347343492503e-15,0,True
A_Task-2_trial-018,2,A_Task-2,development,W0,1,73.713945776821987,2.0480566682960197,1.6370347343492503e-15,0,True
A_Task-2_trial-018,2,A_Task-2,development,SELECTED,1,73.713945776821987,2.0480566682960197,1.6370347343492503e-15,0,True
A_Task-2_trial-019,2,A_Task-2,development,P0,1,128.51905887683424,2.7216803490082224,4.5279684141575009e-16,0,True
A_Task-2_trial-019,2,A_Task-2,development,W0,1,128.51905887683424,2.7216803490082224,4.5279684141575009e-16,0,True
A_Task-2_trial-019,2,A_Task-2,development,SELECTED,1,128.51905887683424,2.7216803490082224,4.5279684141575009e-16,0,True
A_Task-2_trial-020,2,A_Task-2,development,P0,1,195.48698696966764,2.5696399039322912,1.5325431555610005e-15,0,True
A_Task-2_trial-020,2,A_Task-2,development,W0,1,195.48698696966764,2.5696399039322912,1.5325431555610005e-15,0,True
A_Task-2_trial-020,2,A_Task-2,development,SELECTED,1,195.48698696966764,2.5696399039322912,1.5325431555610005e-15,0,True
A_Task-2_trial-021,2,A_Task-2,development,P0,1,194.2708961068254,2.2559141383743384,4.8762736767850013e-15,0,True
A_Task-2_trial-021,2,A_Task-2,development,W0,1,194.2708961068254,2.2559141383743384,4.8762736767850013e-15,0,True
A_Task-2_trial-021,2,A_Task-2,development,SELECTED,1,195.96934565382486,1.7954534552125316,7.6627157778050024e-16,0,True
A_Task-2_trial-022,2,A_Task-2,development,P0,1,201.87010832217936,2.227454572496268,1.1842378929335002e-15,0,True
A_Task-2_trial-022,2,A_Task-2,development,W0,1,201.87010832217936,2.227454572496268,1.1842378929335002e-15,0,True
A_Task-2_trial-022,2,A_Task-2,development,SELECTED,1,190.89567355857832,1.6689502958078497,1.2364836823276253e-15,0,True
A_Task-2_trial-023,2,A_Task-2,development,P0,1,209.7665635370164,2.4904226641541705,5.8515284121420013e-15,0,True
A_Task-2_trial-023,2,A_Task-2,development,W0,1,209.7665635370164,2.4904226641541705,5.8515284121420013e-15,0,True
A_Task-2_trial-023,2,A_Task-2,development,SELECTED,1,202.93721285532217,1.9774906404663402,3.1208151531424011e-14,0,True
A_Task-2_trial-024,2,A_Task-2,development,P0,1,56.686449892953256,1.7452792575741853,1.0797463141452502e-15,0,True
A_Task-2_trial-024,2,A_Task-2,development,W0,1,56.686449892953256,1.7452792575741853,1.0797463141452502e-15,0,True
A_Task-2_trial-024,2,A_Task-2,development,SELECTED,1,44.290634435300404,0.91250947804005766,2.5687513118778134e-16,0,True
A_Task-2_trial-025,2,A_Task-2,development,P0,1,197.92764374805625,2.2398480678401902,2.7864421010200007e-16,0,True
A_Task-2_trial-025,2,A_Task-2,development,W0,1,197.92764374805625,2.2398480678401902,2.7864421010200007e-16,0,True
A_Task-2_trial-025,2,A_Task-2,development,SELECTED,1,195.93431195506753,1.7899181075417374,6.6177999899225019e-16,0,True
A_Task-2_trial-026,2,A_Task-2,development,P0,1,197.3182277834083,3.1446968239191215,3.6920357838515013e-15,0,True
A_Task-2_trial-026,2,A_Task-2,development,W0,1,197.3182277834083,3.1446968239191215,3.6920357838515013e-15,0,True
A_Task-2_trial-026,2,A_Task-2,development,SELECTED,1,191.93122479627914,2.4888975463421121,1.9505094707140007e-15,0,True
A_Task-2_trial-027,2,A_Task-2,development,P0,1,196.08922476842105,2.2161583010123924,8.3593263030600021e-16,0,True
A_Task-2_trial-027,2,A_Task-2,development,W0,1,196.08922476842105,2.2161583010123924,8.3593263030600021e-16,0,True
A_Task-2_trial-027,2,A_Task-2,development,SELECTED,1,188.32124855509394,1.6927425878726325,7.6627157778050024e-16,0,True
A_Task-2_trial-028,2,A_Task-2,development,P0,1,210.13814077369273,2.2189419607651444,5.0852568343615014e-15,0,True
A_Task-2_trial-028,2,A_Task-2,development,W0,1,210.13814077369273,2.2189419607651444,5.0852568343615014e-15,0,True
A_Task-2_trial-028,2,A_Task-2,development,SELECTED,1,209.04696075313493,1.7332513654598924,1.8111873656630004e-15,0,True
A_Task-2_trial-029,2,A_Task-2,development,P0,1,200.01144295351097,2.5647149129098845,1.8808484181885005e-15,0,True
A_Task-2_trial-029,2,A_Task-2,development,W0,1,200.01144295351097,2.5647149129098845,1.8808484181885005e-15,0,True
A_Task-2_trial-029,2,A_Task-2,development,SELECTED,1,195.49795684102287,1.7900517599106929,1.7066957868747505e-15,0,True
A_Task-2_trial-030,2,A_Task-2,development,P0,1,2293.5669422968463,40.300081580206751,1.8947806286936004e-14,0.40234375,True
A_Task-2_trial-030,2,A_Task-2,development,W0,0.01,2293.5669422968463,40.300081580206751,1.8947806286936004e-14,0.40234375,True
A_Task-2_trial-030,2,A_Task-2,development,SELECTED,0.01,2211.787152145253,25.700723132369657,7.2447494626520014e-15,0.40234375,True
A_Task-2_trial-031,2,A_Task-2,development,P0,1,184.98953249772259,3.9211194554175957,6.5481389373970013e-15,0,True
A_Task-2_trial-031,2,A_Task-2,development,W0,0.80141514798780611,184.98953249772259,3.9211194554175957,6.5481389373970013e-15,0,True
A_Task-2_trial-031,2,A_Task-2,development,SELECTED,0.80141514798780611,169.90679956661603,2.8265084249299961,4.1448326252672513e-15,0,True
A_Task-2_trial-032,2,A_Task-2,development,P0,1,110.72310758080087,2.9393326230972994,2.4207215752611257e-15,0,True
A_Task-2_trial-032,2,A_Task-2,development,W0,1,110.72310758080087,2.9393326230972994,2.4207215752611257e-15,0,True
A_Task-2_trial-032,2,A_Task-2,development,SELECTED,1,105.41376849768065,2.0860405297702669,1.0797463141452502e-15,0,True
A_Task-2_trial-033,2,A_Task-2,development,P0,1,2234.9348203913205,33.470638916910701,7.8020378828560027e-15,0.48828125,True
A_Task-2_trial-033,2,A_Task-2,development,W0,0.01,2234.9348203913205,33.470638916910701,7.8020378828560027e-15,0.48828125,True
A_Task-2_trial-033,2,A_Task-2,development,SELECTED,0.01,1974.0070844505417,20.736699250655839,4.4583073616320011e-15,0.48828125,True
A_Task-2_trial-034,2,A_Task-2,development,P0,1,429.07350628194808,2.9792681984770604,1.3096277874794003e-14,0,True
A_Task-2_trial-034,2,A_Task-2,development,W0,1,429.07350628194808,2.9792681984770604,1.3096277874794003e-14,0,True
A_Task-2_trial-034,2,A_Task-2,development,SELECTED,1,413.73965615162359,2.410771631773251,3.4830526262750008e-15,0,True
A_Task-2_trial-035,2,A_Task-2,development,P0,1,127.4596493496618,2.8678938532842007,4.5279684141575009e-16,0,True
A_Task-2_trial-035,2,A_Task-2,development,W0,1,127.4596493496618,2.8678938532842007,4.5279684141575009e-16,0,True
A_Task-2_trial-035,2,A_Task-2,development,SELECTED,1,117.94899630816425,2.0237724604871361,3.5918980208460947e-16,0,True
A_Task-2_trial-036,2,A_Task-2,development,P0,1,103.98721984318044,2.5683366181258935,8.1851736717462517e-16,0,True
A_Task-2_trial-036,2,A_Task-2,development,W0,1,103.98721984318044,2.5683366181258935,8.1851736717462517e-16,0,True
A_Task-2_trial-036,2,A_Task-2,development,SELECTED,1,98.067962637122449,1.7185999994542673,9.0668213677721111e-16,0,True
A_Task-2_trial-037,2,A_Task-2,development,P0,1,318.43256821587016,3.4351754432824451,1.1145768404080003e-14,0,True
A_Task-2_trial-037,2,A_Task-2,development,W0,1,318.43256821587016,3.4351754432824451,1.1145768404080003e-14,0,True
A_Task-2_trial-037,2,A_Task-2,development,SELECTED,1,306.3724392461516,2.6817949918953565,6.1933029510952357e-16,0,True
A_Task-2_trial-038,2,A_Task-2,development,P0,1,151.83718678553549,3.0015444864270502,2.0724163126336257e-15,0,True
A_Task-2_trial-038,2,A_Task-2,development,W0,1,151.83718678553549,3.0015444864270502,2.0724163126336257e-15,0,True
A_Task-2_trial-038,2,A_Task-2,development,SELECTED,1,149.37682463496111,2.3404829506776723,1.0797463141452502e-15,0,True
A_Task-2_trial-039,2,A_Task-2,development,P0,1,530.60088713480491,3.1176844624616553,2.7864421010200006e-14,0,True
A_Task-2_trial-039,2,A_Task-2,development,W0,1,530.60088713480491,3.1176844624616553,2.7864421010200006e-14,0,True
A_Task-2_trial-039,2,A_Task-2,development,SELECTED,1,528.20519599643455,2.5368107388455341,1.6161364185916004e-14,0,True
A_Task-2_trial-040,2,A_Task-2,development,P0,1,149.88838790172733,2.3507427617395833,1.6022042080865004e-15,0,True
A_Task-2_trial-040,2,A_Task-2,development,W0,1,149.88838790172733,2.3507427617395833,1.6022042080865004e-15,0,True
A_Task-2_trial-040,2,A_Task-2,development,SELECTED,1,147.44931563365034,1.7170844602304767,1.5325431555610005e-15,0,True
A_Task-2_trial-041,2,A_Task-2,development,P0,1,895.92124816127148,3.6379428558169664,2.2291536808160006e-15,0,True
A_Task-2_trial-041,2,A_Task-2,development,W0,1,895.92124816127148,3.6379428558169664,2.2291536808160006e-15,0,True
A_Task-2_trial-041,2,A_Task-2,development,SELECTED,1,886.11961157717474,3.2349911162353489,1.6022042080865004e-15,0,True
A_Task-2_trial-042,2,A_Task-2,development,P0,1,131.09265689824161,3.1296962534341035,4.2667394671868762e-16,0,True
A_Task-2_trial-042,2,A_Task-2,development,W0,1,131.09265689824161,3.1296962534341035,4.2667394671868762e-16,0,True
A_Task-2_trial-042,2,A_Task-2,development,SELECTED,1,124.94357254573653,2.0671821723667256,8.0545591982609396e-16,0,True
A_Task-2_trial-043,2,A_Task-2,development,P0,1,502.81482096569653,2.7488201755475319,4.4025785196116013e-14,0,True
A_Task-2_trial-043,2,A_Task-2,development,W0,1,502.81482096569653,2.7488201755475319,4.4025785196116013e-14,0,True
A_Task-2_trial-043,2,A_Task-2,development,SELECTED,1,497.73152458053391,2.2315730517237182,5.5728842020400014e-16,0,True
A_Task-2_trial-044,2,A_Task-2,development,P0,1,183.00686067512035,2.8120538939066297,6.269494727295002e-16,0,True
A_Task-2_trial-044,2,A_Task-2,development,W0,1,183.00686067512035,2.8120538939066297,6.269494727295002e-16,0,True
A_Task-2_trial-044,2,A_Task-2,development,SELECTED,1,181.21755170713612,1.8269077556787665,2.5774589434435006e-15,0,True
A_Task-2_trial-045,2,A_Task-2,development,P0,1,2175.8804637050862,28.793577024757401,3.5666458893056009e-14,0.21875,True
A_Task-2_trial-045,2,A_Task-2,development,W0,0.01,2175.8804637050862,28.793577024757401,3.5666458893056009e-14,0.21875,True
A_Task-2_trial-045,2,A_Task-2,development,SELECTED,0.01,2039.1554254877224,18.846520764241003,9.362445459427202e-14,0.21875,True
A_Task-2_trial-046,2,A_Task-2,development,P0,1,143.11520389656556,2.7044374251663315,1.5673736818237504e-15,0,True
A_Task-2_trial-046,2,A_Task-2,development,W0,1,143.11520389656556,2.7044374251663315,1.5673736818237504e-15,0,True
A_Task-2_trial-046,2,A_Task-2,development,SELECTED,1,133.85429531154185,1.7956938201221029,1.9156789444512504e-15,0,True
A_Task-2_trial-047,2,A_Task-2,development,P0,1,55.10993293172529,2.124960690260516,6.4436473586087515e-16,0,True
A_Task-2_trial-047,2,A_Task-2,development,W0,1,55.10993293172529,2.124960690260516,6.4436473586087515e-16,0,True
A_Task-2_trial-047,2,A_Task-2,development,SELECTED,1,46.929707706944349,1.0740651157209551,6.879028936893127e-16,0,True
A_Task-2_trial-048,2,A_Task-2,development,P0,1,170.55132807940439,2.611743522655579,4.3189852565810008e-15,0,True
A_Task-2_trial-048,2,A_Task-2,development,W0,1,170.55132807940439,2.611743522655579,4.3189852565810008e-15,0,True
A_Task-2_trial-048,2,A_Task-2,development,SELECTED,1,162.7413366325965,1.8761612482729197,9.4042420909425026e-16,0,True
A_Task-2_trial-049,2,A_Task-2,development,P0,1,127.34739346561528,2.7239329568360318,8.2200041980090029e-15,0,True
A_Task-2_trial-049,2,A_Task-2,development,W0,1,127.34739346561528,2.7239329568360318,8.2200041980090029e-15,0,True
A_Task-2_trial-049,2,A_Task-2,development,SELECTED,1,117.00834248719585,1.719549799355987,1.2451913138933127e-15,0,True
A_Task-2_trial-050,2,A_Task-2,development,P0,1,246.45011566038178,2.3088302190585224,3.761696836377001e-15,0,True
A_Task-2_trial-050,2,A_Task-2,development,W0,1,246.45011566038178,2.3088302190585224,3.761696836377001e-15,0,True
A_Task-2_trial-050,2,A_Task-2,development,SELECTED,1,238.13144078408021,1.8875207119273205,1.5325431555610005e-15,0,True
A_Task-2_trial-051,2,A_Task-2,development,P0,1,412.04034914348119,3.9523234907147535,9.6132252485190031e-15,0,True
A_Task-2_trial-051,2,A_Task-2,development,W0,0.37262936154331039,412.04034914348119,3.9523234907147535,9.6132252485190031e-15,0,True
A_Task-2_trial-051,2,A_Task-2,development,SELECTED,0.37262936154331039,408.79722680199774,2.9522633119769943,1.2260345244488004e-14,0,True
A_Task-2_trial-052,2,A_Task-2,development,P0,1,211.2485799324989,2.6519125857712003,2.7864421010200007e-15,0,True
A_Task-2_trial-052,2,A_Task-2,development,W0,1,211.2485799324989,2.6519125857712003,2.7864421010200007e-15,0,True
A_Task-2_trial-052,2,A_Task-2,development,SELECTED,1,204.31543896165391,1.9288580005259797,1.5325431555610005e-15,0,True
A_Task-2_trial-053,2,A_Task-2,development,P0,1,151.60485672456534,3.4807663504093709,7.3144105151775016e-16,0,True
A_Task-2_trial-053,2,A_Task-2,development,W0,1,151.60485672456534,3.4807663504093709,7.3144105151775016e-16,0,True
A_Task-2_trial-053,2,A_Task-2,development,SELECTED,1,141.3415466169333,2.5859459895305781,1.1809725310963674e-15,0,True
A_Task-2_trial-054,2,A_Task-2,development,P0,1,210.15780026263423,2.6815632884645169,3.5527136788005009e-15,0,True
A_Task-2_trial-054,2,A_Task-2,development,W0,1,210.15780026263423,2.6815632884645169,3.5527136788005009e-15,0,True
A_Task-2_trial-054,2,A_Task-2,development,SELECTED,1,207.4332425492926,1.982799210228589,9.7525473535700034e-16,0,True
A_Task-2_trial-055,2,A_Task-2,development,P0,1,211.40479970013155,2.787493136958699,1.1981701034386003e-14,0,True
A_Task-2_trial-055,2,A_Task-2,development,W0,1,211.40479970013155,2.787493136958699,1.1981701034386003e-14,0,True
A_Task-2_trial-055,2,A_Task-2,development,SELECTED,1,209.08348455933276,2.270963194926868,2.0062383127344007e-14,0,True
A_Task-2_trial-056,2,A_Task-2,development,P0,1,216.29270742070432,2.3879261847343294,5.0155957818360016e-15,0,True
A_Task-2_trial-056,2,A_Task-2,development,W0,1,216.29270742070432,2.3879261847343294,5.0155957818360016e-15,0,True
A_Task-2_trial-056,2,A_Task-2,development,SELECTED,1,209.95983806908669,1.7343763635688452,1.6718652606120004e-15,0,True
A_Task-2_trial-057,2,A_Task-2,development,P0,1,151.97434616454649,3.164502154511442,2.3336452596042506e-15,0,True
A_Task-2_trial-057,2,A_Task-2,development,W0,1,151.97434616454649,3.164502154511442,2.3336452596042506e-15,0,True
A_Task-2_trial-057,2,A_Task-2,development,SELECTED,1,143.86378802190674,2.0564879378097829,3.134747363647501e-16,0,True
A_Task-2_trial-058,2,A_Task-2,development,P0,1,212.56453912901083,2.8349694248904442,1.7763568394002505e-15,0,True
A_Task-2_trial-058,2,A_Task-2,development,W0,1,212.56453912901083,2.8349694248904442,1.7763568394002505e-15,0,True
A_Task-2_trial-058,2,A_Task-2,development,SELECTED,1,208.70945057971213,1.909433967212032,2.011462891673813e-15,0,True
A_Task-2_trial-059,2,A_Task-2,development,P0,1,262.46897119223195,2.7683486049954218,7.8020378828560027e-15,0,True
A_Task-2_trial-059,2,A_Task-2,development,W0,1,262.46897119223195,2.7683486049954218,7.8020378828560027e-15,0,True
A_Task-2_trial-059,2,A_Task-2,development,SELECTED,1,258.10080956557135,2.2212834938757546,1.0275005247511254e-15,0,True
A_Task-2_trial-060,2,A_Task-2,development,P0,1,201.29508150643807,3.1822831758821257,6.1301726222440019e-15,0,True
A_Task-2_trial-060,2,A_Task-2,development,W0,1,201.29508150643807,3.1822831758821257,6.1301726222440019e-15,0,True
A_Task-2_trial-060,2,A_Task-2,development,SELECTED,1,196.69757152386387,2.4095971292102103,6.269494727295002e-16,0,True
A_Task-2_trial-061,2,A_Task-2,development,P0,1,163.90488810561928,2.8595655787348848,2.1594926282905004e-15,0,True
A_Task-2_trial-061,2,A_Task-2,development,W0,1,163.90488810561928,2.8595655787348848,2.1594926282905004e-15,0,True
A_Task-2_trial-061,2,A_Task-2,development,SELECTED,1,154.90236053526098,2.1874777501830422,6.0953420959812516e-16,0,True
A_Task-2_trial-062,2,A_Task-2,development,P0,1,300.61646578839168,2.6113773704883747,4.4583073616320011e-15,0,True
A_Task-2_trial-062,2,A_Task-2,development,W0,1,300.61646578839168,2.6113773704883747,4.4583073616320011e-15,0,True
A_Task-2_trial-062,2,A_Task-2,development,SELECTED,1,296.49349872468844,2.0248654069839467,9.1952589333660029e-15,0,True
A_Task-2_trial-063,2,A_Task-2,development,P0,1,1266.8708561981202,4.3700806216411721,2.4520690488976008e-14,0.0078125,True
A_Task-2_trial-063,2,A_Task-2,development,W0,0.921875,1266.8708561981202,4.3700806216411721,2.4520690488976008e-14,0.0078125,True
A_Task-2_trial-063,2,A_Task-2,development,SELECTED,0.921875,1224.4102422736862,3.4369573401113169,7.2447494626520014e-15,0.0078125,True
A_Task-2_trial-064,2,A_Task-2,development,P0,1,173.51002950521683,2.6780745964616779,1.2538989454590004e-15,0,True
A_Task-2_trial-064,2,A_Task-2,development,W0,1,173.51002950521683,2.6780745964616779,1.2538989454590004e-15,0,True
A_Task-2_trial-064,2,A_Task-2,development,SELECTED,1,165.55957362282624,2.0186056033982287,2.9184171419374522e-16,0,True
A_Task-2_trial-065,2,A_Task-2,development,P0,1,180.04600804507848,2.6625751188524629,9.473903143468002e-15,0,True
A_Task-2_trial-065,2,A_Task-2,development,W0,1,180.04600804507848,2.6625751188524629,9.473903143468002e-15,0,True
A_Task-2_trial-065,2,A_Task-2,development,SELECTED,1,174.76284513326812,2.172120611145929,7.2447494626520014e-15,0,True
A_Task-2_trial-066,2,A_Task-2,development,P0,1,183.7382916801584,2.437203552681646,2.9257642060710006e-15,0,True
A_Task-2_trial-066,2,A_Task-2,development,W0,1,183.7382916801584,2.437203552681646,2.9257642060710006e-15,0,True
A_Task-2_trial-066,2,A_Task-2,development,SELECTED,1,179.02127972458263,1.7906618260133758,1.1145768404080003e-15,0,True
A_Task-2_trial-067,2,A_Task-2,development,P0,1,169.44361600404429,3.3417917873107399,4.736951571734001e-15,0,True
A_Task-2_trial-067,2,A_Task-2,development,W0,1,169.44361600404429,3.3417917873107399,4.736951571734001e-15,0,True
A_Task-2_trial-067,2,A_Task-2,development,SELECTED,1,166.64019006273324,2.4162200021713298,6.1301726222440019e-15,0,True
A_Task-2_trial-068,2,A_Task-2,development,P0,1,538.72240932953389,3.3759390893822157,1.4489498925304003e-14,0,True
A_Task-2_trial-068,2,A_Task-2,development,W0,1,538.72240932953389,3.3759390893822157,1.4489498925304003e-14,0,True
A_Task-2_trial-068,2,A_Task-2,development,SELECTED,1,524.05839289970959,2.8798637020159745,2.2291536808160006e-15,0,True
A_Task-2_trial-069,2,A_Task-2,development,P0,1,88.645838550283827,2.5085174813635764,8.3593263030600021e-16,0,True
A_Task-2_trial-069,2,A_Task-2,development,W0,1,88.645838550283827,2.5085174813635764,8.3593263030600021e-16,0,True
A_Task-2_trial-069,2,A_Task-2,development,SELECTED,1,84.387859386766678,1.2402936199072048,8.0110210404325022e-16,0,True
A_Task-2_trial-070,2,A_Task-2,development,P0,1,265.75672836895387,2.517953351342082,4.1796631515300012e-15,0,True
A_Task-2_trial-070,2,A_Task-2,development,W0,1,265.75672836895387,2.517953351342082,4.1796631515300012e-15,0,True
A_Task-2_trial-070,2,A_Task-2,development,SELECTED,1,262.70044948838336,1.9971202543059818,2.7864421010200007e-15,0,True
A_Task-2_trial-071,2,A_Task-2,development,P0,1,151.34177182333755,2.924386441171746,1.0100852616197502e-15,0,True
A_Task-2_trial-071,2,A_Task-2,development,W0,1,151.34177182333755,2.924386441171746,1.0100852616197502e-15,0,True
A_Task-2_trial-071,2,A_Task-2,development,SELECTED,1,139.03047036344972,2.365053225659592,1.4454668399041254e-15,0,True
A_Task-2_trial-072,2,A_Task-2,development,P0,1,202.53949568217521,3.3549309237430363,5.5728842020400014e-15,0,True
A_Task-2_trial-072,2,A_Task-2,development,W0,1,202.53949568217521,3.3549309237430363,5.5728842020400014e-15,0,True
A_Task-2_trial-072,2,A_Task-2,development,SELECTED,1,188.99807426075796,2.217268378823924,4.1796631515300012e-15,0,True
A_Task-2_trial-073,2,A_Task-2,development,P0,1,220.00028177652402,2.3347781277285269,1.5325431555610005e-15,0,True
A_Task-2_trial-073,2,A_Task-2,development,W0,1,220.00028177652402,2.3347781277285269,1.5325431555610005e-15,0,True
A_Task-2_trial-073,2,A_Task-2,development,SELECTED,1,214.23884913349227,1.6602428595185592,4.8762736767850017e-16,0,True
A_Task-2_trial-074,2,A_Task-2,development,P0,1,176.61764036372188,2.5721861126668197,4.6672905192085012e-15,0,True
A_Task-2_trial-074,2,A_Task-2,development,W0,1,176.61764036372188,2.5721861126668197,4.6672905192085012e-15,0,True
A_Task-2_trial-074,2,A_Task-2,development,SELECTED,1,173.31529387551947,1.7223183578688581,1.3932210505100003e-16,0,True
A_Task-2_trial-075,2,A_Task-2,development,P0,1,140.37174264996719,3.1719279070910651,1.1006446299029003e-14,0,True
A_Task-2_trial-075,2,A_Task-2,development,W0,1,140.37174264996719,3.1719279070910651,1.1006446299029003e-14,0,True
A_Task-2_trial-075,2,A_Task-2,development,SELECTED,1,139.51450257643435,2.5145696450087121,8.498648408111002e-15,0,True
A_Task-2_trial-076,2,A_Task-2,development,P0,1,87.044957129481446,2.108097878302011,3.2044084161730009e-15,0,True
A_Task-2_trial-076,2,A_Task-2,development,W0,1,87.044957129481446,2.108097878302011,3.2044084161730009e-15,0,True
A_Task-2_trial-076,2,A_Task-2,development,SELECTED,1,79.901732255500349,1.4232988519016323,6.269494727295002e-16,0,True
A_Task-2_trial-077,2,A_Task-2,development,P0,1,218.57658663918744,2.375711733110311,4.5279684141575009e-16,0,True
A_Task-2_trial-077,2,A_Task-2,development,W0,1,218.57658663918744,2.375711733110311,4.5279684141575009e-16,0,True
A_Task-2_trial-077,2,A_Task-2,development,SELECTED,1,215.61522444018652,1.818359458813652,5.398731570726251e-16,0,True
A_Task-2_trial-078,2,A_Task-2,development,P0,1,243.00780619382948,3.0377155924347012,2.1246621020277505e-15,0,True
A_Task-2_trial-078,2,A_Task-2,development,W0,1,243.00780619382948,3.0377155924347012,2.1246621020277505e-15,0,True
A_Task-2_trial-078,2,A_Task-2,development,SELECTED,1,236.14407286737924,2.281377842835433,6.0082657803243769e-16,0,True
A_Task-2_trial-079,2,A_Task-2,development,P0,1,146.84317531786621,2.8968816464288887,1.8111873656630004e-15,0,True
A_Task-2_trial-079,2,A_Task-2,development,W0,1,146.84317531786621,2.8968816464288887,1.8111873656630004e-15,0,True
A_Task-2_trial-079,2,A_Task-2,development,SELECTED,1,133.87472322840335,2.08687704431218,2.4033063121297508e-15,0,True
A_Task-2_trial-080,2,A_Task-2,development,P0,1,945.9163401380323,3.7148328336188468,8.8051570392232026e-14,0,True
A_Task-2_trial-080,2,A_Task-2,development,W0,1,945.9163401380323,3.7148328336188468,8.8051570392232026e-14,0,True
A_Task-2_trial-080,2,A_Task-2,development,SELECTED,1,943.13722828784057,3.1594990233963434,1.0031191563672003e-14,0,True
A_Task-2_trial-081,2,A_Task-2,test,P0,1,364.9748365956338,4.0567706988580357,9.8918694586210022e-15,0,True
A_Task-2_trial-081,2,A_Task-2,test,W0,1,364.9748365956338,4.0567706988580357,9.8918694586210022e-15,0,True
A_Task-2_trial-081,2,A_Task-2,test,SELECTED,1,356.96179376778787,3.3014232386781224,8.3593263030600025e-15,0,True
A_Task-2_trial-082,2,A_Task-2,test,P0,1,239.59847923505629,3.4153502273672647,6.5481389373970013e-15,0,True
A_Task-2_trial-082,2,A_Task-2,test,W0,0.55378173582187151,239.59847923505629,3.4153502273672647,6.5481389373970013e-15,0,True
A_Task-2_trial-082,2,A_Task-2,test,SELECTED,0.55378173582187151,232.25894828039026,2.7071628343528116,8.0110210404325022e-16,0,True
A_Task-2_trial-083,2,A_Task-2,test,P0,1,198.58996126512591,3.2217523121585758,5.5728842020400014e-16,0,True
A_Task-2_trial-083,2,A_Task-2,test,W0,0.66950472299315356,198.58996126512591,3.2217523121585758,5.5728842020400014e-16,0,True
A_Task-2_trial-083,2,A_Task-2,test,SELECTED,0.66950472299315356,188.83108910129482,2.012000407285671,8.3593263030600021e-16,0,True
A_Task-2_trial-084,2,A_Task-2,test,P0,1,124.87768456061434,2.5634062632127788,3.4830526262750009e-16,0,True
A_Task-2_trial-084,2,A_Task-2,test,W0,0.5102689512106523,124.87768456061434,2.5634062632127788,3.4830526262750009e-16,0,True
A_Task-2_trial-084,2,A_Task-2,test,SELECTED,0.5102689512106523,120.12448353044437,1.311164390205076,4.6150447298143766e-16,0,True
A_Task-2_trial-085,2,A_Task-2,test,P0,1,214.76517995239982,2.5790630080910715,1.9505094707140007e-15,0,True
A_Task-2_trial-085,2,A_Task-2,test,W0,1,214.76517995239982,2.5790630080910715,1.9505094707140007e-15,0,True
A_Task-2_trial-085,2,A_Task-2,test,SELECTED,1,211.13410644874659,2.0131671333918773,1.2190684191962503e-15,0,True
A_Task-2_trial-086,2,A_Task-2,test,P0,1,2040.9053169827794,25.43553036936725,3.1208151531424011e-14,0.421875,True
A_Task-2_trial-086,2,A_Task-2,test,W0,0.01,2040.9053169827794,25.43553036936725,3.1208151531424011e-14,0.421875,True
A_Task-2_trial-086,2,A_Task-2,test,SELECTED,0.01,1971.0298788658802,19.285222807202086,1.5046787345508004e-14,0.421875,True
A_Task-2_trial-087,2,A_Task-2,test,P0,1,132.93458776558143,2.9319324241179063,3.9010189414280014e-15,0,True
A_Task-2_trial-087,2,A_Task-2,test,W0,1,132.93458776558143,2.9319324241179063,3.9010189414280014e-15,0,True
A_Task-2_trial-087,2,A_Task-2,test,SELECTED,1,127.89527949557049,1.6590428956265164,2.4729673646552505e-15,0,True
A_Task-2_trial-088,2,A_Task-2,test,P0,1,337.50011067373714,2.7720342559306057,1.0449157878825003e-14,0,True
A_Task-2_trial-088,2,A_Task-2,test,W0,1,337.50011067373714,2.7720342559306057,1.0449157878825003e-14,0,True
A_Task-2_trial-088,2,A_Task-2,test,SELECTED,1,332.89362707092619,2.3225709816522873,8.1198664350035956e-16,0,True
A_Task-2_trial-089,2,A_Task-2,test,P0,1,192.8652756381143,2.3170649932945158,9.7525473535700034e-16,0,True
A_Task-2_trial-089,2,A_Task-2,test,W0,1,192.8652756381143,2.3170649932945158,9.7525473535700034e-16,0,True
A_Task-2_trial-089,2,A_Task-2,test,SELECTED,1,189.12739900660313,1.6919949496532691,1.6022042080865004e-15,0,True
A_Task-2_trial-090,2,A_Task-2,test,P0,1,218.86420757217232,2.8894660142489417,6.9661052525500015e-15,0,True
A_Task-2_trial-090,2,A_Task-2,test,W0,0.9793154590802845,218.86420757217232,2.8894660142489417,6.9661052525500015e-15,0,True
A_Task-2_trial-090,2,A_Task-2,test,SELECTED,0.9793154590802845,209.18562692915998,1.7683445257726196,2.0201705232395005e-15,0,True
A_Task-2_trial-091,2,A_Task-2,test,P0,1,83.03041539071684,2.442990670247851,6.269494727295002e-16,0,True
A_Task-2_trial-091,2,A_Task-2,test,W0,1,83.03041539071684,2.442990670247851,6.269494727295002e-16,0,True
A_Task-2_trial-091,2,A_Task-2,test,SELECTED,1,73.978361132546169,1.291810690417672,1.6022042080865004e-15,0,True
A_Task-2_trial-092,2,A_Task-2,test,P0,1,266.28709840449989,2.7352285847091307,5.2942399919380015e-15,0,True
A_Task-2_trial-092,2,A_Task-2,test,W0,1,266.28709840449989,2.7352285847091307,5.2942399919380015e-15,0,True
A_Task-2_trial-092,2,A_Task-2,test,SELECTED,1,261.09580224415754,2.0169986384486998,2.4381368383925007e-15,0,True
A_Task-2_trial-093,2,A_Task-2,test,P0,1,200.54150348299444,2.8693954930451402,2.8909336798082507e-15,0,True
A_Task-2_trial-093,2,A_Task-2,test,W0,1,200.54150348299444,2.8693954930451402,2.8909336798082507e-15,0,True
A_Task-2_trial-093,2,A_Task-2,test,SELECTED,1,196.94810309205525,2.0526742879617115,3.0476710479906258e-16,0,True
A_Task-2_trial-094,2,A_Task-2,test,P0,1,353.53899396763256,3.1620331304453773,1.1703056824284003e-14,0,True
A_Task-2_trial-094,2,A_Task-2,test,W0,0.81710081254245959,353.53899396763256,3.1620331304453773,1.1703056824284003e-14,0,True
A_Task-2_trial-094,2,A_Task-2,test,SELECTED,0.81710081254245959,345.54460583156924,2.505084274709497,1.2190684191962503e-15,0,True
A_Task-2_trial-095,2,A_Task-2,test,P0,1,212.99222013494776,2.636811103559848,2.6471199959690008e-15,0,True
A_Task-2_trial-095,2,A_Task-2,test,W0,0.6874347329871181,212.99222013494776,2.636811103559848,2.6471199959690008e-15,0,True
A_Task-2_trial-095,2,A_Task-2,test,SELECTED,0.6874347329871181,205.14238824140716,1.9490515509248247,4.8762736767850013e-15,0,True
A_Task-2_trial-096,2,A_Task-2,test,P0,1,175.3296697628432,2.7831277871633584,2.5774589434435006e-15,0,True
A_Task-2_trial-096,2,A_Task-2,test,W0,1,175.3296697628432,2.7831277871633584,2.5774589434435006e-15,0,True
A_Task-2_trial-096,2,A_Task-2,test,SELECTED,1,164.00661372889488,2.1376376666501318,5.5728842020400014e-16,0,True
A_Task-2_trial-097,2,A_Task-2,test,P0,1,176.04737221093288,3.192100797774025,1.4628821030355003e-15,0,True
A_Task-2_trial-097,2,A_Task-2,test,W0,1,176.04737221093288,3.192100797774025,1.4628821030355003e-15,0,True
A_Task-2_trial-097,2,A_Task-2,test,SELECTED,1,169.66140794906872,2.4016297593181917,1.2538989454590004e-15,0,True
A_Task-2_trial-098,2,A_Task-2,test,P0,1,218.63053460372123,2.9816521619232059,1.4628821030355003e-15,0,True
A_Task-2_trial-098,2,A_Task-2,test,W0,1,218.63053460372123,2.9816521619232059,1.4628821030355003e-15,0,True
A_Task-2_trial-098,2,A_Task-2,test,SELECTED,1,214.18796455179006,2.5977955456997921,2.0201705232395005e-15,0,True
A_Task-2_trial-099,2,A_Task-2,test,P0,1,111.3027638472613,2.7580156959011428,2.2988147333415007e-15,0,True
A_Task-2_trial-099,2,A_Task-2,test,W0,1,111.3027638472613,2.7580156959011428,2.2988147333415007e-15,0,True
A_Task-2_trial-099,2,A_Task-2,test,SELECTED,1,103.72771077088096,2.0466014446013263,2.6558276275346881e-16,0,True
A_Task-2_trial-100,2,A_Task-2,test,P0,1,211.53592952996561,2.7608319513169111,3.9706799939535011e-15,0,True
A_Task-2_trial-100,2,A_Task-2,test,W0,1,211.53592952996561,2.7608319513169111,3.9706799939535011e-15,0,True
A_Task-2_trial-100,2,A_Task-2,test,SELECTED,1,212.5274494408518,1.7804447354399717,7.6627157778050024e-16,0,True
B_Task-1_trial-001,1,B_Task-1,development,P0,1,136.04712304029829,3.0132253606039971,2.1594926282905004e-15,0,True
B_Task-1_trial-001,1,B_Task-1,development,W0,1,136.04712304029829,3.0132253606039971,2.1594926282905004e-15,0,True
B_Task-1_trial-001,1,B_Task-1,development,SELECTED,1,136.04712304029829,3.0132253606039971,2.1594926282905004e-15,0,True
B_Task-1_trial-002,1,B_Task-1,development,P0,1,64.859992291426337,3.726179773586384,5.0155957818360016e-15,0,True
B_Task-1_trial-002,1,B_Task-1,development,W0,0.018337091336144886,64.859992291426337,3.726179773586384,5.0155957818360016e-15,0,True
B_Task-1_trial-002,1,B_Task-1,development,SELECTED,1,64.859992291426337,3.726179773586384,5.0155957818360016e-15,0,True
B_Task-1_trial-003,1,B_Task-1,development,P0,1,66.084572080515841,2.2493828488814818,1.6022042080865004e-15,0,True
B_Task-1_trial-003,1,B_Task-1,development,W0,1,66.084572080515841,2.2493828488814818,1.6022042080865004e-15,0,True
B_Task-1_trial-003,1,B_Task-1,development,SELECTED,1,66.084572080515841,2.2493828488814818,1.6022042080865004e-15,0,True
B_Task-1_trial-004,1,B_Task-1,development,P0,1,57.424266686203325,2.480279553615313,1.8111873656630004e-15,0,True
B_Task-1_trial-004,1,B_Task-1,development,W0,1,57.424266686203325,2.480279553615313,1.8111873656630004e-15,0,True
B_Task-1_trial-004,1,B_Task-1,development,SELECTED,1,57.424266686203325,2.480279553615313,1.8111873656630004e-15,0,True
B_Task-1_trial-005,1,B_Task-1,development,P0,1,85.498964507165027,2.5372914301084109,2.7864421010200007e-15,0,True
B_Task-1_trial-005,1,B_Task-1,development,W0,1,85.498964507165027,2.5372914301084109,2.7864421010200007e-15,0,True
B_Task-1_trial-005,1,B_Task-1,development,SELECTED,1,85.498964507165027,2.5372914301084109,2.7864421010200007e-15,0,True
B_Task-1_trial-006,1,B_Task-1,development,P0,1,215.55074422175682,2.7208695147021076,1.2260345244488004e-14,0,True
B_Task-1_trial-006,1,B_Task-1,development,W0,1,215.55074422175682,2.7208695147021076,1.2260345244488004e-14,0,True
B_Task-1_trial-006,1,B_Task-1,development,SELECTED,1,215.55074422175682,2.7208695147021076,1.2260345244488004e-14,0,True
B_Task-1_trial-007,1,B_Task-1,development,P0,1,53.147319057277485,2.312365691421626,5.5728842020400014e-16,0,True
B_Task-1_trial-007,1,B_Task-1,development,W0,1,53.147319057277485,2.312365691421626,5.5728842020400014e-16,0,True
B_Task-1_trial-007,1,B_Task-1,development,SELECTED,1,53.147319057277485,2.312365691421626,5.5728842020400014e-16,0,True
B_Task-1_trial-008,1,B_Task-1,development,P0,1,53.832849746255135,2.3360567566430785,1.3235599979845004e-15,0,True
B_Task-1_trial-008,1,B_Task-1,development,W0,1,53.832849746255135,2.3360567566430785,1.3235599979845004e-15,0,True
B_Task-1_trial-008,1,B_Task-1,development,SELECTED,1,53.832849746255135,2.3360567566430785,1.3235599979845004e-15,0,True
B_Task-1_trial-009,1,B_Task-1,development,P0,1,65.5678796022938,2.4077605014926671,7.6627157778050024e-16,0,True
B_Task-1_trial-009,1,B_Task-1,development,W0,1,65.5678796022938,2.4077605014926671,7.6627157778050024e-16,0,True
B_Task-1_trial-009,1,B_Task-1,development,SELECTED,1,65.5678796022938,2.4077605014926671,7.6627157778050024e-16,0,True
B_Task-1_trial-010,1,B_Task-1,development,P0,1,105.99415155069531,2.8214913362588421,4.0055105202162511e-16,0,True
B_Task-1_trial-010,1,B_Task-1,development,W0,1,105.99415155069531,2.8214913362588421,4.0055105202162511e-16,0,True
B_Task-1_trial-010,1,B_Task-1,development,SELECTED,1,105.99415155069531,2.8214913362588421,4.0055105202162511e-16,0,True
B_Task-1_trial-011,1,B_Task-1,development,P0,1,54.856077072823922,2.2526276412839561,5.2245789394125013e-17,0,True
B_Task-1_trial-011,1,B_Task-1,development,W0,1,54.856077072823922,2.2526276412839561,5.2245789394125013e-17,0,True
B_Task-1_trial-011,1,B_Task-1,development,SELECTED,1,54.856077072823922,2.2526276412839561,5.2245789394125013e-17,0,True
B_Task-1_trial-012,1,B_Task-1,development,P0,1,64.113440487835476,2.5287949472193967,1.3583905242472503e-15,0,True
B_Task-1_trial-012,1,B_Task-1,development,W0,1,64.113440487835476,2.5287949472193967,1.3583905242472503e-15,0,True
B_Task-1_trial-012,1,B_Task-1,development,SELECTED,1,64.113440487835476,2.5287949472193967,1.3583905242472503e-15,0,True
B_Task-1_trial-013,1,B_Task-1,development,P0,1,127.15179488760802,3.1247676663614885,1.8808484181885005e-15,0,True
B_Task-1_trial-013,1,B_Task-1,development,W0,1,127.15179488760802,3.1247676663614885,1.8808484181885005e-15,0,True
B_Task-1_trial-013,1,B_Task-1,development,SELECTED,1,127.15179488760802,3.1247676663614885,1.8808484181885005e-15,0,True
B_Task-1_trial-014,1,B_Task-1,development,P0,1,399.80590347546899,2.6761119375988156,1.0936785246503503e-14,0.52734375,True
B_Task-1_trial-014,1,B_Task-1,development,W0,0.01,399.80590347546899,2.6761119375988156,1.0936785246503503e-14,0.52734375,True
B_Task-1_trial-014,1,B_Task-1,development,SELECTED,1,399.80590347546899,2.6761119375988156,1.0936785246503503e-14,0.52734375,True
B_Task-1_trial-015,1,B_Task-1,development,P0,1,74.995022849537719,2.9478460383548617,1.5325431555610005e-15,0,True
B_Task-1_trial-015,1,B_Task-1,development,W0,1,74.995022849537719,2.9478460383548617,1.5325431555610005e-15,0,True
B_Task-1_trial-015,1,B_Task-1,development,SELECTED,1,74.995022849537719,2.9478460383548617,1.5325431555610005e-15,0,True
B_Task-1_trial-016,1,B_Task-1,development,P0,1,76.323074417757567,2.5902580558245041,2.0898315757650005e-16,0,True
B_Task-1_trial-016,1,B_Task-1,development,W0,1,76.323074417757567,2.5902580558245041,2.0898315757650005e-16,0,True
B_Task-1_trial-016,1,B_Task-1,development,SELECTED,1,76.323074417757567,2.5902580558245041,2.0898315757650005e-16,0,True
B_Task-1_trial-017,1,B_Task-1,development,P0,1,210.29719050902068,2.551630616765971,9.7525473535700026e-15,0,True
B_Task-1_trial-017,1,B_Task-1,development,W0,1,210.29719050902068,2.551630616765971,9.7525473535700026e-15,0,True
B_Task-1_trial-017,1,B_Task-1,development,SELECTED,1,210.29719050902068,2.551630616765971,9.7525473535700026e-15,0,True
B_Task-1_trial-018,1,B_Task-1,development,P0,1,102.0526566560701,2.1859563342972885,1.1145768404080003e-15,0,True
B_Task-1_trial-018,1,B_Task-1,development,W0,1,102.0526566560701,2.1859563342972885,1.1145768404080003e-15,0,True
B_Task-1_trial-018,1,B_Task-1,development,SELECTED,1,102.0526566560701,2.1859563342972885,1.1145768404080003e-15,0,True
B_Task-1_trial-019,1,B_Task-1,development,P0,1,77.204007175849625,2.9126777365154943,1.3235599979845004e-15,0,True
B_Task-1_trial-019,1,B_Task-1,development,W0,1,77.204007175849625,2.9126777365154943,1.3235599979845004e-15,0,True
B_Task-1_trial-019,1,B_Task-1,development,SELECTED,1,77.204007175849625,2.9126777365154943,1.3235599979845004e-15,0,True
B_Task-1_trial-020,1,B_Task-1,development,P0,1,158.08581104632876,2.3637562333990005,6.339155779820502e-15,0,True
B_Task-1_trial-020,1,B_Task-1,development,W0,1,158.08581104632876,2.3637562333990005,6.339155779820502e-15,0,True
B_Task-1_trial-020,1,B_Task-1,development,SELECTED,1,158.08581104632876,2.3637562333990005,6.339155779820502e-15,0,True
B_Task-1_trial-021,1,B_Task-1,development,P0,1,67.51782371696136,2.7736096418397258,6.269494727295002e-16,0,True
B_Task-1_trial-021,1,B_Task-1,development,W0,1,67.51782371696136,2.7736096418397258,6.269494727295002e-16,0,True
B_Task-1_trial-021,1,B_Task-1,development,SELECTED,1,67.51782371696136,2.7736096418397258,6.269494727295002e-16,0,True
B_Task-1_trial-022,1,B_Task-1,development,P0,1,152.09808034494034,2.8594356220854911,8.3593263030600021e-16,0,True
B_Task-1_trial-022,1,B_Task-1,development,W0,1,152.09808034494034,2.8594356220854911,8.3593263030600021e-16,0,True
B_Task-1_trial-022,1,B_Task-1,development,SELECTED,1,152.09808034494034,2.8594356220854911,8.3593263030600021e-16,0,True
B_Task-1_trial-023,1,B_Task-1,development,P0,1,147.18192011991377,2.9029254399820896,5.0155957818360016e-15,0.24609375,True
B_Task-1_trial-023,1,B_Task-1,development,W0,0.01,147.18192011991377,2.9029254399820896,5.0155957818360016e-15,0.24609375,True
B_Task-1_trial-023,1,B_Task-1,development,SELECTED,1,147.18192011991377,2.9029254399820896,5.0155957818360016e-15,0.24609375,True
B_Task-1_trial-024,1,B_Task-1,development,P0,1,155.5238497321381,2.9408767395869244,1.1145768404080003e-15,0,True
B_Task-1_trial-024,1,B_Task-1,development,W0,0.40676139585460125,155.5238497321381,2.9408767395869244,1.1145768404080003e-15,0,True
B_Task-1_trial-024,1,B_Task-1,development,SELECTED,1,155.5238497321381,2.9408767395869244,1.1145768404080003e-15,0,True
B_Task-1_trial-025,1,B_Task-1,development,P0,1,383.52799852813553,3.051890995138574,8.3593263030600025e-15,0.03515625,True
B_Task-1_trial-025,1,B_Task-1,development,W0,0.63976816771775868,383.52799852813553,3.051890995138574,8.3593263030600025e-15,0.03515625,True
B_Task-1_trial-025,1,B_Task-1,development,SELECTED,1,383.52799852813553,3.051890995138574,8.3593263030600025e-15,0.03515625,True
B_Task-1_trial-026,1,B_Task-1,development,P0,1,119.6763289440714,2.2031800890957349,2.3336452596042506e-15,0,True
B_Task-1_trial-026,1,B_Task-1,development,W0,1,119.6763289440714,2.2031800890957349,2.3336452596042506e-15,0,True
B_Task-1_trial-026,1,B_Task-1,development,SELECTED,1,119.6763289440714,2.2031800890957349,2.3336452596042506e-15,0,True
B_Task-1_trial-027,1,B_Task-1,development,P0,1,123.32370363923359,3.0324558606368557,1.3932210505100003e-15,0,True
B_Task-1_trial-027,1,B_Task-1,development,W0,1,123.32370363923359,3.0324558606368557,1.3932210505100003e-15,0,True
B_Task-1_trial-027,1,B_Task-1,development,SELECTED,1,123.32370363923359,3.0324558606368557,1.3932210505100003e-15,0,True
B_Task-1_trial-028,1,B_Task-1,development,P0,1,194.089607877969,3.0500464318546001,7.5233936727540021e-15,0,True
B_Task-1_trial-028,1,B_Task-1,development,W0,1,194.089607877969,3.0500464318546001,7.5233936727540021e-15,0,True
B_Task-1_trial-028,1,B_Task-1,development,SELECTED,1,194.089607877969,3.0500464318546001,7.5233936727540021e-15,0,True
B_Task-1_trial-029,1,B_Task-1,development,P0,1,144.91894543913489,2.5688640906903366,1.5847889449551255e-15,0,True
B_Task-1_trial-029,1,B_Task-1,development,W0,1,144.91894543913489,2.5688640906903366,1.5847889449551255e-15,0,True
B_Task-1_trial-029,1,B_Task-1,development,SELECTED,1,144.91894543913489,2.5688640906903366,1.5847889449551255e-15,0,True
B_Task-1_trial-030,1,B_Task-1,development,P0,1,136.21243987182092,2.995285511150191,4.4583073616320011e-15,0,True
B_Task-1_trial-030,1,B_Task-1,development,W0,1,136.21243987182092,2.995285511150191,4.4583073616320011e-15,0,True
B_Task-1_trial-030,1,B_Task-1,development,SELECTED,1,136.21243987182092,2.995285511150191,4.4583073616320011e-15,0,True
B_Task-1_trial-031,1,B_Task-1,development,P0,1,111.03371683717782,2.8125363855019994,2.1594926282905004e-15,0,True
B_Task-1_trial-031,1,B_Task-1,development,W0,1,111.03371683717782,2.8125363855019994,2.1594926282905004e-15,0,True
B_Task-1_trial-031,1,B_Task-1,development,SELECTED,1,111.03371683717782,2.8125363855019994,2.1594926282905004e-15,0,True
B_Task-1_trial-032,1,B_Task-1,development,P0,1,71.531764333604755,2.3673617124882318,2.6819505222317506e-15,0,True
B_Task-1_trial-032,1,B_Task-1,development,W0,1,71.531764333604755,2.3673617124882318,2.6819505222317506e-15,0,True
B_Task-1_trial-032,1,B_Task-1,development,SELECTED,1,71.531764333604755,2.3673617124882318,2.6819505222317506e-15,0,True
B_Task-1_trial-033,1,B_Task-1,development,P0,1,132.30102578960415,3.0579309914776722,1.0100852616197502e-15,0,True
B_Task-1_trial-033,1,B_Task-1,development,W0,1,132.30102578960415,3.0579309914776722,1.0100852616197502e-15,0,True
B_Task-1_trial-033,1,B_Task-1,development,SELECTED,1,132.30102578960415,3.0579309914776722,1.0100852616197502e-15,0,True
B_Task-1_trial-034,1,B_Task-1,development,P0,1,132.79030095372616,2.6029944476150031,7.6627157778050024e-16,0,True
B_Task-1_trial-034,1,B_Task-1,development,W0,1,132.79030095372616,2.6029944476150031,7.6627157778050024e-16,0,True
B_Task-1_trial-034,1,B_Task-1,development,SELECTED,1,132.79030095372616,2.6029944476150031,7.6627157778050024e-16,0,True
B_Task-1_trial-035,1,B_Task-1,development,P0,1,132.15865330586996,2.2032617924230364,4.736951571734001e-15,0,True
B_Task-1_trial-035,1,B_Task-1,development,W0,1,132.15865330586996,2.2032617924230364,4.736951571734001e-15,0,True
B_Task-1_trial-035,1,B_Task-1,development,SELECTED,1,132.15865330586996,2.2032617924230364,4.736951571734001e-15,0,True
B_Task-1_trial-036,1,B_Task-1,development,P0,1,2072.6358267777782,20.727877995275428,2.0062383127344007e-14,0.546875,True
B_Task-1_trial-036,1,B_Task-1,development,W0,0.01,2072.6358267777782,20.727877995275428,2.0062383127344007e-14,0.546875,True
B_Task-1_trial-036,1,B_Task-1,development,SELECTED,1,2072.6358267777782,20.727877995275428,2.0062383127344007e-14,0.546875,True
B_Task-1_trial-037,1,B_Task-1,development,P0,1,152.44243707477489,3.1697329859741501,3.065086311122001e-15,0,True
B_Task-1_trial-037,1,B_Task-1,development,W0,1,152.44243707477489,3.1697329859741501,3.065086311122001e-15,0,True
B_Task-1_trial-037,1,B_Task-1,development,SELECTED,1,152.44243707477489,3.1697329859741501,3.065086311122001e-15,0,True
B_Task-1_trial-038,1,B_Task-1,development,P0,1,105.45440681956809,3.1064855711185171,5.4335620969890011e-15,0,True
B_Task-1_trial-038,1,B_Task-1,development,W0,1,105.45440681956809,3.1064855711185171,5.4335620969890011e-15,0,True
B_Task-1_trial-038,1,B_Task-1,development,SELECTED,1,105.45440681956809,3.1064855711185171,5.4335620969890011e-15,0,True
B_Task-1_trial-039,1,B_Task-1,development,P0,1,142.18027293680768,3.1326164247533388,1.9505094707140007e-15,0,True
B_Task-1_trial-039,1,B_Task-1,development,W0,1,142.18027293680768,3.1326164247533388,1.9505094707140007e-15,0,True
B_Task-1_trial-039,1,B_Task-1,development,SELECTED,1,142.18027293680768,3.1326164247533388,1.9505094707140007e-15,0,True
B_Task-1_trial-040,1,B_Task-1,development,P0,1,103.53989844859416,3.0925253146472746,1.6718652606120004e-15,0,True
B_Task-1_trial-040,1,B_Task-1,development,W0,0.38440100576534236,103.53989844859416,3.0925253146472746,1.6718652606120004e-15,0,True
B_Task-1_trial-040,1,B_Task-1,development,SELECTED,1,103.53989844859416,3.0925253146472746,1.6718652606120004e-15,0,True
B_Task-1_trial-041,1,B_Task-1,development,P0,1,135.03226939849534,3.3523261555850401,9.7525473535700034e-16,0,True
B_Task-1_trial-041,1,B_Task-1,development,W0,1,135.03226939849534,3.3523261555850401,9.7525473535700034e-16,0,True
B_Task-1_trial-041,1,B_Task-1,development,SELECTED,1,113.25083872817071,1.862346409029277,1.1145768404080003e-15,0,True
B_Task-1_trial-042,1,B_Task-1,development,P0,1,163.29391541020948,3.1474941086280639,1.1145768404080003e-15,0,True
B_Task-1_trial-042,1,B_Task-1,development,W0,1,163.29391541020948,3.1474941086280639,1.1145768404080003e-15,0,True
B_Task-1_trial-042,1,B_Task-1,development,SELECTED,1,143.0516994848127,2.0803741543659835,4.5279684141575009e-16,0,True
B_Task-1_trial-043,1,B_Task-1,development,P0,1,145.10727712022435,3.0429452742804997,1.1319921035393752e-15,0,True
B_Task-1_trial-043,1,B_Task-1,development,W0,1,145.10727712022435,3.0429452742804997,1.1319921035393752e-15,0,True
B_Task-1_trial-043,1,B_Task-1,development,SELECTED,1,137.36833525520896,2.0923470157260686,1.2190684191962503e-15,0,True
B_Task-1_trial-044,1,B_Task-1,development,P0,1,143.6948112036969,3.5060001096699578,1.3932210505100003e-15,0,True
B_Task-1_trial-044,1,B_Task-1,development,W0,1,143.6948112036969,3.5060001096699578,1.3932210505100003e-15,0,True
B_Task-1_trial-044,1,B_Task-1,development,SELECTED,1,128.273142765893,2.2134482667554516,3.134747363647501e-16,0,True
B_Task-1_trial-045,1,B_Task-1,development,P0,1,60.504234792134433,2.3694078504808265,1.8808484181885005e-15,0,True
B_Task-1_trial-045,1,B_Task-1,development,W0,1,60.504234792134433,2.3694078504808265,1.8808484181885005e-15,0,True
B_Task-1_trial-045,1,B_Task-1,development,SELECTED,1,49.6595082614379,0.91492899956229012,9.2083203807145345e-16,0,True
B_Task-1_trial-046,1,B_Task-1,development,P0,1,301.08564641237604,3.4704681599480569,8.9166147232640022e-15,0,True
B_Task-1_trial-046,1,B_Task-1,development,W0,1,301.08564641237604,3.4704681599480569,8.9166147232640022e-15,0,True
B_Task-1_trial-046,1,B_Task-1,development,SELECTED,1,295.08674320208172,1.9115644096809734,3.4830526262750008e-15,0,True
B_Task-1_trial-047,1,B_Task-1,development,P0,1,264.78803655400475,2.982741697077596,1.9226450497038006e-14,0,True
B_Task-1_trial-047,1,B_Task-1,development,W0,1,264.78803655400475,2.982741697077596,1.9226450497038006e-14,0,True
B_Task-1_trial-047,1,B_Task-1,development,SELECTED,1,258.77687858436582,2.1559501122419489,3.065086311122001e-15,0,True
B_Task-1_trial-048,1,B_Task-1,development,P0,1,305.1428151308383,3.7302923480421555,4.0055105202162511e-16,0,True
B_Task-1_trial-048,1,B_Task-1,development,W0,1,305.1428151308383,3.7302923480421555,4.0055105202162511e-16,0,True
B_Task-1_trial-048,1,B_Task-1,development,SELECTED,1,292.37067989048086,2.8766848656237709,4.0403410464790009e-15,0,True
B_Task-1_trial-049,1,B_Task-1,development,P0,1,57.312987070036712,2.3170746590348577,1.9505094707140007e-15,0,True
B_Task-1_trial-049,1,B_Task-1,development,W0,1,57.312987070036712,2.3170746590348577,1.9505094707140007e-15,0,True
B_Task-1_trial-049,1,B_Task-1,development,SELECTED,1,45.757911959403501,0.91093532895639373,1.3932210505100003e-15,0,True
B_Task-1_trial-050,1,B_Task-1,development,P0,1,319.29275093526985,3.4869818309036513,1.1703056824284003e-14,0,True
B_Task-1_trial-050,1,B_Task-1,development,W0,1,319.29275093526985,3.4869818309036513,1.1703056824284003e-14,0,True
B_Task-1_trial-050,1,B_Task-1,development,SELECTED,1,309.48390634830088,2.5137462246683402,1.3583905242472503e-15,0,True
B_Task-1_trial-051,1,B_Task-1,development,P0,1,111.54593115348504,2.8376364823232105,1.8111873656630004e-15,0,True
B_Task-1_trial-051,1,B_Task-1,development,W0,1,111.54593115348504,2.8376364823232105,1.8111873656630004e-15,0,True
B_Task-1_trial-051,1,B_Task-1,development,SELECTED,1,105.1661854649075,1.689678038132769,1.2887294717217503e-15,0,True
B_Task-1_trial-052,1,B_Task-1,development,P0,1,152.15462530391409,3.2727155759333559,8.3593263030600021e-16,0,True
B_Task-1_trial-052,1,B_Task-1,development,W0,1,152.15462530391409,3.2727155759333559,8.3593263030600021e-16,0,True
B_Task-1_trial-052,1,B_Task-1,development,SELECTED,1,134.12131831760604,2.3026484975929709,5.0504263080987511e-16,0,True
B_Task-1_trial-053,1,B_Task-1,development,P0,1,50.744455491259252,2.3456109110976597,1.8111873656630004e-15,0,True
B_Task-1_trial-053,1,B_Task-1,development,W0,1,50.744455491259252,2.3456109110976597,1.8111873656630004e-15,0,True
B_Task-1_trial-053,1,B_Task-1,development,SELECTED,1,42.558460018196143,1.045600523664765,1.6718652606120004e-15,0,True
B_Task-1_trial-054,1,B_Task-1,development,P0,1,2251.9574381881944,33.223963037427694,1.4935329661467204e-13,0.3125,True
B_Task-1_trial-054,1,B_Task-1,development,W0,0.01,2251.9574381881944,33.223963037427694,1.4935329661467204e-13,0.3125,True
B_Task-1_trial-054,1,B_Task-1,development,SELECTED,0.01,2044.5296520259367,20.698999499888387,3.9010189414280014e-15,0.3125,True
B_Task-1_trial-055,1,B_Task-1,development,P0,1,262.20748002643199,2.9733134333208957,9.7525473535700026e-15,0,True
B_Task-1_trial-055,1,B_Task-1,development,W0,1,262.20748002643199,2.9733134333208957,9.7525473535700026e-15,0,True
B_Task-1_trial-055,1,B_Task-1,development,SELECTED,1,252.48188160343287,2.192669770886976,7.3144105151775016e-16,0,True
B_Task-1_trial-056,1,B_Task-1,development,P0,1,160.02031136767746,2.8137932474741003,9.0559368283150018e-16,0,True
B_Task-1_trial-056,1,B_Task-1,development,W0,1,160.02031136767746,2.8137932474741003,9.0559368283150018e-16,0,True
B_Task-1_trial-056,1,B_Task-1,development,SELECTED,1,149.54075563302837,2.1229457290149303,1.3235599979845004e-15,0,True
B_Task-1_trial-057,1,B_Task-1,development,P0,1,143.86034458040712,3.1706559753993888,1.7937721025316254e-15,0,True
B_Task-1_trial-057,1,B_Task-1,development,W0,1,143.86034458040712,3.1706559753993888,1.7937721025316254e-15,0,True
B_Task-1_trial-057,1,B_Task-1,development,SELECTED,1,129.45228546104016,2.0926729138682068,1.3017909190702815e-15,0,True
B_Task-1_trial-058,1,B_Task-1,development,P0,1,261.66737742910442,4.0797897924123161,4.4583073616320011e-15,0,True
B_Task-1_trial-058,1,B_Task-1,development,W0,0.12385489869777787,261.66737742910442,4.0797897924123161,4.4583073616320011e-15,0,True
B_Task-1_trial-058,1,B_Task-1,development,SELECTED,0.12385489869777787,248.32075979659538,2.3760378809498683,9.7525473535700034e-16,0,True
B_Task-1_trial-059,1,B_Task-1,development,P0,1,81.968434605966621,2.5209078666384608,3.3437305212240008e-15,0,True
B_Task-1_trial-059,1,B_Task-1,development,W0,1,81.968434605966621,2.5209078666384608,3.3437305212240008e-15,0,True
B_Task-1_trial-059,1,B_Task-1,development,SELECTED,1,69.052378266429642,1.1104750600579929,2.7167810484945005e-15,0,True
B_Task-1_trial-060,1,B_Task-1,development,P0,1,52.078306975172495,2.3786198624374419,1.5673736818237504e-15,0,True
B_Task-1_trial-060,1,B_Task-1,development,W0,1,52.078306975172495,2.3786198624374419,1.5673736818237504e-15,0,True
B_Task-1_trial-060,1,B_Task-1,development,SELECTED,1,48.466915642725304,1.0935100525036912,1.3932210505100003e-15,0,True
B_Task-1_trial-061,1,B_Task-1,development,P0,1,132.16053747792617,2.9436229426499194,1.4628821030355003e-15,0,True
B_Task-1_trial-061,1,B_Task-1,development,W0,1,132.16053747792617,2.9436229426499194,1.4628821030355003e-15,0,True
B_Task-1_trial-061,1,B_Task-1,development,SELECTED,1,119.85982003105534,1.9515927442452288,7.6627157778050024e-16,0,True
B_Task-1_trial-062,1,B_Task-1,development,P0,1,281.01267610383172,2.3710393361521254,1.0031191563672003e-14,0,True
B_Task-1_trial-062,1,B_Task-1,development,W0,1,281.01267610383172,2.3710393361521254,1.0031191563672003e-14,0,True
B_Task-1_trial-062,1,B_Task-1,development,SELECTED,1,269.81571846580943,1.3152175556322365,2.5077978909180008e-15,0,True
B_Task-1_trial-063,1,B_Task-1,development,P0,1,349.93010629557978,3.2118344607236691,1.0588479983876003e-14,0,True
B_Task-1_trial-063,1,B_Task-1,development,W0,1,349.93010629557978,3.2118344607236691,1.0588479983876003e-14,0,True
B_Task-1_trial-063,1,B_Task-1,development,SELECTED,1,342.568095949422,2.3726542434184914,8.0806820929580018e-15,0,True
B_Task-1_trial-064,1,B_Task-1,development,P0,1,140.45008807263872,3.3626851024282582,1.8808484181885005e-15,0,True
B_Task-1_trial-064,1,B_Task-1,development,W0,1,140.45008807263872,3.3626851024282582,1.8808484181885005e-15,0,True
B_Task-1_trial-064,1,B_Task-1,development,SELECTED,1,122.15878670311403,2.2676254920370083,1.8634331550571256e-15,0,True
B_Task-1_trial-065,1,B_Task-1,development,P0,1,141.66598101710451,3.8599669089481319,1.0449157878825003e-15,0,True
B_Task-1_trial-065,1,B_Task-1,development,W0,1,141.66598101710451,3.8599669089481319,1.0449157878825003e-15,0,True
B_Task-1_trial-065,1,B_Task-1,development,SELECTED,1,129.96708901052818,2.4807344837206715,6.6177999899225019e-16,0,True
B_Task-1_trial-066,1,B_Task-1,development,P0,1,201.45729037078536,3.7563933575972275,2.9257642060710006e-15,0,True
B_Task-1_trial-066,1,B_Task-1,development,W0,0.015525509121992897,201.45729037078536,3.7563933575972275,2.9257642060710006e-15,0,True
B_Task-1_trial-066,1,B_Task-1,development,SELECTED,0.015525509121992897,188.74389400988352,1.4067322216209841,7.3840715677030025e-15,0,True
B_Task-1_trial-067,1,B_Task-1,development,P0,1,86.005664176011749,2.2912513354272162,1.5325431555610005e-15,0,True
B_Task-1_trial-067,1,B_Task-1,development,W0,1,86.005664176011749,2.2912513354272162,1.5325431555610005e-15,0,True
B_Task-1_trial-067,1,B_Task-1,development,SELECTED,1,77.295537002395079,1.4388218145376437,2.0898315757650005e-16,0,True
B_Task-1_trial-068,1,B_Task-1,development,P0,1,146.0524066381688,3.0778276112031562,1.8808484181885005e-15,0,True
B_Task-1_trial-068,1,B_Task-1,development,W0,1,146.0524066381688,3.0778276112031562,1.8808484181885005e-15,0,True
B_Task-1_trial-068,1,B_Task-1,development,SELECTED,1,129.59192635476336,2.0352982228386804,3.3088999949612509e-16,0,True
B_Task-1_trial-069,1,B_Task-1,development,P0,1,114.45513191201188,2.2009618113137677,7.8020378828560027e-15,0,True
B_Task-1_trial-069,1,B_Task-1,development,W0,1,114.45513191201188,2.2009618113137677,7.8020378828560027e-15,0,True
B_Task-1_trial-069,1,B_Task-1,development,SELECTED,1,110.51886131428031,1.1024118703055534,1.0449157878825003e-15,0,True
B_Task-1_trial-070,1,B_Task-1,development,P0,1,112.81436760314577,2.6047998594102149,6.1301726222440019e-15,0,True
B_Task-1_trial-070,1,B_Task-1,development,W0,1,112.81436760314577,2.6047998594102149,6.1301726222440019e-15,0,True
B_Task-1_trial-070,1,B_Task-1,development,SELECTED,1,105.86923670110919,1.6155910264324194,6.0256810434557515e-15,0,True
B_Task-1_trial-071,1,B_Task-1,development,P0,1,192.09928129731179,2.8656892472856899,1.5604075765712005e-14,0,True
B_Task-1_trial-071,1,B_Task-1,development,W0,1,192.09928129731179,2.8656892472856899,1.5604075765712005e-14,0,True
B_Task-1_trial-071,1,B_Task-1,development,SELECTED,1,188.92200884564934,1.9424965133840519,8.7076315656875019e-16,0,True
B_Task-1_trial-072,1,B_Task-1,development,P0,1,182.11440055562474,2.6834748304592608,1.1494073666707503e-14,0,True
B_Task-1_trial-072,1,B_Task-1,development,W0,1,182.11440055562474,2.6834748304592608,1.1494073666707503e-14,0,True
B_Task-1_trial-072,1,B_Task-1,development,SELECTED,1,172.63046968809621,1.7363735060972596,1.3932210505100003e-15,0,True
B_Task-1_trial-073,1,B_Task-1,development,P0,1,105.27288733128948,2.5283626392686913,2.7167810484945005e-15,0,True
B_Task-1_trial-073,1,B_Task-1,development,W0,1,105.27288733128948,2.5283626392686913,2.7167810484945005e-15,0,True
B_Task-1_trial-073,1,B_Task-1,development,SELECTED,1,101.27758716351188,1.6429930466141516,7.6627157778050024e-16,0,True
B_Task-1_trial-074,1,B_Task-1,development,P0,1,64.315936610806943,2.2961834344219896,1.6022042080865004e-15,0,True
B_Task-1_trial-074,1,B_Task-1,development,W0,1,64.315936610806943,2.2961834344219896,1.6022042080865004e-15,0,True
B_Task-1_trial-074,1,B_Task-1,development,SELECTED,1,56.118318915579806,1.2984176513245276,3.3088999949612509e-16,0,True
B_Task-1_trial-075,1,B_Task-1,development,P0,1,151.6128370377219,2.5450144115850306,7.6627157778050024e-16,0,True
B_Task-1_trial-075,1,B_Task-1,development,W0,1,151.6128370377219,2.5450144115850306,7.6627157778050024e-16,0,True
B_Task-1_trial-075,1,B_Task-1,development,SELECTED,1,139.90816579149416,1.8401319797258275,1.3583905242472503e-15,0,True
B_Task-1_trial-076,1,B_Task-1,development,P0,1,173.03462345371136,2.6836025027020227,4.9459347293105011e-15,0,True
B_Task-1_trial-076,1,B_Task-1,development,W0,1,173.03462345371136,2.6836025027020227,4.9459347293105011e-15,0,True
B_Task-1_trial-076,1,B_Task-1,development,SELECTED,1,167.93569906000732,2.101132319024881,5.2245789394125015e-16,0,True
B_Task-1_trial-077,1,B_Task-1,development,P0,1,145.52183313756444,3.1525536348314924,1.4628821030355003e-15,0,True
B_Task-1_trial-077,1,B_Task-1,development,W0,1,145.52183313756444,3.1525536348314924,1.4628821030355003e-15,0,True
B_Task-1_trial-077,1,B_Task-1,development,SELECTED,1,133.74702754120784,2.1126022120418577,9.4042420909425026e-16,0,True
B_Task-1_trial-078,1,B_Task-1,development,P0,1,310.97684985866954,3.3925470341771371,1.0867124193978002e-14,0.01953125,True
B_Task-1_trial-078,1,B_Task-1,development,W0,0.8046875,310.97684985866954,3.3925470341771371,1.0867124193978002e-14,0.01953125,True
B_Task-1_trial-078,1,B_Task-1,development,SELECTED,0.8046875,302.8302407047708,2.5668610770767857,2.2291536808160006e-15,0.01953125,True
B_Task-1_trial-079,1,B_Task-1,development,P0,1,121.45141379200091,2.5761206972598023,2.1943231545532507e-15,0,True
B_Task-1_trial-079,1,B_Task-1,development,W0,1,121.45141379200091,2.5761206972598023,2.1943231545532507e-15,0,True
B_Task-1_trial-079,1,B_Task-1,development,SELECTED,1,114.9849277048873,1.8219065981344387,1.0100852616197502e-15,0,True
B_Task-1_trial-080,1,B_Task-1,development,P0,1,134.41808916981262,3.2035363014747036,5.9211894646675012e-16,0,True
B_Task-1_trial-080,1,B_Task-1,development,W0,1,134.41808916981262,3.2035363014747036,5.9211894646675012e-16,0,True
B_Task-1_trial-080,1,B_Task-1,development,SELECTED,1,124.56582003319815,2.1716612894506202,1.2049185179020082e-15,0,True
B_Task-1_trial-081,1,B_Task-1,test,P0,1,119.80229038052012,2.7933062498777912,1.2887294717217503e-15,0,True
B_Task-1_trial-081,1,B_Task-1,test,W0,1,119.80229038052012,2.7933062498777912,1.2887294717217503e-15,0,True
B_Task-1_trial-081,1,B_Task-1,test,SELECTED,1,115.22935806635516,1.7653146980110779,2.6775967064489068e-16,0,True
B_Task-1_trial-082,1,B_Task-1,test,P0,1,167.13423295751417,3.5633274358625311,2.0201705232395005e-15,0,True
B_Task-1_trial-082,1,B_Task-1,test,W0,1,167.13423295751417,3.5633274358625311,2.0201705232395005e-15,0,True
B_Task-1_trial-082,1,B_Task-1,test,SELECTED,1,154.87522704168805,2.6478080449325625,2.2291536808160006e-15,0,True
B_Task-1_trial-083,1,B_Task-1,test,P0,1,143.17310616255605,2.8991440608740886,2.6471199959690008e-15,0,True
B_Task-1_trial-083,1,B_Task-1,test,W0,1,143.17310616255605,2.8991440608740886,2.6471199959690008e-15,0,True
B_Task-1_trial-083,1,B_Task-1,test,SELECTED,1,133.5558415580262,2.0743013273654829,2.2291536808160006e-15,0,True
B_Task-1_trial-084,1,B_Task-1,test,P0,1,109.36519695286695,2.6065390795580043,8.0110210404325022e-16,0,True
B_Task-1_trial-084,1,B_Task-1,test,W0,1,109.36519695286695,2.6065390795580043,8.0110210404325022e-16,0,True
B_Task-1_trial-084,1,B_Task-1,test,SELECTED,1,102.82626922200801,1.8736905139439097,6.269494727295002e-16,0,True
B_Task-1_trial-085,1,B_Task-1,test,P0,1,164.14638846980344,2.7182052749016461,2.5774589434435006e-15,0,True
B_Task-1_trial-085,1,B_Task-1,test,W0,1,164.14638846980344,2.7182052749016461,2.5774589434435006e-15,0,True
B_Task-1_trial-085,1,B_Task-1,test,SELECTED,1,153.29799912731309,2.0535346938486683,1.0449157878825003e-15,0,True
B_Task-1_trial-086,1,B_Task-1,test,P0,1,139.12873748883766,2.8294024432224458,6.269494727295002e-16,0,True
B_Task-1_trial-086,1,B_Task-1,test,W0,1,139.12873748883766,2.8294024432224458,6.269494727295002e-16,0,True
B_Task-1_trial-086,1,B_Task-1,test,SELECTED,1,129.08753045971415,2.0472535683274775,3.2044084161730009e-15,0,True
B_Task-1_trial-087,1,B_Task-1,test,P0,1,45.164363044559593,1.8484859480113303,1.3235599979845004e-15,0,True
B_Task-1_trial-087,1,B_Task-1,test,W0,1,45.164363044559593,1.8484859480113303,1.3235599979845004e-15,0,True
B_Task-1_trial-087,1,B_Task-1,test,SELECTED,1,39.602904237403024,0.86624433691296621,2.5948742065748755e-15,0,True
B_Task-1_trial-088,1,B_Task-1,test,P0,1,2007.8016727115005,25.312091628681866,7.3144105151775012e-15,0.7421875,True
B_Task-1_trial-088,1,B_Task-1,test,W0,0.01,2007.8016727115005,25.312091628681866,7.3144105151775012e-15,0.7421875,True
B_Task-1_trial-088,1,B_Task-1,test,SELECTED,0.01,1889.8018788175787,18.918551586612303,3.2044084161730009e-15,0.7421875,True
B_Task-1_trial-089,1,B_Task-1,test,P0,1,202.00043097227729,3.323226488844365,7.4537326202285023e-15,0,True
B_Task-1_trial-089,1,B_Task-1,test,W0,1,202.00043097227729,3.323226488844365,7.4537326202285023e-15,0,True
B_Task-1_trial-089,1,B_Task-1,test,SELECTED,1,202.90960128403722,2.5103822230006307,3.5527136788005009e-15,0,True
B_Task-1_trial-090,1,B_Task-1,test,P0,1,159.18314069820366,2.5983445558135254,5.7818673596165015e-15,0,True
B_Task-1_trial-090,1,B_Task-1,test,W0,1,159.18314069820366,2.5983445558135254,5.7818673596165015e-15,0,True
B_Task-1_trial-090,1,B_Task-1,test,SELECTED,1,154.54312699545318,1.8549344054330843,1.0100852616197502e-15,0,True
B_Task-1_trial-091,1,B_Task-1,test,P0,1,49.31036689155782,2.1153002707949846,4.7021210454712513e-16,0,True
B_Task-1_trial-091,1,B_Task-1,test,W0,1,49.31036689155782,2.1153002707949846,4.7021210454712513e-16,0,True
B_Task-1_trial-091,1,B_Task-1,test,SELECTED,1,39.878594696077968,1.1029780427297879,4.179663151530001e-16,0,True
B_Task-1_trial-092,1,B_Task-1,test,P0,1,742.9157502250572,3.0430207203931507,4.5976294666830014e-15,1,True
B_Task-1_trial-092,1,B_Task-1,test,W0,0.01,742.9157502250572,3.0430207203931507,4.5976294666830014e-15,1,True
B_Task-1_trial-092,1,B_Task-1,test,SELECTED,0.01,744.93296658396446,2.6323157597120508,4.1796631515300012e-15,1,True
B_Task-1_trial-093,1,B_Task-1,test,P0,1,154.02424826032617,3.9994228872077904,1.8808484181885005e-15,0,True
B_Task-1_trial-093,1,B_Task-1,test,W0,1,154.02424826032617,3.9994228872077904,1.8808484181885005e-15,0,True
B_Task-1_trial-093,1,B_Task-1,test,SELECTED,1,133.39513241644599,2.4080786571546025,6.9661052525500017e-16,0,True
B_Task-1_trial-094,1,B_Task-1,test,P0,1,93.709690772609164,2.6184616535117455,2.9257642060710006e-15,0,True
B_Task-1_trial-094,1,B_Task-1,test,W0,1,93.709690772609164,2.6184616535117455,2.9257642060710006e-15,0,True
B_Task-1_trial-094,1,B_Task-1,test,SELECTED,1,90.40032683289833,1.6629174054684148,5.2463480183267204e-15,0,True
B_Task-1_trial-095,1,B_Task-1,test,P0,1,111.27582038147092,2.6059709718275901,9.9266999848837528e-16,0,True
B_Task-1_trial-095,1,B_Task-1,test,W0,1,111.27582038147092,2.6059709718275901,9.9266999848837528e-16,0,True
B_Task-1_trial-095,1,B_Task-1,test,SELECTED,1,102.59294390261996,1.7711234401142479,4.5279684141575009e-16,0,True
B_Task-1_trial-096,1,B_Task-1,test,P0,1,118.61762875116149,2.7031283281420442,3.1347473636475007e-15,0,True
B_Task-1_trial-096,1,B_Task-1,test,W0,1,118.61762875116149,2.7031283281420442,3.1347473636475007e-15,0,True
B_Task-1_trial-096,1,B_Task-1,test,SELECTED,1,110.61301465346534,1.8785342722445617,1.6544499974806255e-16,0,True
B_Task-1_trial-097,1,B_Task-1,test,P0,1,173.5411657002054,2.9614191544994077,3.065086311122001e-15,0,True
B_Task-1_trial-097,1,B_Task-1,test,W0,1,173.5411657002054,2.9614191544994077,3.065086311122001e-15,0,True
B_Task-1_trial-097,1,B_Task-1,test,SELECTED,1,165.53008669732523,1.7017699956663563,1.3932210505100003e-15,0,True
B_Task-1_trial-098,1,B_Task-1,test,P0,1,126.78654397296688,2.7852673683138933,1.5673736818237504e-15,0,True
B_Task-1_trial-098,1,B_Task-1,test,W0,1,126.78654397296688,2.7852673683138933,1.5673736818237504e-15,0,True
B_Task-1_trial-098,1,B_Task-1,test,SELECTED,1,112.24251513804903,1.867462825663847,1.1145768404080003e-15,0,True
B_Task-1_trial-099,1,B_Task-1,test,P0,1,111.18274807238424,3.0244610459880819,2.4381368383925007e-15,0,True
B_Task-1_trial-099,1,B_Task-1,test,W0,1,111.18274807238424,3.0244610459880819,2.4381368383925007e-15,0,True
B_Task-1_trial-099,1,B_Task-1,test,SELECTED,1,98.675019422260789,1.7529525785406281,1.4628821030355003e-15,0,True
B_Task-1_trial-100,1,B_Task-1,test,P0,1,162.95582458070299,2.7791943579760807,9.8918694586210022e-15,0,True
B_Task-1_trial-100,1,B_Task-1,test,W0,1,162.95582458070299,2.7791943579760807,9.8918694586210022e-15,0,True
B_Task-1_trial-100,1,B_Task-1,test,SELECTED,1,161.66587632994879,1.7763613042042254,2.5426284171807507e-15,0,True
B_Task-2_trial-001,2,B_Task-2,development,P0,1,117.48867484353642,2.1599167357694236,1.3932210505100003e-15,0,True
B_Task-2_trial-001,2,B_Task-2,development,W0,1,117.48867484353642,2.1599167357694236,1.3932210505100003e-15,0,True
B_Task-2_trial-001,2,B_Task-2,development,SELECTED,1,117.48867484353642,2.1599167357694236,1.3932210505100003e-15,0,True
B_Task-2_trial-002,2,B_Task-2,development,P0,1,351.66872911033789,3.3203700253215618,1.0588479983876003e-14,0,True
B_Task-2_trial-002,2,B_Task-2,development,W0,1,351.66872911033789,3.3203700253215618,1.0588479983876003e-14,0,True
B_Task-2_trial-002,2,B_Task-2,development,SELECTED,1,351.66872911033789,3.3203700253215618,1.0588479983876003e-14,0,True
B_Task-2_trial-003,2,B_Task-2,development,P0,1,137.90734565106479,2.2754436803027298,7.1402578838637521e-16,0,True
B_Task-2_trial-003,2,B_Task-2,development,W0,1,137.90734565106479,2.2754436803027298,7.1402578838637521e-16,0,True
B_Task-2_trial-003,2,B_Task-2,development,SELECTED,1,137.90734565106479,2.2754436803027298,7.1402578838637521e-16,0,True
B_Task-2_trial-004,2,B_Task-2,development,P0,1,170.0371005599365,2.6586806554956577,4.1796631515300012e-15,0,True
B_Task-2_trial-004,2,B_Task-2,development,W0,1,170.0371005599365,2.6586806554956577,4.1796631515300012e-15,0,True
B_Task-2_trial-004,2,B_Task-2,development,SELECTED,1,170.0371005599365,2.6586806554956577,4.1796631515300012e-15,0,True
B_Task-2_trial-005,2,B_Task-2,development,P0,1,132.1902837636145,2.8387901006264915,1.3235599979845004e-15,0,True
B_Task-2_trial-005,2,B_Task-2,development,W0,1,132.1902837636145,2.8387901006264915,1.3235599979845004e-15,0,True
B_Task-2_trial-005,2,B_Task-2,development,SELECTED,1,132.1902837636145,2.8387901006264915,1.3235599979845004e-15,0,True
B_Task-2_trial-006,2,B_Task-2,development,P0,1,205.26569293249582,2.9184516899685917,5.0155957818360016e-15,0,True
B_Task-2_trial-006,2,B_Task-2,development,W0,1,205.26569293249582,2.9184516899685917,5.0155957818360016e-15,0,True
B_Task-2_trial-006,2,B_Task-2,development,SELECTED,1,205.26569293249582,2.9184516899685917,5.0155957818360016e-15,0,True
B_Task-2_trial-007,2,B_Task-2,development,P0,1,229.80536311872612,2.5297745622667689,4.6254938876932012e-14,0,True
B_Task-2_trial-007,2,B_Task-2,development,W0,1,229.80536311872612,2.5297745622667689,4.6254938876932012e-14,0,True
B_Task-2_trial-007,2,B_Task-2,development,SELECTED,1,229.80536311872612,2.5297745622667689,4.6254938876932012e-14,0,True
B_Task-2_trial-008,2,B_Task-2,development,P0,1,202.68206889984071,2.5534511556283968,4.1100020990045015e-15,0,True
B_Task-2_trial-008,2,B_Task-2,development,W0,1,202.68206889984071,2.5534511556283968,4.1100020990045015e-15,0,True
B_Task-2_trial-008,2,B_Task-2,development,SELECTED,1,202.68206889984071,2.5534511556283968,4.1100020990045015e-15,0,True
B_Task-2_trial-009,2,B_Task-2,development,P0,1,151.44088995193897,2.48393354257946,1.8111873656630004e-15,0,True
B_Task-2_trial-009,2,B_Task-2,development,W0,1,151.44088995193897,2.48393354257946,1.8111873656630004e-15,0,True
B_Task-2_trial-009,2,B_Task-2,development,SELECTED,1,151.44088995193897,2.48393354257946,1.8111873656630004e-15,0,True
B_Task-2_trial-010,2,B_Task-2,development,P0,1,813.92803940238991,3.439577547217664,2.1176959967752006e-14,0,True
B_Task-2_trial-010,2,B_Task-2,development,W0,1,813.92803940238991,3.439577547217664,2.1176959967752006e-14,0,True
B_Task-2_trial-010,2,B_Task-2,development,SELECTED,1,813.92803940238991,3.439577547217664,2.1176959967752006e-14,0,True
B_Task-2_trial-011,2,B_Task-2,development,P0,1,186.94922348588466,2.4655031053923921,1.9505094707140007e-15,0,True
B_Task-2_trial-011,2,B_Task-2,development,W0,1,186.94922348588466,2.4655031053923921,1.9505094707140007e-15,0,True
B_Task-2_trial-011,2,B_Task-2,development,SELECTED,1,186.94922348588466,2.4655031053923921,1.9505094707140007e-15,0,True
B_Task-2_trial-012,2,B_Task-2,development,P0,1,122.11955064112681,2.9863711498612338,7.6627157778050024e-16,0,True
B_Task-2_trial-012,2,B_Task-2,development,W0,1,122.11955064112681,2.9863711498612338,7.6627157778050024e-16,0,True
B_Task-2_trial-012,2,B_Task-2,development,SELECTED,1,122.11955064112681,2.9863711498612338,7.6627157778050024e-16,0,True
B_Task-2_trial-013,2,B_Task-2,development,P0,1,124.03028605411163,2.5148630317514233,4.005510520216251e-15,0,True
B_Task-2_trial-013,2,B_Task-2,development,W0,1,124.03028605411163,2.5148630317514233,4.005510520216251e-15,0,True
B_Task-2_trial-013,2,B_Task-2,development,SELECTED,1,124.03028605411163,2.5148630317514233,4.005510520216251e-15,0,True
B_Task-2_trial-014,2,B_Task-2,development,P0,1,2295.4893727448748,58.392954428726647,1.5046787345508004e-14,0.33984375,True
B_Task-2_trial-014,2,B_Task-2,development,W0,0.01,2295.4893727448748,58.392954428726647,1.5046787345508004e-14,0.33984375,True
B_Task-2_trial-014,2,B_Task-2,development,SELECTED,1,2295.4893727448748,58.392954428726647,1.5046787345508004e-14,0.33984375,True
B_Task-2_trial-015,2,B_Task-2,development,P0,1,364.5485525765738,2.4657339384303594,2.0619671547548005e-14,0,True
B_Task-2_trial-015,2,B_Task-2,development,W0,1,364.5485525765738,2.4657339384303594,2.0619671547548005e-14,0,True
B_Task-2_trial-015,2,B_Task-2,development,SELECTED,1,364.5485525765738,2.4657339384303594,2.0619671547548005e-14,0,True
B_Task-2_trial-016,2,B_Task-2,development,P0,1,2255.8571266415679,41.869412569870924,8.2478686190192019e-14,0.6171875,True
B_Task-2_trial-016,2,B_Task-2,development,W0,0.01,2255.8571266415679,41.869412569870924,8.2478686190192019e-14,0.6171875,True
B_Task-2_trial-016,2,B_Task-2,development,SELECTED,1,2255.8571266415679,41.869412569870924,8.2478686190192019e-14,0.6171875,True
B_Task-2_trial-017,2,B_Task-2,development,P0,1,234.23297718583447,2.7796829001636878,5.2942399919380015e-15,0,True
B_Task-2_trial-017,2,B_Task-2,development,W0,1,234.23297718583447,2.7796829001636878,5.2942399919380015e-15,0,True
B_Task-2_trial-017,2,B_Task-2,development,SELECTED,1,234.23297718583447,2.7796829001636878,5.2942399919380015e-15,0,True
B_Task-2_trial-018,2,B_Task-2,development,P0,1,164.44367240308415,3.0245673659783487,1.2538989454590004e-15,0,True
B_Task-2_trial-018,2,B_Task-2,development,W0,1,164.44367240308415,3.0245673659783487,1.2538989454590004e-15,0,True
B_Task-2_trial-018,2,B_Task-2,development,SELECTED,1,164.44367240308415,3.0245673659783487,1.2538989454590004e-15,0,True
B_Task-2_trial-019,2,B_Task-2,development,P0,1,192.67523161990994,2.7100759145869437,2.1246621020277505e-15,0,True
B_Task-2_trial-019,2,B_Task-2,development,W0,1,192.67523161990994,2.7100759145869437,2.1246621020277505e-15,0,True
B_Task-2_trial-019,2,B_Task-2,development,SELECTED,1,192.67523161990994,2.7100759145869437,2.1246621020277505e-15,0,True
B_Task-2_trial-020,2,B_Task-2,development,P0,1,601.13587944451319,3.2907831526008993,2.0619671547548005e-14,0,True
B_Task-2_trial-020,2,B_Task-2,development,W0,1,601.13587944451319,3.2907831526008993,2.0619671547548005e-14,0,True
B_Task-2_trial-020,2,B_Task-2,development,SELECTED,1,601.13587944451319,3.2907831526008993,2.0619671547548005e-14,0,True
B_Task-2_trial-021,2,B_Task-2,development,P0,1,258.99403005795898,2.775056113064259,2.3684757858670005e-15,0,True
B_Task-2_trial-021,2,B_Task-2,development,W0,1,258.99403005795898,2.775056113064259,2.3684757858670005e-15,0,True
B_Task-2_trial-021,2,B_Task-2,development,SELECTED,1,255.95038836630573,2.0690456750384212,5.1549178868870012e-15,0,True
B_Task-2_trial-022,2,B_Task-2,development,P0,1,134.87486270833369,2.303356975239562,4.4583073616320011e-15,0,True
B_Task-2_trial-022,2,B_Task-2,development,W0,1,134.87486270833369,2.303356975239562,4.4583073616320011e-15,0,True
B_Task-2_trial-022,2,B_Task-2,development,SELECTED,1,122.93080911477779,1.7063986180366566,4.5279684141575009e-16,0,True
B_Task-2_trial-023,2,B_Task-2,development,P0,1,2263.908393308373,33.370974998756608,1.7833229446528004e-14,0.49609375,True
B_Task-2_trial-023,2,B_Task-2,development,W0,0.01,2263.908393308373,33.370974998756608,1.7833229446528004e-14,0.49609375,True
B_Task-2_trial-023,2,B_Task-2,development,SELECTED,0.01,2058.6234554327561,20.925034794536089,5.9211894646675012e-16,0.49609375,True
B_Task-2_trial-024,2,B_Task-2,development,P0,1,158.08401353751788,3.1053146134481882,8.3593263030600021e-16,0,True
B_Task-2_trial-024,2,B_Task-2,development,W0,1,158.08401353751788,3.1053146134481882,8.3593263030600021e-16,0,True
B_Task-2_trial-024,2,B_Task-2,development,SELECTED,1,142.68538696780791,2.3063706552004093,1.0449157878825003e-16,0,True
B_Task-2_trial-025,2,B_Task-2,development,P0,1,182.22710282324098,2.1225550890133067,6.8964442000245018e-15,0,True
B_Task-2_trial-025,2,B_Task-2,development,W0,1,182.22710282324098,2.1225550890133067,6.8964442000245018e-15,0,True
B_Task-2_trial-025,2,B_Task-2,development,SELECTED,1,180.65201044847481,1.536189059456299,1.1145768404080003e-15,0,True
B_Task-2_trial-026,2,B_Task-2,development,P0,1,170.96246015831008,2.5991032071580364,9.4042420909425026e-16,0,True
B_Task-2_trial-026,2,B_Task-2,development,W0,1,170.96246015831008,2.5991032071580364,9.4042420909425026e-16,0,True
B_Task-2_trial-026,2,B_Task-2,development,SELECTED,1,168.25254736606621,1.7893738670707413,5.9211894646675012e-16,0,True
B_Task-2_trial-027,2,B_Task-2,development,P0,1,211.21209167133162,2.6105600487353526,6.9661052525500015e-15,0,True
B_Task-2_trial-027,2,B_Task-2,development,W0,1,211.21209167133162,2.6105600487353526,6.9661052525500015e-15,0,True
B_Task-2_trial-027,2,B_Task-2,development,SELECTED,1,207.59784843972159,1.8624425705038494,3.1347473636475007e-15,0,True
B_Task-2_trial-028,2,B_Task-2,development,P0,1,151.86722366035741,3.3223938468217296,9.0559368283150018e-16,0,True
B_Task-2_trial-028,2,B_Task-2,development,W0,1,151.86722366035741,3.3223938468217296,9.0559368283150018e-16,0,True
B_Task-2_trial-028,2,B_Task-2,development,SELECTED,1,137.67222497768813,2.4727139617240823,1.1145768404080003e-15,0,True
B_Task-2_trial-029,2,B_Task-2,development,P0,1,192.79954278331465,3.0012674591679209,1.1981701034386003e-14,0,True
B_Task-2_trial-029,2,B_Task-2,development,W0,1,192.79954278331465,3.0012674591679209,1.1981701034386003e-14,0,True
B_Task-2_trial-029,2,B_Task-2,development,SELECTED,1,184.51127015404907,1.8428271104236871,1.4280515767727504e-15,0,True
B_Task-2_trial-030,2,B_Task-2,development,P0,1,136.68435832823076,2.0035531863040563,4.0403410464790009e-15,0,True
B_Task-2_trial-030,2,B_Task-2,development,W0,1,136.68435832823076,2.0035531863040563,4.0403410464790009e-15,0,True
B_Task-2_trial-030,2,B_Task-2,development,SELECTED,1,140.1494508144084,1.3542000804013377,6.6874610424480017e-15,0,True
B_Task-2_trial-031,2,B_Task-2,development,P0,1,179.57825207312723,2.3019823492741849,4.1796631515300012e-15,0,True
B_Task-2_trial-031,2,B_Task-2,development,W0,1,179.57825207312723,2.3019823492741849,4.1796631515300012e-15,0,True
B_Task-2_trial-031,2,B_Task-2,development,SELECTED,1,171.51031080835827,1.6326220607623194,1.4628821030355003e-15,0,True
B_Task-2_trial-032,2,B_Task-2,development,P0,1,154.81297964706908,2.8624556998829642,4.249324204055501e-15,0,True
B_Task-2_trial-032,2,B_Task-2,development,W0,1,154.81297964706908,2.8624556998829642,4.249324204055501e-15,0,True
B_Task-2_trial-032,2,B_Task-2,development,SELECTED,1,147.44449677235789,2.1253357570945086,6.9661052525500017e-16,0,True
B_Task-2_trial-033,2,B_Task-2,development,P0,1,255.42267392925316,2.755993082533561,2.7864421010200007e-15,0,True
B_Task-2_trial-033,2,B_Task-2,development,W0,1,255.42267392925316,2.755993082533561,2.7864421010200007e-15,0,True
B_Task-2_trial-033,2,B_Task-2,development,SELECTED,1,245.91673413669099,2.1790492351497552,1.9505094707140007e-15,0,True
B_Task-2_trial-034,2,B_Task-2,development,P0,1,124.11365626187968,2.3902314143959509,9.7525473535700034e-16,0,True
B_Task-2_trial-034,2,B_Task-2,development,W0,1,124.11365626187968,2.3902314143959509,9.7525473535700034e-16,0,True
B_Task-2_trial-034,2,B_Task-2,development,SELECTED,1,119.18988600232842,1.5385306880997571,1.9505094707140007e-15,0,True
B_Task-2_trial-035,2,B_Task-2,development,P0,1,120.07444363776412,2.6659735239662909,1.2538989454590004e-15,0,True
B_Task-2_trial-035,2,B_Task-2,development,W0,1,120.07444363776412,2.6659735239662909,1.2538989454590004e-15,0,True
B_Task-2_trial-035,2,B_Task-2,development,SELECTED,1,118.36356063690839,1.7692233516876819,3.9358494676907512e-15,0,True
B_Task-2_trial-036,2,B_Task-2,development,P0,1,236.31424340821127,2.6672155698523721,1.1424412614182003e-14,0,True
B_Task-2_trial-036,2,B_Task-2,development,W0,1,236.31424340821127,2.6672155698523721,1.1424412614182003e-14,0,True
B_Task-2_trial-036,2,B_Task-2,development,SELECTED,1,230.32602740869234,1.8308472182595659,1.1145768404080003e-15,0,True
B_Task-2_trial-037,2,B_Task-2,development,P0,1,150.25420960505144,2.3068206590725366,1.1842378929335002e-15,0,True
B_Task-2_trial-037,2,B_Task-2,development,W0,1,150.25420960505144,2.3068206590725366,1.1842378929335002e-15,0,True
B_Task-2_trial-037,2,B_Task-2,development,SELECTED,1,145.10337534391499,1.7061925278927723,2.4381368383925009e-16,0,True
B_Task-2_trial-038,2,B_Task-2,development,P0,1,167.9470148605912,2.6513432985183316,1.3235599979845004e-15,0,True
B_Task-2_trial-038,2,B_Task-2,development,W0,0.8899352217230837,167.9470148605912,2.6513432985183316,1.3235599979845004e-15,0,True
B_Task-2_trial-038,2,B_Task-2,development,SELECTED,0.8899352217230837,156.83270393946805,1.6715955088635319,1.0449157878825003e-15,0,True
B_Task-2_trial-039,2,B_Task-2,development,P0,1,158.36198945962261,3.8057908707370753,2.2291536808160006e-15,0,True
B_Task-2_trial-039,2,B_Task-2,development,W0,1,158.36198945962261,3.8057908707370753,2.2291536808160006e-15,0,True
B_Task-2_trial-039,2,B_Task-2,development,SELECTED,1,146.73590674583423,2.9282550103186664,5.2942399919380015e-15,0,True
B_Task-2_trial-040,2,B_Task-2,development,P0,1,161.87240099413447,2.8978998606898121,5.5728842020400014e-16,0,True
B_Task-2_trial-040,2,B_Task-2,development,W0,1,161.87240099413447,2.8978998606898121,5.5728842020400014e-16,0,True
B_Task-2_trial-040,2,B_Task-2,development,SELECTED,1,157.34153356070109,2.0313224909529288,1.1494073666707504e-15,0,True
B_Task-2_trial-041,2,B_Task-2,development,P0,1,268.08980070637239,3.1283429823587352,2.1455604177854005e-14,0,True
B_Task-2_trial-041,2,B_Task-2,development,W0,1,268.08980070637239,3.1283429823587352,2.1455604177854005e-14,0,True
B_Task-2_trial-041,2,B_Task-2,development,SELECTED,1,253.13420950025545,2.2846174575690528,9.7525473535700034e-16,0,True
B_Task-2_trial-042,2,B_Task-2,development,P0,1,210.03897464448085,2.833339621126544,7.2447494626520014e-15,0,True
B_Task-2_trial-042,2,B_Task-2,development,W0,1,210.03897464448085,2.833339621126544,7.2447494626520014e-15,0,True
B_Task-2_trial-042,2,B_Task-2,development,SELECTED,1,197.28646856582651,1.9575596828477511,4.4583073616320011e-15,0,True
B_Task-2_trial-043,2,B_Task-2,development,P0,1,2253.5080149031128,47.03621386502784,1.2483260612569604e-13,0.5859375,True
B_Task-2_trial-043,2,B_Task-2,development,W0,0.01,2253.5080149031128,47.03621386502784,1.2483260612569604e-13,0.5859375,True
B_Task-2_trial-043,2,B_Task-2,development,SELECTED,0.01,2035.5304316988213,29.318020279046628,5.7957995701216011e-14,0.5859375,True
B_Task-2_trial-044,2,B_Task-2,development,P0,1,171.35173678542816,2.4278262332997458,1.7415263131375004e-16,0,True
B_Task-2_trial-044,2,B_Task-2,development,W0,1,171.35173678542816,2.4278262332997458,1.7415263131375004e-16,0,True
B_Task-2_trial-044,2,B_Task-2,development,SELECTED,1,163.39073402894883,1.565240739672801,4.353815782843751e-16,0,True
B_Task-2_trial-045,2,B_Task-2,development,P0,1,141.97199528052005,1.8364946803986133,1.2678311559641004e-14,0,True
B_Task-2_trial-045,2,B_Task-2,development,W0,1,141.97199528052005,1.8364946803986133,1.2678311559641004e-14,0,True
B_Task-2_trial-045,2,B_Task-2,development,SELECTED,1,134.64712660927628,1.0834322545917843,1.5325431555610005e-15,0,True
B_Task-2_trial-046,2,B_Task-2,development,P0,1,216.97153887665996,2.8824926138943221,1.2190684191962503e-15,0,True
B_Task-2_trial-046,2,B_Task-2,development,W0,1,216.97153887665996,2.8824926138943221,1.2190684191962503e-15,0,True
B_Task-2_trial-046,2,B_Task-2,development,SELECTED,1,199.87560737962414,1.8988195195599911,9.7525473535700034e-16,0,True
B_Task-2_trial-047,2,B_Task-2,development,P0,1,71.679531035928576,2.3482101921001211,4.3189852565810008e-15,0,True
B_Task-2_trial-047,2,B_Task-2,development,W0,1,71.679531035928576,2.3482101921001211,4.3189852565810008e-15,0,True
B_Task-2_trial-047,2,B_Task-2,development,SELECTED,1,62.53545666100019,1.3373622537663885,2.6122894697062508e-16,0,True
B_Task-2_trial-048,2,B_Task-2,development,P0,1,186.42230951030351,2.5221504626142504,3.3088999949612509e-15,0,True
B_Task-2_trial-048,2,B_Task-2,development,W0,1,186.42230951030351,2.5221504626142504,3.3088999949612509e-15,0,True
B_Task-2_trial-048,2,B_Task-2,development,SELECTED,1,184.26616243290852,1.8912236499141084,3.134747363647501e-16,0,True
B_Task-2_trial-049,2,B_Task-2,development,P0,1,176.74353037830446,2.615078845127766,1.9505094707140007e-15,0,True
B_Task-2_trial-049,2,B_Task-2,development,W0,1,176.74353037830446,2.615078845127766,1.9505094707140007e-15,0,True
B_Task-2_trial-049,2,B_Task-2,development,SELECTED,1,170.89649275961881,1.8225417459376712,1.2190684191962503e-15,0,True
B_Task-2_trial-050,2,B_Task-2,development,P0,1,2265.790254654009,41.9066800606847,1.3374922084896003e-14,0.16015625,True
B_Task-2_trial-050,2,B_Task-2,development,W0,0.01,2265.790254654009,41.9066800606847,1.3374922084896003e-14,0.16015625,True
B_Task-2_trial-050,2,B_Task-2,development,SELECTED,0.01,2033.2337243283509,18.56416876609909,1.8947806286936006e-13,0.16015625,True
B_Task-2_trial-051,2,B_Task-2,development,P0,1,204.14200837879787,2.6580630712445301,1.4489498925304003e-14,0,True
B_Task-2_trial-051,2,B_Task-2,development,W0,1,204.14200837879787,2.6580630712445301,1.4489498925304003e-14,0,True
B_Task-2_trial-051,2,B_Task-2,development,SELECTED,1,196.80588683815196,1.7756856018774181,1.9505094707140007e-15,0,True
B_Task-2_trial-052,2,B_Task-2,development,P0,1,160.46988480427854,2.4783342650726952,8.3593263030600021e-16,0,True
B_Task-2_trial-052,2,B_Task-2,development,W0,1,160.46988480427854,2.4783342650726952,8.3593263030600021e-16,0,True
B_Task-2_trial-052,2,B_Task-2,development,SELECTED,1,160.34123650457923,1.5295675907344606,2.0201705232395005e-15,0,True
B_Task-2_trial-053,2,B_Task-2,development,P0,1,253.81445310967129,3.2552663874969032,9.7525473535700034e-16,0,True
B_Task-2_trial-053,2,B_Task-2,development,W0,1,253.81445310967129,3.2552663874969032,9.7525473535700034e-16,0,True
B_Task-2_trial-053,2,B_Task-2,development,SELECTED,1,247.06168938692241,2.8655009941897087,2.7864421010200007e-15,0,True
B_Task-2_trial-054,2,B_Task-2,development,P0,1,2397.9058356077003,57.763803190471968,5.5728842020400012e-14,0.6328125,True
B_Task-2_trial-054,2,B_Task-2,development,W0,0.01,2397.9058356077003,57.763803190471968,5.5728842020400012e-14,0.6328125,True
B_Task-2_trial-054,2,B_Task-2,development,SELECTED,0.01,2229.3945902853925,36.092764413452599,4.681222729713601e-14,0.6328125,True
B_Task-2_trial-055,2,B_Task-2,development,P0,1,190.62606620485002,2.7470534122065975,1.9505094707140007e-15,0,True
B_Task-2_trial-055,2,B_Task-2,development,W0,1,190.62606620485002,2.7470534122065975,1.9505094707140007e-15,0,True
B_Task-2_trial-055,2,B_Task-2,development,SELECTED,1,185.11066237980268,2.1346359272198958,5.7034986755253144e-16,0,True
B_Task-2_trial-056,2,B_Task-2,development,P0,1,411.86580878221577,3.5914963174631205,2.5077978909180006e-14,0.03125,True
B_Task-2_trial-056,2,B_Task-2,development,W0,0.6875,411.86580878221577,3.5914963174631205,2.5077978909180006e-14,0.03125,True
B_Task-2_trial-056,2,B_Task-2,development,SELECTED,0.6875,407.23666915725403,3.0748215609445304,4.8762736767850013e-15,0.03125,True
B_Task-2_trial-057,2,B_Task-2,development,P0,1,186.78582802503172,1.7874877227766555,3.0093574691016008e-14,0.10546875,True
B_Task-2_trial-057,2,B_Task-2,development,W0,0.01,186.78582802503172,1.7874877227766555,3.0093574691016008e-14,0.10546875,True
B_Task-2_trial-057,2,B_Task-2,development,SELECTED,0.01,178.43658822738831,1.0821261327145837,6.0953420959812516e-16,0.10546875,True
B_Task-2_trial-058,2,B_Task-2,development,P0,1,188.61884627584217,2.8566293393041526,3.5527136788005009e-15,0,True
B_Task-2_trial-058,2,B_Task-2,development,W0,1,188.61884627584217,2.8566293393041526,3.5527136788005009e-15,0,True
B_Task-2_trial-058,2,B_Task-2,development,SELECTED,1,178.48825105653327,1.9207762403084447,9.7525473535700034e-16,0,True
B_Task-2_trial-059,2,B_Task-2,development,P0,1,283.17375393473372,4.3562159163208323,7.3840715677030025e-15,0,True
B_Task-2_trial-059,2,B_Task-2,development,W0,0.27112231988816698,283.17375393473372,4.3562159163208323,7.3840715677030025e-15,0,True
B_Task-2_trial-059,2,B_Task-2,development,SELECTED,0.27112231988816698,281.48824402569113,3.765923450992144,3.1782855214759384e-16,0,True
B_Task-2_trial-060,2,B_Task-2,development,P0,1,202.6431303874769,2.5128121460280282,1.8808484181885005e-15,0,True
B_Task-2_trial-060,2,B_Task-2,development,W0,1,202.6431303874769,2.5128121460280282,1.8808484181885005e-15,0,True
B_Task-2_trial-060,2,B_Task-2,development,SELECTED,1,203.19780978002473,1.8487553585647856,2.2639842070787504e-15,0,True
B_Task-2_trial-061,2,B_Task-2,development,P0,1,203.85398209939746,2.6004195609785876,2.4381368383925007e-15,0,True
B_Task-2_trial-061,2,B_Task-2,development,W0,1,203.85398209939746,2.6004195609785876,2.4381368383925007e-15,0,True
B_Task-2_trial-061,2,B_Task-2,development,SELECTED,1,196.28508238179109,1.7443755226486477,1.1145768404080003e-15,0,True
B_Task-2_trial-062,2,B_Task-2,development,P0,1,239.31773047740262,3.515189502811936,3.2392389424357508e-15,0,True
B_Task-2_trial-062,2,B_Task-2,development,W0,1,239.31773047740262,3.515189502811936,3.2392389424357508e-15,0,True
B_Task-2_trial-062,2,B_Task-2,development,SELECTED,1,227.82930705119784,2.7644206025629097,5.2245789394125015e-16,0,True
B_Task-2_trial-063,2,B_Task-2,development,P0,1,220.95968543185222,3.0595046119179425,1.2538989454590004e-15,0,True
B_Task-2_trial-063,2,B_Task-2,development,W0,1,220.95968543185222,3.0595046119179425,1.2538989454590004e-15,0,True
B_Task-2_trial-063,2,B_Task-2,development,SELECTED,1,208.07983744932648,2.147881095671262,1.3235599979845004e-15,0,True
B_Task-2_trial-064,2,B_Task-2,development,P0,1,188.30431139379175,3.0147546990105205,1.3932210505100003e-15,0,True
B_Task-2_trial-064,2,B_Task-2,development,W0,1,188.30431139379175,3.0147546990105205,1.3932210505100003e-15,0,True
B_Task-2_trial-064,2,B_Task-2,development,SELECTED,1,177.57813056077248,2.3341579417563318,2.9954252585965008e-15,0,True
B_Task-2_trial-065,2,B_Task-2,development,P0,1,125.82027651580174,2.3432307427396055,1.1145768404080003e-15,0,True
B_Task-2_trial-065,2,B_Task-2,development,W0,1,125.82027651580174,2.3432307427396055,1.1145768404080003e-15,0,True
B_Task-2_trial-065,2,B_Task-2,development,SELECTED,1,121.99635132283859,1.6771059964127824,1.7415263131375004e-15,0,True
B_Task-2_trial-066,2,B_Task-2,development,P0,1,291.49948126817014,4.0339397375799235,1.1145768404080003e-15,0,True
B_Task-2_trial-066,2,B_Task-2,development,W0,1,291.49948126817014,4.0339397375799235,1.1145768404080003e-15,0,True
B_Task-2_trial-066,2,B_Task-2,development,SELECTED,1,289.5863481041539,2.9890534397713608,1.1981701034386003e-14,0,True
B_Task-2_trial-067,2,B_Task-2,development,P0,1,176.79069784172972,4.0190756223169029,2.4381368383925007e-15,0,True
B_Task-2_trial-067,2,B_Task-2,development,W0,0.46965816944979155,176.79069784172972,4.0190756223169029,2.4381368383925007e-15,0,True
B_Task-2_trial-067,2,B_Task-2,development,SELECTED,0.46965816944979155,161.62248821563773,2.5352334195026516,6.9661052525500017e-16,0,True
B_Task-2_trial-068,2,B_Task-2,development,P0,1,181.56825431894711,2.2584500714811933,3.4830526262750008e-15,0,True
B_Task-2_trial-068,2,B_Task-2,development,W0,1,181.56825431894711,2.2584500714811933,3.4830526262750008e-15,0,True
B_Task-2_trial-068,2,B_Task-2,development,SELECTED,1,181.16298764589996,1.7032632935533771,5.2245789394125015e-16,0,True
B_Task-2_trial-069,2,B_Task-2,development,P0,1,110.72277744576722,2.3378840427309728,1.3235599979845004e-15,0,True
B_Task-2_trial-069,2,B_Task-2,development,W0,0.16525004646660463,110.72277744576722,2.3378840427309728,1.3235599979845004e-15,0,True
B_Task-2_trial-069,2,B_Task-2,development,SELECTED,0.16525004646660463,104.09669915526943,1.5163258400656072,4.8762736767850017e-16,0,True
B_Task-2_trial-070,2,B_Task-2,development,P0,1,171.61878739996885,2.9761479267547877,1.0100852616197502e-15,0,True
B_Task-2_trial-070,2,B_Task-2,development,W0,1,171.61878739996885,2.9761479267547877,1.0100852616197502e-15,0,True
B_Task-2_trial-070,2,B_Task-2,development,SELECTED,1,153.6051419969225,1.9705454362843666,1.5325431555610005e-15,0,True
B_Task-2_trial-071,2,B_Task-2,development,P0,1,195.33832189780358,2.8080741524403141,4.3886463091065013e-15,0,True
B_Task-2_trial-071,2,B_Task-2,development,W0,0.99058821629563387,195.33832189780358,2.8080741524403141,4.3886463091065013e-15,0,True
B_Task-2_trial-071,2,B_Task-2,development,SELECTED,0.99058821629563387,191.60859838408265,1.838453285245234,2.7167810484945005e-15,0,True
B_Task-2_trial-072,2,B_Task-2,development,P0,1,299.44543844210091,2.6858719430977489,5.0155957818360016e-15,0,True
B_Task-2_trial-072,2,B_Task-2,development,W0,0.93087017097746327,299.44543844210091,2.6858719430977489,5.0155957818360016e-15,0,True
B_Task-2_trial-072,2,B_Task-2,development,SELECTED,0.93087017097746327,297.31455653679541,2.2175194297619485,6.4088168323460018e-15,0,True
B_Task-2_trial-073,2,B_Task-2,development,P0,1,189.79703645676432,3.1696037811682607,3.8313578889025008e-15,0,True
B_Task-2_trial-073,2,B_Task-2,development,W0,1,189.79703645676432,3.1696037811682607,3.8313578889025008e-15,0,True
B_Task-2_trial-073,2,B_Task-2,development,SELECTED,1,182.1582114132338,2.1766141574345736,1.3235599979845004e-15,0,True
B_Task-2_trial-074,2,B_Task-2,development,P0,1,127.16018541476134,2.3185297288923068,2.3684757858670005e-15,0,True
B_Task-2_trial-074,2,B_Task-2,development,W0,0.94396666643928362,127.16018541476134,2.3185297288923068,2.3684757858670005e-15,0,True
B_Task-2_trial-074,2,B_Task-2,development,SELECTED,0.94396666643928362,122.30856808663968,1.7577184197707336,4.179663151530001e-16,0,True
B_Task-2_trial-075,2,B_Task-2,development,P0,1,143.71199538379,2.7602329737348215,4.3189852565810008e-15,0,True
B_Task-2_trial-075,2,B_Task-2,development,W0,1,143.71199538379,2.7602329737348215,4.3189852565810008e-15,0,True
B_Task-2_trial-075,2,B_Task-2,development,SELECTED,1,133.65495183114189,1.9360878999384532,5.5728842020400014e-16,0,True
B_Task-2_trial-076,2,B_Task-2,development,P0,1,152.57120876798317,2.8353816274638595,2.6471199959690008e-15,0,True
B_Task-2_trial-076,2,B_Task-2,development,W0,1,152.57120876798317,2.8353816274638595,2.6471199959690008e-15,0,True
B_Task-2_trial-076,2,B_Task-2,development,SELECTED,1,140.82243876311318,2.0223864498294271,6.9661052525500017e-16,0,True
B_Task-2_trial-077,2,B_Task-2,development,P0,1,159.05937640288158,2.8202378060888065,1.1145768404080003e-15,0,True
B_Task-2_trial-077,2,B_Task-2,development,W0,1,159.05937640288158,2.8202378060888065,1.1145768404080003e-15,0,True
B_Task-2_trial-077,2,B_Task-2,development,SELECTED,1,141.74476597074559,1.8599884740479435,2.0898315757650006e-15,0,True
B_Task-2_trial-078,2,B_Task-2,development,P0,1,77.193432621397307,2.0249190054820256,3.3437305212240008e-15,0,True
B_Task-2_trial-078,2,B_Task-2,development,W0,1,77.193432621397307,2.0249190054820256,3.3437305212240008e-15,0,True
B_Task-2_trial-078,2,B_Task-2,development,SELECTED,1,74.20805154009534,1.2143609093836938,6.269494727295002e-16,0,True
B_Task-2_trial-079,2,B_Task-2,development,P0,1,462.13528319270108,3.0337616311179612,2.1455604177854005e-14,0,True
B_Task-2_trial-079,2,B_Task-2,development,W0,1,462.13528319270108,3.0337616311179612,2.1455604177854005e-14,0,True
B_Task-2_trial-079,2,B_Task-2,development,SELECTED,1,458.58174924769952,2.3958463963056813,8.9166147232640022e-15,0,True
B_Task-2_trial-080,2,B_Task-2,development,P0,1,205.7965367940551,2.4439596064100604,1.2887294717217503e-15,0,True
B_Task-2_trial-080,2,B_Task-2,development,W0,1,205.7965367940551,2.4439596064100604,1.2887294717217503e-15,0,True
B_Task-2_trial-080,2,B_Task-2,development,SELECTED,1,201.7419092612121,1.8574945222216384,1.4977126292982504e-15,0,True
B_Task-2_trial-081,2,B_Task-2,test,P0,1,142.50129565057608,2.8296477217525582,1.6718652606120004e-15,0,True
B_Task-2_trial-081,2,B_Task-2,test,W0,1,142.50129565057608,2.8296477217525582,1.6718652606120004e-15,0,True
B_Task-2_trial-081,2,B_Task-2,test,SELECTED,1,132.34153387741827,1.9002921686982264,2.2291536808160006e-15,0,True
B_Task-2_trial-082,2,B_Task-2,test,P0,1,2090.8995435051597,29.037266830868639,1.5158245029548803e-13,0.0546875,True
B_Task-2_trial-082,2,B_Task-2,test,W0,0.42356846858885405,2090.8995435051597,29.037266830868639,1.5158245029548803e-13,0.0546875,True
B_Task-2_trial-082,2,B_Task-2,test,SELECTED,0.42356846858885405,2228.7472166606226,21.900906176342222,3.901018941428001e-14,0.0546875,True
B_Task-2_trial-083,2,B_Task-2,test,P0,1,218.00222189207227,3.0011285235522345,2.2291536808160006e-15,0,True
B_Task-2_trial-083,2,B_Task-2,test,W0,1,218.00222189207227,3.0011285235522345,2.2291536808160006e-15,0,True
B_Task-2_trial-083,2,B_Task-2,test,SELECTED,1,208.41052545756457,2.2039857994267495,4.5279684141575009e-16,0,True
B_Task-2_trial-084,2,B_Task-2,test,P0,1,205.55649346133868,3.2989875089354359,2.2988147333415007e-15,0,True
B_Task-2_trial-084,2,B_Task-2,test,W0,1,205.55649346133868,3.2989875089354359,2.2988147333415007e-15,0,True
B_Task-2_trial-084,2,B_Task-2,test,SELECTED,1,196.84611165942422,2.3978588082208967,7.7497920934618771e-16,0,True
B_Task-2_trial-085,2,B_Task-2,test,P0,1,777.24735327776284,4.5511948332495544,3.1765439951628009e-14,0,True
B_Task-2_trial-085,2,B_Task-2,test,W0,1,777.24735327776284,4.5511948332495544,3.1765439951628009e-14,0,True
B_Task-2_trial-085,2,B_Task-2,test,SELECTED,1,776.83340150146694,3.9494428742470435,2.3406113648568005e-14,0,True
B_Task-2_trial-086,2,B_Task-2,test,P0,1,177.85316546077627,2.8335579821273464,4.179663151530001e-16,0,True
B_Task-2_trial-086,2,B_Task-2,test,W0,1,177.85316546077627,2.8335579821273464,4.179663151530001e-16,0,True
B_Task-2_trial-086,2,B_Task-2,test,SELECTED,1,176.58343601011404,1.882474818702573,1.0449157878825003e-15,0,True
B_Task-2_trial-087,2,B_Task-2,test,P0,1,153.88479134381072,3.6479797464180397,3.1347473636475007e-15,0,True
B_Task-2_trial-087,2,B_Task-2,test,W0,0.38168222372951721,153.88479134381072,3.6479797464180397,3.1347473636475007e-15,0,True
B_Task-2_trial-087,2,B_Task-2,test,SELECTED,0.38168222372951721,144.62978819565083,2.2818787260075011,6.6177999899225019e-16,0,True
B_Task-2_trial-088,2,B_Task-2,test,P0,1,172.19042545724747,2.5005278414993239,6.4088168323460018e-15,0,True
B_Task-2_trial-088,2,B_Task-2,test,W0,1,172.19042545724747,2.5005278414993239,6.4088168323460018e-15,0,True
B_Task-2_trial-088,2,B_Task-2,test,SELECTED,1,169.17735485237066,1.8526327545633543,2.9954252585965008e-15,0,True
B_Task-2_trial-089,2,B_Task-2,test,P0,1,278.09622956351183,3.1017076834435384,5.5728842020400014e-15,0,True
B_Task-2_trial-089,2,B_Task-2,test,W0,1,278.09622956351183,3.1017076834435384,5.5728842020400014e-15,0,True
B_Task-2_trial-089,2,B_Task-2,test,SELECTED,1,268.11299132870209,2.5131146484000269,4.0403410464790009e-15,0,True
B_Task-2_trial-090,2,B_Task-2,test,P0,1,196.44364068625504,2.5522979100658194,2.9257642060710006e-15,0,True
B_Task-2_trial-090,2,B_Task-2,test,W0,1,196.44364068625504,2.5522979100658194,2.9257642060710006e-15,0,True
B_Task-2_trial-090,2,B_Task-2,test,SELECTED,1,179.87616585359223,1.6058256685376848,1.0100852616197502e-15,0,True
B_Task-2_trial-091,2,B_Task-2,test,P0,1,263.29089217421495,3.3876568505281193,2.2848825228364007e-14,0,True
B_Task-2_trial-091,2,B_Task-2,test,W0,1,263.29089217421495,3.3876568505281193,2.2848825228364007e-14,0,True
B_Task-2_trial-091,2,B_Task-2,test,SELECTED,1,263.27859766034055,2.6382933759637313,4.1796631515300012e-15,0,True
B_Task-2_trial-092,2,B_Task-2,test,P0,1,118.92049360497951,2.126215159401009,2.3684757858670005e-15,0,True
B_Task-2_trial-092,2,B_Task-2,test,W0,1,118.92049360497951,2.126215159401009,2.3684757858670005e-15,0,True
B_Task-2_trial-092,2,B_Task-2,test,SELECTED,1,113.55460136875921,1.1700249793898683,1.8111873656630004e-15,0,True
B_Task-2_trial-093,2,B_Task-2,test,P0,1,158.08395532119695,2.9890844804333856,4.3189852565810008e-15,0,True
B_Task-2_trial-093,2,B_Task-2,test,W0,0.83537773503902113,158.08395532119695,2.9890844804333856,4.3189852565810008e-15,0,True
B_Task-2_trial-093,2,B_Task-2,test,SELECTED,0.83537773503902113,148.10646970399651,2.2006290154300556,9.9266999848837528e-16,0,True
B_Task-2_trial-094,2,B_Task-2,test,P0,1,188.66725593054537,3.1585810037556081,3.5875442050632508e-15,0,True
B_Task-2_trial-094,2,B_Task-2,test,W0,1,188.66725593054537,3.1585810037556081,3.5875442050632508e-15,0,True
B_Task-2_trial-094,2,B_Task-2,test,SELECTED,1,176.67751735046869,2.1147651837048342,3.134747363647501e-16,0,True
B_Task-2_trial-095,2,B_Task-2,test,P0,1,195.23124368913832,3.1871959808921653,1.2190684191962503e-15,0,True
B_Task-2_trial-095,2,B_Task-2,test,W0,0.45810184833328083,195.23124368913832,3.1871959808921653,1.2190684191962503e-15,0,True
B_Task-2_trial-095,2,B_Task-2,test,SELECTED,0.45810184833328083,187.71090509614953,2.058823904121355,2.1594926282905004e-15,0,True
B_Task-2_trial-096,2,B_Task-2,test,P0,1,271.04334365635862,3.2663757972327478,1.5046787345508004e-14,0,True
B_Task-2_trial-096,2,B_Task-2,test,W0,0.83537773503915591,271.04334365635862,3.2663757972327478,1.5046787345508004e-14,0,True
B_Task-2_trial-096,2,B_Task-2,test,SELECTED,0.83537773503915591,264.07402246009315,2.1969693444031275,7.6627157778050016e-15,0,True
B_Task-2_trial-097,2,B_Task-2,test,P0,1,237.47705599667262,3.179620447621931,1.2260345244488004e-14,0,True
B_Task-2_trial-097,2,B_Task-2,test,W0,1,237.47705599667262,3.179620447621931,1.2260345244488004e-14,0,True
B_Task-2_trial-097,2,B_Task-2,test,SELECTED,1,229.09160902557477,2.3723955641975731,2.7429039431915633e-16,0,True
B_Task-2_trial-098,2,B_Task-2,test,P0,1,201.95910672404895,3.2868472360906593,1.3932210505100003e-15,0,True
B_Task-2_trial-098,2,B_Task-2,test,W0,1,201.95910672404895,3.2868472360906593,1.3932210505100003e-15,0,True
B_Task-2_trial-098,2,B_Task-2,test,SELECTED,1,199.55285314589341,2.6000132486575449,2.2639842070787504e-16,0,True
B_Task-2_trial-099,2,B_Task-2,test,P0,1,195.79468853755009,2.6693407481724054,2.7864421010200007e-15,0,True
B_Task-2_trial-099,2,B_Task-2,test,W0,1,195.79468853755009,2.6693407481724054,2.7864421010200007e-15,0,True
B_Task-2_trial-099,2,B_Task-2,test,SELECTED,1,181.98228251344943,1.6688148134956196,2.0898315757650006e-15,0,True
B_Task-2_trial-100,2,B_Task-2,test,P0,1,154.68985714362452,2.7206520709519992,2.1246621020277505e-15,0,True
B_Task-2_trial-100,2,B_Task-2,test,W0,1,154.68985714362452,2.7206520709519992,2.1246621020277505e-15,0,True
B_Task-2_trial-100,2,B_Task-2,test,SELECTED,1,149.36358976208558,2.0748664223638471,4.8762736767850017e-16,0,True
